"-4","0.2431663877498879231856468335525986649465208204265670215379563486468841132256637304757949168557623825542607783019240287367234290228607491989194553590584634674108749207181835817123259180145596537776773655243104738536141937698091062936395873531477602555661498263509468341333124568807683836327654370151014455791613505088389652449739628718267165616078531847323973691884344870074213454542632816187292620577170547878776998541998273717635695480359455240122036668627632620820255549942449885679409697208000417065012787644791710840242172261997283648325864172307573703686144282159396192060480489"
"-399/100","0.2420137774603173470275997254909843455407796046156653208262858968354922131194473404061928097852531403115360709677540412822386757944966119877258950991381910061106198534668951875063947473949963004406756721770445715248406219583972543252159436113404815818237861386806911042462457012098946456139502593956655969821127904111115163184435661311577683406053294033473625367055814384512663186183815158079847180120347724283293813243694885974059870199939311516566299114167999192595431603847444590966754342479713086278719918120047160730760208712018349151582441894489240789730456879716339004314280951"
"-199/50","0.2407956855296998168160630532786369719430320370761689556140757391438609519000442626423701740164904553676558702954386419629002221044833242257342687156041264724968535567709094218005030757532656458394127339776839280992344807394947167040272088933556174353930107323592213175348148120551734117898210637555113315060009835592080494708880608670443704025574737598746764702348928663612422632889997927105672367718365114110239465788268495438132788111187279700783303964267528719916134302380762951021232725285546630456665658320749809255423482823646408407331575603415360901584753685701202167372473157"
"-397/100","0.2395119838398875190069478602516855242697106286017539746767798127823100211076958423224075922965740919540407649899415387696009700624835477480251464153395032984548827140145852226382796878542286058473895959227030576898409713284600262235261182706248782100573960064807934351240098888295562385799782364750808329383586760558838827353092164340768341290323520935662411423627854391018143249747373227802719182586593194505254721242312520674963082454348879167308384704424188379520976339346773324530603608032861311232744926107615200580998353407695718177072747223303788120656991570091256946217424159"
"-99/25","0.2381625596390332065222770309806662630768522974093490775594458459007351305176159457717921772280613312292695310752130502369304903748743890642603224043189663685222061699152014793424442736290272880677671161989536862746529065916344830150740669474734429080781044478443432295746946747734407067047359778688730762141516883891939531008179371027066536157809602019067184574588546029222281224267711465306998469168833320177612136202809069912505160332986756077173577281843262827842201525998334595323562419956654922272495339378244367162516358112376809842178198663859931095639852900326872696519546711"
"-79/20","0.2367473156516263210188131303849953176633717842017687488990357401554118314890553906554604025779736039593343109389383348704834317867835145582914340977785518094682931044237610494079164214683815574965025257233087312072251810556800520427599804270205376627702184433902199243086840446297562073267304817685236556170396935671349508763818514416852570699945835306938510885998607200011168983908460245124709165278978446424006749817767172494546133682166133834134273154733873801511660559472229730309604655046768332341508289204526366682995096539097189241539947767919083109426913966812463082229068518"
"-197/50","0.2352661701838477432409793324505173536702171340648210364449944714740499235343836852671781117713372304386332295079732029000044554909883055976432169243550543670914154210713516013436829160998610049138388601504342978898716593366670455512095745249572051140633541974595273181500308547350484512744964037198095737359659829580557291506321088925635597141655826807505598203377448315828777843647439250506234705297260667226287783026747690206884938210455334708303997780248078128452386328502939717027538506495173998305063104396579468966897969327487274793484096664849890110585584199135729003039422564"
"-393/100","0.2337190572243232030492845776638233502174412291970953853351838414858002651447335010436755499935028333693101890490460230711901890201588097145278729039277396256470087188208098574711094760255889241697604388954329794622023910318155758554341284136361704495629167927554189932062342676245682567507215473415343390099528413922981440810138995111936357072550753052316515334240156649372891464135237230515342515403623838973287291097605947386840539587901265649293851421150744849254439920201378234164783277571083894935168715931789554436440880168474126183932704394725225635138946743302379246809963108"
"-98/25","0.2321059265403663913125316568062162695009444174096553312821211687529657407208947683255824800622143760207887241703152708471562832888426354787693155403486821315832426502998692339592338531298019969739482255832170663496747683141812354880237508626244597592918109910439844362971799852033444222963104200894702688103374368291359027934399215426311382451889957331428184614087247424324134929521867658387201992349335168214989136723612963179726012900483031227684618029093054491021099885283449657829113167091416672191115830324537652908426061949066119278961708802461793769865058758485828944259538865"
"-391/100","0.2304267437698137917246488556031700384114003515922313107046381250607951352551849757480241850897187777813669657726921649262989264624554708194684523298877920601406915181022605092353432611760689295683829606942592760028729463428714632026130388678171084681440668134892257052580009808954120791011834349043263653270562722828900738650599501760442158452054788702894100734150211562791677877598387384251620681822803110416794659453695961839966067038910991254800011134041214196565437875848041109051333294656667843090627410196867852529662895641126334884864211856006536418446006552358024386172441632"
"-39/10","0.2286814905085641768443614092456645560611308134046396390914731171901138463858223684230011044092638704193064604232193722092652036397117577298341033704628322448701628828781170063239557675204481634384041078404941390093944703372380810509698628227994979062224583014550932147499006834602584201691355198857253483066460793622306010649307567790394065260316757212906097437606468454207023988216040959554839083434178380537942456799871602015627693568195308229478795095258313743655667650029748640967368045692904164122339278024442554781039565630473889804653967406554075491674711676635973276914012935"
"-389/100","0.2268701643939465763595425098821190786072685927480476307689734989307798355768386483356156047925637013291406141160086776097257790230946148523453442067965655684352305413516086590016325293115746955594047357978527335324277644335474971939477584588972538993106252757726782607292695786231762324193687692085279812834830519028301140577290816962681042059938131793091049196286622681995655455204542421580096700321753362063879433716503819909642403460402754657058274789106364707702283926699074649536287292556137845809335964860613971449887397665717824102419014221155430660631229591806444521281138072"
"-97/25","0.2249927791840513163304570145340458208266804843429550730632038414864877614338788849815249591518620050193668115004120621860195517853135330292761977620908055423795849904075040311658649785327478954849293058483709868873765596446748436880120213104694246896528884673716299740697499628779938520461773461905923505400259164951332689197296645705588739411008532134912151905702941930046424901499311814134420852981673066054765969002901500331987265865294610309115687167729812396358818578253417200806237931506608977459228622599957496885653340674980787227471294538419792727303914300784843419348368826"
"-387/100","0.2230493648331694385886471208771987498344275645077665169356764947456839928882974168535885405566524967289697107365789325003670791179973149637019684453119508399975354709253028479953062176902462248161814155191128517482412683038374883946081240875475396480421322824096735364523110588159928122658633103679192788482240308809316920770717911169515762236509369443683308169022464604487160735840074958994908214535856851677149234068640186332127380692096317905462703204272558230732324364627019779071784889663675954366237237548007694212920117835145416546971292770133852750819953263595933441556485254"
"-193/50","0.2210399675634964358892268513670245513071139410921496491652584783005927175055168860281638876831701276462696977900242378549997505325759752440181161062483875808655084526777271036574346097736654183820436540386382638221585408613073400235559972309296887316040316670891157824685960142421567639178533706602425607473807918334971651007500971316084941569777862671189639713263826131889385222240053297793084466373465149648988850676518934469439474799579818865976211267615800487579010023050408239420514422922869577565389363350393140713298493443336115181621727262343423931673069986265345663325249486"
"-77/20","0.2189646499332667816741092008736629449551810186160241699216355758305263065262053442086955763352235102480622294341717603106512346252638859537774138807011367308962982192410196051471642121152151268674153075872878559721825973086135147050082250857630993523849297011118717610323420548302279804358115618660123187881209918540846884929568323646950097700048609828362922381771953274329584049522189856502113379415318420482572301668276487086955161072539850240045332594576999733677701590937579263700248563409723088180949438527326998618822718839313037349461270201134583553876765996927406031075040482"
"-96/25","0.216823490901496199730559327283513083919233039235615757963720833398564063525687345875267931499577895594230364593397730667762625560129602273113894741008523578753816542346815130696734967459212930759283809260581056141847699380216876963729727674437048423697882720894616489703713255404917442036111766787571668341814606304014970403544895496442187109969647545132286718599391764408867237941785188799006434260999295259570953549311442959376032043251274446462729520729457369237328446216432217028538835028888188292089817488018041466673010323064855210384995853475299733889093913325693933651339773"
"-383/100","0.2146165858895190216306619994530010631609343942982484868977201410701750219863232803097154183511671810290545529238305282856844862584143111212305863530253086039838825697243389923493790279540173439302552455712037533447578458373374472361470046058871268319815994030620718830922262450790127499520421059321951107204166396176796622010657429258289618908347226833642777212748834299939747182286235306246178009797199639717899505472289448640177694555798691608476789739645792796879021093224737051897718629418332870985505587254739567605259513147400416146864458193857459865506561584554246958208322921"
"-191/50","0.2123440468395183397595802899770998877641996579289114425626232316741811869361907377361409971448729183639421174102821694289595498526566447558509508833381342453142471317496599089933124037291863840340348370247967021557783992406984287671429334460510472216005041240675411054307932488167167697729567081875716416957123222611522258890433605838259412240076084990523317060721354933354586638111168728316525806908224398686291319341499993212869520577797714267588407933469194113011793324352769585592761512936466485570705412794536397046286901236356476236435795234067304102250036888162982277969070127"
"-381/100","0.2100060022702570120719806109499097473999799011451428735912745181294918002483827964237800026239715316369720080043988746752653886650886882193779291771826235060058248372244213269542863913772424343084351644189621680337205065038345260929729828347811044676173932596592885997229814103602816184828283184389305294702456206489798035680554235671772050849864423533030302380626744989415025953057841917739829664745414562899898050576583048367532872424694076524955302775618279038100774932571456616086643616294708395228263393614745278316088226831183252502479199422457976594648076510484066053898534646"
"-19/5","0.2076025973302279547205324868277199188293297327842051362307287300347479454640852880590382570115470450429777743311329134213135383723737827189610608466927914875540445368079110808430311623521941357292432517541446566712019580775008429938856870155102793177112281803327714137512030137100207182816939565305757435506178682741333396771927581165616535632549841807696434758013168386332018444317855643390727605239483842295186786346147277662707273952981586084808587562921815580304380151663715162656945290612093870851844142487889353895284401791321461102026012298813755611942199071376583600437401599"
"-379/100","0.2051339938484526286026973657430193138564320010328379528900741658824341544550680644431364300680420818158913538196389423133935156273544313257295748521064298752877521960912801535617082224723923603044339893264576443468262153561451392044812553094012862630869946229487727479948095909393781349183525373347334565435789831975961753548588680785098369637862984521238269608561277817702729038876672570038216059633363447136788178290862139004276200931949564362919093544513496936967386077667405846530850243257463222752725017269512148992772612951007758011892318976908923897082001158382051559164096547"
"-189/50","0.2026003703831672623473135076597521626837521856260301641945418534519093144793727117458767724854432732571561512979999706450921497508126753172333741192829536469919577204380920980040280623913237415146851160715438001378024739755399683242784765850275532695764315108663567858319601346489209418718375356640733269437236007974904741552179510294006800954331724248247907808813133220743259259296901543980834821270236552888694393305417571854694442371880996744973788364333348435764800910900916543496008204936872121726237500059518757082778861753166583053765017416267838476576487765153204462814143449"
"-377/100","0.2000019222686472568305910674277519452108394439966791089465068649168940043156812715022841307072275253761332131790144164044582335449871644754810553048629668933556010662819224170022883015191796904882852239914864620159255974289073141858130383538003077951180702691928575769620436225720716243548650199925196782517980750983526200875915815133892846493330905709870953949900302520861567121811769857666397995103563604300917677073355058842879399537018353612961936984565096412699104853405223654939825173759789507829590667414361186429147163835810134063009041312050314422422278225041920473051888463"
"-94/25","0.1973388616604315128975191242575306023660124025586720230973062728760180332189842857511207470997222849981147894222298669079005627796460856898358769169006343062936408634821160932251557574816347567115725000401113147715240953355534022856680380490514176963812458082799550499600444180287472626429346682216367288981891598187187018572051763689531810262727733930108536658223010516342051940693578962417967286182572438004548057494788997322396390544241234143556212523153797886963107251378310580568747965576539144952849658244939764765656085336054710575195124833859823062718507713156776528437860379"
"-15/4","0.1946114175792202779737664182100454945795732994463532559918568942985900089580416126446601303799577355043064776671451562534287350780021840157630909392404408026754653051881514403069757742611871484221466330970114987808050936729328742830760343440930135591047027957019852886138908476647263331108298107092011480665918762351097519899641757048859527707553480509662744046146457036346764665865485245753225441421084525356929452484626684702991260917518495224326860497802496650131583333828718460665491185698691924182842845491165702957814536204590313549139068774132878413001289576477732032722454746"
"-187/50","0.191819835953732726610990310934839610433447501889944730397051009864940179786429796705116130889626508608486929199046054059608837885639045850932207792435434505602243815155887433259350966847356961534010990751069581292820574240768870861974354001813489377232681919467119214415223883029110198293024454254362117227222689487904326470605748147351322770733431403255555576798592895233288077783823028358109920366698296565315865853689833619295186787171864193705552493856961329844512474142208477742222554754425384837706911248483137643415369318975954293512725554487676323344474158459240676291303596"
"-373/100","0.1889643796628241387830741101330909141442308914483707331012469571144329976244035650905101590538806513484110657445066464024106149915539637719388137418530499044260993707251481533116322333330841984888855278040428249645733762400874579568139816706701522782962831577692646682103730443516910091768292242232283922581953330007302542214815649973139043997252142952599168170287564253474917017024589485732356906286770579202725633006507333138108554230030831258870743738590437378582280345954974076229402874694802932544929208995992555057429321921314196343385316549562007810965998184023133478544247243"
"-93/25","0.1860453285771775531638558064533768677457018008484561229758302465040488904284741664788540032545903901935292525916422813938525324647316212922727786153072148410798744119309710464219058643496691646577829602105225405000128836076229106716473298947992813312856346659597376874852676452079933354601504197074974437213224158907906659014532441946660723959134087640954381019185811428460593759216044891069011573907613525593087976942001223479749045543414942610930772874125770477565099476183982050340288865852703229469228663891298134883810119212385060116389310929547135065645615158252089001038035668"
"-371/100","0.1830629796009015765418660730300864918876994946504014640404136149568759299851490375018646335341431192274354018337686146570711676362101104405768929748791959751760508296545909792502271437710986310780421755016095889372109799082618056636034454193192802144039053576004220321815631244914522717665360998664529212595347888876458702929705894317499998491862274394732986299415144414748955763429898257645806743381875291465317889788312678612840718999767879617008068622405137546353254924779974132307295099759369407849627483280541936316015299799200172777340678061295290528665239561504327160761546357"
"-37/10","0.1800176467133851669570268074681068341897070737322650393803673741808987524042880192023192786831275504939868710814034668159246746429639209185989039211269892062717408696198040078820510825850444174108985854245440046678029329595822040324229296687971105221241929753220217518964737954826352655132465465885185663737367590027714001917621254418816167890665502926510403894128752655231464690684132714108900927007694896643152344529533403843911374536361388633658102031035332344425762375400764506501158986035133118747038248256904215377356267524937476754190819889073499819685543288554001158844227164"
"-369/100","0.1769096610117823686461872889448062281108629797149596107472736806641560189750189138679008972169810633635139982805759547106751575310384797152422655982976121528169277629189636125786397078623215856395980588704172377831850997171241025815705096330601057231261972365891134874164431451856996385045011274444827287403117580773503309670116028182802633796232151846140136486115079549047025929432901099356923018533112276475033015394498129530039148712278712205595421645151125269931979896914837780268437528871768824045247309457747397634088981018329776262953806022387765953673390742640541558325691438"
"-92/25","0.1737393707545260468178021474113823353508312470778252736385872375290428107357234223913744638209866963944801054479648410606967140741349886877638870024625116672125703039909384011361250308205858601182633404091007427074943390289202859075838685229928766906221387338419676843899905268307195517492869820139071734751001170012681334328995910282752470603961612759249764429515269916706736468860619467044355066482644275066627899327900823683675571211295964103667627123780036901255150228048160653048865378618000252807988262071608713751302740455731473920205551553913456158814704611408891097144158972"
"-367/100","0.1705071414063007875907097175021700058336356715997735414411347492661944176423405897631196605276188862395187700474393568405934103551729276829075682366049847768527415993767286810753977315586911943108215671188340740214278534338040461631425689041623848182457757875173714380157549738797652695132969227991343950927123255573143571186712360150120025069589987153252193234115224426428365694773131443308741035227658372016040901350488539266034630439442622667983740892354312553495247683496078922401820331147728817422347658431409508551757002421725406729460116735552782495645751948167453566054475241"
"-183/50","0.167213355684942762371644700666278802571358252511102597585955039171943911493832102634473048840053721208607514867310560902082090102721362814181278502690416312245686386927911799254630468667963115837549907853675188524493904473410871637499832956234624138048532334565539324421419177823234608237182702193167035386342413321998465965607927159298231797051414388749566741371727782527482067124784737326368257964192479190274494210972288563165980097741668630929357320543086845074626558344611506508870047057034578578994238155058668076571955586946398473493943755109302058421307224190755333759336085"
"-73/20","0.1638584136107804131090705188539031222888266067875703788162095368058503231148426842989968271859303167531868400408304647485153538685402991098867660822123774734971198420209283454893334450350754566381175001558822298686471927963734786275421615594620330154475663459596791886997332662532193746674362704462881474783775823638247139944104528128598333577441004862556856741201243881271723309603980489301584090084233954152457618676548708109514548157819890261019490596754196999823372661985092523999265540897325434267992655965710708316721755202094054474268673639990983600249573384463458963230317639"
"-91/25","0.1604427325589867831428709897140176165581376436105142203020847901706845128123197776272088364450084515705328290458379382643884158985771596943931346686920256562102782571584788314385420623366709010724279911133988988737968021968300212114258244073687771124249534746112541938293977005958159719609308183494343400269101323337156207502550481312208634125633238100513796205821290889925631101380226794119475056762353921842970780878288938219328655139184866555462837265517674281474255155237193224806746131340316749759820990675420571831751043673854949280236385904147307370928634674969934054506894068"
"-363/100","0.1569667473155854637757969090260391331928875748555873225939024954005843006356866403067413327302647791537801156974877602248615406169738789176502367389526999586440421509884020888268690485578438200352997263081153899304489382729493381949697972784010702603076637577670850780918905341831692860454828629299165483887293836457670190491377470733878844631820177635813681036793065645842654660477678404600298803386463085239450958108294196866135359661874320443954072355139381445657148991610852553095358576218395296560133488297170605449469461379272760300163910357601010913417124392923422493555893133"
"-181/50","0.1534309101378417645426744183683944876876717322458807869087464147259848584971363937385596580333125559217351664387411239823049516840633891762190706395687708184295384074685342727547115327046291773224357462324403556920502516626065661167309652411968195080456255940773464319888634484026967814043189570927837535628442692538856582013919701041424139369380992249582008408296132254997336564636049576125550256144208792444484337692367423647346376948539274105272568214064198602478969634144256535304057814235133319202771103925771585270944169463759111600955512453419301745905767896827104190187184703"
"-361/100","0.1498356908198845868679406309490272325100303235818355492325872997527255537083273038672866879867433653103446085053288877668042658705967120486501939052853430550500634227238786624722597444095021820837859071693924000027579082446177396878789797771966740530276978507401544078481717135311521214841860701821489342102708763137466163716759403592142030698142712456380930698393817510685693200099139476488672887212813724413614052787295223275247718440498166490730513005681749254698284053459861270416906529785367332570719998051956911532942245631858558961590471057809405708753947035080408353427814482"
"-18/5","0.146181576764550281908076721778199950329839743284071452286390538405470787976919952407139945605788309390410519662128134847359013271708439907787723979530905262263931547131028659175850295090979140823453351328476501065934317326513467594514646054032820290885561329736004669240667215111178922577848149456923938480697624500762779370725739630062821963247639682791537677189809899783171861302593609911982197675113363711472034723135610737054257309713387810709636188670194054272704365033051553364090005150937620241623789397022837502124370273448964199562356392075539587979782385934471916916468251"
"-359/100","0.1424690730626279001679102965865036085233106216318097723409609215845318728575772006126412145892306843909399201048607117190874262876292706746426513936790448206201256283068468386517567230927937121305928005337700609293737142784204193840371940941161222330927544446432046112828060163829530577897624762510355160586903711722196856634280066660404603882807037234291447075594108939552029865579567568917599482071618345720019632606535079404878514001363531019018137807693134778930872792453381844653523942563932350956114009058014578827995921591793028419455793724741723581749941632283226163152524574"
"-179/50","0.1386987025809298560617026606058436996406815716919562597533474468316926967170216686663650639704139636676993241264561554908483553407919208556036196834895337481388068126908561009035708114961469956858822383992438516798741245183812638103421236473773716189220502453656961356642134303419243797784000386952834064999793433797824254346736445119873368571482798320227111252510959260680183292533067210928983440109259469988123189920066232195575543000441048382457506139214495077411047442668888088358460754609025708289192546819329854635389827872195955194346833429879016010042126738078225112421803428"
"-357/100","0.1348710060609326024126095610076071410830646237925787331281785925251064573520726632196706332666240389836195593975500083285288271399778758143640762808436465931476916173727950373820950193612575870784265057542057691280808701498685217007581418844778920604215211435137808283735321904389558613609056213516662441070254763332233915432490565289317174580822689769527304231094137591666763856279745910937580109506461801027443079116819929574277036591526218892712470755997941588888894135482150316481120776631002706795285496135806074932127501290060592617226726897015197815534356108867234596525053595"
"-89/25","0.1309865422301554512682029570418726643493117796663823954222521504283455714850533102408289749382133809402456476607080640511181964780939474400051808956209894193164275067656971772831911263006515046111065599605356769250613365063490670037939966908111293922976000638707226756781179224807630352072411746697172183314900791738989708228127735450025571147155897023353573985706636320680943333806497237190732310063052231437747002869033212282452192897231442150928630387238584651809278358796851205238193512767123974857449362010075589606255993743016855046777273354921598518985563180492304006447160032"
"-71/20","0.1270458879290100528246763137693894013695960186120812146940456894770087426432101237429780151281197366542260522994226789796644725876721212172014264442803620654168367086217283139808036444456805455652462226940654551443269968304598495694524676400109047853523748720539161689967497632770206552132589808160106149365416143330744363287419016674226141059313807154438133197046574742943941951044215350961821874139796881614775905934455622881796624305816078718375112318419272891508572651529423068670093567758871454838129681066645391553329839712757249925365290243125192929058242632232130583054354147"
"-177/50","0.1230496382566119025814945401054577617014899300666974162654613278508418417554834591459396865236009984271242809355183291870928244690514345532659518642087781996802241967640609996644287171214491417828961664631704908708861507695160547274303834823843752435966807341164517168325935032381415727847522108521936273777173836699682624503664145568402983805307830194045171678586686217722190922457018445051903896833034144055248767974266265471316038042856571011689562123201330178234396586468840141062642991065121509012847174602370516432047542283896633325799829513556043156890645294994228065178722777"
"-353/100","0.1189984067400754801239748628607398675008957329831784958032482093912968122910262106338044160480817640949696355104849910682317770246904967103755107251456005825715732339497042744279077534917881038349172791616623446734286131444960549107043959038256251078599896919392307999644597610067448547827431351986579065422043937109913208199036550994618101174248852296342736255716822089960060348359916248013292298584950555333780316784758744497471613853391855435984342778825950670363737670326317214038638227429143137569491960706168396202589704852392640892569114630475750384889076513469270868969315653"
"-88/25","0.1148928255332277998269444435942114845231251438195707747614347424487495474453591371828834641283207788478053235432211033097617788477848444289988460024736176908403490819801235829152142336770962088281777572591230157461683250931007684208835061818121001764223922926596677625976991262827050579311076546458348912266710394399705964628947198798820475198399887857548117390547283561534414170561667849922807593476848999374447092955242509827871274581346940140021428708575595354252080772429807286717152633708672741688368471032322056085307430933007038915668735807787700395438527969291215829596787547"
"-351/100","0.1107335456526353062671863763153716780923734757557150956031745689268282786245943895289598780032769741215691059557103641428805065120304235536780077953489303678333382779194295480008278075426702914126664401865341056980291428041897788332444677174239387283096498085991868388016202596340428290022856866682060694211039194865083718826330319449034210973073730667117731093458938758066570916422629907129984290143636081408412480896771527036621879644472221323235548082687825299520511462713921287937447896859007639353926439892592641392950330987973413360411171390427137583052228552795256472963258718"
"-7/2","0.1065212372615907815774592572082571869518973675092787924962785917942469111875546541329486656548361178763996988256198632897818100674650154623941178873276369613112475989530955441265860624597940871362188633218881291521939315291768897340077794774080889786772400085615064502961717409332092805236819229504593176632908672157381982444135073165677537614234963918026548348350200989604043808746157002560137239456909903951690006286445803295745120665263090467515407450654070291165126185759674624045522987121987839135009565865037209107422322929945181388104948803585072277077724858981776386067002141"
"-349/100","0.1022565900166206194918026554594773729530867505310247812367107136502376142201192900890012590859884929797800724680746971797277442906667626983510417679801138519345768935805446886553824893529815791327530653768882526496830602531152665339216838597514680720212486601688222554828941409871453518409225306895621624589303908592392599901605137764549031298795392786126498797056860625646672061748202500302483942159542053819464960539743002332119448125186074296204123031045580796961372722948099658096129649910722099510464620558101328913826536716635904757513889256888116834013561553109869711572121038"
"-87/25","0.097940313496718588854920878064462218613390654651711296940400267813381805309302760747079487459504016329762350845839271181267803191018249324249279955360300057135309481303987989462939299999998438649707930380135754383391695415316715762079467606809903309468561144647803238430599169596093725077027190545967931447349710128387027215694586872400522896353516260034593221799659526193667388369243221183200694974851590542330581318167546069970057172452694239103257070767801556045396253189268711910627360595735699490855453676610644228274300872068099555225700332501135870849930666800092855496866414"
"-347/100","0.0935731377437835190386188459257197170628263763616187388138048774725543285773938498055613974510124768881511105665473911728936927844984318709148620062922337315322283198773678828097428035911926938374568418067537518944356321748946045090576604331747074948075122864102803931278649807698294450497613269169327823281123248449774884560335072294948849695968934005597230885339271945329139153691800536735830161445290561085201729076444097282473686028677342997167236682088286688065369395785779776192498229617766386775683680800166289299184364531015779495006176063988576969606768267387372402938204021"
"-173/50","0.089155813955062876226002854866180424452431423279327630290167252027772900190261587403562862548354788851566522879416296325349069732155216435933399228256493149896588118473476795045421956996468340826449186083779936485439303363404361292466383285968981466261969267716783867786389358659811594497274072094817746321433863131800454814230193970796600959535804263243631831937325822243167855425648976353552140602996682456086275683703885931860384049897913897660116699979021345811431787273834817117547459225643483904169190000174369216532039388560857929732389704243158615587883800609142646006543546"
"-69/20","0.0846891153871123205676132051046117141147919044160996229985025188364101610764619705544712726100786531471256573519399316063795960257193936231134631310163975491021107055193655976621493221045578082783091264883438824205366806551949286225320982320786699995241323420921422662702836645469869630532248681241043533674170879607453573039653927318251506505987330123219397097565800681524909593242189723103487175910208226379316173935110065086845507810955834491821009396473578721018721624856413332604449560926929139546475811328409489380335578447642093497614124479634786366172084031750379315631645022"
"-86/25","0.0801738385597665541935197461202252249598443176553748102299794695875767774309826081385352988945878718158276311162169732090828631536340402204893718485839689575437464799451817019254406800764882415791593684086116589256575978776280795476664254234910675334398482182219962111799193616712096158107962955777381444721929694261225494707178506442061329069814705914486897631617131459505834826499877194557550826039424193898531149876566961458110423322632107712971551862769468162763477082219265948153610750868266053304549822125133002218403502791848312735711321314136459090992253343235199531058136948"
"-343/100","0.0756108048945536971969861464623194572138805316329044494981866905991528450736511379698432709754807781469912982213059117891707494160129922446449788254374375899137645973197635223437226947048731728840394944495981375063537428374935809119428346760952548588321827334767327736008964454080819732311285575217581756926958351148059373959570258908850759577586076396289618868461675052026345867362365444588034595799035741991457982834643007453453937741872438419899558407908882713626063673792265773758970267736043000566986662096411263683213473128679252233036558721709969455377098422412706079522054043"
"-171/50","0.0710008629966469172065580066509762248392445031523127539919737274409470198414783668401248886280681329747990445016007939547003219917323768052738870876694756481800834424363925161560605837323455751941889315970992375813971468323097624310312190910714587527800849562260976571406425202489063335091155501488703165615296384845493176864958146360464005463432739528802318510853053960148168620719521857828226748153156477742269749825136383350757060147265198741545967938054467392320991574878324277281399220535609243076246404999604697197965694389532968638705529547657762839032829777402684801508336265"
"-341/100","0.0663448919142683876004734782300038680968210566098501309264082298168496408551231062985260244499231094159757997794602834245872211910850147938468692092964975665912115107470123391826003664111936061730428616368544938039709764519470331631734066545596249061627434958918340579914208487244225297640325167842381479422052602422266139318464556833319188688257660549184021883565726344157206511240114963533295441716668731831804054387446567970799366758274643373739917408386988632951693046983312085406683231233283117176200344567587922772983496732448629169140915018044039912941965991285112552108173229"
"-17/5","0.0616438059248860469359071822751816016555567599536557763600750703866290496346408021124415882298801031992099953678685574613001531236166986286789902341638115157102522278257684171415082644770405321506955865568743973833968007047489884078337205328183898461573131250124474744563355868129799064996861069264938799534295258898360071834343346642085038439827251685194010979220778625422021265008628948559429004894694928396915313915024664848000016383023527936343765559367518963049494181744501873456654662584617666521714833362590987469520881648816897532915521017959693343913324162573124757409548747"
"-339/100","0.0568985617830222383504676224606525991771419699213273754112302193550080633150066727066161896454375295652158191481239707335217930200631612788596661459693739719717470311736694712871501706883775296297358529635610424126852255202341731298170623903243445883474519122771116273442754096897503213232074420777958334545660521967862898616365387386608652725697791805372095151708832958672928584150282156381825763170763317695950822089563379944276341893728782917950407543997067816073061978245232763048220743500413499511324731740927507891782946647323923413377514010276176744703055806433158275098098974"
"-169/50","0.0521101700834431551493702249307199820367708389093235191879738358839419928353530527737552939071015515520542273317013482093218893578026952713337904907490032431841854004180092047644598685477368601153132093126808085591005812736392278901348938524065520947630230533715201237250490872131793092139479451357506519851552315607266968282498736468159366808480410598747174669897018112628436028968326820623702392875216145811747750307777273888177933262943295267618750062835488814055691368355199611692549522173632358324477525626159770285573004935439202033183414814412453987292315968361528338115026865"
"-337/100","0.0472797138003622482261566719373387174138105376144128597585153597312366144375050184030022971212538714852615042415036778894488923669027036252923381860460119377459051455558350611028371824455406372868111877829085148011993069688697733249919179150477649343597801226258078089815471092832845569390917978416869833836337149578271630645995245423143028728118502927460036047190018524792066491728851432907497436555092656581950971105603356631247736299437192242846705026651913653507296225904249449607897805850559707419217149787769404708867895694167524790974682244229198382249355627978784738367839189"
"-84/25","0.0424083799759443981468945900331288058444122080824505319851864584874568272461728293577126229152692381215682516370902815928649685486600063549360602750109986659086302500725434792172199765664792155709457112418898520430528866547826839187155557996327402817508394332758342329396270330124022394512178707579074840312985523990651594772463733052451069687216310288683540358874653559055903637786172693317312401661154230964907396819800429763628174518287036181631169730164559124819474941207231340635694267412910899056067634264845347042996766285190417954828451175726609368148600419875754644426827261"
"-67/20","0.0374975169807928572070263118496731992251475752307306147731584369025937062219145258039809154315081887625619558824871547353349337954905586315415377082791864023823310873939253704510136910613657086039250833214495390886892515549547613488294807964539781587107569532712554149420420165982610064271549969769005861306774522025291225558193224603153339761082340285274221766008324247693919080391125195765569127076950430089102704328677714358719773004036089824484430789742879023396617899868154280273992848086817780313293162563993597857832775808177156108098096476928667557551358598455708834448302375"
"-167/50","0.0325487452657833815276057896726259781114223645429908339749803772947612223444423255476481851033316903747991320613057954536269353828088209819228927792627240221978068707539686945802365372221154173300521814077060495041032362274579217029496800350105808484452025731201122716360418792774733915409481026602279268792864530274210424665538213891529826566270407811784030116692994047273551323129132113564296729502489453749985920348326047649835649887705395399504094252420821614275413479997120461117109170999272819152845528603149091193979427169509146200168189181950252056643437693300709094307260046"
"-333/100","0.0275641907514852644267200166034035098582547742886371845463146222792683151693749579268822880995546118397042484246955339219620727557882905975306304723895077972560842999606021396826453392379392166035806025629737793445580694918981605719626540979299144757659879859477609206642641715034568359058305008273717956808375489843170785580518555795906856152448852575387672997258874717937904378857626032104395827668659340789503912517389810034187819587699134912626309575568584998814395167318948506938952773942712951512542517568695818217107956094562248580973382443841598529962373913918127037253579565"
"-83/25","0.0225470350454975159678859172289182412070651564594719879464695834007676706750488931992702238874984515937472089833593572000344301357867811357327345011753468251922880872136190520625945727359189321253301521391351373497961735983286927890019737077479598705381716987524235114742480781668843384756899631917355922514177211199553983297834840433214718745808529657856437756704186567108578522142381558042039341918662869416328394452601335198104975248563530140341130762159503499780474571400963035564300201506151701677454957038954927065496307285881437625044246477669761027364965962858801231157421574"
"-331/100","0.017503029289149965508916968392549756805704708837670758124097762981648686947840530032904381136092527677538332541319597097256513624338167142243028952703487069404339408572021869297869728868926868769445437252386251193581989556487315726283909939252395793604012685191571464135147234672858451998727195308980346366469449159531599398207327361928839989560561322733407636520927316386249672670815657287465734710300902102220110065139118943689592912757328854954828318733685027497966056638801946104126438668343160758090622775070399798645013452441099947061288245706921761237476115546236870820875139"
"-33/10","0.0124457342102435531572743554945725762921741109733199587710693813612378982314978894916581957977396530165022202881480261395297512883799619308950793243954785126659712724688792303324143685278076016237849639942597930788293348101698977657104563517670120900473658519538389883537519206867494076920580916752011054488608056235303699775901291262023032126423497914788205715392190432980694065430184248553051190484583958443854411755494872742649326682707839967516929463058926216226848657863642526837548734915201336273324982401222920622474971351896683608294713062705895101812721680821545367183889498"
"-329/100","0.0074232752571320619885267450252513445268840510368549348250684478616279332703875542380017693618448291575536820624466183980071963418823358205852677188088077481522298091218112512838055685345348369362759625162308436644798257309186856029919320379858737914892377667083529345935655471936903877184608811748904196871597743843623487638922683245971642297438174155293315723237651714431117467776217043239749525839557209866340848035595526737790850388679211853944583009267874800557419309179046781374186879842106855147215395525686844967728566089725675258685678879802082828316195466262611437323097008"
"-82/25","0.0028392395308321009900545054360985080937794404226048086209533728943419102521001578060658574330638586004580353108870315070554654488590150328535653122698312769578961514669821145166626365292869615410690160933487526546756509021925890289708147016349112690874977600337017626511578630241165588155565247301798515169010489977465826564127775112825286005140081967728596775010405042406249641314545354242510659310459284466203140031897251377393443772321699101223338666334866809857584165794417919796712325048201749963907881751171368026501434426076835414733889061528250564410993687617544238504570546"
"-327/100","0.0038478637337770363026388300310406582257617089810211546707304555883256538298597191352442441313759456979469631161999039159352264770584808850882362550426574744349419015900319289372479882027903592152446001619048919704019040914252547123029899993240073135201564872196694166558191130228604866426324933566620290754814792968238381603890401137501497947213990557006383063963216706578662837159075350303865963374215271345022184238321138843582654608655260488915694695814366448074200124598916336347843295089525877579639687127144671511195774871273833155663697305523367379758456692425911133203624725"
"-163/50","0.0087372956055641275848321219892418913438864887260249448019115321938004994525187331639318753955963674978491321141501564862999024675448113510576993741849530784289688039259820136245253541557989040790411305590872256924520115756975653117160042057353478349460019826287984827831171449773787086185856061852589779108573600344467850566003835016613868709554826980361160041565214218231973691539511598197799274146855363373840499913027680209432601233962620674116799354704443469405461958244259853262499648726621327898822585156080283202625610591468561159143293886578553187727492119159726893629721491"
"-13/4","0.0139148599007431847504458115306984319593099369547505688592857515813137167464452060359161522863955192180861821917805644696453687309992593209521356353970038174130599728943672837851818686035791993774224030181580998546101068589318150661638432901938703404536273049272268026174089746363520635707067060158607440845354469777892710625280484816124379981014221816174338925052376753576870027222082735806086273948607664117666150581246886983666712276339405233312652566888667662450689799936424407524056968655253741025872239000691020015494973537588638419911040015616233070317675115666424231443169834"
"-81/25","0.0191721312520514929147062050094161277291127217031332272641001939638755502877258795493576136455647112078185141915557327295614833486392854399238002621289265999591786198676662714908288623823694512887711750866348872178207066846777897055159338197298147438140527258286696050993212063295540293421059175645339581702027790927188911134922599582782169537310590175402996088234112164725286064732601738384883300032158806390593010378983800772363611239999851082190800938884593719561940693228145893968562996984021103300883296324530311897991691392641757828092245550468928294357867700724642927399371931"
"-323/100","0.024475545704563638423700937819036467673934028668402933634414224887144485648827799574813125650269675335272580205306903227385834986017061898675349951218663851012309219835307895701506732660185029764396107969548165961056770845227260203996947530421888868948851356494182172506309511962822540230922352098771298451745492420882604356518606859214220669943987028183700050114262528548132958980187964266901816475295261957350719792792653978444645855272445023675660570500201870800164927140534604304559665371535246092857665738186798052961455045015707704586551650128346893501119936396049089983433952"
"-161/50","0.0298142805795877552866691164588151642889977955689930206899092767006748475951711499152247613463139151694957309082574985278414980540610222023337916004856069378087991035063901234714391034847928052438735796920644905220708679266754015204516627396275170971951243577313777618118670492879484255136128639578760756735161139607627640306714069973946210350490353676240923988676478578363728337441093119389691032037862752706263131701767370381944277102856682752047415654468711458704901439679518800454742212768868428317798755609413238620083603132135046219440241546943275095573087530825537794163221251"
"-321/100","0.0351832529933154836154494086923862024146852067511680662495912554215803765463511261684954871356018228340029017572158893684280307659730185768471658731323539383655451634530147899780172141175030838805582750592774474093611733714664795676000494116359603687416689855391749905110822290074531224383873356197174745836796714766189146322257026056967059714981476477940666300420722867442289693170884314614330354772820864331959407686575019154396592930232255223928828234042567162872415121712334337176839066490163552397308867719697831496688649336978135165363871299153590514156642943690742281391686581"
"-16/5","0.0405793663415922107929708863107189683757446963269434918418345448357727305820363327721667000477421399239101836523187792640955885481664655641642292094946527741858724319270207408972129045838229898149586723206072803492816700078279023066271869265928215545458221055984343797527912633932846714455625067017102433909682589325707724776141176514673071910844228445754269394916907490491422915324237507224441356009280325632391264554706205681014258953021659813408768348115064913961643586500764574508958307661984250596793572617255695555470865523681715650639577541398568140356901375715784532029559941"
"-319/100","0.0460003512195190425980110990442071379671478480102207737584622416870956513764289126274024357905173851672226084960645026669413804584337844065149663579096717862726699553099826046944353919071302269315112270974932219278897972799018498176460727037200742189190340930725123028623445332677254694963052832391103057684902739353683193253174851682264155136073911482956148576493156938387392160994138506089606976797099509312477616655149380630006893225592039344383091254289655405883778947116737724107707947798234981436438181529607012592193624427440626817572505964002786855906261830366105862066754676"
"-159/50","0.0514443254773834971791090182863946154935632601187439991472284399227120889591150178731919405807318030623605233866158278100650148595932786206721230487575739416818565995340313623967810658393592972483442619440103271671866658120831929313184224365510507306682074309662815672829590130121411398825117551190088381159587467186465629641861950993371765832900284346796481472402898925775677187314581572594800611304747600258296903038455052945919279329509465589531490038074782264339279777230651061280584933206531295826405408409887569782959882254558765176755977608650641961109789801180093884130905351"
"-317/100","0.056909601759286735304150772439442641870329981248372145001175717911062436193975951139220011338663676897985777422801790695227000403863169476790496270381478511509129558918150053365562758395421317346875641421895998172440572196410127373322254586873370913663240382693973745543872177475818041939711322741451471167109027071836037255239794351525850937049270597641663258892101998244905820286433322756445253980094246452842302582758076619920431307329893361052346685457900008220398626171381989787366785802477591764012228444667926328049448364873511028723555968911892390418060511334365281414431538"
"-79/25","0.0623945940211887034348270536737324511725417716226117662425417214976674740327764157677355981678999753900151083395744294876024653656805688562370990649825369134468169317945333205308079625529749788047913130041475532372906407448840940171084279950767116483159288139282486281411677293551803240009585609292871301162032644059317222293449533714827933633944556444252027224357248522518548440628721551074160517011582449574529855545074496557631825748009793431040150985512415964526840877662898606752026265614381198972856862550513491187204485403130549453923973527930235372217616057342930385536369045"
"-63/20","0.0678977683027723548014033921769339530183873457481921943745786759122084200250737795511746687600136343584355033165746721459223436965656288952267979882174537074412050445569355284421300515894867679450311936648018115979119355715342330981882255545675291889103223145609985163889280119572669735922311364619170087617946443075034621632416502481601432879620178776176908776525649306147295778364143567379007489000222433737305062815686257294928328032731399989794446018815613272988117673132487895784370521750598807220910430518704941779350158630026176928043245724455448759319161022633304135458937513"
"-157/50","0.0734176150711549216320188288163391800881486064144203108218605263836756695424090610763865018456697768816786897647227662535392494334864523887194787351558027177468681257556601453819482202769236734775774682560127362056186180793431183645458303756014265616360275312924983837424682177677664906004003777203782620109330295983105974400401526594254271633908808615014066908160282899140424149841074224034587851397492985055307045813383402779643661796224598611910846055638388625530543542906538114309667690509828201404847128436514587406508054526755566937715516778581889693504329561126710787145694918"
"-313/100","0.0789526328336346286541417401743001829623238809003274606331533882102080284570623772644808229868437876110373495733762561478613690656538657108723621722527957990439213947825788545656218700320586766406357939052675188649804368976609992806355915268882564549304987193758206568612355320473024937306854386426217127220389683117746643913041585592252326019945468307772475358400777044881283412068160831373318345167625174545531670173795903455530885982613492886035308567914638072235057667543941320912091599870412055542766093648624468171645633050131598738380569232702823668333989380804749064980259122"
"-78/25","0.0845013179819026969461729116256069782960190649911048038936222867805354001833525649977999714954746129969465318665544581677355399546592183395138616818128628254541850440143605554831407832127345056446378608922545901985145203080859150071816183236117935568340897101550363757083042805644016283357212580038390177092576427936241645469737160625961202613650387806502766898469470383765203467144536181217698672326725201752719984902301631538927499815530195217902710322484845236012252483989072638899737212070249329766077036928976448295883853036527367272507297406858077554402878086393726249545386151"
"-311/100","0.0900621582506226789248610574294412268438174102483941596468819940983694533982608789342719353128095161185928351504811797441614269383569109687510088943325731964398467172469315192384596346062999148254560591694203839144546210262187184233579594908204754120121373189028127889893240594735150186231194006925058529769336952261645308955637862021941995094202763142881108898279527955074626914435827520928175152732532849876986734106353924239816987025935741495614642404511528392347474570869224076609373232682734165431926236340294853367989297829400407057158886232466327370924284639982050559210711979"
"-31/10","0.0956336283598525338778549634574512772693657878493542650336937084959872056300150990360969136603366572612951506787678913416434557366584457852365029645492321956447001228938088376278859730439288687046601182231467769318748232395338768652322337836264934347557510276184828163552822413692803641531630641233759690705638360140870713306930157400774002521873517888290249907272744404077816879834671299564569233287496472057202492320776667297205941143043512461210007898080449202366219282548593355781998280424646064895321353485298732943550035448597390404970441793149760775923703264715433577340141544"
"-309/100","0.1012141870248270247171209181483746342473946692474209638151870276935794505238124033106083385833547674890778140236295424267020730809630005935320426845405935799273580337068030982820248705946933085946469678836569948302987375499020889950695378791511336330820163500279509046504707474888229159754410563250912644194796852385118764187413722118370747524088672685660069048117825769229302309192898851944783184609957489570898856791031133596265751977300958724022162354622625211519661134174100357690400999478398591672222190885253800546636508435168555973672858383954263007199613873865414303501210544"
"-77/25","0.1068022748494306785261040337109926445344791870706509352230846251678042223348693935473384062349413919624160577403542342004920213162737374472748165536365140350520078016972888887841704343280934456551076821005853050416474370532472667632177841069474874043902445170072565107968442415827849248614393444694229653925783056084639731117633109718404962665584731288506413330850238526710952500767618997333401750573922491025993387626187386312485989171853025384499802493816235480543613092263561628166340082466587557709074945132269570350539297162600733435241193063481204199043178553789486345035652553"
"-307/100","0.1123963128074494803869377400932343473683420968684705854956157713177901154850072150321268645595941852273615550325007950132023495944709696522656987581989159916015355683968253412051449113015507193789626911729421517909374546635542279674980736730497062781828543037934437048327771797697795823398925440516447944776303339504670211360246515153339927523989513229547422455847198848209769602713208338408009799884003755560635331016457904724084616199761959512264932863783133868440449190578226687337610286957762192086995090041765999435451887804336728179327478723497076093919803328007741374772736921"
"-153/50","0.1179947011253915589160099398312273344607338547459977946943207238682645764500173625002735987705456878423980963254364911906778793289038095771345047245658654822655879690860768634268320224133998084770301855876007283511463399639586898383710321673013514708354052271318073275655422982793952695537858575916121626907739108732389276618877036946775742718102313855365089148545321209636547780028713339521667113680209457159981257438536129654970890403227806135227999377213003840910073618172005011030319160711785365051858092101879852141406131708165546479468223235743659753470397152089347797551968498"
"-61/20","0.1235958184467768207499550822244116322746925462745125560522736888121971740363066130896965745675063102063927077271360449222495524222332908449280812763893214015202436241776830112286038243739049595548521887947184596303830665631993175085406246437720884552949030404513173486005927342406403564246161816773606334733327909614442947798374281902579502025951490057838214629000831383188420228250335034828850301887455808926049880186256749629774179283056165711760188419191700876196909353034115526069395518310996764921735363649898666045226952868419773236492456327052462079147801534290034598933941414"
"-76/25","0.1291980211987467947930321304505274829736845328911003126941851464239478017049519589698055849272579133165932006492023763641467699588863924695624481892065975194481517437141443142613775602540425331448248008086730744040908229678822136437715482353730103555914397498275302096819184512020970882878221937531178209572256080377658302354170837080729453570717071499480883979757442698951692448507707367213313984130866195203557103232284624267480848177432769848957090269357974108601289111949748182424330636206741344812012074183748377129265570708637112330241497615626877813965819576920246636574176719"
"-303/100","0.1347996431078462244453013161050172457297731049073129766796046593715748993697862845921731555626251861463483339439487488635319037129756475400498650341072878623850499740292033359056094725416064991628208813622553289242431383688617404025481722113410661181647733833128900744703986041674221918139268897690054039978828997136512185514332801822578730856572922175827061466039094092043163659510628039795517979330135090916428604458848613944765587601521493282381412864829721187988302310830933109925540569336370594310485252715409873112036879980623501581798807150996546310157349997466520675181662395"
"-151/50","0.1403989948287066270041904568193768036382708732525463081842110009643715899559985852055688749011497701593501892122715287777680719116134931178233246639890706387651728170220443670212525929792932142615421738050087651485286440048727708513225185546113089528160422915487105494132066921562384401637149220565747504425742941976985355307227839174077762209338879429671615446802845932110842681059687266049026365759484707958406176396984114291324711032435569932939647254744447072228928795331849179183731510686696370545029452308336468119432241294732524235097679151501470168909550804966827872911506503"
"-301/100","0.1459943636605420096345492285471838821785267257519500933745749494695028621764078850930037131689573178736721868335638347672609920819144041892663348413590416227483924362782827921477921442681235367408698974769958556135762143060554491549260626877309258392451591768344322391225521856292868913359068763259826722433396777483773052631543339317916659966298336989689393485996054604585286661495823312073971183194979491606277189103386330485708894206731646027307925655790304722542118855096394581558504617699377696389362681864912440915000017650621337945483437491475798858931368231425928856623667847"
"-3","0.1515840133339090576359214888163383613239909356524708336124824392584828050266915263440798395512634339363108583719544201782891489002729459478058182888364403161453314261371597968403758519825307070602852519423794319815295831709832740929208479541213951618360608855276718774366755459630630542599539476544099037928244241068515257768574026008929064389884057246223536045047299083288010759031854240160406674807510094203014370566607025937329888542165591197735069664569924290182643186609921498799337216605988989723016944223104218825513159203734663610734261143921600669535176809953909424096069023"
"-299/100","0.1571661838553577926095519255024287512521587125383179299456806668313547128849830776477924350736167023495366949343632403586319100352547696716679144240631962365683013768680449498425992884866823513349840000628821235365011563444752342202590762972631762033627891994318946102125836625263336649348800495501342037528670150900431303800317277135185213848301503505477471083689571626437927464197254415368751524396611148625879130942257608193197643357088122063154955404387655767783519734403994294540350969259056386624533712451194224231152682163686822942023613473085136806037705761279737750088893678"
"-149/50","0.1627390914012022420234682247927524231861842567494111624219078956990197364741952472256088396257045251860652999722050344855648920458231733738318199567680723750341818212338630488729690612583654215813858583922882664911679255030481129336851767324007949923531973983391998533432120544335027535066501599478358406159531671446346859790977668932386638376995256851933209700059226171642834130467062854687642113618667105595546831064538344521814721976220233300312952234114345435425600743812304576528576875029762527396345846422215996857212274046571866511508809369633433581967129990965627073589959229"
"-297/100","0.168300928254185756060968987402885722838460101845360827294498952140308315745574439621196689105365223545477124378637555418946109277651761085703698765074423256561570976583173108196195499327298941699904448343143581324173081487916364109029530129264026125537261354240365051887355404863977518792264900895238992174846177195731282319498000804286378503875337825184954884454966780533674145706624045589282876771112691826104515367025459619824135119372437172113911768146501794915813058940455198719285042508372361487235318488464448262648860193548369559599116440472087418387301551464099154875074687"
"-74/25","0.1738498627786360159220926530164216447674896980477188243139541690939309222664581474472340237936948853382062612287375647080667633920011836103842357575290891878168975172422718800996862037372983358744409644335725051180234923041164536208891750069376873500966830265823033745188179683178981204693030667651100959626631998323866531256979255120392319984242247271053530463977437157062466815601634966803489928124590874411608170243037628075443422994996333778774960030259204753335920229918091049019189847662520799310168999497894429432408392933231414329656528948105143131981875002729016276959063046"
"-59/20","0.1793840394310217469953664722510052046721829972512957054519323347665388649486900853746787875185935430917358678090079991073214765546106357202523743284553984253071413763446553480989423568644479886005917252271953160937004785551677508861445424702961143894513283553626355153336356089988023438638639980274705163819996072793630341317755535840215778773241867090485184788693574759891510069521734887507110355128039409923439086646919449189428126172421503022906693465218351000047266018432601879716258976656082862357066337994711069301301737148210991424832654779150363997361244367720322725563657242"
"-147/50","0.1849015788037855462649426461093261434676879940446669345132747630588567030040058887391655075117083388849515424334878661118645166394014381373460151105541748484376259438063175832778528474591628755508212007567901945807573248965911299437582208875093355719780798431721139426574788050637659518317058588753468631972837693747996293691946901420353926038395374696446287186723538524477666035929827514381053997596149798014668306549121592952205137215509671438598251917168538938499336152181084256561405913043502933391588015568270357292589276420092447581629740299895093136712793378333787324258900024"
"-293/100","0.1904005777010366147543878000478509049192206953691492154785457971630135891133295881648420396426385277239456277660445195848772914259017439802565385185204982900454555567316602477096334813953680721380310692035827532014637580576603346680275161010434788582679083661925612011324714778265304018029272179620051253750468499552396635675940846666357727243775135236717016549979646032356511918394512139403511810091495639939797362868476253808152435395665390884749842389083472295248276806665829016686573485816974420054433906146571229031506365774401185244522469774017742829426423682532920910615754987"
"-73/25","0.1958791092452137337109743486959179621601576557451411065285627751770760607482222648698709976509045914534878954394926294820973012719473360262777365514169461318728516888482127981215618114377761141283473915537958570933447029560809638378372262682551442181958619291090472659598940343801062729153416935967482951526920889769711378639382927512801814669748038183911236632047010394795617989188495718976701537975158678601438412693344309305344348506508169952808391022262501406407308520316992185212313470380041402439799817622499289723489782661420974574386352390413684945711630210479321625832851992"
"-291/100","0.2013352230142216187093959170319052340443236154977567534350968158568321823006831223653567711605698964086429089672417483497426047749996676869373041673884102674392570420795319418151820686220257095450627941800459938595732734318617564380247171301970614907851276848381851946589388468406527286805608164819266551622177725046909137888394090752801735110221243380731157813377825807469963128390576861518270928307290025268528655106811748543897265856706254034609085648085872718345232560788007455629358764742196361260581134074457202680600633176041375903700972490448213318261823926519042036412169723"
"-29/10","0.2067669452088375386644900591109027731061886354554968941629586774593208773366626159648743075676060990050761164436414111686501131878637774098546825835463316423038643220201650303203681008664508545236001650000558431068987936910246171528565461053174266561184093730101952455233414623508683798865535377873699498911931649037066259212220899956812302503582457575143658796512021601338472287965631152762034621854064200677204147744194099537258795407394594293179673860793139298263557560445763534261924844540691414609072153056536658906121141595856808600820198705378246591115902247422033624977706483"
"-289/100","0.2121722788504046003865140499794766810446608927914700071163946601514617706501213996752266319368424442939834570097375913569136288163900845683592126288027923315039903961182188923952961783210639147069074702465939802855589026038158999471601441074961583314667668592760091160708596335293092523263473697824667136048744618038278777285741022858634533057951882505620358082381562222290246847888424715011394937138299387885942095994993011057719457697061243847236545659185929741158069288538912408365011098565292506882207992441907931897379378090381395998461602036961168493997688621204923049476710181"
"-72/25","0.2175492040089912720298480058805070988831642463187859361556216672733308669846773533870723704015411551084749391195895706035408872698295358451619539735230274781948911100775591053498540628025177319236005891930084640163309495415119568811212036124933722122433137395700198982766797615267603127413317998262802563617828893932259502892020696105971506801859526137539911148128759027892041956813875918160960318600852093067064531657325334212342993133352784660093564143334261267674095477828821993051090635022067962134574044387839362375527650475713828152524788603587919866723935734807139918729928014"
"-287/100","0.2228956780623165848483879911501208073861039726971728465409049805338286295831787174754393296224878701365217424599293986368172459830739413196031503781068028759624861720426670666824444588503995897289212930372506402168833050800871926432995366627430319037903467788700490219966188700074302315457136686797215671287691680229689267056313716599950268453192322035311344704563235943144221121456020974030906864939230644241990724361739181244503056610528681471877610631788726313908021336749001782447053958744482569275758774223629552757219407324229159503549431942587884489079217376897929039884458556"
"-143/50","0.2282096359858265866283138157140330254397993853966524372747347023841173002961383331065741745382929713553395024959264223709690708885689149932354845741667862948389207005373766417510071270999942447595488828147020561970651651415269634956357832451120288355373648844390755465591255564268944532454010299199233590162902045102149864032929513502443321545499472720092712579646778574431404532393566299817298592581336725119900772075763628083419951055434728994800023290640039086592599097793214991377015611518160420855981560596857775092476536949179931309078642751339137146892048015822971020702041284"
"-57/20","0.2334889906743671132201508068077626432083805284231638526593947908222549175595655077081526404328742403112601669640285022531503090614104946808356129485212614151204997690511879704646959288901941427221996144096100515895188541692498751135971757373400707173270617898654293483309470188569053524330987431912486865514734710694203946624355323256858204283561032753894595464234582083585796641050231137340033016942903127443069965835643224736541801096440971072527982606386103877762976253001220345997781255746710693949909902402282025030412457018062527272108769313796912280308588659217890383473381062"
"-71/25","0.2387316332959360903505604729577524908930169494911563389017701663029320706794243096623270368543432805147593295358275272275401900508407102247306221005464884140740325939230717070725592319386617627362766541338704819642212247615550313885642120050030080898227524446777037194122167302563837814781827027334450112925103859934832756817729168932753294035834011511298475213464173519125649861626316166882847620691921346929642671041983835456077051857038990921412725151912666523869401138954565634998911686175999140257252770633836176761868707622362065572275238995317431174288253134323674191218766692"
"-283/100","0.2439354336780193586936308340405388759169962770062332170709969262301425700697298418509941275014319900994625326140232797104390074256969615035822765524689836556992031213571245575802435492421018387201441655152838594581080147146750344125906744983378997603575403753289967850768248046652138760622346724397147530426740224920896056964548882261109583970917636344450053801993968407761088012885549461034737679461982796447450810844972099756377058519469189347312303151833923869242625826749194761568493648483481368660792165942253114510939047245920994328701624077875254933936786789296997828055756287"
"-141/50","0.249098240727020450107137782128576606012115169749188264558355606512047623252371229321890349661307069637772751647154837646430361085886897491618407959011563531800052777922076652414436343061315719621925447882927465729650796717610826237329513954163729626118676003835360309488600476976049453208713730235343730926463458006190436288736565226048761954150685202504638915436570285286420197247909699354373993542742900916555730577171983379347203970996221989633540756291159217068623656764756064856715730639408887684497080539170899418056000755921327853564274259460387001953821352535377166725108209"
"-281/100","0.2542178828812891390938909271987481235202974790320817829153958790281056068793656859144125007032575138303566904274988790975014840966010146891203056105119250666105372405212646999978952191507445707833332007458851633494130311094610047135330370549535344493373326793583168835839555639820982260174063676992667383406192985658295848015383706564007954679950173241216869300314054719755666516555835573381261535608883741776823799754195720164335232026100915496773495873474796565743918619340211041805483100227068264593399249282980690586200748278905815447603683986934335926021334561875509941660164205"
"-14/5","0.2592921685982377289851745140615303410574828119531290434338676497222002937252720191966171308362141854594221011735412313450519589104189905278688311286890127421630769736979429532845368659864855391211092747210689857957531877062789918108535207355391819573382047289807941519352015553512200438074751359528766926462473048032910593161306968893997804260688331763459940224166731869770888711825472055743111210058877640632078846281852817765032815103436430823491036644701239918890021092199277348020357631406004927798001424783073807201233607287900706550622459147789582436274933887399143028131884034"
"-279/100","0.2643188868760092903330461815215294749714994055411795682789268077909332578887523170089938410608222633555919826486214776946109620783789628779104949926820339233868033666670222180200914092173450011437083407159706766821315947202368944933523320514312455715096448032619659282963874799921475818031672929469389661063182326975319323766686972049992105132091164300686020734274817706138621039052587860147568604906099635957370884244580608204607901566205344274890261658808788299143753415177533747885728155897724568226696457304336617483727725852788429387042618620698879951399592062917655508126940633"
"-139/50","0.269295807810129537348011745329218006354930783142958303652646102526131958893931732261450853535868942048186549952732954677138269884893300620649314450230867133445509550090119317396916334289468130361723396278557726287442518918372559256447841709864186308298180723350868468378355313557497111413992763339470602615549412935620700212531553259737582960597800507506718779174938292669968763522314891523972817558269924012512246340663700336132147109923891575107581270576256260410878611309558879046851708124689689660301944151358987696703986491644675504370944756539449748638079981180611964214616127"
"-277/100","0.274220683185534573297647202057303260144754610395265464269626132395512135699768215390216083332387538248547099025787583245121245405772834717224816144598351377652237730861168906753983398129193799985662643707932423001567161342732007254370876075751193478879718884433979579329731465364791634918834014739789620447907287905978098279469370540587782987827507423475155965355213550713806038320732985133732671883443643573612457612359286500544608525594214541433838681220152322643569780677838115993778054494939053726536336254609510884816619746326899493733186352665379806178117742788416801112440837"
"-69/25","0.2790912471043210581006521403130891233028996995659177848629923015522766455768331770265991655875938193739394778845078257759479730090092612181592619757299873150277686974125574974082233287767517057714454804481225638340703594670440179368643443086083518738523450040673539951196347416504218089503462320531060264051827468729626589806792428696514144469564791690090349943084460985999262616340401250230481189647558958482116546980798817945760100409263672828915242960899080713113087669783194202919410126259540715419135208605807169258314456271826657434568034991475210193468590018334152288638838797"
"-11/4","0.2839052166495140275877796098515842651204352714293222432888284027534684744029524579851585867489529049421346714485496134894290948890549381084436509081034550790119061697807803939185421034498556040408820919127443930292030368238392918956024138548580308426651470672603737383474200769374738480675671088603373865528928376695861734100823388740375143984588412362733073945631287662239788764692742604243235650219536239006391169571054979364850878887973558385618421312277911707234522497520956783954133883805106542306191708000954165250162284932405034162736941300017595486434161750062816944703829366"
"-137/50","0.2886602925850911088983836780543110025406809658067840010815709203110430858131494755937265175213578712676532015272981913779878516955613358320666339338899314598240943665849555605890389230222200793293712955765254748487489651767669920645494709396234840151255062594311765947827045857236993197682115540806818828670410626553189558126336351642214798868241055898638489339101415571463240156625328013130927594699932222318931337747097756869667351839504009366520620060609662424386289842943733095096653834040000706012901473199499902893182866267385107157278280312166676793069668756452572118346314704"
"-273/100","0.293354160092440647765363715504023030512837527373131557989194080805302047343794024191443684226240377718199795820062459543811320034864677231154498008881120715258791346453336211657174529540426714849839564382141335588124077783773359237450261351174454955313215147686782767670217127804260987355414674490176284366168637922090421154717959488875834308001951640903854489569409385992198092862247376082947169517141054565298021796496362064351917486052649605290509072048446846557942661231906730638557245924586925765956946857386137959017377636914728651303741032021115616275078344042444028826549885"
"-68/25","0.2979844895433656601288889552876809830930631666891114062378382555321768681296325237639376917256276944480098850365769325337908683151950411301730231547290570188389776684756918585579407695618252166234860992483949079901358689436612633624482688112965972912747150416966259283442512716827195508416024374244010851603632624052928559856954141067871132186376898086229015571656754885016317883530214967300121032233955943843799840058322213923854146235002252213973709688452632484600504714728496643421499078615392818777697167150759676423580072275887648111637085724162503073555923581958058447659761094"
"-271/100","0.3025489373096758779774318189675269087837494476427446521083082207811386308801139157108328081439871929385749567909173285923913701027145704582845458662933845976554487186676603525061992166869538131004872387367704973111516381270936137733911665400768430426925853001428218753480884603632469065946580280177001749204156736298408358052004798712900365264475743561182037548819267422640539131871652440019323794813616593430832226072890812791001734313151063221874718943585904095324367984607365297436069837068995202157478080484544684554160597923038465193678342254675910547465395000185456789213088614"
"-27/10","0.3070451466093367905827533330338127194142348012003577626624971980444639850981506777793599540985699646277858876489665287932088325791037797511442718967655987260876165764237467173620076476759376123484913436990825727022805134961814654304371577726188207943598212699675329876035582710805366114538463427506800634018416274358118304975781636192025222052853052218968798372011741000679358957197145591120937770576838567960744396895878727598222182420779631402685076636588214285773321874721461157436640523795063971586592068129264263973605866260717633590286551409724364478042716029428838849319113137"
"-269/100","0.3114707483890677870191999047762538923368773325201379075781720809707172094226702596469518013952942414937603012857628844213894678618843914496768239144471247925240524874689482003031995718037354070645736600338767425319608727451601732622755544044941686262562973927989112495893003089658574686451618855383778976768682416588715865861204526483585364803977008870023380077857167959123836028678326866044592845182479974373264560810546317988368388849758003811632472632631539939037981472422577368869111459522912777351242208442362045153487272142118350249474040584433032125626397599471262942942473062"
"-67/25","0.3158233622432015772924697107750595960901294498259978019689906036889762190236020552318058012040469903035409815631319731122664376455170545192579334273511674289230729186469182162538378376667433091482234171940060142729972368010993154342937208636458506974261236824524736194720763462234614902467527926539529843668257072070121126791999854460877455878878926689298740027568498233378551930397502329586484589751211497785415334750855491765177791389062699391455321681368904376727958285898296373626580018196755628351510164682354913371740911109700165704101761430766016519684396536054935334508921123"
"-267/100","0.3201005973685342999061564348225010335509673770969114145316326337754709807460972469407988728413540684266072450128454501868230101251435695744495373576417824966936686366328767878424718772644270683507473002214482314199093850974133861677329322630495191936176764302413435759471998471338777217506754570957196731915068860031979572439368068782281196116344421327926236675585262111166418318675836150663886408387350573571803202976186544033836718053323903881206876206198469936348802558941430997161170263814025406804789722847849139230049557947962659316399139438055768398921691835820036241948299532"
"-133/50","0.3243000535548104090199197459672242635714310534365619542823836212137958553420232851290693140344029854309029722257602403499838645817245004775603498289324706136567182912382611567711455091675679616734028962641162985961541057739673316083456106300530656823910129368019576155356172871627459624925516679889145025183758095564122986342046182884885372366505112250733130160467578748574708873049648928653727529313802044228189786021276032255741126794211088957149010245989019363442211538877131934531122894468437224961552933424289209506786954257126897862100341419110754635922926585681420881926533849"
"-53/20","0.3284193222103988769876710380870747203792024757924806569350155736421849038881432774607319220799399810295552582840908171124411670746907740864009441990353939993953149344413609461192802865543561192821641439016296444360652376367847835205941332492077313732817920521928772482530240424096073476102307221603868834095112362311003863902140950019643674332266278413360465893844035419587297484492109308777715269682982184995521754836221693503688256386920285052980246774500022120842676054896354639388016688329369585746252086184367858582457108431718972092954537160849391990675404728225190173064380449"
"-66/25","0.3324559874226277597837006635684675971139911881076057001413727954975989705454696014581955597563223266585299990318344346207116218874007749098423112560622689091955699085256938454668772650676295245229535461992941382408303383243392933856654269049787688074461564925787819492869120416640879333119288901957859910938406815629897860728733726631146777243811885219995625306399470556846854828441070596186337999635085468024003165707775445943212088514231383881797243617841799111000103382999591214696698418751200750112039639651573916105797219883858928146787155945836372253009919148566614426427539943"
"-263/100","0.3364076270521530766096273423910161135588897437387760493796879407130465188312789147850536851033895258035653768070887813557681072572675614108260982710349907507833582401066276996161010489633569347658588261899803648944587933025381237858628883697434269682760233947391459020358334232517567971113558903434789306664756332065495119244052991015901189668805679361216645851183061016552024743162832710023629929404231228353518296242347345989228578808887039171596835639869830965103165925270179388273621051425936590726629445701313452747776192457615356041316932517222836446850049034800499905259298507"
"-131/50","0.3402718138606455863882209656029573034070255346323724304596359132588631218112515329437518775122230291069770880835168301875095679439965075045608750469139659466488077510205007198648656543509293803398681736645115859068209700105213093402772113218752817420541006381912597096073623871815912059333764913270177472695455146013706972635083920832187904277670837027153996226961145762625621293234083871163273567675802290321586669139274277072116003991370607195716668817616491604894126956881591958520258411657604293735017839873286370004166029115129463226167843095559913985419866472871970588173147304"
"-261/100","0.3440461166709857519579830950489390785117448140422134894743986200649839519989906143520380473465469763074925512183136659551728183904023931886992012761962722741742829194449847310639986540447775305302194114772658288485819657840259293933690658200160675988612398969302527722350653303926178244835664818512413079762380663242399578945655372443767572874030174408102202895213222970494066606951839717096218163835717614816496198569557724275183146461368144925278358584248252607695657995617248147372318950159648117568438532591057797731642229363472859385790463601310421245189995241539116447819652708"
"-13/5","0.3477281015590633306815019207190013611810401794282653035792180315360195061889552789737650252152263291592646568667693874854744763436577930343737303135926263310789850040182392487473490685229936701327838689915246887855235985627119410010236280708706451859158860055308448829181951120740705789152817769424314478915389896788728338792769157541956904232005701226736335670803006406433938873566580605522780198195425062650712613002050502312787775251345212553524847329702892425128617807309188293378698413763866327233929317529683421843566564426566953692756023552997906530596421818120833711294342344"
"-259/100","0.3513153330761839951778157991613608943481671149764353602269852186817915954176215516927259130778937113739801699916530603200670163452574082488973709264330704048183609583488554351047045070669295266835502518692520269325572101782012476086143662811241576755693408989307761624144571360329755890967640698580518117933804058165741251638330276111080015765055055119717023206890765799900557845428060174494574071395339827968887907087809207975001702205256925253071616666696180776472111381863768960824905353550517048907275973595299395450747858315848053993369302024200160093985363213815283280296059935"
"-129/50","0.354805375500991561372385932402244442722807966890323722130144469986529130302416786199394860014067504544189460906554590511198274075437497040254376683616843650484755884947685115669278303310320918107088761102948027078961003844885604350748066843750384247580532566949272973001439446658347033820606892745464521856685202373369478367349003221904902785028937663058282259347115802472206856004721098477518122737874477967832654177878913040847639658783901015235932619714745046052862342807483012585912251255864953661438602699161173398375376899900632269820485522799563589065829129280604928202956319"
"-257/100","0.3581957941197211880894579826323390011040065852350738425347685209343029094402510133794728567066934168079066501778955415917294237952013280233896310990431111779446010546035530417715193945954953034150997925938632316691915080908085383682103003854058076209910698472631738631129923887906829910458051781047812818629792461941841054960393644464261825919742096010341345371051857680566086211602973736720245920184091846068883721066674031952864644715381359011570060946049330895727730518439937411673257415851992860958144262455508940859697636081336573635701407908748617555079744269296244156036764906"
"-64/25","0.3614841565335067310636747237850684855522920344507757916413496014108775622889729491543538432382212765660272802722587646137251249978965971360799551506713269860382746001948403067252163164470581536858364871027011576481637825790530701998605230852952145189970720956312142902957084932270936181741893455354004555047671018061916799450003494444606594964400245834702651301990245816842630695047140485608373396136349228128463782580639378002747851229487410615055084966458820142468460799216848092762234585051129041340656247010393424470862467273032051515245935101995325471243635101488246243448548023"
"-51/20","0.3646680339913747147088191467311331244991749000647772660684124499708939121861334837090631925637247553063111425631385453557004025758073626186442971898408001281862103197304371309654004783378825134439944792087668165084730174333411103179313824266640925449342633203214185779609628153794649271044577138000926726931691864357384602816198065671490078197178662462242985914748296099404425810625602508974520370749622197690993072225232763442137143264102373416300983257025015269715651845647212142028643849141788319005155365751926260720553904806671333486036877390834826541084787722590299435202482917"
"-127/50","0.3677450027474685684409649235019418712926625850211134417034269804345694404152969788961842163020780404284456657886119348627639423816196854027845185607160211224727023581821428580093025832321501998166758828810356224979952167770406226624553030208706952344118429841318330175508961183171646168476849548481957131924455593932128372857338155139390287924215412345719804450358342337246521428436154870583066470640017307311356983575670163303742744326787496933347957848715298618727838450865949361036527004672186408274597525857515834624736255501226864292080854054522727836402183803030193832837744237"
"-253/100","0.3707126454409603116866788809373168934020031723234366483756440385336684386531612830680804780615910859651534366751947709442594462071900199108535421181856917602744536725477480673263846307550171327182939214877039570946596212520424712840616212384629137127869692908350386430207647563584803435629369100207154815701689795984243903728955740583949195035329523762282211300755726012400823233552738412401349827298526513476061965073290093072862069648600538923263752528391742260438372668481206504228496686024109940926492366441707793287001449263671765045012632915815602922684214434612727030493992847"
"-63/25","0.3735685524970232219730640010494786509221654338216500603642831129249562927269082155855468682007278695652071496147943821022229359813208330243573996469307619677992001347050426901342892090063174858110602957864804244091355980983269728352042057929897683950391316166221481068669750799081122693325096887062308883347733816266080394678804031750398133951126756263680612763231990268699723960071773570447129306631461833023935675472660085882949792402254941524449538714252003895951703740901972240514795232643550114742834943102899270660745993474528887990102045957123795510458644086269663892724936628"
"-251/100","0.3763103235471586492602135219582997312728564368506175801889315123011358277337157635618887736278382347705931523447035184915012357925512456211315159087903200961877444984317702408401561077571211133505651549271713726156650305462960431332049838803099296052154358377928285022912545709024404792706178243752932104016873954822414624457890991174264600162305541483290025647875567856159921585321900757480802940191266367824482257775636670245661495902384500668155392624586503151440256713832415595873110799724176153090656663983718435440533577964717816241108630597922334183824614757109251492118384337"
"-5/2","0.3789355688670935171708232368734384339040289277692576134920472364311039124095890674296653514133494036790466544131675045260408049090499259129994780820833648671638015236582250095784775695280644842138640919379039054142839175358701670299802222990239996389594034133379763487692258246376685772237052527002427969864089135262732427500754809297256541323233183841436123544805052671439165822172777755297322421797706535334146683714034834941230121783344404643720940748785768893400719318607768178100153463636008218502294579127178408430812402467808881052726395473888998444513418367373995736565526921"
"-249/100","0.381441910830392650911133925644603692784572346388427208811911175480746735128194771336374088328251499178743671984371287300896007726629905854180133420211490248860671346166463977883752918989518372412291641923804407814339799925889941088397686100703536481554200351955012551662919697032577135059626985800652276656988995263223061927147340445783129764286179295022297438016408789526846817950313366198961986293190569240775518085748415730117279549948944132865616132924489933725053107842823766019036698624244417919351970153524516769214999967712220775791461875808871912356237752919586650600586037"
"-62/25","0.3838269853758623659393338575685761043454681318960611676920788140226434353450856131901460379575815897029156969738785359097259768166632981225717308846237793470857086086428657609090490341361940960899807390249373276765803678938175121436648604331849831428450525313890473141606587193003848103772750855597774743627108178170586280715389954231529782551190796694846298316415706054220319344411724286945504275172689476952148832712175943433145798931285626425714700459485710390784784701773466145196091458726209440708658510580137002503528301854139994272802263021128092681426043072638046869640904109"
"-247/100","0.3860884434867592126225705527561919347328262303697153051545652571028541198350570773929919841618085929172115475621647377324588262611841493299956427591246547325092781436983143945799199724100262923278130677975204037102273027031633097554466819100915279479689665681248001587114859449399004128408450006919876465688515942197633975686689011674642957583264913802219581327768664823052506366162638021750283263921451000427150710223573535458842051055117754321509967261180863417448151256757021921672830588585133403863906442395720641074611009676207870710932553118499194152343771662309081065598605186"
"-123/50","0.3882239526797608680119244086243791329607697699713023209916470480632635080933800751012452004499188847448747388870108613915990128368903380348680844869984845406624110396392785063401662208247260979074999141403136057669607314850574210974990117839759482125200239229860872587803083746897454924206241067124996735923142889017222880899056140131681283391090597806407042847921423633458110747244636471115762975782180416620479118526156585757053785420728319461193819428509368915351619738933858653305813755936446321380296958030811896007484908849319223102541722964911992799762184684872698695376396021"
"-49/20","0.3902311985016053577835432788286849758682145396691648125443846130926811161672975913627161115719719862865427588846679998116349863402555141255569454436815026986153178413152608719051193396047749975730345664314823949468034195947854316767191222212203661051314592390852951345417274415009559748452189150554678864888609962118338674918465327766170187554970023416492309533861786771638602936551896252482961369298502865065868562473737150107817749405374970761745751724760026869890934012119646091098721524517546406381408055900504240690494354284809157443045030912115399454831079075985006655381359449"
"-61/25","0.3921078860312605317142254266704070699475876363893237722633524733644695214502444731826220702074878433262842963531421914621364786222850512182766407243653320877691510521333107591829236117036836347949103840049605447959288227276667630887858717511729315623339144870788464634325419740624712185252594951422202650705783809734430035638103709525774912072944491869145083292554937775552582160441005227957848841477804533142198493858542242847057954846502264566249962871064830366901212700412332922949748384848262696234006036296048117404376670726357939081863487608833609780897705201304705138593005097"
"-243/100","0.3938517413854484456361659288067863907135048117657732136280697895134354891871124792594856472851464761194907182773375280455730114653028741130763475592243015358594033321691274674580975163289985219240000052066711984445437462800742257212736608235658224503789405673741310161793295610694588549936152799795158713243660099022331866575399089121757946519848825806094472396889947994809459813845009576775528788530135078926875712638201612185098511122854348387114146491096293301923244514119930508893640960951141810057888867761458717464278360454388927957322349800497753803379996199435000584807340174"
"-121/50","0.3954605132253194483931304631924310092191499988339735848465543165651121464191402819404306904346009318728881381055331509004883988295097551578075270243468499367109235440908070033015828437718573779423971342128193529781774817257989755020532014162025486101805241190869559159505776491476955402361929443578940016708684708962071359370800016966590106931507911776863935153841821447022736927967923994931186945845467590534338339350697281858999709839826316690717061312488381934613438426715475032176968116230928606138925565776316087971743897300348091489266334029862616524973450807058667147163831038"
"-241/100","0.3969319742620487439214529492156883721570672694975818099854892930107802615013958489088092853407707506773890479586578334575401784214780462088028455684791710441136163639055852702904255917256716339123054585495026388387901967228040068198167887472969227471385972608062369852007974570072802100901125350472796207941714246012560293485759590573590014512703143179766872427176885128116516573902119783076038699376546673810410644110265657702472532093394735949170863467493361200125447408202373266595712889378866716597041224771929570330189355909213027682960883362407004411781428673210544602084726225"
"-12/5","0.3982639227591143868945182605149912788223307823947685308843340514778052586503149597116781857402641673744581058139480317063734042412707691337570258472505086124880489525490031834445601878785017684436995324069510571530917355585962953677310252829715787330766105905841484978888694407718720662011897119217422771064335353788847552814622436793624324605437430649078176091519357654757440470164735025329993845848982846336733518514106159789019070857834855646279172175027002323795912200176526054294018714910695395365161054758791084635302726857906004440454371631229934520635542508152308757967227298"
"-239/100","0.3994541840290104441703321191013107992208922261263462240971280522966945311164592508746675439817869732779135851993808634420827761339192098959457474878901363684277905521067814289200248803563897147608528584968794363482493760113603260680171126534410185940569633101759400180015056711340665794187583319796433041704441892281169656531147110376471321855224806710174398683974282760675831130279178070185917853710172387623290981276762702374946823969090422042502383065772221370783155796813796030412972350783406658500777177815892051883104227584259578146025443460952826076570830170684623103930921008"
"-119/50","0.4005006119221527578767988203567165422770770287889338014436591070410017556233066165345955754403207763104643239454576014293432781095000240683279161048928373410724727904852573283363718036049234175871421493360975673919967197195232975168472598244831487577983417113596990090390321598558299328680590905714258914659535698278707342656824870162237073088701197680187321700340676520111087827585088349176811874675510736615604189464912816338112175341015658052869329076219430596602659033697738408331909310207059239180779196974246572582983590579164760509062061064689451715223091548865481587066745093"
"-237/100","0.4014010903057476967231422997938046321998675202139234427971731267503529191313998869613638634188676275939100833045112544966103202081332749128862564303816342198051672452774166848934253756869010935646955762798072498952790039158027192111881944186339890233595424939957610828056022155228110864587947842342327720106239739688329470412020418440626654324446008632010458177083540339877629681516747417910116499372393329105538212606936784846833618060859291776004730879605970437557174684634560656635779050078141546853381166474902301085227062519948944490721139249109575789718707667958551261923228925"
"-59/25","0.4021535345304167680632749221011122910006161803617424706235501068472775356837271253030355717786113760722616513516727726043530737403029455462884305781213786951276722818416749648220109925885987008963541217310990289068672133047188709708335697039579169419343654181356879437781715573974541332124354498940516968506975507829358552461635726732149122310226609741497347793186874995128760964990506589192355099747174311098035932242983400838252515000783307308980878980036283580127253664629431284987206502777785896291731398308037521099405401681969012401769933263571790048882840772103127628690968421"
"-47/20","0.4027558928824022407511206254975224111236976362046140539937999389975078406228316715685899032216055474766142760589588812428322034420654288031466474252053356880897107893316880256123114350722073977357990531752809803119339338946424980438475483074135595574233261949611772143279703667131129288521790528662081300126516937053324149202361808792860092227665540173632455710496978985591559339262046315217616379425958813181041882134338240106763481594244146454888831149245195264762955273295483377900418588963473948511822335578177621901348744754007123491367342176018656221169447247637039788598699547"
"-117/50","0.4032061480192212205141148239325166603507259206971703548401336362636360074124946848525960403267187940934835414430886693684843989087199101147941415835005890875745602021118671950845996135431532194614772781854410410846602288831811745608864871080355913861435608268017892340305426399447492119550140686430609645165096549433286329277935707206447857069840205369656944127817636103625721416791226147767887570339410887723765639761492659886386271320091146804461965349332121797382944066386888746502675007095121719305017577240567671806640520519059683793316775409489381980832146589565842851883178744"
"-233/100","0.4035023183866881122042596469666542547185562046117785299960656975445800965064791961283615916547216553686063136585920925606772545571531473035915352542578245193850434059572961433369249288536108186285091146041555599776376189502855055131766352501112288641342108564675242341943213473929500664753281002631182170383440011229289561879495039872682103620180088552920838223344544286796945661943899681311029803132077538855098563830206393331688307782168254436435686685740380555467089526693161448939846273279715843120606312875757883036437449817881470520211207815642104382309418583732835826882404423"
"-58/25","0.4036424596152882459619971477917637573844193576053609065265523864904450854949040939354602249938606741145878326605355222627542203553260262023783066917245939417835459769198551734729448380551622410186078854252218159471288978552016042702555073013613912333267514512596720547356968510201111678137958807170884785839998905589804955569577666724958433523807984350513652542028497280273352052851643457501121229223932159832387462880959682442921403145033362006940106331146326798734899498521080212853316463140381329975026022092740190294270808172437316014118095410548426703523254379411652723250711009"
"-231/100","0.4036246658939587467856330012567342791257722361243545888544111276170551147977624133612333372137643103765007233359544013568334343552799216766554833054597451306358451395825114444396698427861100763873862579537611969952592158836064708345610876690694972474506712277637016441856277321360523580680163156285059206711732841940140642698760380932402232148822187217623964525893297989030528382569620160118289000371576514705290116296133809477248339674370734844132733742981116871003131453921662875515620436451568837905756632162310184987215610708869502747981913150113624329834113825781804861524578574"
"-23/10","0.403447071319416558139991797845517398130494114762516270775617153049426933837201810960144460380351467850246625486963870773141185146636034717236824425540448154750791731140079818131724854743181481288591277643203990690157995207833206801477064911480002808987283257971411459918512450095193080209952360483100630528619521610362236857728875941790393063656188379552467940579847348724547683261887708130698869689670998219731891261280606880653781072352821362571200478436008781939040261610398924086350909640291292628278973761812043619718036557405538153284813761035518929327607006476056101805178214"
"-229/100","0.4031078512192679168603600707409324875862357719883438648091188567600096356071880209596674813593461104673549503002705678921346512324425944929427923888823164208878166436835735516523871387515380078483201169742797074482966780273288290890176803186359736405108094708144086164916331312940449496117888795256254776721035483573901296632179312293453747288746146725023290715220730914302720610290346805988212155451625436404948043370616977278990205049601964890922400327549130889527007190514474417083772465058223774426194943189041919777257472988978664527855567585298906374092560607688326514254201586"
"-57/25","0.402605223447238502365424713662802693719214434948731719715807499749995548833031709827430791800576762441343168482132143439287825835174399550167973787751601766917341228099353679424351697137945585360836926583688225555878403440144172712736120860956022541168785435370617753703611872033519442964393890756632325591898823032023293649891125757307215391668554219093864529742879586547255946753846566810881106498357588823382157209111361024701508710352047933963210246098428775150202524545746502237147955209609177242867732368332141686042408203121468928881738479106046674336805275656959598547825304"
"-227/100","0.40193744964897888779435978906151912716827963167725318366953453400831906626954498934516422681806030519491232422033842715536223149178684457220164905652141840310386821893970972687323312192288658393318171706123936824497830236887907868276489111087406399926423589623163608875510065895221168635525256021099115462358333759840455718239195205533183451926097464515332543488151267342844197135054358729763264778177004141113211681267846455827154407738127683318169504992908758295590505171096516356425313367267609294711505300117451415811815210176511983794421190281071368748464004537182572995033282"
"-113/50","0.4011028364970256993396040099345666066169860975108929581035332277229164489361947624886447549353075255643722098150165844821455552023619086154682390802581093465811117635477622559022422204541632168627546129296681738979988586966481162791482399327743071004902390872196851452318743741210972763203824006907825045941814748567999801529927537120294568051139988194921443587379038331742896325766939459155712755016714871348223265300418401547746235478987706257232296936183775781384278806760723118574200123262513716710552394664947013861336361053222031190847644199480039593835214772406600145228710786"
"-9/4","0.4000997368936348931775357460331104540395289395772694135218541890840874417294182664637475868046355900425583766642223024646459486025163623060724371141937998069244309689853621382360912421664596984763844267318159099167592712077698609803347664193474290933604576342456482520213909439784595993769105521398458018566638688476824995227644470227788415667129170418767102266162514223405266513117555973504784328685191661197573949118451024419563919258288184441786738979880498912752511824409336579926699760629855836660532533686676432102555326307211068020653343344889734708882626509919076163760064646"
"-56/25","0.3989265511403495926012656074277519180638159219057763857743715174317747205844280433606874569084948538573352650129363801232433284500348783626061366815750325995402091036196915030566273327769889641322600982599137984952595571312328243509133985954342738668435875650050416423883963866638808799400928932529940949424991071978444491255150906074469294891431405494709470659845704381714552945412213530157753415164686111396560991695269859393326294602433418246471760576810776733117064157128867741812600453168625000053980690362827966640496616380604910844798759423588575777318374848120939788413048481"
"-223/100","0.397581728073320752245990388655748274078851853702153760408084322416042124375120809204453794960611612377137978288974305029121761510868995206405502877281979198010228342791699260476219594726632104132880265983380744418808406279614826475425913762007128296471444030535741884623326017663250801105962386634052157862666464476738785995882866522473935597482968715946069487826536503882570602298480746061709209018917517973933284626309777844154997523212192402106315594235130348948509887965499767331233409998694706802695327385887894261436152234745963476994302181544844502846586476543759677509752858"
"-111/50","0.3960637661635642486055439990746068157495898410054883110017680286857553791420414280469589461779308115337152548529133951366396404334825894188015331967919264637861517195420711208726692970324959906427583978194383420568055621302113946264858196248779746509691310613157731409324999452947510007556005157289161460325780217743800193256121774511202368156165690341589290762412321673018204723679634303572566127338732438386923197690745607668354089329823088562033115574238511477926314544993546227676788630748299551263255255219631045093426661170332950931052331386165068714028361324036161688947564589"
"-221/100","0.3943712145815125100125699116395694725774138016527781039159984027107836849149070128029332774351040220983949617909169454754216937936000707525664474564601732163547724425506560105832742996612326702685488095124338769381823660811039187665746949515485842277326751398472945389001833604043785872484062458199153376287021741185177817266916745434285464339091789981911527951219019160993184741361097103528600628125455708050219080263979974733446826675641690215303695222296431398805534227725224979588821847371349208324279076132423204548727847902300299515699449431814514391545557468957190041548910741"
"-11/5","0.3925026742254021262957339083218491203089033918432777702932570022216011770804982412957547688600232064749064482039622846294858344275035364259367443903034521419961238353917645029038048849694141469309278221089601026074628754043391297566410107034208129033012713548515358025341748373816409696616648460772041574657267843953481898180583393509591741414101469412802445222454309152228627518009224807029166608005139788327616877254972612432409544301888260020172781626857524715866219676517836475497251930881044259920134366214445339551268811615719646938612279055178713940425028913519182666285046945"
"-219/100","0.3904567987132306089164790799247604394596687550670661495516578524077828038214056351996386589800262859937320192726611288476994190313059252683802997984574556995066957332449043574732524727183197469370363572184626783004050982182153098655996695546299500859670212113420203377816365613570104149821305279561319192190446582104393844378045183775177917850879488124183242784356180340320400811807080874770257053515200648593680491379302538361736400559554192948208133320491705784105404386531929857201536424712336346464048314956434182444062884670727093155319135069458543163021473352543047065822029595"
"-109/50","0.3882322953382151576729666129842145305749441174619741503178264203495958004848182723961507973866753738117207332724008855656877533010105628204609064002252027124412524112887534730227573574586071912987165495090581489761769509061074686797847002733556802044413287477056960384514222739405400023899515236788314726884612902917268376244969419919537463699677579175159608081295741982188753062353025150480260491423261733785738398856970356626650601552604259604430258551595359636565245253589567598545107798754437602195488144915874858369059345471732765989622069758189931730393134458813687358619640685"
"-217/100","0.3858279259878934437066838230687271137792099768325045710601730944829634632086227464083688007622763942191149742324544943422701349447276009857731272775994029337053974903971023278567098377485390720686640170722956140901317147645920161372613576676144212380144727300111758027573903631964374691607296964208060377968972211722226399669880814528133153919619162551810856358099764740687396603697082737940983162607644420825612195126130489965215502974515265133057298731915193552487157504944552025213248855957153135015398715735706472673700036311960919139744971309137380249554631765692387227265041724"
"-54/25","0.3832425080272205188564793769794873020701279082712791390208214405018939617954709795207563146555569113518338433677837149301370260974606275219058216647423779748287555918635926808509001636666783622225636818773107659343448745474771436782066761551221590008779867247521752035804139805471561632990993472366274534539492314688730650140690633907753702839168206204939962658170972806737827852925319176243096123544229148228162172817296260835521458624689153320820397206586969011358280458943961276140414532630044594374214506561259904772100305817640731588876487809618308292302712946509628038330735433"
"-43/20","0.3804749151462364536817574635492268927881733593155941156785258417905390677209587612069982606545731436386008868610011726931838499913450348661717683205886624712707595050412003056706264062191632671470903246263552952439450078313702851211381888940031879167949880477526613397898519191788527854098930111175970244396045321434831182937580041101597031134396151506472691382814744510618860083344043647694312864680603995207640100926470740962359173746213042164399727504992578227226666808406709004030799503580175154233109446846308921159975431390614449302433809624483529267686282252070652707183906854"
"-107/50","0.3775240781731056056760986501759907888849530374423692383151472046393167499247475853837568644278080773037718714672813056707013514250939615759612319306326866358243522534669953995890839307495407161119415837274142332532623769647290388001157801627004283887436693690777060237402187888817470739125959875709518986124370244296973678384265748382117420610866700879779754683001033959259901932901861099186134944319092909169640444443573145558943723462199501833070087846111362935668716097028844714414995848242358295019696899230037677783809279660743131123572490584051035957405246192237731222737082424"
"-213/100","0.3743889858535599128345076149249663114580203499868482270757108117525520810418596877369207206453914756034159641898596898020608564721183151205563450563034391705178290096569729097710010310620616590491223782922774817750992755056268416070436965953279776696963950864152393675192137256551827405800214041352676467257580979738667763745297723941741585455408317070698087237866581286173775434156244482651956116625141777221547932190726154561063989317292376562095924995742867052140850364983833331653803159117893667563798947993339682205025825462799591298148665842420304639728792796298506285266149512"
"-53/25","0.3710686855980146591163886210757016485151883890235741025385846409356884203286636392308516678024818910723029401488780766766663137791560624937767276851857759699830562070452415404380095118764324618874287806577478530851301798709944530502750259198251672504375793329140268811499722250447420376510538295133083101116956689458400713773028832339941346517081864299357069815782851651814737106810605307218926458440073011738519796041049654589810713498753931352802827504881318148967192727249625206073106911947090610864282552019569244853650776832713257212407459644482320942696590690836633734694377267"
"-211/100","0.3675622841978651100655181920401979278918915234668015921143670964444386239194888849113400116751399530230787782250580999364629003572887277106513588010271318539603144797265581272549540785924310037714143529877363698359431691084244457424003633411142331375928881940600338225229147249040792071769385563613452999198770747038999213611105972644084990810935840866221808404138819532885035592585747637760542200894764635285249961532973761386529232516448983098881625135132610598223573354087822461505924630502493639020225591245214768005299426021239201706192950342231059130458474239147910015456478231"
"-21/10","0.3638689485127155947266023981838335944351677946665302857035400553960733405871980626939021081885252313053179811816436164805220914305560474583648291895423764531959575016119340867655508259299187696838744473099369273964058221659487658592188628534337441190792142643654730170791781332367970789903930415745919452726537126276391020368276667243202684073946594940702526736114720035529064264294454564410653086712327722137912104922285642278487052265626852300301522775142906834185895848552598120846009227408900220054670955217661463649217332696517285348755951892228858022689279838141517337238883144"
"-209/100","0.3599879061305383274234503990675159525966517104001693276511794250959025351488551502399663056624957580171240590945582732862501775641930952735356236063363367098682132415331651335321356980786941558063855372760883219231312053642811322828017472124857085405995736418556209340130453194691225222218098091140113101328895086500759461745079330005257530665210107675954138521102250152179957586326997855521457363947671696265505625258738171627328043028801675819507520282760977834395968923177815123419378456217722344937390787138270809776718349140336378012058453148324972019478079786101229404341328964"
"-52/25","0.3559184460030068258025673949944611751060421331060416877829958265276658027597684355613982634273141132853534310309852718269098696779388730692113093318356339855324756539780274821508317038010117783848864476988377639138214826208863586925184583515216057915665348144445760756179554470382636505228848750326969896137735426722782199049617669852958674326318175306635105766563130170900101013613180654297671567826766338357625693246597860250290617372797617314973896126369921019118066628746236879755750143265222256848140985900297543947671236458022150549682457381760944120022284318548054188104830977"
"-207/100","0.3516599190584974937652955757346427037708829991579172172207511972213435412600988395309704436089110863786498113623805693892753393153592362047717348525026877787163556815771334850763022336290979955982460056618194479603600463630046374801852199019755835157762198052543891980276559853022756366927012064386231711449282718043088815428276374525788462894731153471302768495986200042484066586063309451388623619083500654917827099087452698816554329143090127354101672885671635074755188138834922714433176263388300344694838903134161184318255198043306980888122917079654394187946651327220635633066429737"
"-103/50","0.3472117387955021081429617875284600758177271027645294536153332554456014276525614029242798982930565159971869501802303596731890022932535283104547388719107380497148986136002698645256594088754844212742172435432177456822530806959588770806710255108127866730485118246743112642651133858977152104394786160659081615922909844238239917794341515944078900673807312413429734405260498484081436519861864259954492372735445680327640440134782768827136986525982954752457587750594032173263478158173774325478500130823291257722724172559991510783402216317330453424114813429195078914914138192159708458135395544"
"-41/20","0.342573381859442897335169354158977196358948114853684456536912599775456724058962433209633454500466665790801924831932768365375693292833725729622272262046940249163967209545449529246620289014715755155503786119633151364798804100726892055685939924026449159618104731997607812417951336316925104694680823873847519483871317338179555116870902078089658474463814285831156709126473858048333555311147330712097010653212465052265788450270588401087710236875967900143104922843569443532670022806458407279126186948202538916457175080185587771155168415701116867307912632797402553280378222345173588317251466"
"-51/25","0.3377443886061299717937133214881749406581942641005518615128578987756015286281630138743805942168505878437628697079380909386258654083756376199846114972967917386490404620174838310680529341190970119977887828591431668508497488211267726973428452922781092813470722105321502423673214084907454741615001739399261390911915188516581099725722798337052196646978148629642982427815847028866375413227010843199643380965603256170860714113612434480994997896563419206167738136683282916570132006607011591649335801579708277292145175372108548159997365565326145142810315129148119445410596553324560178718427623"
"-203/100","0.3327243636553474373190762535768218833306461496382527796211616150995824064984833306641808727609991235998026858808977034488342304784545297235725041212482531313646776526627812201836475004210832657589392662696108869091198493013903232537041716846277272548355817485587607558744408141821935577556086352448660924351453958343346541660171253403000447736445706137761683181281020429041330727312821324122305225369908317616339824432010922370818365592095074019332421071350335983123317522621288369610661355870903821995268182259580009055064252823165390061637604695021715742511455587735100570366397302"
"-101/50","0.3275129764382990189561357134864922492554333896478219105959437213217546854135873580286881575800589131939849588134039500898915096542542764626920442660632295286086125878813274034847137431881346240797050932419017946297653374105995957807832157380447633147494700412410693873213043787653244341653253914561917629077131437847259120001175714383093458427564820900420871993424124228998284799523618200849129889246512696225958333427977818696490867268785627642510213759101719794113048083939143501560593266906388505805257083767807658523743792510126118196059671746678234325629140067090050044142551492"
"-201/100","0.3221099617428859411806670993138681983410751201995583574081050437913086436950288643707729208475751746450540331084153330403232856157981609130697727648774709420518556675613010467966833429367672245671832032579739122385314498345520854513578017791848178282166747769900220076192108374359437046548025923315363856304267797175271841506815292544493560721263385693619767721297303960299435686643095136196435788827024136108208776251920323309499888745975067103670671315646551645125695006292577420297780237591233942909474845932621358570788349080130365332728536382191028083595703288404719828597095527"
"-2","0.3165151202610287398197931227400700649737563729929707385237679384750439093140380269557588983932210539037869091710296176400584588094343154213904300408530799685744823574479928074094778606222122946483548607064215774562571200016370160023696734338774225419693425545710448225160221314904955679248330943801224341382131266200570464163971162844135817458377480455114075329126834433609054932015606787654488374433782367181231268732167731379840105982847053122640246690058479933898123091726016099775145928788702734454344104082997353559542425835229509060039572956661044960249208291205338932167797442"
"-199/100","0.3107283191424803445632605683857061992254849430194864852224712660953316268390248590215356788815100284600367532534209713020045968204004763284478951656138733235322989078804341341386636013003769706918834985594823376458963992157888945372702612410766079025943042262149596312034476019476401168459593806002150969260476817389990569854453134003573042732623363792354826328110495853860348991431156280454670503502670082609021066365030229670297694706562834482566218700860795410726583855907995627628990251322613696891185990237012717791618798993425929284164390765013735666329513897880435589934541543"
"-99/50","0.3047494925598100697726019381265329219934700045940262853690289508804478874019634059890907996909199740280474554916283743172895194086209493118217343689886441626853532196457169132090634543067935507933957490310790580256847148081031421196374564880975077962642036450668203163277531047527826025577585471636959113859764177705784311448617214257324126553661137003650344386978664225399368352482568306253263292586583553234680545122435882771907582137012376274135374603182626866759712330268108733687069312436424175688010939189484565304950382257007797165582013817425832972414810445520766403797019962"
"-197/100","0.29857864228946723534038617388402197478637762811710234783535344044224776143007576334109641499669969063539435076855974325576270958611400181216167853159624314734938598314173264969672318309449208709152212781960274409594765282155474856278494464152960053810138122744198548026061949080727114250946517162820820441182240630912721945959693917936647682548291192334054441908666576967278662301573354648298495961985548838183963399845761251228106989190251836321091086170756874351688509228974080098064046351923653155607674586215010224038994185786639274886466522408222590844321251837815410492604396"
"-49/25","0.2922158383140595021599005687764554262920294472132801687260202630637655201637878712062277866219853311068424946822253345064688215718891619643236740537395594577411582681862919540087485599453948613664668076379192002820446981721513997994665057182592766807351073808019434747260564109353011919419690982651973813330807700272357466546846218561230420999454722813176425682633428750355760183847461939647718451181700787833781995665686094272393634219623166932328627518957425643878742461905253091979426932791029483323806950605234987228028122761983699620837449869204647218775685991128761109801866152"
"-39/20","0.2856612194512056223247291436260512353696929917442535871436556796427460445280266771072854199045993114824872609761770842131465759674713933070936235364910625294616494342178384511881302486389890237948317628050313759895525316115589337212665366897242824527449673776487352723817896211328374787146791462541114742791572734225519033191807890007823813214669943730301155613113701994102877154856366730042886736368614748130498396135513252475198003160539129644807353993467078147047059723592715851295083386063342019298372011124782984356371934095659609537606888957871744215449042655617215040269013824"
"-97/50","0.278914994014546823933432577400394555364807664081916704095281740252753448111175590154954163192317733973854108149422948106099083497669431883119615778861640981840990029969263268000014166390604348976754614352555402743741200664484035748845781583697723188697172140525701862278842847318464509433478586324493721054645847015334520981445614385591098274708010434089113434547428377032643940402244157674219069558643976635483070790295627305935180543304128454593895452404257997878867428632094146938704276508098887245471646574448178045897100487426492651866968928961955884839569016681694094286832696"
"-193/100","0.2719774405127280907547673479564521564550829023580459480964888690326375176872109458965381603200105787014137746837676142717974750072024635937566157276870857003832070314503086881759720627879745638122577481169995654517274356531797844403355774736661220960525507749589714298963283299577309820936267800679853099447030484046380652120342304692132742359434068237355492814373877414733033994974279404893959608451606566841615852373802501546848454069149306533536103227172732410326784814354937823502752474057201487334878330547593211085270102770983721335341480304998971136050194500162886300381968664"
"-48/25","0.2648489083923941640158450970167232548801557269564314042288907084064550265447268481262907954402067337540355036144034543928897068559315593823146141578397651040976675706013793740043714257613494846134046947928176430545515628722637483020186257294072062513761580768102643630682640090968122741875266627074581057266980192851469796147907656610969925320455321112750607163189661269010034437940570990026426626839371790571063352074985564963172133443242789278740551315246513507816081747040247498713019925924333292646998278091686037950622629745777410594536242674023710820097455936986148555712095561"
"-191/100","0.2575298188314912175945148698012773795455890045713623140978183183370684097976907403577972193343749795627820551532091597546146444525007877670224341358294794016665481605256513341096005303392642331111958333652189139764996652650228106765317384939381857274705795208533733637142959817681988366105933226969926146971325785665489430542895324846338211948268190951477960532772466781435792360886467323041378018818927758259336233724788667492214801010104337922656941524375787108570020408758622631354688802017427060802416578149792763919094132163958408322930326370682345263082839580037189885555506834"
"-19/10","0.2500206655894328552369126752496584380675813142837596391813511634289309570474889941085940611651980549810235469279993318927924518407239100186991101633418279677089450649727975505984176196483579787148853627591059649321240367474414510070232825693161618045959177854518500023225694477984970399316045130370755183906756435717723563710552026772917646487293336277315174491028420136035507237493756369530876128691329853230424175387071781003835121723035707679786064123355726983688824189057002355061767533773248268244243297382819167625891628637360295335762648822416024110293442031680667795916528475"
"-189/100","0.2423220159209918280186320818025448358634613650270474667243151955605922310630845254330934165196235508952085256295334161168644244841273969747159213971379245245543647848917332267733445470706677959314581280594580562386660438059861112012433605098609251805007237478656926980687799442915385150351389393344355819705978822218913553420929135378202751149002545655090787817512570510958083021467686953236758866298478360736170516530764965236503210946166401180400031194044696240616799262798607870785951147556114985442141184836354677976433460214823773820572277631187812400214487368153392738048815193"
"-47/25","0.2344345115611369152822854732590488038177111005881225566298588616203257917407263984406658655799979833409471967237086966241571125212222316411242530910983896754327607011992898158684071398311369280009520087069748111144514954251758383711707128069283020514538925943100577876029867802031063944237428227013081473217126473238138012624774127794424423926091747777528422916183002702827010763197320873996724566733103057479768939947344345110124314260909515066106278163817847070319495986595216826119131666953571511419172801329162197274181186220808916254023185533245707832969677393701981198260044712"
"-187/100","0.2263588697884784046150657793780336843618033600017028381145709200776753783530790284353192152884667375967597531352100664812891063864932237947954931556510004675849729997268206351192288776634882834656133417119059392194091626097275551143942946569525228337682396059564500625620971628103401915594134604380607233377131739271262795913522497550883785400733091956767196715901344582324224778792177421723681279910125649278250657167090960985147503932098400177306536402227315778406022896531802766053981749049217860338134092109279909160215892530894920417550690412220034318004486459148128247688563954"
"-93/50","0.21809588457556247697020244169432081152511702964860795991381862697950017355708275723860643962542351517820770722323872748087317957928795682244795003652058479727798734316236115329265767487363162305559409036208877522459444684675094395778111115144331145451682473176558676438425551745445900705604679597587698776952750839441744842560056541549484209442020845058697543032549535178347413182141958006992742973776515347293160991056068668223757712910054439958138851634586528988086802947709259492597401051375526891961911042685918649922022868734172555958719595473229916273531107031831518780421177"
"-37/20","0.2096464278350373927166080796240200982634530710844246978814626423340631635450445787826795876529478886997144185835148717824174496175772260145016982007625802230155206386186942238450678605593865768660579238487195646162362776812046212614782387339480191073003523701795151837236190897903871463787052017284038634858956318184115635495552499539810709552860360266234541951343985398083498503155360200655122325570784988607889398464329186649869041759032397708154431122161941588595502785006014971897213976867777354225918370796914110555966603914887869093725990326127616300556851106796719088786417775"
"-46/25","0.2010114507718175540090504806239568500556188328411718236546779161747437010561251964015406276661322832382974744971546203934714974750731718834805920051306130043165986017350290310331903878028869349974113574913055116910362703509459919415157948356615864548615329178576263742927128097204500000137830050531090389004101273240225833646142592807898007143337242563564626610357031999657564798845196066774157345958082534006983963403660331890880896194749713079743690216925284415062402232109631362028726503239381038900622997931313706903329630574713105286949962998350277581563688836262711887358254494"
"-183/100","0.1921919853529797614411549340397734640597987270473112121244226974986147657683471036909736911756949708487270408181511475238023887369195292878346854507621311285229819182015655845274367780911717571759103882399072313100175050169822203452935811327832415562730719752948866145089072224838264741838414041435136896823120782061352313834433392304881909946825697333608668444793951943548508155595013417807203501915450103585087627247094174287630473227159433879158910133790087665319377317231224600832700691974525830479396106654877557917576369201905679167928259904558069308502373922993014604117810791"
"-91/50","0.1831891459095416559136021962164244878418215444701888361022441075180224628834104919331676773491202970658643745616229580410606577033157562393366841848620237379770848985474601052328303419241789458813057617951064320393306402507917425924015998948963332751428467263043840120742271343496991755507053848461722116556159535769954715880990978320806574133711570849659383870791954041191535830449449969861954018146825656807629633664997343726837917180589167705254453522552087157509440374602302124792837982597230273872209194446588192612964222284105862878185762220257462393443520367601838469733752129"
"-181/100","0.174004130888002508094233233753231677574248093094678600022838072346381779736136524419903100389629762173966992352708664111640936423789331908766770715357281014511884328805870334019310746730606707817681067437436837353653146249347597061096662780842625356954631489437441165898481788994881212569112822171202011800263689517102693182867340718464485517472528195055909643437503568297675642356551304921373776301807611823804429579276371118995564691270890410650366682028347138901052771666351812604301575203019461452050021398830681670593280174920665643609756645543553199795152011973138351218101334"
"-9/5","0.164638224775443514319168576110142775305403446923792449332572787580460928088796327401803340247437087181066165973307299970930231635185302010085851165935705261495217572575646728509435823863933571191380337345804888425195282103439693184862032023701317629237364953942554925191151597085023581883343155365741854805431208117488280046791908429817700129351950847481069500115119433103382262814451321751182995342517107097842316568259007439881851455060436375774820846990170465888784669928679175026928534534633401293484890206703132510078310143958350177614183703804314821409609075790309268185178854"
"-179/100","0.1550928002316326687030011425946490671209329165141145295526292911706067655862497745479667173541900337740331638858951232767975390695572671462516659865300497794584554650681240588284641607569463122518058905986460597360872671217611300698153116937047842853185540561144879628810080958135062353082950918877654018399441907014116846144778430259338955617229476484589785429934354608616232375405686214002949016052972494325873975730309094426248715521338135151346041081747654832504837886165261319988260334331423123433459143069935709018852162998421613198114763760690570338961908331371495530031470809"
"-89/50","0.145369320477780015167655406331473392521845584732967044465149558218769090015205937317546358016383866895313378477305424180393880758182428778276023545120061665875792154329402772891529209241619311750535187645857947180333898453807353150398370414456291487099212899772028619890746735781940405644253329183913630307128975545123317796500436720149313400280852041822221321171324673959132686808657669192685826703563674671657874886569259231767635927359962450801674950087449477669332367489953875190669804695030439999665662587577672603229205624169618937993281777634750065201520230540285228048213558"
"-177/100","0.1354693420196888727268635021466495664150742085425598535138288858301474764426027248463090387169523338350842700254591839933678696080841439850530457143466397673549215980983620941740068690736157903594507279870818053725981868871380294533847503426152010696729414865457528653668520990176982936163058520572125681397464364071844246955683896931328905058283228220904376397438509288975088850210743040002563925190898228082849471457994608040033221659703731811185630929016418589597693972451214147304070886203312093195978182725022724563931999015227313291615750191368161526325525919161722701631874009"
"-44/25","0.1253945178335983084582160406155368399753886619373994244961707425895081181966291406544248401743002809962436115736412420959459622018708714315786285308030374481228439584462601053471388869692420359500941172848001504419244743453501987152119642088197841097390939217577514552691500487566364413630389797180841221554545167081165428649634046194608913165120244413954987696032151459183926546242251922794457723519595718400711215820532942136842032007639310114654628174374841480888617097294481884193359983176973205028638922262977443794793337155082922222736507464607057672279901079229390020127409179"
"-7/4","0.1151466012378295877791957941556265542514167853933479367266204372376915900121795149682982174645174491340064969222117508692484916621159790118666251643727752327964463518994685469871912914280237858042798819015524956757983360543095172447192428223484526600744253460270044407130517203986878321866704613076600757382842443371679285707554700426114254005947195917126631139975253300141871757976620480372089393675191859113623889295798857241186586266026712932474948612117642948310590011814403073051117049609089968001206509873951671287581719318373101667667867445058510706030585711738795752526442802"
"-87/50","0.1047274508600542135506301908673239717915006911826410166404256177199431246478691136896750548072324144162301614897009186055161410629762247124336063975913087764603169985090198661553279764035261457037046643749864886561038375258707002266351690558045454530836025513786051716075793809886267577344965448594080159215402925539005721360814502944339228363766014932733844762883865423077356328380152350046429115019391325352020383024591574462976342096380009897474164260224426579520197009472551015240189873211732295002788543105437403879067351346424654893163574431467992110711715451960282708668936766"
"-173/100","0.0941390374993080718236699684914989887644257402665191314521080050669656766390504320909237347409859123146180260701234311337849713772634980444497614496530450063433717576885767433852692813994311736155662792745070084500078356164246526451990609356776327786587838254033992147614595967671777325670853811024455151979565972445410654984877219468445723520684979727453158074149060075298539274007157853193405783270452145900851467728901834879555026012011554221649593630451493919991540433040825055734129326021447328078936742827231152797881215004448440164830003995923310449018936331706438202016623516"
"-43/25","0.0833834545512761389577109949269668277186333431842582960791351778532289825032320955706072023453027407884848149053581052180705063826486898886258003667151911075959915516178432583606826447399365049412639526314968349199122965744946157152517704051365589788486442847126551703544001526343854300790486392227919634750542609874697450976141856020702166740216907030785994387881170345644120831654167468679814565364129106157381580192074154439855380749845767002964982583274193916000478495994103172958746680645008596258810607626843902601730802110056592365339913526244548805672651205698984019942418897"
"-171/100","0.072462935776661677671438321339161560217454042091283049862768154501524954122639278623757101379446159540049519056472229586314861985396403033264354457864177327238752300335833013728264330502097834210288182338093949505812150965663563548426816559898060929201363846277845880006871101017218010564674757349913044885688373999505969904242619952053505427912639344259985166311744393811458477297784546966439496240839222573409559830924695339951297379404708991023509460983714967441991716983088078682496649154067021012259393509714851724340345450902474473226308905437892160458732126318939142133823289"
"-17/10","0.0613798898876412325976411975997933060584835277746076489551008981305845174747657309771099704782607538556817005328174759470905896569105443353039995472728536805116743308547067972596241425605730670932911988542046463076949233508348103132513931178832083857699463074481485724018282487551394898466228859245128268248649919228329410626768813872514512707605156274578012124353630949639572184143747116534044396746513926202600318650877399977068619405475543748115488119651368124699761683199554974010578433134811170148766143471236428692523703075822207339443983478257806725327291618571170288856573213"
"-169/100","0.050136979035082262671070579654380626727991792183515016101321202655331408480151296921516099053781595082119207072139775919853506744896786278127910681232088336743443817496735413350149491925513884059695922891995091286561252711034244337695025022097708147492835572449125997333684407426333230092572243338365182391696350546365911522704671249269387056032058114971040903419329170635501057045388480078365360637974886233237911105948393187610198744318901530099202635448754140268692666364249047750356770871244509544735727094283884746584721954414800834810069528974915791949770705159297539208220101"
"-42/25","0.0387373338578936498339165500186964873876054671198682296605692678842406092750508775046767823005391377375659136401988215463895674998383652678552066287150095504065093859922750297518635186809753044287611641659949906876102270942354217416738509943159657733250340950713609196840755393755012025898378818728858866926806948308382140351735285064189098828850710660852021985547358353943189791321660375892725549023811531369235963564778924844591398691934944529719108929929748163685472251502620946036602693319293016429959943085334961279032765390747878774909049332789640296060342339064435260627764887"
"-167/100","0.0271853194748414518343066480336250875059181653935601762281496161388841092651416101566445155057545889547179965632353585920830977531021970455094555489216068197393042613346164141185273024625634657687927115940089541514986441576021750921954149316676809392533647760922081296257342424605937826356418427119510508253760372266418689022312085498820630661320575196982424560891781415881827715997081488540470909858028390332949298221283475847085719157933728094014303762874845962297069797071061314525028609191834472473273280242668606101750194153658954235179243923324634421097702686568444429540969214"
"-83/50","0.0154908060917121554900333431238535706920009752068053287620155597207785613480998627824900668590766879408589915532493235307508386086205886572764180515238877931884735460498584285100221923301696791583618146268678453957879021596222969630619477926770957880117270977359787067376972839314661949266427589614875162686624962819987414676756938624592272701821554850423139741723329550726430164757529364155568165441895423749883121564010789864187212343560801341781606418912920920624107473542465509362755402219543041843567476720160255592579040678076600321938080506774681635583794158785270476662372895"
"-33/20","0.0037555894985538875865156534820910305491639352629434693192342736112119464035058206815473167269297747289670687405142905699114519474756607171382761597715229671538255249160178413354559385426918802421852874052318616458652139866770053688649167520533448857609255086571803181698366211221222898931322830462765473524778601593522914564227276431025283932910736640635269394759342475216370178531461578268471681123303299934630670462247156371253542721629605394189763083863972986375765006170293447451474633503956914164823569987193217215826427844686673216428087367068651025750996408882358962891548191"
"-41/25","0.0084897053673949820988606089076378019464300052236396677352608998710964146367071995640117193047480037857155813088378595953043774234225892044937342369861199316834997075399645756717135943110842740656951842981009411477328242362036024661603693805455101521312699614983788536736396232636868607045477839924094069961401096506386614661564921738367570629172876892928131651154167693193835505810315014077330681347990031799268594256461067982448446938093983630412154121162728741952117848849848689841871417996505090884364140831684132771348190285424479894149959569683773301038831401133596069279799455"
"-163/100","0.0205992676782486139195796185625883709628507713490941543840095942216582464367235886371360261550372034773606407915154131023303696761847487272511175523377627305145549312600312016924197786318970618735121540528425403745786515613276641121530115776626019705923720560438971975858455982366994477067608860402058002940375068046183129938303555382222823519826005205920072053073645600219728846286777912319834629169331152150743249034571104165745680826863487833897126540709677662501218564373981786238208008436492090799749088877749586120085189781834160838032094563327847415164977877775414839895218986"
"-81/50","0.032880585726274253715539553105635814480193924881803517505473244826358446151691216951351429641656421915022847031605602704505294191363786099239537598520369627188319107011095770618029169045093295975913856747292745473000995461690058072207982336553281251481345347416905232278330710047530763079231477817983027634589735836645244997900699209891184194103883518476195726287387353025797018701740437945407569590709682642797893265518442266757965254927605018671057551432122037412032669485490864029330039177588395557208139038295774645388189803842464487911679822420010860610469887040502070387460445"
"-161/100","0.0453048889644007442470470163442918756512793109351876089399886976650876575554369449297669952792246884478583977241183306889815111655435334342368486802300307845877753833979034751076861645895298880170005217568696816027714471706124206204805195785509401035192629670605983481449646370995314612703516982020514535631413922429294977794674134126586908677531152038704801361940467951782919078439926819050607794343960400118000513140978126522584815853812380096153311711848719770127958961543072843279119216188318222476972234811102514892444885412071910206516241812714593611116196229472423848227414093"
"-8/5","0.0578647962070779132962858069890309313488381328888222855920658273755627174287044864112620600850622794047599358479131983126947773030618315594856423726890619256237420541472810738386890512441769349823414907807886966175615931196849293794848684747567111536109520931872907696667949331981413617664853612286557159023507372992014936603555355437482331690135102025651145250827720501311499243153300705405165281984053272220062872117646555135185838482270164889980675257234210217992966815380049132464848990883638928817799665220212330757061019210967612611595133083729500657917425035828694223265349633"
"-159/100","0.0705554339919559693623952363908316478128908577197512827071353941883502082765124263639296840864822654529228610814816139658689451337220586377199108467149335757368917611479529384192056309575368281895317193977328319908466313037667502551035347171223942630217697481360015748682540277424683017698932337780479847494088136988700976007918895560781482195456598324225201024722292336208088293460584581094689743468822792677827966780433170345452391843986534089080291496953312034598374784595478379349942109018413555845394259322788481191597096555328734358873457928898023514299718711741051181085784553"
"-79/50","0.0833724426735589689149114089367985869144908315204401146316281038565842617626412324779062140503384818508533969482983217254849623336254707359529238027138742185991957553223025101467230369815470513805120709268692445169098863636515477173726630760070439592675401295466804943752916673142498473508970031289525739954424189353426430851021173574864269299355636614635369385165969462564194603620427978060965814716888635638178958486544685098949765847645830372759842133956914098161786179484414241660075654508605029536015762217198093528751269932853353359596137252709949474423627709879060844041664955"
"-157/100","0.096311531020961798442487992317187088469840785653470678262413807561149622629261230470682738744541272142045279920379358543232112618363260007383265382307709011283985097283887379589949236985807176230887558540160742232302598344405592764284036853656751266127821904341694679505700010470106821965614061594326196489619734235085832584617275607527852635832469296402147441549656734948453776705664589767466362868913809855776132321122955462973225709268502729059346072019520238130480016172429480736200579129421853338716053141072910335105986180886617260854497309065665411481902654095006550244275696"
"-39/25","0.1093683338251348187021010857907505494100599839295229210882126190952742878583205231310566341202432676381730575103352190847607136526631469726076946142366341148728327874299163886861887124664466539468921611508389221966449873499505100675009811101193374101504211348894324575316527953134771006375954880220507900225520556607487193401112179040147057572523929705678717895498885067012755143686161187124717920952803485817286884390380804353223038281591901773312911143320660098622530194254322412543654184406083588356329633311238434234235744274827038130088345735718053074811788313861635725065818746"
"-31/20","0.1225383537966448098138171677853320215964588972678228297613620917797676542281415881807593372437773395409695075602063464916825901505937616602338915054660607168789047629134267433538981343862395772871449072930360169877440115315025653792873646330294108286551709061413417482569334369201110094700045117290262466600759517020667237086784280963492202785849822840583981740929324623287553379203938779483179148265260491696294361187904500089946398530394085604940474767670268289490777405615251423282957469425218726006992094148641594640202337123960980434198676262291701309836219716414557602014164475"
"-77/50","0.1358169325209544747099375227943778587558155513288041711403574158504580655365542194034920515503399348007014994041983314267297468927621734647232770923480176782073624647532288169191020705017405286934281791821434528263280164141607874316296033180791896953976426979140879645543496425350753087277602464095205656403079582747284065873501067214918445111070398793788523988495721711406987865901746457687699479386309819143938957483616120676711175793128562939351607619404630484805964240281903997252545498447087389290527205566731760666564225641178876697199029375248779656311941150871590595100397717"
"-153/100","0.1491992330027351085192217329344319003873770927706808831995086530276815950646599050954888343842550011894432896960363213103403477899184590784246722202564424373081360740428269986855242503276282052686651193537268630367755564787449708012195363760714946556147957780049300608336676661561637754983740889180303164610364906067567638378228070220619125537248661868121398904165241792740791870057490749850105043306513555771403793576124470664162341541867314910930544758256259254871361391503321783858136149684817750133513966560617716018885437307543529366712594865071400683559922461433591359082986699"
"-38/25","0.1626802273393367927381871641796823765607306825399380476521666387916431305667701053415121293134421312011546524385878252393226554762442256807922829130882167385551091892863114653805198067360793915357171532403091019925506232425166360419401722710730693382622245396724001559421597763592452039033547927463268847244836572957093933155726299746862450874532061999145129654556964810134685133398951033437988464346494863447369571095344206692957000952741016118194144694011283051296430423798197979239517636833671348313627208610337615708541105477166908327479530939254460727915804420615004929372944038"
"-151/100","0.1762546868423456464212774660908488003614268789891446924141784020883778356337483933857077079818945956579091975383663471501146392094626239276856768075961215355029161364860076482838856422705472993494170111740408083382911150479580659043776621947034100097929131372152488724957355341530049572860768911208317841288315499065213486268069583282454490085534939339904166221104352556754998696574274793814882529543338066862472867346090595103829994719323402822766962316247665772699503928100582384836977549777526211531228805933438380261383487777573956552311700681521545277883997226630933269666253988"
"-3/2","0.1899171733925508670466582362452613622847978399933176375645622244037365608490455099709386889192414930704787170111886425864886793573406037279968175876733187318884823593034245569429044965781001862862157322589682282536739666891290571702545015470170730117224547991737850764158820664971887442208090965155595011358582704443031360962622797234637490893438502710440393364354632640875952357426381186300822819590866771149838820170485464461187420558321840308297745880584229476748270666771705188303666648753782199190950178118204345762433914988991405094435507976047006821493831619245905320624811352"
"-149/100","0.2036620314403372724251163690337766009192303058571620027587675912472485485935460922749826887166137238484385020921567965153321040916753143766837190906055873392006615192161771620210699519215025448681309082098420848750439002261355938518914715797182420719247913759730807484339048541934045816839848220010111553063707726400709018360178234703009096317914180521846076576910448831180323259715105563940757210542298430830044994622851869810479285144622224298566932967620176536395457600558933820743033653550592228273463500549785951114934817293471395104665820441950925036956030646499189446348341776"
"-37/25","0.2174833803532939057337269905820451395282807336028827504474345717746588170606498076607564238961417600012648189619294694053103887684539490265834441280906825783160926774970478164101615456669338085831222899371394168533204846986993877375290593697373358339714775100722620999232227496509137439650252950829564751413128386631729414120799280163452294036877404672166510862267882932144422568568812469806965839546546754303058532970459491520141832850194354783982739217422331191622760360947002208022808561040130913974494004188948164841986997286685836978084769457732941070180104549511082010315199483"
"-147/100","0.2313751069560364297732913036346685814537064777840405860887438342258656724408295683513627410832361370790862800874079886789973248953101335146866307485148697267528205988724972324832297168184895061404386491588585578193143692106127000702684891026407157748939016058880153241024282072407283755339740781432420190799804308831980628046138343762643354427910099213804178375793083854747278457456824659810197285609337769757868855488793014360590272917907407302007598727349564739140337779584309529803373256266698690116445831736842069697527348657734051195306298260544201829326107708584993715066901419"
"-73/50","0.2453308581822671983376205816536417976710983779883807775755577142112184128265369155264156969172934200130774351545463140709001690556550220651418141071460617194823930483194458980823306711368292071458132645664080274485561013102814943838438584475268080428675061675807489197007051211106753571681314808361005145409035855241662827836403982446158034379848875671430637996336313440726465404312429788446245162834128575190118315942900299487786366672950768920697437119782116302380083871960655384307764056159642112064044262472838000323767051386280513572354052334372157720692293317334550969971547647"
"-29/20","0.2593440338005591408012803798682491784376773432168490639002960993466251648242345345840448805441580837640797072614361881239016976413544543207191156174065523359612282825547203581274343272689778033058007143690900999543185231975598178483845138308049722431297867479385518433614756297898949448734525827512675873063059448274232879229710594629952519588197231300060537981948414341407661159221094086869471129779749428924955924218865456399624395097279468672049820379504806291411584549673235534231348409317659360226690079414959403687887330261636204595491005732384692500209054562329023561587493518"
"-36/25","0.2734077791994664010368765706857037470615509151053488920782481096969841475926524035731632462830557967834025896317042038778206961522611525278243830108418549886077216388331986589403819146704934404524785529837429704280492294385354470916954234757905362762791767249090023587936052604002766963267855649331420665527556235893004185027796874391751384219976876066877528321874078584843880034005241334918773463624186396598260714791072131740611733209385197841692655177382254268708739055007783671931802411066672886734735774590839217162411365063860227554265259051096671070784765171830476752721574681"
"-143/100","0.2875149782323288897534581869347028207846208359181334855567267583417228599200763018085207400655724199814268923985938384501972208556122890671587656774358780001792501637404928788203287110187036286377129436528408259211379066222819105989722162513151767058241724262314613610584528234632550296048782693999478434058895203476976775835796358121505164977328434180259436393234656223828446708086182102085639446533860656659864691626061375126297782474584456643101032918182516235165578889921774627076092441744017819914385843938329618055494788046186497773095353380613428395151845090341637928958392125"
"-71/50","0.3016582461316642301948972588023460146331215110370748112774387196452278210567129725325932837822468123317592147763585473134327668579516574397337100614373883273640370396856012307282580961676584048464157237944982482279915672783081970213052611164909423436007825179972671629719784454874339535376921832399245304252423164980431319056819043080008300329028988376303792095322375902119595451876366125131856176489215869789406931843358509494949028547052397668932357865687762078356873105674012042678523635983133625072772050830197245087971300972563032086118224818909384428300161481705058820697620154"
"-141/100","0.3158299225095284228202760869752501975245610847923520636716617065934536712208654393127257486958743607713952628435209451926515189700197021728970826836373271025406886662163128187892021095422210682300333687684327471774848402136413214276500435825764929928382735108659622302281530690822378265583578277955037030917697381994546415241239390132467936764349834957950013931493830728226258570740904233927259629129328365988222044283416541172688354869187662535579172416875043487186359680033688231462588564957265019919752484207952137937354938515042074643523105991628321221680525970303698959367435296"
"-7/5","0.3300220644648899106909835864338858410884890113057050807451341865470388868622562352129079138501232233030007642048599136975849890299377709384991741721624954787974463837696674531886204860569082587050276343169895489173069906115017455098027157558563660376924996399636725676512253626732910277042007915700592963537554327076418216309038851991645476913980509434400842201736257926645631390105874129624187362423893398805254108868995415523210841692886275289650512932615399873767615428751911625763811758526881000327111621414076076174516192195711818433056206529822830323538933202839871169045372545"
"-139/100","0.3442264398225886404034441941013162919217132070145310290742948749602116693850987457241134380537078154497458876369812619351542800064303970784211888667661149880499865031060505906778289782363102497007640075055887174665070681937772954910708240530836218545167370168121991920902550154578187369893586975858460971346031821647128498713143007855398042173851359764845645439081536919528251248498707562767604576898616953435030087826126248846560511869990575556995307977827209344669858333048079546418639839339182179169406079007029029899409098243709199074999997384459813773756998604003411102078267628"
"-69/50","0.3584345205312400649095207824963840418473674912891643228119869431719270446489505463685879873457041476054076292323274973487948180728937788485199149025918591952650452314347373711566335294084735073789538080050499790411560868971927415412476515398261333361267405001245270008439524700256184441491264663603267073002508095596405528977813945655676297119709403613583057697405242822015805531849659363666512966016500555923284670824476536314883470569653333909367036332845869842275455643786344743581041686321124673290447339031401146765171426004373779280807106527893902235672104109479296418774989912"
"-137/100","0.3726374762497266659356007492742066214196398272766324059590535746565084306208648391688375411804369782734655614281263478303661119400025587377077037331676163243455899263473757996476041518633047225464725285781513780986820571596578914034851812887330650829034593946944886784025116371562269836696887402560800341475571968851997898358285399374723359013100445153717749934393979783063699368349489542641792388397032553235118990455045800671028802196933788426907697321047291143922661589047803816185314328363837388083299407603890652468458356813033295506611622080863521088774830640008993407430210848"
"-34/25","0.3868261681538327440036088862204003329288410707663760240774839329189870939059140774328516128376552833409945404484813563642445233017132099492173922629675220265112187325681741020222537854501142270628333367551318248925216065470690854831100270714772884242835801185432990421441203426210328924708882294171822971464569667639598429926869785259843529560554516086112277289575278621407535980440652654347775785214487234768902789519905096060191362774778528477665268634040479172344545849872247643455886010676247272698645150316588524632500565589963937566959045247496094464556899978211772787454703701"
"-27/20","0.4009911429962001195776018060425618046566719912437334646725081176699982685899695022517470103992793925722497584217236537201540547058549570727741299609888717913270718285783001337574275483746443386963151233951279323531521814246449457114464385881137493122923284259878985073487458666318819178276462098213474443635509339087671300772318703144787788894507677383286525332338500044690948637344943529549115787311869883484930304390165760001733963586113813633972119168337101944429284526961326133688805455214746338328823233221454347390691600485892416980232667010647055524564815496082815973346187204"
"-67/50","0.4151226274541553512946660830599485573544561278894356763222641686317844687712362862305663600893618871445709547852268561926056668818703468571388175381332664171531994818175007735308196873279325946539922936778557728009850929887748134052745139840992206747299859245097841546835355654952540423551318985573996574958968488466210964231505438512697316046965741820421590812396392291887431619041542329447692701466691715271970026185358550314848857913530604227389978439530536005964519267747992952656381235378495340046169302866437870542331381648193494846971101580720735225524570718589380763432769675"
"-133/100","0.429210522801102751167806104154647907423577589636525774943978533903851492100706787120909109414904247254508564874652083296643548758664435620555962577622853474211561222962706212549409197848846959962536097091064615411213937101192486701075429606534524184717476860551330660848124952137576629844803787367761263228305911065115589980118269810455596540301106943721960271064742351577734281534081761926617767506875977106606870313973696007994627800918635252093106078364272525717735975170887937168951276815895789166737101729466056932004397417932508556447850032059412132136333719220969704137124428"
"-33/25","0.443244399938096775311395931031775777102362351433595543466837379935117690146382764245678652593018636015142393263728301516523876698303238155131229784670116982888576410249138771190536327179947414442403925683691534077666526882376643126751932586789200411938812158705217035175720670577391631269885303345433236159057977836500356916645373945846799594217183256492358545232333061160530308506852720572352366830787126332077003333698134505605416118971560571529944864650647034372134721787538157914702362027094819167664669722604369170370564810057389782612768600368724664940652692810902682009163261"
"-131/100","0.4572134948228974225354142455891468842245505804785064934264898996212742457329240160828589919268493058806891787507387642468129476514363089304400288892615998898721229194619873668917171551395298680788397874589507196462822149556302257401267905095488921786347210321390433801148285563561455147883711872059538383612267681652569365740347830656071394046144053775087818421488930117968154990004351269659703413403231497322557674351043206801132500393829034622070465467046412618397657119120924325015113207194826753709120532699226475484283299003622296766468005067764040890702899161721334307774793127"
"-13/10","0.4711067043342615905560182756075516480552415590669020451875856737443345313008826476955663968897678788358936726592654384561609828396875995479767847685330843077366260084210355164591194238272816599751509891695467347183741891987788382582047813802952489412701883427685952063692275467909427817223157226586108861586059217206153739764484160361506360120576215244469678740074789862365690391159631046714246996073110252048809716381606907366218871725035355527133050846871361970278424900084900089742337689801339097784265430777257884972961129069451507928582048049857636875819630088875654279756041283"
"-129/100","0.4849125826094158941869514433993665462748510462269532086346601001074992715378039555503244321613885567678706587010362681867137580431185558318525364060335280294106056343217729940937043853452342753348339697680784758223995010405611943450807955501781846497627468837622013436266358676394778321162883814046624176213172741420270683210274538552205613078971948938001760331811762725583042850734736566918847514538260881502133207138891214136297604805250991702925952865862561050115427611268059643178888801345581333719927449311253865847840676592131263327751093714217539828753697112289088620284183095"
"-32/25","0.4986193378925731162316518743240938883652491829663756026837831772420804325109654283206835303024536867706100090772303677735988251990050160712561593606839934306477587418952682896548499874505284248975231606850981272737613885517502925634467592323662520342112715811405851430961430103616283416736661166107552378270286919579703538319400846457208286270043877821568871721346663576908616901652195274920603149255742871417717991719957252959571450394904460665632527426728461809174661427132891610101230822704581877700278963644722914754856531359252511456115054077413478913900967393447273288248605422"
"-127/100","0.5122148299319740546089963976813503786345726550124686784212201913019247969464091760980859163275071769533366082934055086965644316909446208400865701790954214261545163774762729470398336355862229729230347547385017110556469099630127028319432827785056605407281150754234377036183281641256541682585901173125490141331386390519722061632907595387704063938641235561431481352700494117548511387739143022095427946180296181663249563625965049697311753699314834365426329206061837518003335008723739127191892280032777752826843209137790929229520644557183343324061563645799951215097993617490780437429368753"
"-63/50","0.5256865679622366024008323383174217695707507990438003221121150313779222923973732557038740869343784677614871484418928184237173879852463982207647404257177005986672938514860852882234837965483050970725155750970746092475623091076688345207177771073335527936777490804962200307304384873013288066870089473101713885326338887644397819533366112028609991663472034202148510416610179846926025811969495300579178243696383894574157010858499529984665733641497186139330988409212035500036744871616390788971044436394097089211535423267499382379030480313185751144549142465040663231637427838089543374326925798"
"-5/4","0.5390217093077513997766814073636674153730375833093571470421315464733027237119055555693367317250057723410120254841036045208138088467707360674658418701872208133943954853813856195301338186921001674158515454696709381419560875727346273185652140587937895182281828864745578072673684379624460678585914423201615607864387580037606337709866346402703447997391224446696580812580838538462165567528719537694209800330379802545043550739179186770106345786460889747044733943953863939186720290095212676421455478214606683137680576543150957099475962146550122961053939505513968375797539990626917027512360909"
"-31/25","0.5522070586414552451804665290113149019462447228754800869068385894224361393412667335241249007781674849504274869747683400717552382940736261910718626598418136382056527981032742314636245581168251909793006212036008713714710737302937207742770365945832478648403496409294715347065982814356839219250463893288405501966729176751895568403932773089228895471068119866516692195179034338542772156577714565788320570378480543869548555390420296887682603561125462844147826866876627050987269922290789343753699616345616782953584078013111035822351562353907586674534985693416164218275721014754961183411782781"
"-123/100","0.5652290679315170625073901338413536280880771033402025342403331235644141594947004829180141536162138110150943549086886731767802211065795573852343542340816645907843697712458897076122318540123226492082048531726429579652679046071792807170817380996779441158536370758052459972927914809808496605422548719269356112196359754858494177018483245100183822030725344145208662262117093765757991380282994146633943080569843986546641926367629015858869970010687477126339679629774514747493575360069723222399954205678383594418913382462820315608626459678871821131511900030852034169599840135534170792429617153"
"-61/50","0.5780738371062650130726820822922533428015504651213417083719375925754427021838138494481825644372678190650139201907010378766124177930814911882211327293846423633985625542084131120990242705745142961313035194870211418280104893969928113933855904967425035754433884653909066240733807551882322947232220269289320331142699562876215057425108844796920454772407238291619198157393710174262516633081576493686244548863522025413122395127997404757877538612189596980057557681549024304074227541258685119356649006565001521420159067069614089630546718642273801649283479206773674613653321219877824912646622462"
"-121/100","0.590727115465047248592311178164363947255470814105099394935056407834892607085015807870915872896588499795350248412101685320105177398645906079331203292070265762623212665664893193284905491135204642054480375566273035516384104141877761159483748401044229542812917758875856815344790962677094344403587902930915066552075074726671789890102990658325344359546798723100331030589442855782329006263742020916986253396193762560100529536762972373531599886468611252488427475189214221884170070132279084497724901157390385832066547521382030981228406211059212002810464372192559492132834370509248047505042541"
"-6/5","0.6031743038596347736549962246236370543498603269295981054025962209751903199321106453838918018728960633271180379164999919062116060364172597469742006298328001180154285378812395412494538281092167306984304471062952736981056104814804217198588263068354826495387585450278858102957597163110553791764364213859903887315609905829709388646926041037619680616639879125315856294258152357415524441503166145371106812221244436131741821106469863457170687595341954505282407732263867183594977136550995773794914270369346427161259962411567056776284721559384042011267029409923043505022585693878564848345594998"
"-119/100","0.6154004576672274015101295033064205104069856736697741778429043962510014582205936101311789519298142113634825448398514076696028150554363854688753877459357920048593119235212147464064641530045944727072082366153316603221971764125001745486031089625530868188299749177961958825414691434827712078937732677144042785419031478341749290474920079242557719346817898860316353286504453303369782483301257196525151309020072189979937947296811698617548564934480012085223107022599480540838041561386489233679843108149831664556947299342396797999084674081372054770665807236061966028234405694017519475936584674"
"-59/50","0.6273902905721003701606052407823108812285136071160040056000070964124622085856797585369440529344889403106935871572468967081412532578186383126815799666940101485135920392363819801600181722256934582496588531343225560443130288707117429727448276711371290927552691573607861318069602744238117493127764716260072261803495872614677445473358316049640784007885927880395560258814287008245322749519843670473186301659769760977444961099161219103131082861544844511431202352052063353638728449642647944751906115653618895988035623258756739100366497531388693373480983916676264160255672377821066432349241838"
"-117/100","0.6391281791684209290842721366480734408142642209495368955934824093729137858010113373656822832827165351505765491437803013991464988862667444439110007043089274697336564358619160693420259668645362397005107615054358295151260179000958221237008906536515523621483200860442364587470152577029530932522800930658618002872620659819297997221467721592897619986670957411503140831151712496409953051149841042312023362311002076088678341300717992647677980159985462812134741578386195428674085949316070557148188007234010887975411878147558960918618034952337368106462269158918010172481141790674080269574781819"
"-29/25","0.6505981683917662903793232403744202910949296179913795251533019280687956566628294996417634348406531504596363399008178882714786633712025153728487444994650707757875765959780049572798007074597310256187189059134772214019226664355383311842092244900753110240795298280312623663952276151476734576536268647994275474729235735967750388007630724013814446553670068282465977257912483202126292182253743632003139572340411935781586381764703830644593155834591813007497653733018252534640022597311781884594128648434497148739395112613832559168530940752285655415587850239339973226606685660479532103890630337"
"-23/20","0.6617839777813865419854024507761026094031833939241966713197869583570492513873043550872696248053485726086221573726742871795933143949051316453055037927288144063888746389962891289936929400579503807928121423606789996589031221245270722163464882814237846209919273139033501086951059652006891089482548625481628147020257931247179885262989437344209216578938413801339079036997564404387897951914149168316771000479367896573626107953356900215171011858303170558014884397120022327318317232006209474543298744676057092091156597342269724216422177398586489554283838674994981998613639312870019430227696304"
"-57/50","0.6726690085692833231553602358517670451416314625979387766527334964306660872415484200108211717869650683651433117734890671624071072262636703779046759260462870313987249788488945188140289509502334746479445460015184850093445915208905084355889008884181019058898154868935815832160040735723893397756617544739313362293502076965047271301294279249961782305191099850928574150623171658545508976026299353258412743713465240362907375425180805631875613806494421702707421454510518958531289825287629661808519929592710724153967711533614819923205845561321761816740694771853729121128334553894306515088272083"
"-113/100","0.6832363515857277139754908897240367148327649378644663192116011667302744826042270015638868648599083517792878963000809528726355502658985684457901805446518593864090282777008945334673067055037320860794972974619404877848727041647568606909347281911777710913695445296946087898338715620060420406824410999298167176960026017292861937360290521614792700147124436167046801169130638708900212736548105754087567727022943208156634713506642668863640505145795148155875103891501882072844995793215417919220980423278674902170025017626250447397633510187771310722525345431663436983895182685177919623184767994"
"-28/25","0.6934687959639353548975044096618866407171298659181626350150561112620575687572307620983761748506112800017366191364303381280793758994875350313912954682718789024569571530582092177554517903838448464201132227509607409871907024264812554572550966967740210674784755090265704862737826287913577828047830312856977835180284538065596903323079080396201461188656531728658597982175816553075009052922135695521930393053571374760925339526317053690554429061370166226480013227041880331653155303613211564650508651835009848207132850770354137447003583979917845586577974810290300959058346890690178689911907402"
"-111/100","0.703348838619276162719574576702450812602456068132714976267934233899928492774448378534773381234609200674115921741175210796935952625024715655627315885851899010417529689643898410634010458006159890792495817226265437337381872465812044526267255116550444849518931477400608322932624494459287835748585119483282772916532772464324901768377518926253823715077708992161702061922013715706066634805295696044742702870899753389033226166082252402857223289818047315018542372604597014114311373285265611562071669390921283489978291029252411136942454445376559082340040466052421774090339619421607230525239823"
"-11/10","0.7128586944706497734065753988049332462004350516263796701323746762975781017910620687032789226350700784277773245007670774938666001664416185141269147787351602670798141572465038439351103287390366428300530281010962773765002439747782497569266893107846899755782062902188615947552465927837053356601500324454128502221269586326920086120970670926803463780406878907933278195660420984474594889756986864838904748616290030235637112724896706321397577621074103437262514356527312098549489157538876896188837942145613698202771242355828760820189638340937473019996804969200552873637515914723694431078003934"
"-109/100","0.7219803073635426781857276180065486748048464132874361548702313772533455110111677573754003013621415690362651769379784254019819163009088831552997990245568813666905285206290292951903282536678481277248728321070429728187660321174205229840621869052705078594727617828460721142149683256561664710340715504299031376117345437502545799737941223130782853091231456612996197254510072280206755290886079875550177818587958833022618576185188845526834087300809817397890574267365541856896826560980735198330037498128448160264570907514658160063770834558914403676338025988368458345392422897010441802398539983"
"-27/25","0.7306953616458428199413226101987774687237153106153557588171187545911120154641515084841767142675920768214748076780591468651911682191370137291292153542336901688936548485173766674103902284352020254465639623170270934103536086223840017695190598848347762539772339516622023957192002610544587065790724633335250586371330152189258710824408495919078841165041302401526421311218151083232098458851323861066029430454101528184177996892254428955143235947682839349107239108674206779951096379183950410913748131054873477242175666795630570177635723517388954007773963517874510096957029949909355604464137572"
"-107/100","0.7389852943387734250014258329610564117781241942307795766163804545478456649147580497988211795111107127118256249449960993117730398406833549880705003725412615895981773827272532387144559869321462472521104620494509984882114127839312691473605772843098835959816055222113195476416069483944137430415111224942503056262225217683691252676372457398460498877950530520899972026546000338110812151669807488134258028042760044550070219246426334956191839871024253233401400970516149714783673726148423983971257905495569441015195148532141590744070542042677791650755301227022807864275529961988729868448096751"
"-53/50","0.7468313078363786761465672238959605067496105927971110467783758185209947192133246090131474842623936581312731962287335746693920088757306485749543918351649367272573358800203593867314485559349775560055644409201107709837418039176331256833915614679396364946418293967306618644942395775161864004445266934736826486991715008049758326707394611373725413577217971047023755400024784681216613564443770042092662565227472950278417553767493256201831705027689093989025042073721958276085409307085826892407197721379468716098714950088638907830479288979083816608498970638939714845060431393913425674233220994"
"-21/20","0.7542143830579153924660677921076775310654483143637240094405406227748358070151927210217507962162126244680913638340251604062475707350778753324334799492158695706221221135829067224994655714923045639249558493278105132401078958982736726258181526320836103743307663487399918889042603123197671718191651788248882169685212833868563974599166335486224099844255698054060576338241961683941337194272434906846726756474287258464191992676723607078612281406986187704341402842713420353726996657512067695234520401091899313963582648934904052898345897897517066477470537583721630876907816963312702548529277732"
"-26/25","0.7611152929683501781020804095857202997123490007842860722201569389294716512053974697101990910712645590394023647348159408645156284455173039021276650261537450712044983639399625159418887528475166078444526446679007712044298375490824248817624583152433220482749728120420860697697933738914372665858438225057488029260524501791832861364217490689132488443528535766313664585764095439336049426759846146229340977148193401332025912964576122010963899759468341814574077622673288881778549062057636212523968920574366220682775257874064444445471813134762912433860754766353511956078793758508834395280918005"
"-103/100","0.7675146163730103405491096803221404082902395453660073002384957376092261535903895284774083811024187378028983229451087467413722130414966915234959723425049513917159830952534283209003045335782208804417396056895166226375255103581150533068323402371490152992247878704339472646319526020689935274380007130075888939543269667537790659316318653223808151654341703875072030181034550220224711507703258699658424235898672672149395856419176643933752941485163489211020471400426779279434174918625253938549441139279391932187702319277300753486851362915866073334430794803926861218768545568906356681624216756"
"-51/50","0.7733927518833754457959706520550779238168833640208600633458971127959531524036545476096182842318460933569244386024437439776177750504703555262637189429087375627214694082823005514343167263473447059676766510309120572431227297095076037613289105776927527829126584192422566174019671868768857304049979662562880119532650265335149526005168798949837147135907567705925335568285694868307720992653941762421910976376212701670711058138368227402743608601417744927992826730657820900461815931554265263289849351133383339603176972982444362132937527284980223523648324431541266413093092551053993232675806268"
"-101/100","0.778729931942116706861004124880552796795782934316915063320671192823280676048615494075460112981725393156560505467688947178932836472889417010697710058236883094538195641315125094832806962187093734918425677690069503078587153993839805134822382318850306186825434115744171422283057643687979762276215294808227009752904337086174223065666477571960659043702057234137384013886045633721098070229240307628645002456527891823372249631872135692149003320784585659621659835923275517726435716601187476725569561802967082219466116788113335870801035928342442435847803812412386035820817250933266216201289889"
"-1","0.7835062367868907374164246332234468309113386053827584086797946851352647083208516917268667592864544033379414513226546598925914956472821848083659722883291981006964866671004866337183110108523610969203795542061697978186549903317526009530245743994558153675248643578898307457267911639887699381674209362036486320752857845801558210544753483498136784085523528414809777905274984370765571580180516068412214932705922235051030718437256992074926439060981363467690110841396214989244352558289024219998566748868941663134818771809399751506881383611576569767316205306254896362960710070914408832917312011"
"-99/100","0.7877016082241742537666847954185661284796383568836048149366318734025057107166781122997754128033958438579248695492721089999721517815614407448046635424297501928079470721586171683147838507028011927845757137429067953597951647524586211492933989517500860775119292470342953865203446015435019114545714157066946345641212759344973868843802533206475973041266761141795055204174581369960948202143134330298942153660592930895591602825030811341023712332261803356101195847979260601229124915926558983926439909038105804457919036342603826379864647623394238608847225292582190061082106843697884252074606446"
"-49/50","0.7912958630766924237856575396346069359235525102415614538229620044458372169406967113406105556638349343412754053166671133510261943305302413466316818144878081253161435247819313770086509996172581143927130546209098160982063384059964793526516722089767943182764245292763871406692278408051951463751831421932661173884395681497351993533534155262553455165812420596851498411934458671748007216315894077994696590649717351162576631342381262292677448188889079960895846962061538622845045866057085212985595514547580418181830708316497670043625507281746077361857306407822832590206280647848728002077992689"
"-97/100","0.7942687061608538206471095538419116203680694106825214909858132278182346790605701241653616208888343683867144265999068719922692351842585547970087392695787571648650763775916524741312893253058483095703228615937556627110466713890883541458778952875611524090412156602957213409609711152595613696368308606444104701868993896751139405971528065794070429026380443659405041030590860750786871596225883602511493306377485044140679234966831842841760796848352623734816868738368558717763098540899228065501218763589909922610662405681264786290354649931633897850541001785876483080589649286022997366712619926"
"-24/25","0.7965997426441691973437094884568121914375462842085943208735811259768823093048181623321046467073328604940970827013938701855345442958516339171445973640954010160294411389134832089665398830713959092264949278724386797362817090035725152833513740454118578316629709170302127282447128929479483431417816783897377152215278379958582994019098114445644567170867201821310132461602162029783407872427449840292976579833139466499765292002494571898946454305299821051236556392478901402549661955436757947773936283849849792874657457443613396263163795988441163486333310220115067537948447190085275241517233157"
"-19/20","0.7982684896270101971012654816449588349839521424385891863578189955823949587434858564257016166265875621336390681258429108337888826468602297189343887346741800738999589093666415294507018836241663667368087323260980421045647374032308981464425107779047242529994987306124055219631207661631045488731837316099508449150090546473061913122821936441901910846423929863154616661785197500252209577449090687169554904087142979474266721788598866589409167013184601040278833243110120422511004623867291814820879761074294238273289876309821692974035256748723448215393294550445396635904134954884208926642064662"
"-47/50","0.7992543867883680934342015863048728829844029327422116132113475649311076081839698943957044662748501430938864073163490543834173394787253628429933467916476336357507009267322261765229512407884608783818530468603093708987438648278776756866258351478119832733023101863258383817927411749209420875033190086401240488970652690368059972001214486347706338572786713449821944268656448383313102227925694647410417773963418167698850327483841985491282833023385447871492846028023281645920175002320253394994282933130930692665995700947656325019932232883637803931873183169586043658986949152864765065287607821"
"-93/100","0.7995368059316109852881644951869858462614302385160753626463816929034913788667520466742297302160080937043216282027809655823323667710788567771415309560123889162860449989406531998932221728376159526144123608288452041830854121375253567482311464833964045512102727559195326781206214022830286599369192395975509258158970721203823749629566821938194278704711793105515281219653492922056898604639209686264663204470963419580506371228176044956729184420371761924653178410410036513315257039766466935960234591663897502966039395482031808934137891917393002185067741317095561932827509245333436360704905849"
"-23/25","0.7990950592637177678238468768483150336254358632677534269257602125953843224466072010115678763281960905868325944992923031038291006081548586495216179214633218040886437324243188897219471196474150293004617144941210837194860901655841452731241308353334589894110181352884912462755907433179413250093505682087700321053826704610785729756724118826577606171975446259747490324355915595509359710175604600685915607336812176623739038035981087010402272453543119230880311049650407609977954467622469292993260009331746548556583608429551355341025571528131872533468574174725793463014276079772693326448572802"
"-91/100","0.7979084062401930079538727946287067805674886361991651392463782543962222122335908517196985284681562484182453286923982762030565142283627995315011922353058352892271044569299238992829710012086038692072148646953010565643857568601549277718360305934006201282972471016454059374223168242542258965109810059527298671654884697901557441581830394496054961516092787958893950716457178030123430306624222769013558276098250281788523935850608373435353643891655086906872934992289719835374627851758667941937451057571941739298177498945390252940324514313946134592843923079914269138630351463943061528156854314"
"-9/10","0.7959560588079394093234227727587549110879459256614684380841104332046389264242457148283669893072474675411946947614892949817101720089451617923156543195980533714960671012643087372046548555366563278502980532970169531352055673398480188400670092658357791179375103878976556789984252998402586236759895790071293341484294330908368160393543751090261818284760055582320281868958828911299622723888149682783310702607382178181622367916822969654386413935434346657439006118410994784695462034831706654912861396249572163624765109006670820329783452166713405694558459220345254991327457253964670907724960696"
"-89/100","0.7932171848798806976239987318635694814069000935735378597857276649134548003227888666596564860200298489994397414905662455337270452744048517083552677952550112247337210513059128607429045209350747792598556308774275274507578870415681577214672611617402118683880188669122275676197099756780725248089590626801461936215361084795364869970111972524431096307994987207715006355989098175971171400608315959007146180748067176296854696347671211438265144033078535338943377204211626754290810405996099556877309494606463926716461359703551494997287561745111528086324043156760586472144534967162747535015205317"
"-22/25","0.7896709098781800995054542872345162442631218891287674094334510244074871385206757853561532174623728575138540089917235964218577481951466461798571688507756469198620252463294502657611581892211336303502364706219943150593874311261787674108678083136591031261572439823872675534998954260262696071947350960045922735199459335171315728082764313131208224225271009299520260737505813195957146286458283439207714099217728308274844407125781347283676705336015235863609510700613185275710478287239831392641835926527481104642096100367684096426731184846152839627307572182195367093374888215658468753153726257"
"-87/100","0.7852963161875765148862771625916791333438876922937346840499400237957815921711344267776433910862843305043860310849043721410091410367363517066995943087194192788471986548764026819388271356141095431915727606793814385473693869634660508352734444714506922344300552790827711282638035012033585321041975660277943106968630129673752480944556099208095062315294447719671167443711511076930716502806090820656537014379580663335223444109026866102687109626121168721231664508969707133208565974982674174686040474848572958160213470212844509513959522987310409015569180973840281441849807960527435525824763658"
"-43/50","0.7800724403667464952223697673126277981745923129025328591791433018760366690789098845003715704923788586032789720188619948669644494259245110210954991142553306883529501456542397925518717214418603991836359548165556196869838682131303408165187117302607610588306961205127461950606260565083722822612152599976761709649995050354632730104389502937002323809490119004501676051818767608311498798616720605238457584630391480463687441776185434882668895929958686636417475502160436607971562660752503114860451311818855406258581293287394553583752164323141943867315785098679972452115505332781682124490513927"
"-17/20","0.7739782679737765397156886472653083781337653132040680555709739218121558781540211902425239587942513671312680894177190136297175717224994456974503639662271236433596623719522278749117136071768254321984501198527052866839262561145374667956384042613586203802803967616918697990396927610383649275113389314069142477221711609790040920727165325686496460820906196180865797026803051655174384735449407536625054003635474596941267371048581033355381396460929609678444729344849558086415710479319257409480846822794704437133088317247789413982294126422112547437411807624273554207425995522491356670178130126"
"-21/25","0.7669927258718761826975315163762518436346894951926223361191206634949477728102601426771756884942344151260809960018092857737825286182038343135594174470322930074895808485290903060124160534665109423688174127570675184792840078683805965810248685750694006834795950249262872968343781355397280609360498458050490056983371156273260388262620887500122286384951945433282864742982246383981087205499692416385943178392001550909185196024880254488383318287148767720741698410255097666126493021490644851159749056591896344708423647415006726022450268269015717565557851494042166533465581938527188979174697735"
"-83/100","0.7590946718934564236394767540553452055346590104911554263532448335773812017435795457716192914672909400739772252301951809363824242008285038221926253121729240377639849173891402517520236315520574068372241802455240057254800913322064027061351549248048991761734574379377317371375442098210038629426565065736862344850641208040352709683864124207912868435973538372432731784100792074801233338027093392854741448804188886223503946026840273653353452675233068011086594956826750401177961319364840564545695745218208867294926112675479755438765973253056664406171602867959228725428876599545008315177198816"
"-41/50","0.750262881754720149087026483805079847097296294271442387026730352537746060072190683005579050261030526026980015896929048771048163041921578081378718768792155443668717751813378409997175308515827166780805894845049474877501947075676365583868664938666016659084872088675646970564451183021300887133978783503630724902792589353720291082150138292235230136197258073888656616356552457539223586183300859158178091306578186749812010317170713429965300488099443651747964391895881966290579458080677179808115006260819654300439336119433597285864162747949677526463658327447279892704721514296402379503539983"
"-81/100","0.7404760331290450230683280620338897338399010197743833985170821806838486815637630245154238333241151452177836770169451630783742306849516020472938904843058484351715811723042305552781767183164363613080677241988926384651742043280575284250260181811597248420017721323490525313343801798544334802216029470436323943816686772218283754616846233760628620135570649205022700857876044066616025514003359080271060518454388291579948269948516788656250166265384137115271204449310470397888430686871551877000603178073356620796940197856925719277058225418302275006623140007515728432967349573490162302720671268"
"-4/5","0.7297126868057753733810002848012877689055765821751986521045759929147153227515060874280912109553947731919375137758431815349330335118276946393029386987409423879618268023489745847289133281965101947580860183774409109369317805848883027028454196765460206824555675328282119528839453012185630775947601990177926639075093724263134542125253770032406994682546299044384261799185551609983823967758056443118852382025496329873295813517314479295983550397736556428252751702204375395004826680973342140765870489801738880781756026255444701317159726088696458579170190580524533449377848972737362124353396182"
"-79/100","0.7179512648816786705379933397129680190462667271822796520991775855400064909076557918336909886197570653324289714041910007768534792698219856630544624186532578530730387975581065390529309347691043446769767779516954169256966013495171725193356533368853477266109467689616450128535484443181283068291832898770133340803393543942483304223459280827592501583611872390062564963210870793685896688724897440159558906717683517662134359208490709077053397904406147914529888738094349661212017210577376891187521107674868117328066103543277647745453712664000703091427633527024332267517682390724012315961708389"
"-39/50","0.705170025955379452903411478429196135005998245290052857129491211998020532125633037611681476395882146941465466807743488635940653351566630904453773552546594130845122584767736979890299576553865840435260733804019337907348672000900939556069043953792270746070639019025005323236713987366178763669765604960458432590126432288469828130210197363343900792796796605854470592063925682650506347343560076237807302472074577006738848944649063654675993723226436409059637300248776035343363647207800395144501959010511552354877635847674648018173974677591736084468852036798758597107824922851355849800516839"
"-77/100","0.6913470373206931832294366346492275693121588376214537654171513108045627647354452926092547452298936262121015057770349352161989718039353763817738679393100533517584407973283072082435276765016566321335230840508702828475121924080624679435434407130711013037909495919854331496588677349693823030206605533305491604060530322854261475274733584875051637751267841599845170857347633843890874478495808838025200940578888728044517742407996753122649000526360319578241892899775132080574466361356568608754128892549613584703327624366699396321657352646912652470389793225039547231668446522355173090418568666"
"-19/25","0.6764601441831029652841745755909243522677172372686847166874779358107669146380093691012294405645772269331694869405294665430086216400575450127448176910504576633846742500964933239316514578933656644177066129667776151283055532174550379752965736592731450573105151735699536878829683273199205942241540168855613656858466466638784268150099725636428578063767091461651618032092348474127434249783746169371464531998554991443918775163768272452047383125333584273276395032336146654073269503345749189431515891805049746781979469536997344862672074738538563923097577372984516716491659264032254349658974472"
"-3/4","0.6604869359548418246481534066171752231877983360831818572002096248605923623687324949134270352620821405317749317079608974477011794993836646682905476892288518658538869132401098293151014739204765676844433648550837762298935594663467126292135116371017004441337154318153811197873775759192065523456363932049769782293257810230962815221703656759095702252151612165919238478982150705847990587670782175912891789728926758010147921767805765009292305891580250856438644816181084091597359643763629104185020693065194529074769610369598484291840205309418148123806526744506541492845798203566343667728128089"
"-37/50","0.643404709718387434516846767600701338837851029911759127329539327682069486333891865977554829323348781040722598829104650915641334696858486452671306540891260020647588065418541931712207629607636794856174813223303000189918320498286722695481904209794614191429715263210232395151775501876344770469902665702598563566122302002938964711851555107157753492816877105129628835271430476586673734622291984660411240969821042850484417354182615788208873621447556033895952798696118760642684500484863744034011296716710632298948336575415726279070548753277936923480416970405885428601069758515919728322983453"
"-73/100","0.625190430985913518013295529894518798579591257455904345742475593169360581557892030696710618719604187030385341033862748272880750337412085906793741384320538899627265778688995919560020098668558828072884631426846312831811735640654760098739154900117431736921935892134531075356405062773783698576593530752256849074696501761364593126362498415502128187445425396521793991160545214388552736647999395058897885604704924358418730830454363677565456133882676574497660120756674206627742243306466814672532288169931875885995641537682377627461498430756313726664554026726395375205573261998832812305718495"
"-18/25","0.6058206919236931120835415972892764594644363678754901260958105773779418923675203307620053096619996702355774025663508007968951338271455429026722102885543424973191003161149663205993188573914213511040701302326020072466744344731118657553404710664296280745188205954953637941917387604420484737215573461566934923153343355470113229443512238480842177632631043309593017979892132414120914417163717324948942461116670803449227634510260767811838552499880527881388976347542018637390019762249809538885112487751781652203686142426953600039342206616321294609891073792688732459478028456897367738598784465"
"-71/100","0.5852716672559945018607729959023068102672077250542919894994933532814123951572717975773993118077945614361678003733371684256525203882598455167264462001900310802943163035816788025691787472855560599544846603793962712974675288976612397152308636561459675983263556377354262395771640094922035230380686852272767500935699157739139575636395456775318718500020769521429911721196752273332609832070049365122409245160163524520566607465390982577184475739737024030441878177806271294722990049876901962671158282633604146308592601754431587919582067348085511757188286923818820501117080436123938797273218977"
"-7/10","0.5635190681131031136256198682817757582419450421887499309412528788164900375643677662694896440549134134526279489890631861553383492730285657160020620178476640411934509878126569670730087089617615419640598343946729052343005330353083028631169715927956546041600325444352906525971458867316132571523846603788249625999481912408892576972775177409802465384197087828167907140583989882167393560047738627483976749916676824456104819033313039432399063862622473310267353048450162227281157562031666090883633563004398744684314392705312516129900942712529308155372618071154695385736939604870778789507388108"
"-69/100","0.5405380941432782392260875861068714357346369339287665368989517806261956556938123620492413206482016656467031316415845498918221368075152504449702349548506190520826364286717589564609527174281219151321181059279260111812719933841516529554263951361815278233485044236550359255899288264831727534507022528425707415680663578462375142265079020543379743467430361259810176366827224112105546506671760054459437887536481945797712861129152032478776135058482766690878050455341930804650984854521507825502040101013398484678733412318524952185048641905835980283488992467510733465097226648064744540878863122"
"-17/25","0.5163033842693499228600238236003134625419941175347436702045133132764758131191252269879372840506718048742341765659012103037810197148524788724176060437055140052058778957892082651226243965945940700117098628079433485239741200294561701700476891519064854637061558975797415454966808638690362728510345589439395922521887623205231098993851462604693106659649094919721445918238487983973301709188642390040746658659201674240261168708338439688406436383653827877427604716113648873896753915292191606474060151913746909199151773361833891155980299541576461300151627179423669129725034942831089067959569958"
"-67/100","0.4907889665380443046046469894402317695666613457991580835418605654697885422899762155460252342961292905600431029133876267147234548354065404438659944425716747620028046360499642185706635305966936886107567933340125194722973380068127327567236524966216228467775744329780563103804441650889375251715187508093229509042760808845968356896173327025605985480849172784756081784379677168816046473817872468012893832370696662335468995701454265157510115997383717295381448885532699592059257019743274999256045997537839166716645301150464702702851574655573891211090338671571972320021382317820371857913236215"
"-33/50","0.4639682075849336727093550492264170523086455540568470962198807437083496503161202003785377122585429642421139482739843343301533226794036209070458132043044787694165045013736292396862637116988583315520520919986135453954866085315310687779777044704472980709674696683139646224033460454288740911911053308999866041885047464533602671556515228978754506437345117298067807962618977272122321984168273209367542279716048337068523279643375478078565426510804682430814051156577183622550644155522860599794968803750936844135813168317872362440623496932515605966116843566534269883119643985450534763164670894"
"-13/20","0.4358137623213379592848612799709665579292887010229198513150295686690839864041075750498336599682239922129306171292331314922067792693282933139818846620578726932568299866598805737718291661436031038567275231225869302828322492328368026305861958774517010978506252494268992336588300488056967666369303210735669109785602444475051764634843304596440244985396924132611695159414143713732418036224497549579430626767159758692703907539927575165358258951749982797690030838186192024231125612004472474124570968766443368852036401185553823660737555854139600659336580173937653044835996343899434667629108965"
"-16/25","0.4062975245431960463285052402918641889506467827367634866518059847392875048276759569058854550488055534179479457404605265616822327971418766988644596778006895226345623078856274737205956179509115404772752184094418197701328138718337427451554269864936673117050663731822438871262579133486072450910737957331773325971073733519331553057744781884744275379764698752051056027197151412693217640869479009987014132056347282002152170557384722885966354782735410344750002299724513772065554341365952292215164966595540556732456865295157279917878150429858100500219140824066285655464347162816400491011606415"
"-63/100","0.375390579268375924274635108129704990610238064082167243557539031107517606163213892987867911563822948248102890001385868887706762687985806663890530785329959492055359144325337141009471451571950386366541467697546362876508671248564823451602259938419241207980338764760801884680793451732805123111491319839043905823507819232701347690812593192462288273623325102715525934888740240015891001696411892717101654334463511640783473651583134839694288192919666043880824649014574610803730603133127333001276722874922770450626020074451119565902029046773805801334133061760578650733057022479747501851924458"
"-31/50","0.3430631577324984972845179473926661210006179983068615578233480906062834587269182331491895311708515388602268372879913590649575770099669300515928552718460679596680657699586120096618885315585980010245116411102038212863879388631510565006794840118213515020766576636032481576504986508485272524584669502138395293174596133352731184145185302844900789519012070078899138023035031170846826539243129000334066175416577714637901877791521018695187215706312184466562995560534731773583614046353153092101041986486768699999488609395455895218021882485581989150630151507523567740363434564082936510069949568"
"-61/100","0.3092845961232054834969222986092218619562965491422257618097679767665528413316864727813098457602656178564203844646583882653477518140606526775023642328556746685516476348182905868901064237893335974383857517716913348063133676290852570016771119563778033978948256360935667311794425514871277721342167189995674959838958656968579509698293765848181818525478397540039368599344718491504095898023357585136562488041993563145509500389642696775369986037951628967087113164305459919805556233632456602669176484443645994620642614710082421503012759774264314208879422851811756805014100473307373430101808597"
"-3/5","0.2740232993309854903264050837795321237490423176964891477731045123449690179548839460175430133364352280612518522992485104203033985044554095969957959697003091275468631984155764950084915227927311856315348128509477947978921560631766986190666696696110590339966279931204390911618469826039714003320159070959670378004158598852800458778382844965872413356826246091402322675183919577483382534708446336080657512704624015106808176143830453061133455962254111214627772575674743581220811204083610723462933475541374809322795129741161282157007307153658813067114663724445327756812071618010185892920722504"
"-59/100","0.2372467113036444662251693413166222220277340906397278823183687091827411961738602413914105114563808315214804152560854418757784805227886863205485967633237631685221425799629824000461590523332966979839439370474441493851551786641958457701276713275797356957500200831158284587483468582884645552953818557699779221503663132229054270656855621309979552102588139275109081286760337772545672274107877012820660614786494701583422881209259327663412925140267614713698183955526626027957529116597144078165756960132604330381376082558814184434778887579085895437361587316229214971975416197036776861512703814"
"-29/50","0.1989212942183649835913327935196199380989468190500500213359471165713600989349406834950086662612046914908469042562932218537663615082963769577979506768807682034084360972742957786778540711730484212495700591284906354780749799308033382741569421367300339587792123569847677065213001580510496379466179154537756400422026800165426277176794181597050946717739714006950309205018403930092009985464030898838930729255878347504718329789299864084231756910245870262836225192660337336282957415149050142641845323798294371852035300280798001371219473018425186841103473117586695513997699506831272982022301781"
"-57/100","0.159012520458858039903011671671778441900957257189962350432754558847016069907979281669607201799846193882397325905420784420521112813276029908918719961215137763453333821851174229397778998329318298281556781335584812394864129149224278526820504291875772991238614188277443721126938279662450998745824592778315298494812053536666275041427274759668451318712533543827400117033238267114904770517254964984244661588351748935383572591589665963262536126439726735771618938436599107074438936478184578542199448183361858623095766304877771002141312005240161401663227854937830855464818186765215848161499665"
"-14/25","0.1174848885861652518159017194754377338991411413067327599857924619753200626533049376725256872926832206675802083875692444302743558820084252993443843959574689885906882125695401892672597725361121586839930198381224068530668133276613942002252827616166569280223720335877129725064207044803799140798374487080674202894168263063897847162526691291682822240130421585401169583039697680207973133550950741191321137124905471736326600272959547692694909830952181045851126565594666428949742444814013576970013081381983072533969170639169517187417490916570634227592601454148082345885921804855025658061060995"
"-11/20","0.0743020201770723461643843322192407890336853283171595343187582330646843921115254538432004937800482754614509367853430036588841337199252179448289560060287680798507310592618503095713175056638284312198444286548257226234854177035566222359802987927388415758049383247423261374503360551027102583580906641238874712377090493192846106383259435518784996653360510056246368333211966729943477305820444030182910919641264052323476628255629891881553019714912261610562491404087457494048866965510864430270288996276348094714980550903419496284655047936673456469649894215373847276926091846464683753274565547"
"-27/50","0.0294275835559620889249826053917316125565981031579041406819711989242393507544012876950596627689998739723400952037830610664076753881376977774907540316770244509063107223457506659703822291533891812434106676160317661503791579994091590823705079271021221551478997787917098087419285926678315445867621694292547170064416441067752071941540140866710412160179045418994045531801647289334146234494498544229699782813060739358812079369251837044365256050523538667960675471455871321029784364187676648843250290380458827424743492927305787083495602491776474737923754202522216712099341517829194015332998649"
"-53/100","0.0171885392905825251994994275619618801369950523260961896861174530014801644085841999760809611492890977260922891980157121943688033854354223448909304248140447517678983814508988444310538969041800333949318045111189281696728121147595589405637512341394079375711924659465736002954064460661622859208872622426505870373315819746168687477039651815854731787401653376705246840203046653784356845357266523204050751771070188070884356739816890718034422701038058201324520051050918819378216866016770760138436397163920950396575645295024269295298291428013878718557327638289492671396172691632411507912722656"
"-13/25","0.0655630320344035870066666308631558852345830985094387642604684501576994086704753040647669035934454488261835766301571302644998128401023079268042315802324483011579908142051528927448999592522055007815999058837050452765130533161891303090047875859901981743319551128790006713464019799230725578893787612543168588081118527242877356706040478562127178545018811442214539543290617090434398521690403281538445437513967426805043795410101971289189247161075814337763694210203858080273440553344823615555994041328960880206353545821868240337957885753372132923158981464766598231520350428413620829940167161"
"-51/100","0.1157515622997985094366217240974106714481575707545817089140973732189305650872396186728940999989106631932716561600783502924332754084074032689915619139112555919080183063923731243043757299058952512214909693148458384319740716841322772436502137422324662716015837814961076618288749905298455278369777369450587196642261985257154072634171136243676091114917981481280338283789707172686804970750570196325589429181694441696397289332660298241538023357689949456298589157563258356666784690181182297163664868067238540611057421427052314209236564206472041992917131850048007870163927095082201902976107249"
"-1/2","0.167791858371385280856410469734828449705495682328783831158986277522018130739396931265224491887110811175073927342391345466913699175683047773599872694584474478943922792278829766304719240274603581735124953188441096159961150645829029715588057602434579850916688010761193383866950530999009095931899774349230107580489314449659980583293388880332648629881142965032883693940248149820373437737429439318903776665805084634894102333338208670791420718552713384587370237635600156449354809116940896777332399391923081688232160663140311483823046505767819829550307535238758236936953798489187856583103349"
"-49/100","0.2217248458086723281780312748157108773410629517153077910684447588682337826372319299847938373923147534874758033210749133501032354539200416103568993005677694909287562534045216509169258854061624280683178711743449292105656207793002215268449959934253151336358690315448940710874182414704367852607290229137271218062149079156254334089340342516405511380181325841938509969989859430273973953583611803081672121395229778614843281456572532662957615849563791757748490601680403398559541807468871284669608086058302045718729647768540327017016162514089001702882758261026834419271596023122939106844129462"
"-12/25","0.2775919363900288187311595948562098760276355359777685564151377680832718079436914393641872155335999428501741917277709933742744792958007490867210151176164600006899943807265992391019621894982958274944894724794891132007513239913676339648975219606497817078792276873171960842024418750494421423220511357918585510702811299170357552853368039659190507325277900340572889808638767865131271254311176314880721695356994072959477428226709651565649694618309754340619840617668557751221487570068982737868033549554911046822052653432789834301578144610595516637919998810779715573980174565256452694794055564"
"-47/100","0.3354346532388455691028934293139537986386229077037653103953172071478753041801629308378830436174682619840274461756261598505861845446915049032304148474600048145576288650694810270645485512429658111823814521132179038492794606662647979894959912919158756922914708667055070550882069148162140924410767680559415303782343481420814529021378236692299965471836049210624315322076315867258237261951146043073914679425828344015037270539058209136046095740126850186536843563021684605321979899252635113661800201061567048310624662984033270711906526738245116678310570680003678020565716904580863911382552244"
"-23/50","0.3952943264551379198589144282646410912902914679920440858852253961919598923821678308809588205878570554771577489827232955114198191488517446331866147944916202105995674821887167320684271533143208481681109382999259082933311975571802656207785630943187972501670308112800763414878786304032380685597096279734125930838084293532231976236754048687341043464416186360750691361477483626457665124069831743955056403846698887320906056267276512293450036766076399099824438623350280281864506063482945517666234223591617098700776695998250348357673487025175706713699646495522756564587752547465930581203710128"
"-9/20","0.4572117549455878060430204654229002406402087797369174167652190012676069873998322782257772068618567678217378747445574914926187973299066832246607870192756925934253841940147081181320456917491607814628868187438561313063891704746663624136203850210871895199736799207238667726079373422970417690571084647537173781878532689993262019841196401060374960981220124689214616739808119125943738141352011241556403939838824934408014525964560266578484844116287873179953342066017320218117055671287882801447601571437390916174306475323893965220037745306425286320447237659838713398873439916424257912189480377"
"-11/25","0.5212268138156555797726541520067029089361406528332502192247720166651258067985980295091484969849673218710725921449695097744368250689304852827672678441458157081075220173579063674517260121606584404560919130744401080283662565862985359065892639301471091915432778979958855305738590704385648558291045948965649016669498083220335918424058930024292062442094140218359493087942203593271489115778429802677683614382416133052682728371471414113601997750632404913160191297333229445146460086231393554356360184757863142989036132279448958813658363706028316941940170658084488374439439434524625000376187617"
"-43/100","0.5873779973179855730544026539716923988131263924963818806034686645925601186828343149747095988854599446140938685879998567996297370535416501195983240716006943320428765662808131849511028195075086346135158266001359593960968603545147803936635270635412994078184990099985455163899151073736208535670992819158590032743227582577864880401053775724957773551159494116282291342713374485430383518908332865632032382731469839533848275382454485478634447378752895150809207703620048082517211873484061635365150225658673793436700871411136951551091061559060230348965373451923705343760598890061764794404958685"
"-21/50","0.6557018892447641843193950771493280059417532293803039085300466940815921780345720489341539024204547362731465728804980048665915372137806386906154791471008817038423029357991634104213298869160667480925408147381202796459997859074238448871294673676965641490118775540995742227638215033195295452251455899913516914671929580788310329679626718074842828064327310815098440126672943786000469609946093438433406971585090011124228812613925419384679077252941086829662520007168700865951708404882280239704088196497086262178418987077836422315425033989545922287026726741099495339811557325779355364866168303"
"-41/100","0.726232552925036463246044173190282151687685998978594862572616400121655739450888878863796147156668284066451461511819981649529281501375222265589400041396210473968352110947528625167360298119127670282800337637666464380702518873323838146223508754189254469075720075892274678854859932863734550706046854518350410568827439597458137591782779019788146424913869764223072066556117702712251209580512829790961209081811405972333596755255752440104570936656649733276819764855456597448738516964437145070122822644554555597895570775618388585742682480550583324129235610770155582035244609941484357773010817"
"-2/5","0.7990008329257240876224494052735055253478179433674995508326236481193446904902954207945333956022566972862539751798141468607404669578927612965883078750178362090165087677033824998634498278183512957786883796958994315146450407497268543091948379926769689823741961434865618188427230553283147236469469787029654845763886353897117201252474261130701289357851910321266645466768946756171392805060145643489824788916842613191505616450836061695927925643180788117760503251738298878208363376604108091877808973728348583865686008725178599109785734373424005440305454462285464969454702514527990240055406287"
"-39/100","0.8740335604876833116008314265400755505317497771195286937314712991366829205740141699907434958126782054938542796513510049265040313660549554353948600069696232157453420430487237603636191815394444653232721721114242230759121848666173383647229827066924855744792108214391772808615261192409067712137302597674869917768751620767222171792163769367238244234887236602432425490219897014421315347452636244668696357449663248787985314002685231370408144735081980429577851675891544711419188098187655807734971456537393261599484686970327544477413411912912138276206488546313530702975509131107722883482429423"
"-19/50","0.9513526547836211121898065972350725750366943066395613889844089469276007015758034747852857173234366872407204007338412413805726981408936749756408106227640767263584749929350642715332017179865213780813247765357824757685939087370550640290387452753719839360449208312687537035493712859779688250227691322385384505430375379977604477979679976416977115316334389695242104933194765089708113089738016234905083899945223192989067725069117356934719542107137572013355439197364268988513660189945784988032052857948749429769267782438665195345031883556787194023068616181966571158103356314021722225567032488"
"-37/100","1.0309741123438534560721707142865386465262631601730422737493531269665950920258470664290347921403395945517815364112650142141326370037770733869908501592865429838255057022834040481173866871050605399730721823858117210433690139712491820752127929141810914015177729114226201721265356156564164933383282675701866438308777531651158002327472148943444103927180022784587906759082259765987092911765101534890449386287700023502269322146000672085285989383140502242953530603762771450060033724595367469224041177516939510483830190805569187015453797380336711479140053413493301899907803144545677342660331412"
"-9/25","1.1129068775318573595895015823417447723565516827561278441669897531446234012065176811391515045971016133379357562957275044189813631485774194947504388606623101235451573797844037597132606659576421855401015298268591745101572990364605111542725826883117367463557853751237246021382672852312230278509915585828174570637118129135707702909568951075126941690316164427801906959221824262756354432405891340597286021120264459361390489817866885089801503529042103026578760244649007244749787645575981320739268513002523705263475495794496764617507751634337185476552298139161143142985705176238057723137237555"
"-7/20","1.1971515878415673445526079379553592419870830355838119932369192862685778934692944914175411567933692581547303920618507220739950923737375842104456145027990955448205088532149478282179686455045090292714190769446821900751783951885141990912391826762632153987844687089939749182023708270877249845245503993136573722025002793023454388292978911636809019394985557836414910817645964024101198096434486059354296646704494759873836576421519353979835899833721943453923413795476337381702039157485813920387326963241791936981933439722789894761122744427735577176521231443394678821620711668484714682621350048"
"-17/50","1.2836991891174804282899556916728422746281935677993684906994663160847585134836511152825796398576103246238056034240202155728868146655832849790273239642161071486734108659137395953936886073142070399914759704274199829937691177338254452247645477553632526883364316768960692067417438460239965111751177001294412141164984012254125340534006241495700000714278031161359779948044655700606401876595544733273570495547992236862260758681381212961076851103157538684902048663252836782036041344599238954561166457284606025837602488610445361621166578791817193687205113011147218168055468512633433437887709659"
"-33/100","1.3725294176604932093252108303912265055330616522301595848208357381834460400766708360186200645846134658967482316987884849476061996947470493546281647084728485228841979599244291115310058814587930256810369321725609939512488441053255129865321665060476999421046098821678272826027181395619477716065334722496896219765789513316815632344866280510916796671048342052349038261607360551497659246837237621024984712318881030931034246134589358655949823842828803688712758526931694173263430376987301006010710907095349370196727648389085947142244321120746221014129576844678354103871938004210203299953280106"
"-8/25","1.463609148678111911104071513656857444515343391959011396470457860660830163271707455045253233636365793343024983102723162727500771526935053640319123979057663546163902098111144982246597796272603202192595953299429884555189705610597162133595795678145323033294635212845601355070843468657702269821593342984381602485038523277506406863711046659011221668035360264582094734693117087909606589425142559050911973355395886865697963162072685691619602181916777132058038210615210438670414213186152122536600720232138776711071409103497220068852352142470497099654375055900075635134953145995916208113919911"
"-31/100","1.5568906137732062379105232676779279655200380691607120163075047804959221784632692066822469394050159611682688789587811477496868936770268344377657941239402155342475935777419391117782656878371073280596658557124719012415028101159450191089797727644463653344583585618295735757355655541732205204726207773552578055631292323239082930771634340462411251189984765420290583779714361869537731209286448634114672882251068986475423146875512872034963743970193511189700311093924123476876446575666132220415725766744286500384718719853924283463531397041808854766504798883618297774429963194247304060810220019"
"-3/10","1.6523094942472245331597159785478216137081542158048252173210299225253258750219382325331473173288202437291987505962772120885225627344911159619603596952184802404759297941008248222983687862241707264893588439676076657948684387040611774627197289354312895685252596804875662620470408866291880857620824648629796936589226600738357895829417768893599699138581521630749514408054748212368498779661961346314565694710840200738491115288215977681610438275063430016344171810901254300946505058545908258847802112324533588442155901321965078987700787272295990496880422566240639910819427588129122066537670138"
"-29/100","1.7497829020221273344563054225459341342260832974462978700437172374198076155194755754834598902194995232869141305621570010939179302004501993103727184256469064920562799976349217242856999972452602058908544352807932546910431846150914155034708141967042869779450391686580433504595505560013223848758646657862182763805172642796624221175431125240371426933037521416129971192372528814495796190807724579641516244196959366051555381670590305229143915687477379688027196946599486593725456100601002447081923911964867916457353115156499268664985152935340917924942467902893864947378541159218712640750846342"
"-7/25","1.8492072660456501344672645349532434107238632161319952373119987609360262922903908782147908652464776689392999951901954121139887467419970604475428435451936381536910560334007315571026474962309338151890367831331146313252202209184955634250615352462826890694026263136944014017654469603721598046318222624576541387248744392198368474976604506327194430834438475920334663721836171938543457619102004542524779635453206319662355234624095850145522933731139393406657259225349554843952937880947460153430121770783651003488395209191715652845187357974130076359097519577588791450192178932529544725201061899"
"-27/100","1.9504561491956279161707176781480812240747568640700862463267421408851432904341939726775145138698536041733424208878402461090945489676787907687506752580833292694641125566530029695779608855007430747535849548103796599044180891339911027218980835854197834893585593973762774444916902551272231520775876447393698094341761999034789003760077365921608721308239052417266010140831698380157867648180957655932432156024637159778723388720676767660850626468787286920232974731011740743183176060994712185475353275320905462644504887077825420025017269551312744784007726063547419452699113974973410382082664837"
"-13/50","2.0533780289583758827522140722589751380404071062106411068381511214631801413976055124275784831908048908015655037230540972385385700853693206255046688819159007511786524700525674530187794637605947240042825104360613142313039745700780762230667729566629747651898888145870383780409405079873081644617852543105816490513287258688845925106975437585262859751490924260092404411435530104443009014569166801271704303402838350068948825014832960623036992113669939184910440524268670581157089200203876046626571536801656459712672423892080525789054288021982095449220403249800162477047383211541293771254939962"
"-1/4","2.157794084481794745573724057489935544440069504363349298602390204983079881135095913446766798906844645098018052339626103789690013039558858559598231329616895135885867902312580941932556876733912766510281034054297868426344501331397285513033725345245561150631461430079286122388342635581722505833147605362855185010812462751870326076057966312572471608134420006260267170234190097595464838916433023123236108769292082057620929494517893793259079485789017694847745240690153767023224609013413450247946791716060390276309879710315287331267608404131864951145652076683755346453046819343127797809545754"
"-6/25","2.2634960428747480079455424035487626297097586831551533209252459058226325554149888449795235119024520520203976229557650762945409156308382183407262345052722469514343007855287564464633546702179824590810679398056746677239746361321922485373662444145608080034090431525002437191793771293151723668417119590849978428503095848254346079763099562823621764673697972209079511116563854361371228326606221697331882430990745306175914208483551898483013778242302545153651447950458323854521038668999173072563680293032103653894199677503367802385869825891121833185434998275911940320121711773851015091128398046"
"-23/100","2.3702441486174512840535088625102695403626107132258052553249323652666054038563584440526450591748058669689574449984638668654590759522707554138970780820643478797911633406656717707624149509347119923463497285921885144720696045925007169230256272771549373296158402145879129758675730710869114787264998593526449388917863112250180204007534723749528923140521748772755162925968415906062380652444849762163358315085889239826696923467187258081028879472113333096859027594321738404517874565685411291928706160777754546290388008915205673425485340016787589078958657476720165884827690373012932871289449526"
"-11/50","2.4777653313159944313056911884032571667092367992794709876880976648961681260900986342973751424590865213668658152250543647113433454317788375795711322259954925872222504388645583253416546833089494083054130378423067073726348000970376629170439652626430841371754080472341563853116106232870378877631738712029614354526128676661957183172290592190935363058850610181981813654118221377529343300929800279790618026199155194599740194475284141250517218370274238384705296527701290867150053310128679087551019319206166473442372422157515025507652737682610171524112589814164308497434805586529712665479392996"
"-21/100","2.5857516582857139646366295360161744502725537034803465511619577457159456514430924246402337286489601339571385129721692423666552344396997630668431597841161900891737226674755070315130307024459634550435012268021868295708667930769366500698747823643873641742947380043836402383986401123736050192732860329447888523066816172369006331336339887490095376004116112276565754731937863572374721887414492270931859519836046880629295549740349824520058727761196827321510513507454723234417739271344558305241706363258294852769364993703240517101044432938105056571153835686980812318849916820703252027036043745"
"-1/5","2.693859168930627414338961600699224218297406539028637796021655992930842446597294142258610077162689768721046248684430900852802712914899956240451042868559685252530586105446954347015764703501752512981528537757753568521118450161955755321635102954237423291250569778617509298901254693036303065763287561590337301122281826633530017357999670953281045344677821610829068803681744280859255779747730067169611204970080431911471632409596621867271218613667854334042256044793385710957552369297520805879428550561997045517508999452923481744949564135273705455030099293748946836080377322225194665477510848"
"-19/100","2.8017071967805658748749564566768940477066722057067741098111756327788478650095373679005463922775123270518141328389987957503719483861170000221673263976408587818797631598883931098803837563848644604321576395312915041614798784111249869343992251232620680573458483195406177450545669398796264499130216572209027113919279969776117540730509931413882791650919980730611650883238756841596242519730634729825634306320513585592763655024316629551220815763797972440372556334408933943868132419983020729355318173680637408001475476246017450828436787086100767014772157361748072020470513128860711528981184777"
"-9/50","2.9088782913761200956294120422136575290308006666143583760374432783407378458701846276470614581698547104432219403162962702432565240280298124958858759147382147039532624971413319703447896243933528973052836705462081667959915297939752243456635535643886179736738733522365103755145272525216924375985018614862171771384219395146625579551611458462928089176278913952806095265487841558657762970089042331085948514291554309075849392467598671962399427415088323334638793490481257824247868547035014989532040731678669183669611497441335669039859023713587349815029353949883640965100961624619278755402623744"
"-17/100","3.0149188548442919422587430393815246765870503612133300142235548112706100794922500990449130343368455642306379001309633736284292290033646951709635939191809225565005168982523300088098896263785894232101321459449281531682393547870220801316078205040057369512464333367228344002176073022807686496992714669635919208613437209322787450596561922705628492400928786764250533505406625487492553502351055167223126098043015161443641906011957175516697809919505925587336927833245123129055608323295087651660329450508968110829845395549022095661451310288429610043036752983264676004434989042703302290804563528"
"-4/25","3.1193406057945035168984234300766586232349562819259879906453534192224432981650143612683436602456527209799634349153723038297153106477370893056335688578721132706011308964570119886413121803513982146654593879746351937253614743642885549184374438963496089881975017430683098075444176864933333190327587921220811714761869313185826549004755849318478917039616289324045212748760341044473940521434932063565025141884221268897509951881553815098583902839078927403860053194678033899149294422652426551843566072768198051001802567555282470170019792487175235065647927006949966195567241199765247266455573225"
"-3/20","3.2216229748939500582731481441517264429446145989387098992911868335783761170273408875617384775084613702390470537689273249210983676144483186528654406106281338130850340054629174094373164658653473538697217092976699990594993108284633195762133085717486729259242489518778606917310715302702348902720592091959713649257783768034876271639691760690493460290446153915668809074473456236811869177488163540772939188145190167409845813528335302661487236720822400258910634808968347744242964317699652283062714461213649561933911508032614418380485144539982772251792936012875569819831999938503474314305421205"
"-7/50","3.3212165210697230034000877397495511144233283175513919624800507562228443218600838071486086034417906891824950268346309674729095901799656635395473904380438877066322903365308428429461262943110676934028187098661278346660246801195402597941371067892592308817934399208930914547713046636903343125357847738203926359717279729614928980413103466200807774652123799141084142629734417066825079939349795027668076710701795796582545952633124321922998402444461470464197104031537667596412490039229308855372964657743905490372149131201764275605721952027376526821324194488098681487666374460631702545116157074"
"-13/100","3.4175474338934505020796834152448289132294028968864643282421208773998560617607233895852000958482162987364196826329865599706011263117392769251413544908344488039329448961684404601953920703859461896350642769081045091768645782460007160889175383179568102210382487412926770197587364476316251203196530804938585814199100920891763158561932295591347796205510997696002942431866621775729281885594869349215723292650131585832204337538871881197517824323519382092993293843459978413463018419180901320205660945160187693318897374753970535895019962496548088292577000473269486369309284666316300391257171385"
"-3/25","3.5100231558935353350294791323846435931770335527019313348786904818149959528472747525384253507655747135679032768964826854214659032196151373348013176350167444378957743022519375260005897599902199596045710582837561890540667806481932948269255989850992556345555060969146491708638874517376156641468612659018258843921543589344774997027343715324966966078737312164908723340811247415085969390401039601769278392147083205675094395148818101229934035534012429587867430379326414873057071714967329609697768831059688333228857686454974280161343936885519617850010487126454917168684706350305007759569592736"
"-11/100","3.5980391184343134315210156316407682458718255766522886879887342163096707123349158498256921340522538185873453965643095862472535275671675308571472854897059033501277039353220401267506491539636680311553439065845303810107791774671553430020986534854717198638237183180556889701325616401075082502532902587484675192337483440479579052776704136853667163095286134035594252810858130313106180122080246414353072454706929355223463946333446910401885850594607184865078801655257310007353285433305725690386056388241784716292346461532891524616766088898358835215717826994270082504703854417753973793862596911"
"-1/10","3.6809865372361816028228240818773966667649005004446967776396988306974095445312830684079965451151920676256528956283957010640541588717856069899875641447503768993230808013813178855437499684564002788790904263955073065780543526431074130948374639787316932499441880603889731603809528439029648660415562044725219105780195555206864317184869077115821463044052672838319857199592976892243250128983411819868039251226940193836202059283555990767462629207646248134942548823330773662975722877827609927912025783551322907831615141860872023680934515297338917701467579850109612108942055235403318948939400655"
"-9/100","3.7582611602435263969858431285763257675865176019612445197475448307664684519650734810176990129016603995061074706095301833847452509600272240986144329097032587157542939173188895058861784991550404047703504942584093806506928724854609189338780030656009047884616852986092071973419560434094692283938512378695119908800080567652780169269462120796063702096466487948556508395188733007395210599940801302697486025305914974798978846616009634729397183579949773947392016496581483365167740310901978949800871487655983188686335968181950392930401312015209529844617586025151118647977771076390915945629900789"
"-2/25","3.8292728039016727853019078215704456011635126738844132585716333974514638875206356047443957064906080883806045985494672977726087658910474084937738728224936891242195508142407415015729531061306841151883020862492552235213731016330155972135237550932901988848619990265523649271457246325198302129201773520138754276242917567067922921765415530168642054569692087276280173032157075988478713731278900557117772749148666322804708652508208384089802346480685664674587906253085166641284777016514741750968592115346834815565846485544787602153015818573441825044883760251236890747588478140512760216233291539"
"-7/100","3.8934554573208173491975368285948015176592900849928335898452734624656576419264347330380002110794506683523482470750533264381316026609684112531279902553994419759933684492372672292806507130977508814354454498805782765338181806530056285549568010197599009296105739296661877711472594215844983127523332879551322790842380366134493407978896661717306065179064355686920202949484220515025662071678352880219715960298221703079013916994083179688318947342408371729627331206641159591347864366221147751913910597973140516643684977496502298527923875123639785702369940130474218642825729058889787884109592493"
"-3/50","3.9502776812810211888326021447710845249848487242936022887630532118615432104291462074359275651402667837611586082403634926625874912101305169325753718768749303426656559740823948867033577676389834275658989802521098182866751452564497267112645896429306270124585625014000010487711464750763391770441061336272906432354157234799768458695612169245373704367401715859103881320229602740837851508980774119470035696288695555744915939196762523002894618380593705218188047756338784679634257961363775770585460983773831279647474235627964402780486678329271694313568049672635887839522615888024328652370566663"
"-1/20","3.9992529849412715421119858363512942981995203267248311626577682423097040104913949298949298866955189838197313862411196112841699163011127030362065002685930388458452987253037927762319186581139333685673714781845169519332267607178663370684643168443271584482236584628221852182324823283843835173958834471763869407600582177574701451680563693084862085219724444799003048486803474448696372724420234851933055086460881536149712759234228870993030241349643254063755188561578015289242662883517792897404276035319620763640759819636343827369894264930188479276325526954955374053274472765788749038484761611"
"-1/25","4.0399498318200459036589191587462543670404593161690783188468524622570480103099298705258298607373321233665322819995039945507224400334060499743239480352409022798367121202881442623216102338317153449739688517375192961292905692523965271795341463459022786911004499821504331316709187336934614086724263030391779223356315025758203511494308225742437444502327004028020823625729913653254326090365086970690190189127964030488916560021852276301749103459966541041842910251536452640226771587283143333303457403650028008318265575883463202289915930486473906823184597818757448154495710536913053742135976571"
"-3/100","4.0720009120042164312486239722841278123568917507636702947815382939891143012383384556558499106722220483322247256588572038588593640168420325977804419071405145567347678549747536083869375031635073206601171698657455116711061740629728765345326073304438992768753106881685055683223691881392579490406885064157183230329127798252853808065738086793158359005914911014206812904180816740145198698015020242164248122079236308001238516451727517909789346391624302621790432182378473713682495137880759035165328594843684006889673575513878676303540176021873778418463447518487390622005017742701029519302614336"
"-1/50","4.0951113225486549879334543950489548553039487304244496249182046392847582436988177831726174243014019541948506982974529974294296953558959354716663363397657643350183747988284356951750311906620534521406144779726822924711886507999944427450035882807587891412114831185142643449472279916909454575446388039565541640424785600534356160838089836564188896737533694981852538761215259976513490174085589129400602553696176496372066904222164227971186188950667263843138966443944024894118937848288890226013796905979646265014826851148481382721449533789793571200473227494395881723144466202756271671732531088"
"-1/100","4.1090653241823434576982081725530071193721693249683836214229423644905788492703903894237997367376693545234100303266416642433406355090702681532345317840420022150206188172058594489245309328041993350797702738615626486686686153657087556698337859772676657286138061432037448837310950074708943013135570106131448431191402866260218717677502498715542620973882471159669471809097318800245775893040109573735205098413386153458216191334464465863492320971096080016336657010272205914134289894551378397648692776521901563549801566415103684118266394013625359400735117631184313609315364975135684773464110503"
"0","4.113731389545445799440351847909536226572452646466786576855803152599955683066313607620272454048360236984674373769213637520742669770873660727657421611522121321209618867044617440523256548976072298064557334333400645677710165311051665603214921275506216828136901553214981816033299774786382618553518536915644966523217864070238858668619906864826924199513177949124661952234795739778282139715502371830304428932993523320125286115158476744162027513300311520159783291776930850285966468261039572924283416352859577780942672370368880214782683984269126626671259864189007178042484979839896798913597956"
"1/100","4.1090653241823434576982081725530071193721693249683836214229423644905788492703903894237997367376693545234100303266416642433406355090702681532345317840420022150206188172058594489245309328041993350797702738615626486686686153657087556698337859772676657286138061432037448837310950074708943013135570106131448431191402866260218717677502498715542620973882471159669471809097318800245775893040109573735205098413386153458216191334464465863492320971096080016336657010272205914134289894551378397648692776521901563549801566415103684118266394013625359400735117631184313609315364975135684773464110503"
"1/50","4.0951113225486549879334543950489548553039487304244496249182046392847582436988177831726174243014019541948506982974529974294296953558959354716663363397657643350183747988284356951750311906620534521406144779726822924711886507999944427450035882807587891412114831185142643449472279916909454575446388039565541640424785600534356160838089836564188896737533694981852538761215259976513490174085589129400602553696176496372066904222164227971186188950667263843138966443944024894118937848288890226013796905979646265014826851148481382721449533789793571200473227494395881723144466202756271671732531088"
"3/100","4.0720009120042164312486239722841278123568917507636702947815382939891143012383384556558499106722220483322247256588572038588593640168420325977804419071405145567347678549747536083869375031635073206601171698657455116711061740629728765345326073304438992768753106881685055683223691881392579490406885064157183230329127798252853808065738086793158359005914911014206812904180816740145198698015020242164248122079236308001238516451727517909789346391624302621790432182378473713682495137880759035165328594843684006889673575513878676303540176021873778418463447518487390622005017742701029519302614336"
"1/25","4.0399498318200459036589191587462543670404593161690783188468524622570480103099298705258298607373321233665322819995039945507224400334060499743239480352409022798367121202881442623216102338317153449739688517375192961292905692523965271795341463459022786911004499821504331316709187336934614086724263030391779223356315025758203511494308225742437444502327004028020823625729913653254326090365086970690190189127964030488916560021852276301749103459966541041842910251536452640226771587283143333303457403650028008318265575883463202289915930486473906823184597818757448154495710536913053742135976571"
"1/20","3.9992529849412715421119858363512942981995203267248311626577682423097040104913949298949298866955189838197313862411196112841699163011127030362065002685930388458452987253037927762319186581139333685673714781845169519332267607178663370684643168443271584482236584628221852182324823283843835173958834471763869407600582177574701451680563693084862085219724444799003048486803474448696372724420234851933055086460881536149712759234228870993030241349643254063755188561578015289242662883517792897404276035319620763640759819636343827369894264930188479276325526954955374053274472765788749038484761611"
"3/50","3.9502776812810211888326021447710845249848487242936022887630532118615432104291462074359275651402667837611586082403634926625874912101305169325753718768749303426656559740823948867033577676389834275658989802521098182866751452564497267112645896429306270124585625014000010487711464750763391770441061336272906432354157234799768458695612169245373704367401715859103881320229602740837851508980774119470035696288695555744915939196762523002894618380593705218188047756338784679634257961363775770585460983773831279647474235627964402780486678329271694313568049672635887839522615888024328652370566663"
"7/100","3.8934554573208173491975368285948015176592900849928335898452734624656576419264347330380002110794506683523482470750533264381316026609684112531279902553994419759933684492372672292806507130977508814354454498805782765338181806530056285549568010197599009296105739296661877711472594215844983127523332879551322790842380366134493407978896661717306065179064355686920202949484220515025662071678352880219715960298221703079013916994083179688318947342408371729627331206641159591347864366221147751913910597973140516643684977496502298527923875123639785702369940130474218642825729058889787884109592493"
"2/25","3.8292728039016727853019078215704456011635126738844132585716333974514638875206356047443957064906080883806045985494672977726087658910474084937738728224936891242195508142407415015729531061306841151883020862492552235213731016330155972135237550932901988848619990265523649271457246325198302129201773520138754276242917567067922921765415530168642054569692087276280173032157075988478713731278900557117772749148666322804708652508208384089802346480685664674587906253085166641284777016514741750968592115346834815565846485544787602153015818573441825044883760251236890747588478140512760216233291539"
"9/100","3.75826116024352639698584312857632576758651760196124451974754483076646845196507348101769901290166039950610747060953018338474525096002722409861443290970325871575429391731888950588617849915504040477035049425840938065069287248546091893387800306560090478846168529860920719734195604340946922839385123786951199088000805676527801692694621207960637020964664879485565083951887330073952105999408013026974860253059149747989788466160096347293971835799497739473920164965814833651677403109019789498008714876559831886863359681819503929304013120152095298446175860251511186479777710763909159456299007893"
"1/10","3.68098653723618160282282408187739666676490050044469677763969883069740954453128306840799654511519206762565289562839570106405415887178560698998756414475037689932308080138131788554374996845640027887909042639550730657805435264310741309483746397873169324994418806038897316038095284390296486604155620447252191057801955552068643171848690771158214630440526728383198571995929768922432501289834118198680392512269401938362020592835559907674626292076462481349425488233307736629757228778276099279120257835513229078316151418608720236809345152973389177014675798501096121089420552354033189489394006549"
"11/100","3.59803911843431343152101563164076824587182557665228868798873421630967071233491584982569213405225381858734539656430958624725352756716753085714728548970590335012770393532204012675064915396366803115534390658453038101077917746715534300209865348547171986382371831805568897013256164010750825025329025874846751923374834404795790527767041368536671630952861340355942528108581303131061801220802464143530724547069293552234639463334469104018858505946071848650788016552573100073532854333057256903860563882417847162923464615328915246167660888983588352157178269942700825047038544177539737938625969114"
"3/25","3.51002315589353533502947913238464359317703355270193133487869048181499595284727475253842535076557471356790327689648268542146590321961513733480131763501674443789577430225193752600058975999021995960457105828375618905406678064819329482692559898509925563455550609691464917086388745173761566414686126590182588439215435893447749970273437153249669660787373121649087233408112474150859693904010396017692783921470832056750943951488181012299340355340124295878674303793264148730570717149673296096977688310596883332288576864549742801613439368855196178500104871264549171686847063503050077595695927358"
"13/100","3.4175474338934505020796834152448289132294028968864643282421208773998560617607233895852000958482162987364196826329865599706011263117392769251413544908344488039329448961684404601953920703859461896350642769081045091768645782460007160889175383179568102210382487412926770197587364476316251203196530804938585814199100920891763158561932295591347796205510997696002942431866621775729281885594869349215723292650131585832204337538871881197517824323519382092993293843459978413463018419180901320205660945160187693318897374753970535895019962496548088292577000473269486369309284666316300391257171385"
"7/50","3.32121652106972300340008773974955111442332831755139196248005075622284432186008380714860860344179068918249502683463096747290959017996566353954739043804388770663229033653084284294612629431106769340281870986612783466602468011954025979413710678925923088179343992089309145477130466369033431253578477382039263597172797296149289804131034662008077746521237991410841426297344170668250799393497950276680767107017957965825459526331243219229984024444614704641971040315376675964124900392293088553729646577439054903721491312017642756057219520273765268213241944880986814876663744606317025451161570737"
"3/20","3.22162297489395005827314814415172644294461459893870989929118683357837611702734088756173847750846137023904705376892732492109836761444831865286544061062813381308503400546291740943731646586534735386972170929766999905949931082846331957621330857174867292592424895187786069173107153027023489027205920919597136492577837680348762716396917606904934602904461539156688090744734562368118691774881635407729391881451901674098458135283353026614872367208224002589106348089683477442429643176996522830627144612136495619339115080326144183804851445399827722517929360128755698198319999385034743143054212054"
"4/25","3.11934060579450351689842343007665862323495628192598799064535341922244329816501436126834366024565272097996343491537230382971531064773708930563356885787211327060113089645701198864131218035139821466545938797463519372536147436428855491843744389634960898819750174306830980754441768649333331903275879212208117147618693131858265490047558493184789170396162893240452127487603410444739405214349320635650251418842212688975099518815538150985839028390789274038600531946780338991492944226524265518435660727681980510018025675552824701700197924871752350656479270069499661955672411997652472664555732246"
"17/100","3.01491885484429194225874303938152467658705036121333001422355481127061007949225009904491303433684556423063790013096337362842922900336469517096359391918092255650051689825233000880988962637858942321013214594492815316823935478702208013160782050400573695124643333672283440021760730228076864969927146696359192086134372093227874505965619227056284924009287867642505335054066254874925535023510551672231260980430151614436419060119571755166978099195059255873369278332451231290556083232950876516603294505089681108298453955490220956614513102884296100430367529832646760044349890427033022908045635277"
"9/50","2.90887829137612009562941204221365752903080066661435837603744327834073784587018462764706145816985471044322194031629627024325652402802981249588587591473821470395326249714133197034478962439335289730528367054620816679599152979397522434566355356438861797367387335223651037551452725252169243759850186148621717713842193951466255795516114584629280891762789139528060952654878415586577629700890423310859485142915543090758493924675986719623994274150883233346387934904812578242478685470350149895320407316786691836696114974413356690398590237135873498150293539498836409651009616246192787554026237436"
"19/100","2.8017071967805658748749564566768940477066722057067741098111756327788478650095373679005463922775123270518141328389987957503719483861170000221673263976408587818797631598883931098803837563848644604321576395312915041614798784111249869343992251232620680573458483195406177450545669398796264499130216572209027113919279969776117540730509931413882791650919980730611650883238756841596242519730634729825634306320513585592763655024316629551220815763797972440372556334408933943868132419983020729355318173680637408001475476246017450828436787086100767014772157361748072020470513128860711528981184777"
"1/5","2.69385916893062741433896160069922421829740653902863779602165599293084244659729414225861007716268976872104624868443090085280271291489995624045104286855968525253058610544695434701576470350175251298152853775775356852111845016195575532163510295423742329125056977861750929890125469303630306576328756159033730112228182663353001735799967095328104534467782161082906880368174428085925577974773006716961120497008043191147163240959662186727121861366785433404225604479338571095755236929752080587942855056199704551750899945292348174494956413527370545503009929374894683608037732222519466547751084796"
"21/100","2.58575165828571396463662953601617445027255370348034655116195774571594565144309242464023372864896013395713851297216924236665523443969976306684315978411619008917372266747550703151303070244596345504350122680218682957086679307693665006987478236438736417429473800438364023839864011237360501927328603294478885230668161723690063313363398874900953760041161122765657547319378635723747218874144922709318595198360468806292955497403498245200587277611968273215105135074547232344177392713445583052417063632582948527693649937032405171010444329381050565711538356869808123188499168207032520270360437448"
"11/50","2.47776533131599443130569118840325716670923679927947098768809766489616812609009863429737514245908652136686581522505436471134334543177883757957113222599549258722225043886455832534165468330894940830541303784230670737263480009703766291704396526264308413717540804723415638531161062328703788776317387120296143545261286766619571831722905921909353630588506101819818136541182213775293433009298002797906180261991551945997401944752841412505172183702742383847052965277012908671500533101286790875510193192061664734423724221575150255076527376826101715241125898141643084974348055865297126654793929963"
"23/100","2.370244148617451284053508862510269540362610713225805255324932365266605403856358444052645059174805866968957444998463866865459075952270755413897078082064347879791163340665671770762414950934711992346349728592188514472069604592500716923025627277154937329615840214587912975867573071086911478726499859352644938891786311225018020400753472374952892314052174877275516292596841590606238065244484976216335831508588923982669692346718725808102887947211333309685902759432173840451787456568541129192870616077775454629038800891520567342548534001678758907895865747672016588482769037301293287128944952554"
"6/25","2.263496042874748007945542403548762629709758683155153320925245905822632555414988844979523511902452052020397622955765076294540915630838218340726234505272246951434300785528756446463354670217982459081067939805674667723974636132192248537366244414560808003409043152500243719179377129315172366841711959084997842850309584825434607976309956282362176467369797220907951111656385436137122832660622169733188243099074530617591420848355189848301377824230254515365144795045832385452103866899917307256368029303210365389419967750336780238586982589112183318543499827591194032012171177385101509112839804566"
"1/4","2.15779408448179474557372405748993554444006950436334929860239020498307988113509591344676679890684464509801805233962610378969001303955885855959823132961689513588586790231258094193255687673391276651028103405429786842634450133139728551303372534524556115063146143007928612238834263558172250583314760536285518501081246275187032607605796631257247160813442000626026717023419009759546483891643302312323610876929208205762092949451789379325907948578901769484774524069015376702322460901341345024794679171606039027630987971031528733126760840413186495114565207668375534645304681934312779780954575404"
"13/50","2.05337802895837588275221407225897513804040710621064110683815112146318014139760551242757848319080489080156550372305409723853857008536932062550466888191590075117865247005256745301877946376059472400428251043606131423130397457007807622306677295666297476518988881458703837804094050798730816446178525431058164905132872586888459251069754375852628597514909242600924044114355301044430090145691668012717043034028383500689488250148329606230369921136699391849104405242686705811570892002038760466265715368016564597126724238920805257890542880219820954492204032498001624770473832115412937712549399618"
"27/100","1.95045614919562791617071767814808122407475686407008624632674214088514329043419397267751451386985360417334242088784024610909454896767879076875067525808332926946411255665300296957796088550074307475358495481037965990441808913399110272189808358541978348935855939737627744449169025512722315207758764473936980943417619990347890037600773659216087213082390524172660101408316983801578676481809576559324321560246371597787233887206767676608506264687872869202329747310117407431831760609947121854753532753209054626445048870778254200250172695513127447840077260635474194526991139749734103820826648366"
"7/25","1.84920726604565013446726453495324341072386321613199523731199876093602629229039087821479086524647766893929999519019541211398874674199706044754284354519363815369105603340073155710264749623093381518903678313311463132522022091849556342506153524628268906940262631369440140176544696037215980463182226245765413872487443921983684749766045063271944308344384759203346637218361719385434576191020045425247796354532063196623552346240958501455229337311393934066572592253495548439529378809474601534301217707836510034883952091917156528451873579741300763590975195775887914501921789325295447252010618987"
"29/100","1.74978290202212733445630542254593413422608329744629787004371723741980761551947557548345989021949952328691413056215700109391793020045019931037271842564690649205627999763492172428569999724526020589085443528079325469104318461509141550347081419670428697794503916865804335045955055600132238487586466578621827638051726427966242211754311252403714269330375214161299711923725288144957961908077245796415162441969593660515553816705903052291439156874773796880271969465994865937254561006010024470819239119648679164573531151564992686649851529353409179249424679028938649473785411592187126407508463423"
"3/10","1.6523094942472245331597159785478216137081542158048252173210299225253258750219382325331473173288202437291987505962772120885225627344911159619603596952184802404759297941008248222983687862241707264893588439676076657948684387040611774627197289354312895685252596804875662620470408866291880857620824648629796936589226600738357895829417768893599699138581521630749514408054748212368498779661961346314565694710840200738491115288215977681610438275063430016344171810901254300946505058545908258847802112324533588442155901321965078987700787272295990496880422566240639910819427588129122066537670138"
"31/100","1.55689061377320623791052326767792796552003806916071201630750478049592217846326920668224693940501596116826887895878114774968689367702683443776579412394021553424759357774193911177826568783710732805966585571247190124150281011594501910897977276444636533445835856182957357573556555417322052047262077735525780556312923232390829307716343404624112511899847654202905837797143618695377312092864486341146728822510689864754231468755128720349637439701935111897003110939241234768764465756661322204157257667442865003847187198539242834635313970418088547665047988836182977744299631942473040608102200187"
"8/25","1.46360914867811191110407151365685744451534339195901139647045786066083016327170745504525323363636579334302498310272316272750077152693505364031912397905766354616390209811114498224659779627260320219259595329942988455518970561059716213359579567814532303329463521284560135507084346865770226982159334298438160248503852327750640686371104665901122166803536026458209473469311708790960658942514255905091197335539588686569796316207268569161960218191677713205803821061521043867041421318615212253660072023213877671107140910349722006885235214247049709965437505590007563513495314599591620811391991099"
"33/100","1.37252941766049320932521083039122650553306165223015958482083573818344604007667083601862006458461346589674823169878848494760619969474704935462816470847284852288419795992442911153100588145879302568103693217256099395124884410532551298653216650604769994210460988216782728260271813956194777160653347224968962197657895133168156323448662805109167966710483420523490382616073605514976592468372376210249847123188810309310342461345893586559498238428288036887127585269316941732634303769873010060107109070953493701967276483890859471422443211207462210141295768446783541038719380042102032999532801059"
"17/50","1.28369918911748042828995569167284227462819356779936849069946631608475851348365111528257963985761032462380560342402021557288681466558328497902732396421610714867341086591373959539368860731420703999147597042741998299376911773382544522476454775536325268833643167689606920674174384602399651117511770012944121411649840122541253405340062414957000007142780311613597799480446557006064018765955447332735704955479922368622607586813812129610768511031575386849020486632528367820360413445992389545611664572846060258376024886104453616211665787918171936872051130111472181680554685126334334378877096587"
"7/20","1.19715158784156734455260793795535924198708303558381199323691928626857789346929449141754115679336925815473039206185072207399509237373758421044561450279909554482050885321494782821796864550450902927141907694468219007517839518851419909123918267626321539878446870899397491820237082708772498452455039931365737220250027930234543882929789116368090193949855578364149108176459640241011980964344860593542966467044947598738365764215193539798358998337219434539234137954763373817020391574858139203873269632417919369819334397227898947611227444277355771765212314433946788216207116684847146826213500482"
"9/25","1.11290687753185735958950158234174477235655168275612784416698975314462340120651768113915150459710161333793575629572750441898136314857741949475043886066231012354515737978440375971326066595764218554010152982685917451015729903646051115427258268831173674635578537512372460213826728523122302785099155858281745706371181291357077029095689510751269416903161644278019069592218242627563544324058913405972860211202644593613904898178668850898015035290421030265787602446490072447497876455759813207392685130025237052634754957944967646175077516343371854765522981391611431429857051762380577231372375549"
"37/100","1.03097411234385345607217071428653864652626316017304227374935312696659509202584706642903479214033959455178153641126501421413263700377707338699085015928654298382550570228340404811738668710506053997307218238581172104336901397124918207521279291418109140151777291142262017212653561565641649333832826757018664383087775316511580023274721489434441039271800227845879067590822597659870929117651015348904493862877000235022693221460006720852859893831405022429535306037627714500600337245953674692240411775169395104838301908055691870154537973803367114791400534134933018999078031445456773426603314119"
"19/50","0.95135265478362111218980659723507257503669430663956138898440894692760070157580347478528571732343668724072040073384124138057269814089367497564081062276407672635847499293506427153320171798652137808132477653578247576859390873705506402903874527537198393604492083126875370354937128597796882502276913223853845054303753799776044779796799764169771153163343896952421049331947650897081130897380162349050838999452231929890677250691173569347195421071375720133554391973642689885136601899457849880320528579487494297692677824386651953450318835567871940230686161819665711581033563140217222255670324881"
"39/100","0.87403356048768331160083142654007555053174977711952869373147129913668292057401416999074349581267820549385427965135100492650403136605495543539486000696962321574534204304872376036361918153944446532327217211142422307591218486661733836472298270669248557447921082143917728086152611924090677121373025976748699177687516207672221717921637693672382442348872366024324254902198970144213153474526362446686963574496632487879853140026852313704081447350819804295778516758915447114191880981876558077349714565373932615994846869703275444774134119129121382762064885463135307029755091311077228834824294233"
"2/5","0.79900083292572408762244940527350552534781794336749955083262364811934469049029542079453339560225669728625397517981414686074046695789276129658830787501783620901650876770338249986344982781835129577868837969589943151464504074972685430919483799267696898237419614348656181884272305532831472364694697870296548457638863538971172012524742611307012893578519103212666454667689467561713928050601456434898247889168426131915056164508360616959279256431807881177605032517382988782083633766041080918778089737283485838656860087251785991097857343734240054403054544622854649694547025145279902400554062871"
"41/100","0.72623255292503646324604417319028215168768599897859486257261640012165573945088887886379614715666828406645146151181998164952928150137522226558940004139621047396835211094752862516736029811912767028280033763766646438070251887332383814622350875418925446907572007589227467885485993286373455070604685451835041056882743959745813759178277901978814642491386976422307206655611770271225120958051282979096120908181140597233359675525575244010457093665664973327681976485545659744873851696443714507012282264455455559789557077561838858574268248055058332412923561077015558203524460994148435777301081703"
"21/50","0.65570188924476418431939507714932800594175322938030390853004669408159217803457204893415390242045473627314657288049800486659153721378063869061547914710088170384230293579916341042132988691606674809254081473812027964599978590742384488712946736769656414901187755409957422276382150331952954522514558999135169146719295807883103296796267180748428280643273108150984401266729437860004696099460934384334069715850900111242288126139254193846790772529410868296625200071687008659517084048822802397040881964970862621784189870778364223154250339895459222870267267410994953398115573257793553648661683035"
"43/100","0.58737799731798557305440265397169239881312639249638188060346866459256011868283431497470959888545994461409386858799985679962973705354165011959832407160069433204287656628081318495110281950750863461351582660013595939609686035451478039366352706354129940781849900999854551638991510737362085356709928191585900327432275825778648804010537757249577735511594941162822913427133744854303835189083328656320323827314698395338482753824544854786344473787528951508092077036200480825172118734840616353651502256586737934367008714111369515510910615590602303489653734519237053437605988900617647944049586852"
"11/25","0.52122681381565557977265415200670290893614065283325021922477201666512580679859802950914849698496732187107259214496950977443682506893048528276726784414581570810752201735790636745172601216065844045609191307444010802836625658629853590658926393014710919154327789799588553057385907043856485582910459489656490166694980832203359184240589300242920624420941402183594930879422035932714891157784298026776836143824161330526827283714714141136019977506324049131601912973332294451464600862313935543563601847578631429890361322794489588136583637060283169419401706580844883744394394345246250003761876168"
"9/20","0.45721175494558780604302046542290024064020877973691741676521900126760698739983227822577720686185676782173787474455749149261879732990668322466078701927569259342538419401470811813204569174916078146288681874385613130638917047466636241362038502108718951997367992072386677260793734229704176905710846475371737818785326899932620198411964010603749609812201246892146167398081191259437381413520112415564039398388249344080145259645602665784848441162878731799533420660173202181170556712878828014476015714373909161743064753238939652200377453064252863204472376598387133988734399164242579121894803772"
"23/50","0.3952943264551379198589144282646410912902914679920440858852253961919598923821678308809588205878570554771577489827232955114198191488517446331866147944916202105995674821887167320684271533143208481681109382999259082933311975571802656207785630943187972501670308112800763414878786304032380685597096279734125930838084293532231976236754048687341043464416186360750691361477483626457665124069831743955056403846698887320906056267276512293450036766076399099824438623350280281864506063482945517666234223591617098700776695998250348357673487025175706713699646495522756564587752547465930581203710128"
"47/100","0.33543465323884556910289342931395379863862290770376531039531720714787530418016293083788304361746826198402744617562615985058618454469150490323041484746000481455762886506948102706454855124296581118238145211321790384927946066626479798949599129191587569229147086670550705508820691481621409244107676805594153037823434814208145290213782366922999654718360492106243153220763158672582372619511460430739146794258283440150372705390582091360460957401268501865368435630216846053219798992526351136618002010615670483106246629840332707119065267382451166783105706800036780205657169045808639113825522439"
"12/25","0.27759193639002881873115959485620987602763553597776855641513776808327180794369143936418721553359994285017419172777099337427447929580074908672101511761646000068999438072659923910196218949829582749448947247948911320075132399136763396489752196064978170787922768731719608420244187504944214232205113579185855107028112991703575528533680396591905073252779003405728898086387678651312712543111763148807216953569940729594774282267096515656496946183097543406198406176685577512214875700689827378680335495549110468220526534327898343015781446105955166379199988107797155739801745652564526947940555635"
"49/100","0.22172484580867232817803127481571087734106295171530779106844475886823378263723192998479383739231475348747580332107491335010323545392004161035689930056776949092875625340452165091692588540616242806831787117434492921056562077930022152684499599342531513363586903154489407108741824147043678526072902291372712180621490791562543340893403425164055113801813258419385099699898594302739739535836118030816721213952297786148432814565725326629576158495637917577484906016804033985595418074688712846696080860583020457187296477685403270170161625140890017028827582610268344192715960231229391068441294621"
"1/2","0.16779185837138528085641046973482844970549568232878383115898627752201813073939693126522449188711081117507392734239134546691369917568304777359987269458447447894392279227882976630471924027460358173512495318844109615996115064582902971558805760243457985091668801076119338386695053099900909593189977434923010758048931444965998058329338888033264862988114296503288369394024814982037343773742943931890377666580508463489410233333820867079142071855271338458737023763560015644935480911694089677733239939192308168823216066314031148382304650576781982955030753523875823693695379848918785658310334899"
"51/100","0.11575156229979850943662172409741067144815757075458170891409737321893056508723961867289409999891066319327165616007835029243327540840740326899156191391125559190801830639237312430437572990589525122149096931484583843197407168413227724365021374223246627160158378149610766182887499052984552783697773694505871966422619852571540726341711362436760911149179814812803382837897071726868049707505701963255894291816944416963972893326602982415380233576899494562985891575632583566667846901811822971636648680672385406110574214270523142092365642064720419929171318500480078701639270950822019029761072487"
"13/25","0.06556303203440358700666663086315588523458309850943876426046845015769940867047530406476690359344544882618357663015713026449981284010230792680423158023244830115799081420515289274489995925220550078159990588370504527651305331618913030900478758599019817433195511287900067134640197992307255788937876125431685880811185272428773567060404785621271785450188114422145395432906170904343985216904032815384454375139674268050437954101019712891892471610758143377636942102038580802734405533448236155559940413289608802063535458218682403379578857533721329231589814647665982315203504284136208299401671609"
"53/100","0.01718853929058252519949942756196188013699505232609618968611745300148016440858419997608096114928909772609228919801571219436880338543542234489093042481404475176789838145089884443105389690418003339493180451111892816967281211475955894056375123413940793757119246594657360029540644606616228592088726224265058703733158197461686874770396518158547317874016533767052468402030466537843568453572665232040507517710701880708843567398168907180344227010380582013245200510509188193782168660167707601384363971639209503965756452950242692952982914280138787185573276382894926713961726916324115079127226557"
"27/50","0.0294275835559620889249826053917316125565981031579041406819711989242393507544012876950596627689998739723400952037830610664076753881376977774907540316770244509063107223457506659703822291533891812434106676160317661503791579994091590823705079271021221551478997787917098087419285926678315445867621694292547170064416441067752071941540140866710412160179045418994045531801647289334146234494498544229699782813060739358812079369251837044365256050523538667960675471455871321029784364187676648843250290380458827424743492927305787083495602491776474737923754202522216712099341517829194015332998649"
"11/20","0.07430202017707234616438433221924078903368532831715953431875823306468439211152545384320049378004827546145093678534300365888413371992521794482895600602876807985073105926185030957131750566382843121984442865482572262348541770355662223598029879273884157580493832474232613745033605510271025835809066412388747123770904931928461063832594355187849966533605100562463683332119667299434773058204440301829109196412640523234766282556298918815530197149122616105624914040874574940488669655108644302702889962763480947149805509034194962846550479366734564696498942153738472769260918464646837532745655472"
"14/25","0.11748488858616525181590171947543773389914114130673275998579246197532006265330493767252568729268322066758020838756924443027435588200842529934438439595746898859068821256954018926725977253611215868399301983812240685306681332766139420022528276161665692802237203358771297250642070448037991407983744870806742028941682630638978471625266912916828222401304215854011695830396976802079731335509507411913211371249054717363266002729595476926949098309521810458511265655946664289497424448140135769700130813819830725339691706391695171874174909165706342275926014541480823458859218048550256580610609949"
"57/100","0.15901252045885803990301167167177844190095725718996235043275455884701606990797928166960720179984619388239732590542078442052111281327602990891871996121513776345333382185117422939777899832931829828155678133558481239486412914922427852682050429187577299123861418827744372112693827966245099874582459277831529849481205353666627504142727475966845131871253354382740011703323826711490477051725496498424466158835174893538357259158966596326253612643972673577161893843659910707443893647818457854219944818336185862309576630487777100214131200524016140166322785493783085546481818676521584816149966496"
"29/50","0.19892129421836498359133279351961993809894681905005002133594711657136009893494068349500866626120469149084690425629322185376636150829637695779795067688076820340843609727429577867785407117304842124957005912849063547807497993080333827415694213673003395877921235698476770652130015805104963794661791545377564004220268001654262771767941815970509467177397140069503092050184039300920099854640308988389307292558783475047183297892998640842317569102458702628362251926603373362829574151490501426418453237982943718520353002807980013712194730184251868411034731175866955139976995068312729820223017811"
"59/100","0.23724671130364446622516934131662222202773409063972788231836870918274119617386024139141051145638083152148041525608544187577848052278868632054859676332376316852214257996298240004615905233329669798394393704744414938515517866419584577012767132757973569575002008311582845874834685828846455529538185576997792215036631322290542706568556213099795521025881392751090812867603377725456722741078770128206606147864947015834228812092593276634129251402676147136981839555266260279575291165971440781657569601326043303813760825588141844347788875790858954373615873162292149719754161970367768615127038141"
"3/5","0.27402329933098549032640508377953212374904231769648914777310451234496901795488394601754301333643522806125185229924851042030339850445540959699579596970030912754686319841557649500849152279273118563153481285094779479789215606317669861906666966961105903399662799312043909116184698260397140033201590709596703780041585988528004587783828449658724133568262460914023226751839195774833825347084463360806575127046240151068081761438304530611334559622541112146277725756747435812208112040836107234629334755413748093227951297411612821570073071536588130671146637244453277568120716180101858929207225037"
"61/100","0.30928459612320548349692229860922186195629654914222576180976797676655284133168647278130984576026561785642038446465838826534775181406065267750236423285567466855164763481829058689010642378933359743838575177169133480631336762908525700167711195637780339789482563609356673117944255148712777213421671899956749598389586569685795096982937658481818185254783975400393685993447184915040958980233575851365624880419935631455095003896426967753699860379516289670871131643054599198055562336324566026691764844436459946206426147100824215030127597742643142088794228518117568050141004733073734301018085971"
"31/50","0.34306315773249849728451794739266612100061799830686155782334809060628345872691823314918953117085153886022683728799135906495757700996693005159285527184606795966806576995861200966188853155859800102451164111020382128638793886315105650067948401182135150207665766360324815765049865084852725245846695021383952931745961333527311841451853028449007895190120700788991380230350311708468265392431290003340661754165777146379018777915210186951872157063121844665629955605347317735836140463531530921010419864867686999994886093954558952180218824855819891506301515075235677403634345640829365100699495676"
"63/100","0.37539057926837592427463510812970499061023806408216724355753903110751760616321389298786791156382294824810289000138586888770676268798580666389053078532995949205535914432533714100947145157195038636654146769754636287650867124856482345160225993841924120798033876476080188468079345173280512311149131983904390582350781923270134769081259319246228827362332510271552593488874024001589100169641189271710165433446351164078347365158313483969428819291966604388082464901457461080373060313312733300127672287492277045062602007445111956590202904677380580133413306176057865073305702247974750185192445799"
"16/25","0.4062975245431960463285052402918641889506467827367634866518059847392875048276759569058854550488055534179479457404605265616822327971418766988644596778006895226345623078856274737205956179509115404772752184094418197701328138718337427451554269864936673117050663731822438871262579133486072450910737957331773325971073733519331553057744781884744275379764698752051056027197151412693217640869479009987014132056347282002152170557384722885966354782735410344750002299724513772065554341365952292215164966595540556732456865295157279917878150429858100500219140824066285655464347162816400491011606415"
"13/20","0.43581376232133795928486127997096655792928870102291985131502956866908398640410757504983365996822399221293061712923313149220677926932829331398188466205787269325682998665988057377182916614360310385672752312258693028283224923283680263058619587745170109785062524942689923365883004880569676663693032107356691097856024444750517646348433045964402449853969241326116951594141437137324180362244975495794306267671597586927039075399275751653582589517499827976900308381861920242311256120044724741245709687664433688520364011855538236607375558541396006593365801739376530448359963438994346676291089654"
"33/50","0.46396820758493367270935504922641705230864555405684709621988074370834965031612020037853771225854296424211394827398433433015332267940362090704581320430447876941650450137362923968626371169885833155205209199861354539548660853153106877797770447044729807096746966831396462240334604542887409119110533089998660418850474645336026715565152289787545064373451172980678079626189772721223219841682732093675422797160483370685232796433754780785654265108046824308140511565771836225506441555228605997949688037509368441358131683178723624406234969325156059661168435665342698831196439854505347631646708936"
"67/100","0.49078896653804430460464698944023176956666134579915808354186056546978854228997621554602523429612929056004310291338762671472345483540654044386599444257167476200280463604996421857066353059669368861075679333401251947229733800681273275672365249662162284677757443297805631038044416508893752517151875080932295090427608088459683568961733270256059854808491727847560817843796771688160464738178724680128938323706966623354689957014542651575101159973837172953814488855326995920592570197432749992560459975378391667166453011504647027028515746555738912110903386715719723200213823178203718579132362148"
"17/25","0.51630338426934992286002382360031346254199411753474367020451331327647581311912522698793728405067180487423417656590121030378101971485247887241760604370551400520587789578920826512262439659459407001170986280794334852397412002945617017004768915190648546370615589757974154549668086386903627285103455894393959225218876232052310989938514626046931066596490949197214459182384879839733017091886423900407466586592016742402611687083384396884064363836538278774276047161136488738967539152921916064740601519137469091991517733618338911559802995415764613001516271794236691297250349428310890679595699583"
"69/100","0.54053809414327823922608758610687143573463693392876653689895178062619565569381236204924132064820166564670313164158454989182213680751525044497023495485061905208263642867175895646095271742812191513211810592792601118127199338415165295542639513618152782334850442365503592558992882648317275345070225284257074156806635784623751422650790205433797434674303612598101763668272241121055465066717600544594378875364819457977128611291520324787761350584827666908780504553419308046509848545215078255020401010133984846787334123185249521850486419058359802834889924675107334650972266480647445408788631224"
"7/10","0.56351906811310311362561986828177575824194504218874993094125287881649003756436776626948964405491341345262794898906318615533834927302856571600206201784766404119345098781265696707300870896176154196405983439467290523430053303530830286311697159279565460416003254443529065259714588673161325715238466037882496259994819124088925769727751774098024653841970878281679071405839898821673935600477386274839767499166768244561048190333130394323990638626224733102673530484501622272811575620316660908836335630043987446843143927053125161299009427125293081553726180711546953857369396048707787895073881076"
"71/100","0.58527166725599450186077299590230681026720772505429198949949335328141239515727179757739931180779456143616780037333716842565252038825984551672644620019003108029431630358167880256917874728555605995448466037939627129746752889766123971523086365614596759832635563773542623957716400949220352303806868522727675009356991577391395756363954567753187185000207695214299117211967522733326098320700493651224092451601635245205666074653909825771844757397370240304418781778062712947229900498769019626711582826336041463085926017544315879195820673480855117571882869238188205011170804361239387972732189772"
"18/25","0.60582069192369311208354159728927645946443636787549012609581057737794189236752033076200530966199967023557740256635080079689513382714554290267221028855434249731910031611496632059931885739142135110407013023260200724667443447311186575534047106642962807451882059549536379419173876044204847372155734615669349231533433554701132294435122384808421776326310433095930179798921324141209144171637173249489424611166708034492276345102607678118385524998805278813889763475420186373900197622498095388851124877517816522036861424269536000393422066163212946098910737926887324594780284568973677385987844646"
"73/100","0.625190430985913518013295529894518798579591257455904345742475593169360581557892030696710618719604187030385341033862748272880750337412085906793741384320538899627265778688995919560020098668558828072884631426846312831811735640654760098739154900117431736921935892134531075356405062773783698576593530752256849074696501761364593126362498415502128187445425396521793991160545214388552736647999395058897885604704924358418730830454363677565456133882676574497660120756674206627742243306466814672532288169931875885995641537682377627461498430756313726664554026726395375205573261998832812305718495"
"37/50","0.64340470971838743451684676760070133883785102991175912732953932768206948633389186597755482932334878104072259882910465091564133469685848645267130654089126002064758806541854193171220762960763679485617481322330300018991832049828672269548190420979461419142971526321023239515177550187634477046990266570259856356612230200293896471185155510715775349281687710512962883527143047658667373462229198466041124096982104285048441735418261578820887362144755603389595279869611876064268450048486374403401129671671063229894833657541572627907054875327793692348041697040588542860106975851591972832298345304"
"3/4","0.66048693595484182464815340661717522318779833608318185720020962486059236236873249491342703526208214053177493170796089744770117949938366466829054768922885186585388691324010982931510147392047656768444336485508377622989355946634671262921351163710170044413371543181538111978737757591920655234563639320497697822932578102309628152217036567590957022521516121659192384789821507058479905876707821759128917897289267580101479217678057650092923058915802508564386448161810840915973596437636291041850206930651945290747696103695984842918402053094181481238065267445065414928457982035663436677281280887"
"19/25","0.67646014418310296528417457559092435226771723726868471668747793581076691463800936910122944056457722693316948694052946654300862164005754501274481769105045766338467425009649332393165145789336566441770661296677761512830555321745503797529657365927314505731051517356995368788296832731992059422415401688556136568584664666387842681500997256364285780637670914616516180320923484741274342497837461693714645319985549914439187751637682724520473831253335842732763950323361466540732695033457491894315158918050497467819794695369973448626720747385385639230975773729845167164916592640322543496589744724"
"77/100","0.69134703732069318322943663464922756931215883762145376541715131080456276473544529260925474522989362621210150577703493521619897180393537638177386793931005335175844079732830720824352767650165663213352308405087028284751219240806246794354344071307110130379094959198543314965886773496938230302066055333054916040605303228542614752747335848750516377512678415998451708573476338438908744784958088380252009405788887280445177424079967531226490005263603195782418928997751320805744663613565686087541288925496135847033276243666993963216573526469126524703897932250395472316684465223551730904185686658"
"39/50","0.705170025955379452903411478429196135005998245290052857129491211998020532125633037611681476395882146941465466807743488635940653351566630904453773552546594130845122584767736979890299576553865840435260733804019337907348672000900939556069043953792270746070639019025005323236713987366178763669765604960458432590126432288469828130210197363343900792796796605854470592063925682650506347343560076237807302472074577006738848944649063654675993723226436409059637300248776035343363647207800395144501959010511552354877635847674648018173974677591736084468852036798758597107824922851355849800516839"
"79/100","0.71795126488167867053799333971296801904626672718227965209917758554000649090765579183369098861975706533242897140419100077685347926982198566305446241865325785307303879755810653905293093476910434467697677795169541692569660134951717251933565333688534772661094676896164501285354844431812830682918328987701333408033935439424833042234592808275925015836118723900625649632108707936858966887248974401595589067176835176621343592084907090770533979044061479145298887380943496612120172105773768911875211076748681173280661035432776477454537126640007030914276335270243322675176823907240123159617083894"
"4/5","0.72971268680577537338100028480128776890557658217519865210457599291471532275150608742809121095539477319193751377584318153493303351182769463930293869874094238796182680234897458472891332819651019475808601837744091093693178058488830270284541967654602068245556753282821195288394530121856307759476019901779266390750937242631345421252537700324069946825462990443842617991855516099838239677580564431188523820254963298732958135173144792959835503977365564282527517022043753950048266809733421407658704898017388807817560262554447013171597260886964585791701905805245334493778489727373621243533961822"
"81/100","0.74047603312904502306832806203388973383990101977438339851708218068384868156376302451542383332411514521778367701694516307837423068495160204729389048430584843517158117230423055527817671831643636130806772419889263846517420432805752842502601818115972484200177213234905253133438017985443348022160294704363239438166867722182837546168462337606286201355706492050227008578760440666160255140033590802710605184543882915799482699485167886562501662653841371152712044493104703978884306868715518770006031780733566207969401978569257192770582254183022750066231400075157284329673495734901623027206712677"
"41/50","0.75026288175472014908702648380507984709729629427144238702673035253774606007219068300557905026103052602698001589692904877104816304192157808137871876879215544366871775181337840999717530851582716678080589484504947487750194707567636558386866493866601665908487208867564697056445118302130088713397878350363072490279258935372029108215013829223523013619725807388865661635655245753922358618330085915817809130657818674981201031717071342996530048809944365174796439189588196629057945808067717980811500626081965430043933611943359728586416274794967752646365832744727989270472151429640237950353998296"
"83/100","0.7590946718934564236394767540553452055346590104911554263532448335773812017435795457716192914672909400739772252301951809363824242008285038221926253121729240377639849173891402517520236315520574068372241802455240057254800913322064027061351549248048991761734574379377317371375442098210038629426565065736862344850641208040352709683864124207912868435973538372432731784100792074801233338027093392854741448804188886223503946026840273653353452675233068011086594956826750401177961319364840564545695745218208867294926112675479755438765973253056664406171602867959228725428876599545008315177198816"
"21/25","0.76699272587187618269753151637625184363468949519262233611912066349494777281026014267717568849423441512608099600180928577378252861820383431355941744703229300748958084852909030601241605346651094236881741275706751847928400786838059658102486857506940068347959502492628729683437813553972806093604984580504900569833711562732603882626208875001222863849519454332828647429822463839810872054996924163859431783920015509091851960248802544883833182871487677207416984102550976661264930214906448511597490565918963447084236474150067260224502682690157175655578514940421665334655819385271889791746977354"
"17/20","0.77397826797377653971568864726530837813376531320406805557097392181215587815402119024252395879425136713126808941771901362971757172249944569745036396622712364335966237195222787491171360717682543219845011985270528668392625611453746679563840426135862038028039676169186979903969276103836492751133893140691424772217116097900409207271653256864964608209061961808657970268030516551743847354494075366250540036354745969412673710485810333553813964609296096784447293448495580864157104793192574094808468227947044371330883172477894139822941264221125474374118076242735542074259955224913566701781301262"
"43/50","0.7800724403667464952223697673126277981745923129025328591791433018760366690789098845003715704923788586032789720188619948669644494259245110210954991142553306883529501456542397925518717214418603991836359548165556196869838682131303408165187117302607610588306961205127461950606260565083722822612152599976761709649995050354632730104389502937002323809490119004501676051818767608311498798616720605238457584630391480463687441776185434882668895929958686636417475502160436607971562660752503114860451311818855406258581293287394553583752164323141943867315785098679972452115505332781682124490513927"
"87/100","0.78529631618757651488627716259167913334388769229373468404994002379578159217113442677764339108628433050438603108490437214100914103673635170669959430871941927884719865487640268193882713561410954319157276067938143854736938696346605083527344447145069223443005527908277112826380350120335853210419756602779431069686301296737524809445560992080950623152944477196711674437115110769307165028060908206565370143795806633352234441090268661026871096261211687212316645089697071332085659749826741746860404748485729581602134702128445095139595229873104090155691809738402814418498079605274355258247636582"
"22/25","0.78967090987818009950545428723451624426312188912876740943345102440748713852067578535615321746237285751385400899172359642185774819514664617985716885077564691986202524632945026576115818922113363035023647062199431505938743112617876741086780831365910312615724398238726755349989542602626960719473509600459227351994593351713157280827643131312082242252710092995202607375058131959571462864582834392077140992177283082748444071257813472836767053360152358636095107006131852757104782872398313926418359265274811046420961003676840964267311848461528396273075721821953670933748882156584687531537262568"
"89/100","0.79321718487988069762399873186356948140690009357353785978572766491345480032278886665965648602002984899943974149056624553372704527440485170835526779525501122473372105130591286074290452093507477925985563087742752745075788704156815772146726116174021186838801886691222756761970997567807252480895906268014619362153610847953648699701119725244310963079949872077150063559890981759711714006083159590071461807480671762968546963476712114382651440330785353389433772042116267542908104059960995568773094946064639267164613597035514949972875617451115280863240431567605864721445349671627475350152053169"
"9/10","0.79595605880793940932342277275875491108794592566146843808411043320463892642424571482836698930724746754119469476148929498171017200894516179231565431959805337149606710126430873720465485553665632785029805329701695313520556733984801884006700926583577911793751038789765567899842529984025862367598957900712933414842943309083681603935437510902618182847600555823202818689588289112996227238881496827833107026073821781816223679168229696543864139354343466574390061184109947846954620348317066549128613962495721636247651090066708203297834521667134056945584592203452549913274572539646709077249606964"
"91/100","0.79790840624019300795387279462870678056748863619916513924637825439622221223359085171969852846815624841824532869239827620305651422836279953150119223530583528922710445692992389928297100120860386920721486469530105656438575686015492777183603059340062012829724710164540593742231682425422589651098100595272986716548846979015574415818303944960549615160927879588939507164571780301234303066242227690135582760982502817885239358506083734353536438916550869068729349922897198353746278517586679419374510575719417392981774989453902529403245143139461345928439230799142691386303514639430615281568543138"
"23/25","0.79909505926371776782384687684831503362543586326775342692576021259538432244660720101156787632819609058683259449929230310382910060815485864952161792146332180408864373242431888972194711964741502930046171449412108371948609016558414527312413083533345898941101813528849124627559074331794132500935056820877003210538267046107857297567241188265776061719754462597474903243559155955093597101756046006859156073368121766237390380359810870104022724535431192308803110496504076099779544676224692929932600093317465485565836084295513553410255715281318725334685741747257934630142760797726933264485728016"
"93/100","0.79953680593161098528816449518698584626143023851607536264638169290349137886675204667422973021600809370432162820278096558233236677107885677714153095601238891628604499894065319989322217283761595261441236082884520418308541213752535674823114648339640455121027275591953267812062140228302865993691923959755092581589707212038237496295668219381942787047117931055152812196534929220568986046392096862646632044709634195805063712281760449567291844203717619246531784104100365133152570397664669359602345916638975029660393954820318089341378919173930021850677413170955619328275092453334363607049058492"
"47/50","0.79925438678836809343420158630487288298440293274221161321134756493110760818396989439570446627485014309388640731634905438341733947872536284299334679164763363575070092673222617652295124078846087838185304686030937089874386482787767568662583514781198327330231018632583838179274117492094208750331900864012404889706526903680599720012144863477063385727867134498219442686564483833131022279256946474104177739634181676988503274838419854912828330233854478714928460280232816459201750023202533949942829331309306926659957009476563250199322328836378039318731831695860436589869491528647650652876078209"
"19/20","0.79826848962701019710126548164495883498395214243858918635781899558239495874348585642570161662658756213363906812584291083378888264686022971893438873467418007389995890936664152945070188362416636673680873232609804210456473740323089814644251077790472425299949873061240552196312076616310454887318373160995084491500905464730619131228219364419019108464239298631546166617851975002522095774490906871695549040871429794742667217885988665894091670131846010402788332431101204225110046238672918148208797610742942382732898763098216929740352567487234482153932945504453966359041349548842089266420646616"
"24/25","0.79659974264416919734370948845681219143754628420859432087358112597688230930481816233210464670733286049409708270139387018553454429585163391714459736409540101602944113891348320896653988307139590922649492787243867973628170900357251528335137404541185783166297091703021272824471289294794834314178167838973771522152783799585829940190981144456445671708672018213101324616021620297834078724274498402929765798331394664997652920024945718989464543052998210512365563924789014025496619554367579477739362838498497928746574574436133962631637959884411634863333102201150675379484471900852752415172331567"
"97/100","0.79426870616085382064710955384191162036806941068252149098581322781823467906057012416536162088883436838671442659990687199226923518425855479700873926957875716486507637759165247413128932530584830957032286159375566271104667138908835414587789528756115240904121566029572134096097111525956136963683086064441047018689938967511394059715280657940704290263804436594050410305908607507868715962258836025114933063774850441406792349668318428417607968483526237348168687383685587177630985408992280655012187635899099226106624056812647862903546499316338978505410017858764830805896492860229973667126199258"
"49/50","0.79129586307669242378565753963460693592355251024156145382296200444583721694069671134061055566383493434127540531666711335102619433053024134663168181448780812531614352478193137700865099961725811439271305462090981609820633840599647935265167220897679431827642452927638714066922784080519514637518314219326611738843956814973519935335341552625534551658124205968514984119344586717480072163158940779946965906497173511625766313423812622926774481888890799608958469620615386228450458660570852129855955145475804181818307083164976700436255072817460773618573064078228325902062806478487280020779926891"
"99/100","0.78770160822417425376668479541856612847963835688360481493663187340250571071667811229977541280339584385792486954927210899997215178156144074480466354242975019280794707215861716831478385070280119278457571374290679535979516475245862114929339895175008607751192924703429538652034460154350191145457141570669463456412127593449738688438025332064759730412667611417950552041745813699609482021431343302989421536605929308955916028250308113410237123322618033561011958479792606012291249159265589839264399090381058044579190363426038263798646476233942386088472252925821900610821068436978842520746064459"
"1","0.78350623678689073741642463322344683091133860538275840867979468513526470832085169172686675928645440333794145132265465989259149564728218480836597228832919810069648666710048663371831101085236109692037955420616979781865499033175260095302457439945581536752486435788983074572679116398876993816742093620364863207528578458015582105447534834981367840855235284148097779052749843707655715801805160684122149327059222350510307184372569920749264390609813634676901108413962149892443525582890242199985667488689416631348187718093997515068813836115765697673162053062548963629607100709144088329173120112"
"1 1/100","0.77872993194211670686100412488055279679578293431691506332067119282328067604861549407546011298172539315656050546768894717893283647288941701069771005823688309453819564131512509483280696218709373491842567769006950307858715399383980513482238231885030618682543411574417142228305764368797976227621529480822700975290433708617422306566647757196065904370205723413738401388604563372109807022924030762864500245652789182337224963187213569214900332078458565962165983592327551772643571660118747672556956180296708221946611678811333587080103592834244243584780381241238603582081725093326621620128988903"
"1 1/50","0.77339275188337544579597065205507792381688336402086006334589711279595315240365454760961828423184609335692443860244374397761777505047035552626371894290873756272146940828230055143431672634734470596767665103091205724312272970950760376132891057769275278291265841924225661740196718687688573040499796625628801195326502653351495260051687989498371471359075677059253355682856948683077209926539417624219109763762127016707110581383682274027436086014177449279928267306578209004618159315542652632898493511333833396031769729824443621329375272849802235236483244315412664130930925510539932326758062677"
"1 3/100","0.767514616373010340549109680322140408290239545366007300238495737609226153590389528477408381102418737802898322945108746741372213041496691523495972342504951391715983095253428320900304533578220880441739605689516622637525510358115053306832340237149015299224787870433947264631952602068993527438000713007588893954326966753779065931631865322380815165434170387507203018103455022022471150770325869965842423589867267214939585641917664393375294148516348921102047140042677927943417491862525393854944113927939193218770231927730075348685136291586607333443079480392686121876854556890635668162421675556"
"1 1/25","0.761115292968350178102080409585720299712349000784286072220156938929471651205397469710199091071264559039402364734815940864515628445517303902127665026153745071204498363939962515941888752847516607844452644667900771204429837549082424881762458315243322048274972812042086069769793373891437266585843822505748802926052450179183286136421749068913248844352853576631366458576409543933604942675984614622934097714819340133202591296457612201096389975946834181457407762267328888177854906205763621252396892057436622068277525787406444444547181313476291243386075476635351195607879375850883439528091800535"
"1 1/20","0.754214383057915392466067792107677531065448314363724009440540622774835807015192721021750796216212624468091363834025160406247570735077875332433479949215869570622122113582906722499465571492304563924955849327810513240107895898273672625818152632083610374330766348739991888904260312319767171819165178824888216968521283386856397459916633548622409984425569805406057633824196168394133719427243490684672675647428725846419199267672360707861228140698618770434140284271342035372699665751206769523452040109189931396358264893490405289834589789751706647747053758372163087690781696331270254852927773155"
"1 3/50","0.746831307836378676146567223895960506749610592797111046778375818520994719213324609013147484262393658131273196228733574669392008875730648574954391835164936727257335880020359386731448555934977556005564440920110770983741803917633125683391561467939636494641829396730661864494239577516186400444526693473682648699171500804975832670739461137372541357721797104702375540002478468121661356444377004209266256522747295027841755376749325620183170502768909398902504207372195827608540930708582689240719772137946871609871495008863890783047928897908381660849897063893971484506043139391342567423322099449"
"1 7/100","0.738985294338773425001425832961056411778124194230779576616380454547845664914758049798821179511110712711825624944996099311773039840683354988070500372541261589598177382727253238714455986932146247252110462049450998488211412783931269147360577284309883595981605522211319547641606948394413743041511122494250305626222521768369125267637245739846049887795053052089997202654600033811081215166980748813425802804276004455007021924642633495619183987102425323340140097051614971478367372614842398397125790549556944101519514853214159074407054204267779165075530122702280786427552996198872986844809675104"
"1 2/25","0.73069536164584281994132261019877746872371531061535575881711875459111201546415150848417671426759207682147480767805914686519116821913701372912921535423369016889365484851737666741039022843520202544656396231702709341035360862238400176951905988483477625397723395166220239571920026105445870657907246333352505863713301521892587108244084959190788411650413024015264213112181510832320984588513238610660294304541015281841779968922544289551432359476828393491072391086742067799510963791839504109137481310548734772421756667956305701776357235173889540077739635178745100969570299499093556044641375723"
"1 9/100","0.721980307363542678185727618006548674804846413287436154870231377253345511011167757375400301362141569036265176937978425401981916300908883155299799024556881366690528520629029295190328253667848127724872832107042972818766032117420522984062186905270507859472761782846072114214968325656166471034071550429903137611734543750254579973794122313078285309123145661299619725451007228020675529088607987555017781858795883302261857618518884552683408730080981739789057426736554185689682656098073519833003749812844816026457090751465816006377083455891440367633802598836845834539242289701044180239853998293"
"1 1/10","0.712858694470649773406575398804933246200435051626379670132374676297578101791062068703278922635070078427777324500767077493866600166441618514126914778735160267079814157246503843935110328739036642830053028101096277376500243974778249756926689310784689975578206290218861594755246592783705335660150032445412850222126958632692008612097067092680346378040687890793327819566042098447459488975698686483890474861629003023563711272489670632139757762107410343726251435652731209854948915753887689618883794214561369820277124235582876082018963834093747301999680496920055287363751591472369443107800393363"
"1 11/100","0.703348838619276162719574576702450812602456068132714976267934233899928492774448378534773381234609200674115921741175210796935952625024715655627315885851899010417529689643898410634010458006159890792495817226265437337381872465812044526267255116550444849518931477400608322932624494459287835748585119483282772916532772464324901768377518926253823715077708992161702061922013715706066634805295696044742702870899753389033226166082252402857223289818047315018542372604597014114311373285265611562071669390921283489978291029252411136942454445376559082340040466052421774090339619421607230525239823"
"1 3/25","0.6934687959639353548975044096618866407171298659181626350150561112620575687572307620983761748506112800017366191364303381280793758994875350313912954682718789024569571530582092177554517903838448464201132227509607409871907024264812554572550966967740210674784755090265704862737826287913577828047830312856977835180284538065596903323079080396201461188656531728658597982175816553075009052922135695521930393053571374760925339526317053690554429061370166226480013227041880331653155303613211564650508651835009848207132850770354137447003583979917845586577974810290300959058346890690178689911907402"
"1 13/100","0.68323635158572771397549088972403671483276493786446631921160116673027448260422700156388686485990835177928789630008095287263555026589856844579018054465185938640902827770089453346730670550373208607949729746194048778487270416475686069093472819117777109136954452969460878983387156200604204068244109992981671769600260172928619373602905216147927001471244361670468011691306387089002127365481057540875677270229432081566347135066426688636405051457951481558751038915018820728449957932154179192209804232786749021700250176262504473976335101877713107225253454316634369838951826851779196231847679944"
"1 7/50","0.67266900856928332315536023585176704514163146259793877665273349643066608724154842001082117178696506836514331177348906716240710722626367037790467592604628703139872497884889451881402895095023347464794454600151848500934459152089050843558890088841810190588981548689358158321600407357238933977566175447393133622935020769650472713012942792499617823051910998509285741506231716585455089760262993532584127437134652403629073754251808056318756138064944217027074214545105189585312898252876296618085199295927107241539677115336148199232058455613217618167406947718537291211283345538943065150882720828"
"1 3/20","0.66178397778138654198540245077610260940318339392419667131978695835704925138730435508726962480534857260862215737267428717959331439490513164530550379272881440638887463899628912899369294005795038079281214236067899965890312212452707221634648828142378462099192731390335010869510596520068910894825486254816281470202579312471798852629894373442092165789384138013390790369975644043878979519141491683167710004793678965736261079533569002151710118583031705580148843971200223273183172320062094745432987446760570920911565973422697242164221773985864895542838386749949819986136393128700194302276963039"
"1 4/25","0.65059816839176629037932324037442029109492961799137952515330192806879565666282949964176343484065315045963633990081788827147866337120251537284874449946507077578757659597800495727980070745973102561871890591347722140192266643553833118420922449007531102407952982803126236639522761514767345765362686479942754747292357359677503880076307240138144465536700682824659772579124832021262921822537436320031395723404119357815863817647038306445931558345918130074976537330182525346400225973117818845941286484344971487393951126138325591685309407522856554155878502393399732266066856604795321038906303374"
"1 17/100","0.63912817916842092908427213664807344081426422094953689559348240937291378580101133736568228328271653515057654914378030139914649888626674444391100070430892746973365643586191606934202596686453623970051076150543582951512601790009582212370089065365155236214832008604423645874701525770295309325228009306586180028726206598192979972214677215928976199866709574115031408311517124964099530511498410423120233623110020760886783413007179926476779801599854628121347415783861954286740859493160705571481880072340108879754118781475589609186180349523373681064622691589180101724811417906740802695747818189"
"1 9/50","0.62739029057210037016060524078231088122851360711600400560000709641246220858567975853694405293448894031069358715724689670814125325781863831268157996669401014851359203923638198016001817222569345824965885313432255604431302887071174297274482767113712909275526915736078613180696027442381174931277647162600722618034958726146774454733583160496407840078859278803955602588142870082453227495198436704731863016597697609774449610991612191031310828615448445114312023520520633536387284496426479447519061156536188959880356232587567391003664975313886933734809839166762641602556723778210664323492418377"
"1 19/100","0.61540045766722740151012950330642051040698567366977417784290439625100145822059361013117895192981421136348254483985140766960281505543638546887538774593579200485931192352121474640646415300459447270720823661533166032219717641250017454860310896255308681882997491779619588254146914348277120789377326771440427854190314783417492904749200792425577193468178988603163532865044533033697824833012571965251513090200721899799379472968116986175485649344800120852231070225994805408380415613864892336798431081498316645569472993423967979990846740813720547706658072360619660282344056940175194759365846744"
"1 1/5","0.60317430385963477365499622462363705434986032692959810540259622097519031993211064538389180187289606332711803791649999190621160603641725974697420062983280011801542853788123954124945382810921673069843044710629527369810561048148042171985882630683548264953875854502788581029575971631105537917643642138599038873156099058297093886469260410376196806166398791253158562942581523574155244415031661453711068122212444361317418211064698634571706875953419545052824077322638671835949771365509957737949142703693464271612599624115670567762847215593840420112670294099230435050225856938785648483455949977"
"1 21/100","0.59072711546504724859231117816436394725547081410509939493505640783489260708501580787091587289658849979535024841210168532010517739864590607933120329207026576262321266566489319328490549113520464205448037556627303551638410414187776115948374840104422954281291775887585681534479096267709434440358790293091506655207507472667178989010299065832534435954679872310033103058944285578232900626374202091698625339619376256010052953676297237353159988646861125248842747518921422188417007013227908449772490115739038583206654752138203098122840621105921200281046437219255949213283437050924804750504254099"
"1 11/50","0.57807383710626501307268208229225334280155046512134170837193759257544270218381384944818256443726781906501392019070103787661241779308149118822113272938464236339856255420841311209902427057451429613130351948702114182801048939699281139338559049674250357544338846539090662407338075518823229472322202692893203311426995628762150574251088447969204547724072382916191981573937101742625166330815764936862445488635220254131223951279974047578775386121895969800575576815490243040742275412586851193566490065650015214201590670696140896305467186422738016492834792067736746136533212198778249126466224623"
"1 23/100","0.56522906793151706250739013384135362808807710334020253424033312356441415949470048291801415361621381101509435490868867317678022110657955738523435423408166459078436977124588970761223185401232264920820485317264295796526790460717928071708173809967794411585363707580524599729279148098084966054225487192693561121963597548584941770184832451001838220307253441452086622621170937657579913802829941466339430805698439865466419263676290158588699700106874771263396796297745147474935753600697232223999542056783835944189133824628203156086264596788718211315119000308520341695998401355341707924296171528"
"1 6/25","0.5522070586414552451804665290113149019462447228754800869068385894224361393412667335241249007781674849504274869747683400717552382940736261910718626598418136382056527981032742314636245581168251909793006212036008713714710737302937207742770365945832478648403496409294715347065982814356839219250463893288405501966729176751895568403932773089228895471068119866516692195179034338542772156577714565788320570378480543869548555390420296887682603561125462844147826866876627050987269922290789343753699616345616782953584078013111035822351562353907586674534985693416164218275721014754961183411782781"
"1 1/4","0.53902170930775139977668140736366741537303758330935714704213154647330272371190555556933673172500577234101202548410360452081380884677073606746584187018722081339439548538138561953013381869210016741585154546967093814195608757273462731856521405879378951822818288647455780726736843796244606785859144232016156078643875800376063377098663464027034479973912244466965808125808385384621655675287195376942098003303798025450435507391791867701063457864608897470447339439538639391867202900952126764214554782146066831376805765431509570994759621465501229610539395055139683757975399906269170275123609094"
"1 13/50","0.5256865679622366024008323383174217695707507990438003221121150313779222923973732557038740869343784677614871484418928184237173879852463982207647404257177005986672938514860852882234837965483050970725155750970746092475623091076688345207177771073335527936777490804962200307304384873013288066870089473101713885326338887644397819533366112028609991663472034202148510416610179846926025811969495300579178243696383894574157010858499529984665733641497186139330988409212035500036744871616390788971044436394097089211535423267499382379030480313185751144549142465040663231637427838089543374326925798"
"1 27/100","0.51221482993197405460899639768135037863457265501246867842122019130192479694640917609808591632750717695333660829340550869656443169094462084008657017909542142615451637747627294703983363558622297292303475473850171105564690996301270283194328277850566054072811507542343770361832816412565416825859011731254901413313863905197220616329075953877040639386412355614314813527004941175485113877391430220954279461802961816632495636259650496973117536993148343654263292060618375180033350087237391271918922800327777528268432091377909292295206445571833433240615636457999512150979936174907804374293687533"
"1 7/25","0.49861933789257311623165187432409388836524918296637560268378317724208043251096542832068353030245368677061000907723036777359882519900501607125615936068399343064775874189526828965484998745052842489752316068509812727376138855175029256344675923236625203421127158114058514309614301036162834167366611661075523782702869195797035383194008464572082862700438778215688717213466635769086169016521952749206031492557428714177179917199572529595714503949044606656325274267284618091746614271328916101012308227045818777002789636447229147548565313592525114561150540774134789139009673934472732882486054216"
"1 29/100","0.48491258260941589418695144339936654627485104622695320863466010010749927153780395555032443216138855676787065870103626818671375804311855583185253640603352802941060563432177299409370438534523427533483396976807847582239950104056119434508079555017818464976274688376220134362663586763947783211628838140466241762131727414202706832102745385522056130789719489380017603318117627255830428507347365669188475145382608815021332071388912141362976048052509917029259528658625610501154276112680596431788888013455813337199274493112538658478406765921312633277510937142175398287536971122890886202841830954"
"1 3/10","0.47110670433426159055601827560755164805524155906690204518758567374433453130088264769556639688976787883589367265926543845616098283968759954797678476853308430773662600842103551645911942382728165997515098916954673471837418919877883825820478138029524894127018834276859520636922754679094278172231572265861088615860592172061537397644841603615063601205762152444696787400747898623656903911596310467142469960731102520488097163816069073662188717250353555271330508468713619702784249000849000897423376898013390977842654307772578849729611290694515079285820480498576368758196300888756542797560412828"
"1 31/100","0.45721349482289742253541424558914688422455058047850649342648989962127424573292401608285899192684930588068917875073876424681294765143630893044002888926159988987212291946198736689171715513952986807883978745895071964628221495563022574012679050954889217863472103213904338011482855635614551478837118720595383836122676816525693657403478306560713940461440537750878184214889301179681549900043512696597034134032314973225576743510432068011325003938290346220704654670464126183976571191209243250151132071948267537091205326992264754842832990036222967664680050677640408907028991617213343077747931267"
"1 8/25","0.44324439993809677531139593103177577710236235143359554346683737993511769014638276424567865259301863601514239326372830151652387669830323815513122978467011698288857641024913877119053632717994741444240392568369153407766652688237664312675193258678920041193881215870521703517572067057739163126988530334543323615905797783650035691664537394584679959421718325649235854523233306116053030850685272057235236683078712633207700333369813450560541611897156057152994486465064703437213472178753815791470236202709481916766466972260436917037056481005738978261276860036872466494065269281090268200916326105"
"1 33/100","0.429210522801102751167806104154647907423577589636525774943978533903851492100706787120909109414904247254508564874652083296643548758664435620555962577622853474211561222962706212549409197848846959962536097091064615411213937101192486701075429606534524184717476860551330660848124952137576629844803787367761263228305911065115589980118269810455596540301106943721960271064742351577734281534081761926617767506875977106606870313973696007994627800918635252093106078364272525717735975170887937168951276815895789166737101729466056932004397417932508556447850032059412132136333719220969704137124428"
"1 17/50","0.4151226274541553512946660830599485573544561278894356763222641686317844687712362862305663600893618871445709547852268561926056668818703468571388175381332664171531994818175007735308196873279325946539922936778557728009850929887748134052745139840992206747299859245097841546835355654952540423551318985573996574958968488466210964231505438512697316046965741820421590812396392291887431619041542329447692701466691715271970026185358550314848857913530604227389978439530536005964519267747992952656381235378495340046169302866437870542331381648193494846971101580720735225524570718589380763432769675"
"1 7/20","0.40099114299620011957760180604256180465667199124373346467250811766999826858996950225174701039927939257224975842172365372015405470585495707277412996098887179132707182857830013375742754837464433869631512339512793235315218142464494571144643858811374931229232842598789850734874586663188191782764620982134744436355093390876713007723187031447877888945076773832865253323385000446909486373449435295491157873118698834849303043901657600017339635861138136339721191683371019444292845269613261336888054552147463383288232332214543473906916004858924169802326670106470555245648154960828159733461872041"
"1 9/25","0.38682616815383274400360888622040033292884107076637602407748393291898709390591407743285161283765528334099454044848135636424452330171320994921739226296752202651121873256817410202225378545011422706283333675513182489252160654706908548311002707147728842428358011854329904214412034262103289247088822941718229714645696676395984299268697852598435295605545160861122772895752786214075359804406526543477757852144872347689027895199050960601913627747785284776652686340404791723445458498722476434558860106762472726986451503165885246325005655899639375669590452474960944645568999782117727874547037007"
"1 37/100","0.37263747624972666593560074927420662141963982727663240595905357465650843062086483916883754118043697827346556142812634783036611194000255873770770373316761632434558992634737579964760415186330472254647252857815137809868205715965789140348518128873306508290345939469448867840251163715622698366968874025608003414755719688519978983582853993747233590131004451537177499343939797830636993683494895426417923883970325532351189904550458006710288021969337884269076973210472911439226615890478038161853143283638373880832994076038906524684583568130332955066116220808635210887748306400089934074302108477"
"1 19/50","0.3584345205312400649095207824963840418473674912891643228119869431719270446489505463685879873457041476054076292323274973487948180728937788485199149025918591952650452314347373711566335294084735073789538080050499790411560868971927415412476515398261333361267405001245270008439524700256184441491264663603267073002508095596405528977813945655676297119709403613583057697405242822015805531849659363666512966016500555923284670824476536314883470569653333909367036332845869842275455643786344743581041686321124673290447339031401146765171426004373779280807106527893902235672104109479296418774989912"
"1 39/100","0.34422643982258864040344419410131629192171320701453102907429487496021166938509874572411343805370781544974588763698126193515428000643039707842118886676611498804998650310605059067782897823631024970076400750558871746650706819377729549107082405308362185451673701681219919209025501545781873698935869758584609713460318216471284987131430078553980421738513597648456454390815369195282512484987075627676045768986169534350300878261262488465605118699905755569953079778272093446698583330480795464186398393391821791694060790070290298994090982437091990749999973844598137737569986040034111020782676277"
"1 2/5","0.33002206446488991069098358643388584108848901130570508074513418654703888686225623521290791385012322330300076420485991369758498902993777093849917417216249547879744638376966745318862048605690825870502763431698954891730699061150174550980271575585636603769249963996367256765122536267329102770420079157005929635375543270764182163090388519916454769139805094344008422017362579266456313901058741296241873624238933988052541088689954155232108416928862752896505129326153998737676154287519116257638117585268810003271116214140760761745161921957118184330562065298228303235389332028398711690453725453"
"1 41/100","0.31582992250952842282027608697525019752456108479235206367166170659345367122086543931272574869587436077139526284352094519265151897001970217289708268363732710254068866621631281878920210954222106823003336876843274717748484021364132142765004358257649299283827351086596223022815306908223782655835782779550370309176973819945464152412393901324679367643498349579500139314938307282262585707409042339272596291293283659882220442834165411726883548691876625355791724168750434871863596800336882314625885649572650199197524842079521379373549385150420746435231059916283212216805259703036989593674352963"
"1 21/50","0.30165824613166423019489725880234601463312151103707481127743871964522782105671297253259328378224681233175921477635854731343276685795165743973371006143738832736403703968560123072825809616765840484641572379449824822799156727830819702130526111649094234360078251799726716297197844548743395353769218323992453042524231649804313190568190430800083003290289883763037920953223759021195954518763661251318561764892158697894069318433585094949490285470523976689323578656877620783568731056740120426785236359831336250727720508301972450879713009725630320861182248189093844283001614817050588206976201545"
"1 43/100","0.28751497823232888975345818693470282078462083591813348555672675834172285992007630180852074006557241998142689239859383845019722085561228906715876567743587800017925016374049287882032871101870362863771294365284082592113790662228191059897221625131517670582417242623146136105845282346325502960487826939994784340588952034769767758357963581215051649773284341802594363932346562238284467080861821020856394465338606566598646916260613751262977824745844566431010329181825162351655788899217746270760924417440178199143858439383296180554947880461864977730953533806134283951518450903416379289583921251"
"1 11/25","0.27340777919946640103687657068570374706155091510534889207824810969698414759265240357316324628305579678340258963170420387782069615226115252782438301084185498860772163883319865894038191467049344045247855298374297042804922943853544709169542347579053627627917672490900235879360526040027669632678556493314206655275562358930041850277968743917513842199768760668775283218740785848438800340052413349187734636241863965982607147910721317406117332093851978416926551773822542687087390550077836719318024110666728867347357745908392171624113650638602275542652590510966710707847651718304767527215746808"
"1 9/20","0.25934403380055914080128037986824917843767734321684906390029609934662516482423453458404488054415808376407970726143618812390169764135445432071911561740655233596122828255472035812743432726897780330580071436909009995431852319755981784838451383080497224312978674793855184336147562978989494487345258275126758730630594482742328792297105946299525195881972313000605379819484143414076611592210940868694711297797494289249559242188654563996243950972794686720498203795048062914115845496732355342313484093176593602266900794149594036878873302616362045954910057323846925002090545623290235615874935176"
"1 23/50","0.24533085818226719833762058165364179767109837798838077757555771421121841282653691552641569691729342001307743515454631407090016905565502206514181410714606171948239304831944589808233067113682920714581326456640802744855610131028149438384385844752680804286750616758074891970070512111067535716813148083610051454090358552416628278364039824461580343798488756714306379963363134407264654043124297884462451628341285751901183159429002994877863666729507689206974371197821163023800838719606553843077640561596421120640442624728380003237670513862805135723540523343721577206922933173345509699715476471"
"1 47/100","0.23137510695603642977329130363466858145370647778404058608874383422586567244082956835136274108323613707908628008740798867899732489531013351468663074851486972675282059887249723248322971681848950614043864915885855781931436921061270007026848910264071577489390160588801532410242820724072837553397407814324201907998043088319806280461383437626433544279100992138041783757930838547472784574568246598101972856093377697578688554887930143605902729179074073020075987273495647391403377795843095298033732562666986901164458317368420696975273486577340511953062982605442018293261077085849937150669014195"
"1 12/25","0.21748338035329390573372699058204513952828073360288275044743457177465881706064980766075642389614176000126481896192946940531038876845394902658344412809068257831609267749704781641016154566693380858312228993713941685332048469869938773752905936973733583397147751007226209992322274965091374396502529508295647514131283866317294141207992801634522940368774046721665108622678829321444225685688124698069658395465467543030585329704594915201418328501943547839827392174223311916227603609470022080228085610401309139744940041889481648419869972866858369780847694577329410701801045495110820103151994825"
"1 49/100","0.20366203144033727242511636903377660091923030585716200275876759124724854859354609227498268871661372384843850209215679651533210409167531437668371909060558733920066151921617716202106995192150254486813090820984208487504390022613559385189147157971824207192479137597308074843390485419340458168398482200101115530637077264007090183601782347030090963179141805218460765769104488311803232597151055639407572105422984308300449946228518698104792851446222242985669329676201765363954576005589338207430336535505922282734635005497859511149348172934713951046658204419509250369560306464991894463483417758"
"1 1/2","0.18991717339255086704665823624526136228479783999331763756456222440373656084904550997093868891924149307047871701118864258648867935734060372799681758767331873188848235930342455694290449657810018628621573225896822825367396668912905717025450154701707301172245479917378507641588206649718874422080909651555950113585827044430313609626227972346374908934385027104403933643546326408759523574263811863008228195908667711498388201704854644611874205583218403082977458805842294767482706667717051883036666487537821991909501781182043457624339149889914050944355079760470068214938316192459053206248113523"
"1 51/100","0.17625468684234564642127746609084880036142687898914469241417840208837783563374839338570770798189459565790919753836634715011463920946262392768567680759612153550291613648600764828388564227054729934941701117404080833829111504795806590437766219470341000979291313721524887249573553415300495728607689112083178412883154990652134862680695832824544900855349393399041662211043525567549986965742747938148825295433380668624728673460905951038299947193234028227669623162476657726995039281005823848369775497775262115312288059334383802613834877775739565523117006815215452778839972266309332696662539881"
"1 13/25","0.16268022733933679273818716417968237656073068253993804765216663879164313056677010534151212931344213120115465243858782523932265547624422568079228291308821673855510918928631146538051980673607939153571715324030910199255062324251663604194017227107306933826222453967240015594215977635924520390335479274632688472448365729570939331557262997468624508745320619991451296545569648101346851333989510334379884643464948634473695710953442066929570009527410161181941446940112830512964304237981979792395176368336713483136272086103376157085411054771669083274795309392544607279158044206150049293729440385"
"1 53/100","0.14919923300273510851922173293443190038737709277068088319950865302768159506465990509548883438425500118944328969603632131034034778991845907842467222025644243730813607404282699868552425032762820526866511935372686303677555647874497080121953637607149465561479577800493006083366766615616377549837408891803031646103649060675676383782280702206191255372486618681213989041652417927407918700574907498501050433065135557714037935761244706641623415418673149109305447582562592548713613915033217838581361496848177501335139665606177160188854373075435293667125948650714006835599224614335913590829866987"
"1 27/50","0.13581693252095447470993752279437785875581555132880417114035741585045806553655421940349205155033993480070149940419833142672974689276217346472327709234801767820736246475322881691910207050174052869342817918214345282632801641416078743162960331807918969539764269791408796455434964253507530872776024640952056564030795827472840658735010672149184451110703987937885239884957217114069878659017464576876994793863098191439389574836161206767111757931285629393516076194046304848059642402819039972525454984470873892905272055667317606665642256411788766971990293752487796563119411508715905951003977174"
"1 11/20","0.12253835379664480981381716778533202159645889726782282976136209177976765422814158818075933724377733954096950756020634649168259015059376166023389150546606071687890476291342674335389813438623957728714490729303601698774401153150256537928736463302941082865517090614134174825693343692011100947000451172902624666007595170206672370867842809634922027858498228405839817409293246232875533792039387794831791482652604916962943611879045000899463985303940856049404747676702682894907774056152514232829574694252187260069920941486415946402023371239609804341986762622917013098362197164145576020141644752"
"1 14/25","0.1093683338251348187021010857907505494100599839295229210882126190952742878583205231310566341202432676381730575103352190847607136526631469726076946142366341148728327874299163886861887124664466539468921611508389221966449873499505100675009811101193374101504211348894324575316527953134771006375954880220507900225520556607487193401112179040147057572523929705678717895498885067012755143686161187124717920952803485817286884390380804353223038281591901773312911143320660098622530194254322412543654184406083588356329633311238434234235744274827038130088345735718053074811788313861635725065818746"
"1 57/100","0.09631153102096179844248799231718708846984078565347067826241380756114962262926123047068273874454127214204527992037935854323211261836326000738326538230770901128398509728388737958994923698580717623088755854016074223230259834440559276428403685365675126612782190434169467950570001047010682196561406159432619648961973423508583258461727560752785263583246929640214744154965673494845377670566458976746636286891380985577613232112295546297322570926850272905934607201952023813048001617242948073620057912942185333871605314107291033510598618088661726085449730906566541148190265409500655024427569603"
"1 29/50","0.0833724426735589689149114089367985869144908315204401146316281038565842617626412324779062140503384818508533969482983217254849623336254707359529238027138742185991957553223025101467230369815470513805120709268692445169098863636515477173726630760070439592675401295466804943752916673142498473508970031289525739954424189353426430851021173574864269299355636614635369385165969462564194603620427978060965814716888635638178958486544685098949765847645830372759842133956914098161786179484414241660075654508605029536015762217198093528751269932853353359596137252709949474423627709879060844041664955"
"1 59/100","0.07055543399195596936239523639083164781289085771975128270713539418835020827651242636392968408648226545292286108148161396586894513372205863771991084671493357573689176114795293841920563095753682818953171939773283199084663130376675025510353471712239426302176974813600157486825402774246830176989323377804798474940881369887009760079188955607814821954565983242252010247222923362080882934605845810946897434688227926778279667804331703454523918439865340890802914969533120345983747845954783793499421090184135558453942593227884811915970965553287343588734579288980235142997187117410511810857845527"
"1 3/5","0.05786479620707791329628580698903093134883813288882228559206582737556271742870448641126206008506227940475993584791319831269477730306183155948564237268906192562374205414728107383868905124417693498234149078078869661756159311968492937948486847475671115361095209318729076966679493319814136176648536122865571590235073729920149366035553554374823316901351020256511452508277205013114992431533007054051652819840532722200628721176465551351858384822701648899806752572342102179929668153800491324648489908836389288177996652202123307570610192109676126115951330837295006579174250358286942232653496333"
"1 61/100","0.04530488896440074424704701634429187565127931093518760893998869766508765755543694492976699527922468844785839772411833068898151116554353343423684868023003078458777538339790347510768616458952988801700052175686968160277144717061242062048051957855094010351926296706059834814496463709953146127035169820205145356314139224292949777946741341265869086775311520387048013619404679517829190784399268190506077943439604001180005131409781265225848158538123800961533117118487197701279589615430728432791192161883182224769722348111025148924448854120719102065162418127145936111161962294724238482274140926"
"1 31/50","0.03288058572627425371553955310563581448019392488180351750547324482635844615169121695135142964165642191502284703160560270450529419136378609923953759852036962718831910701109577061802916904509329597591385674729274547300099546169005807220798233655328125148134534741690523227833071004753076307923147781798302763458973583664524499790069920989118419410388351847619572628738735302579701870174043794540756959070968264279789326551844226675796525492760501867105755143212203741203266948549086402933003917758839555720813903829577464538818980384246448791167982242001086061046988704050207038746044497"
"1 63/100","0.02059926767824861391957961856258837096285077134909415438400959422165824643672358863713602615503720347736064079151541310233036967618474872725111755233776273051455493126003120169241977863189706187351215405284254037457865156132766411215301157766260197059237205604389719758584559823669944770676088604020580029403750680461831299383035553822228235198260052059200720530736456002197288462867779123198346291693311521507432490345711041657456808268634878338971265407096776625012185643739817862382080084364920907997490888777495861200851897818341608380320945633278474151649778777754148398952189859"
"1 16/25","0.00848970536739498209886060890763780194643000522363966773526089987109641463670719956401171930474800378571558130883785959530437742342258920449373423698611993168349970753996457567171359431108427406569518429810094114773282423620360246616036938054551015213126996149837885367363962326368686070454778399240940699614010965063866146615649217383675706291728768929281316511541676931938355058103150140773306813479900317992685942564610679824484469380939836304121541211627287419521178488498486898418714179965050908843641408316841327713481902854244798941499595696837733010388314011335960692797994553"
"1 13/20","0.00375558949855388758651565348209103054916393526294346931923427361121194640350582068154731672692977472896706874051429056991145194747566071713827615977152296715382552491601784133545593854269188024218528740523186164586521398667700536886491675205334488576092550865718031816983662112212228989313228304627654735247786015935229145642272764310252839329107366406352693947593424752163701785314615782684716811233032999346306704622471563712535427216296053941897630838639729863757650061702934474514746335039569141648235699871932172158264278446866732164280873670686510257509964088823589628915481908"
"1 33/50","0.01549080609171215549003334312385357069200097520680532876201555972077856134809986278249006685907668794085899155324932353075083860862058865727641805152388779318847354604985842851002219233016967915836181462686784539578790215962229696306194779267709578801172709773597870673769728393146619492664275896148751626866249628199874146767569386245922727018215548504231397417233295507264301647575293641555681654418954237498831215640107898641872123435608013417816064189129209206241074735424655093627554022195430418435674767201602555925790406780766003219380805067746816355837941587852704766623728952"
"1 67/100","0.02718531947484145183430664803362508750591816539356017622814961613888410926514161015664451550575458895471799656323535859208309775310219704550945554892160681973930426133461641411852730246256346576879271159400895415149864415760217509219541493166768093925336477609220812962573424246059378263564184271195105082537603722664186890223120854988206306613205751969824245608917814158818277159970814885404709098580283903329492982212834758470857191579337280940143037628748459622970697970710613145250286091918344724732732802426686061017501941536589542351792439233246344210977026865684444295409692141"
"1 17/25","0.03873733385789364983391655001869648738760546711986822966056926788424060927505087750467678230053913773756591364019882154638956749983836526785520662871500955040650938599227502975186351868097530442876116416599499068761022709423542174167385099431596577332503409507136091968407553937550120258983788187288588669268069483083821403517352850641890988288507106608520219855473583539431897913216603758927255490238115313692359635647789248445913986919349445297191089299297481636854722515026209460366026933192930164299599430853349612790327653907478787749090493327896402960603423390644352606277648873"
"1 69/100","0.05013697903508226267107057965438062672799179218351501610132120265533140848015129692151609905378159508211920707213977591985350674489678627812791068123208833674344381749673541335014949192551388405969592289199509128656125271103424433769502502209770814749283557244912599733368440742633323009257224333836518239169635054636591152270467124926938705603205811497104090341932917063550105704538848007836536063797488623323791110594839318761019874431890153009920263544875414026869266636424904775035677087124450954473572709428388474658472195441480083481006952897491579194977070515929753920822010096"
"1 7/10","0.06137988988764123259764119759979330605848352777460764895510089813058451747476573097710997047826075385568170053281747594709058965691054433530399954727285368051167433085470679725962414256057306709329119885420464630769492335083481031325139311788320838576994630744814857240182824875513948984662288592451282682486499192283294106267688138725145127076051562745780121243536309496395721841437471165340443967465139262026003186508773999770686194054755437481154881196513681246997616831995549740105784331348111701487661434712364286925237030758222073394439834782578067253272916185711702888565732132"
"1 71/100","0.07246293577666167767143832133916156021745404209128304986276815450152495412263927862375710137944615954004951905647222958631486198539640303326435445786417732723875230033583301372826433050209783421028818233809394950581215096566356354842681655989806092920136384627784588000687110101721801056467475734991304488568837399950596990424261995205350542791263934425998516631174439381145847729778454696643949624083922257340955983092469533995129737940470899102350946098371496744199171698308807868249664915406702101225939350971485172434034545090247447322630890543789216045873212631893914213382328904"
"1 18/25","0.08338345455127613895771099492696682771863334318425829607913517785322898250323209557060720234530274078848481490535810521807050638264868988862580036671519110759599155161784325836068264473993650494126395263149683491991229657449461571525177040513655897884864428471265517035440015263438543007904863922279196347505426098746974509761418560207021667402169070307859943878811703456441208316541674686798145653641291061573815801920741544398553807498457670029649825832741939160004784959941031729587466806450085962588106076268439026017308021100565923653399135262445488056726512056989840199424188973"
"1 73/100","0.0941390374993080718236699684914989887644257402665191314521080050669656766390504320909237347409859123146180260701234311337849713772634980444497614496530450063433717576885767433852692813994311736155662792745070084500078356164246526451990609356776327786587838254033992147614595967671777325670853811024455151979565972445410654984877219468445723520684979727453158074149060075298539274007157853193405783270452145900851467728901834879555026012011554221649593630451493919991540433040825055734129326021447328078936742827231152797881215004448440164830003995923310449018936331706438202016623516"
"1 37/50","0.10472745086005421355063019086732397179150069118264101664042561771994312464786911368967505480723241441623016148970091860551614106297622471243360639759130877646031699850901986615532797640352614570370466437498648865610383752587070022663516905580454545308360255137860517160757938098862675773449654485940801592154029255390057213608145029443392283637660149327338447628838654230773563283801523500464291150193913253520203830245915744629763420963800098974741642602244265795201970094725510152401898732117322950027885431054374038790673513464246548931635744314679921107117154519602827086689367659"
"1 3/4","0.11514660123782958777919579415562655425141678539334793672662043723769159001217951496829821746451744913400649692221175086924849166211597901186662516437277523279644635189946854698719129142802378580427988190155249567579833605430951724471924282234845266007442534602700444071305172039868783218667046130766007573828424433716792857075547004261142540059471959171266311399752533001418717579766204803720893936751918591136238892957988572411865862660267129324749486121176429483105900118144030730511170496090899680012065098739516712875817193183731016676678674450585107060305857117387957525264428015"
"1 19/25","0.12539451783359830845821604061553683997538866193739942449617074258950811819662914065442484017430028099624361157364124209594596220187087143157862853080303744812284395844626010534713888696924203595009411728480015044192447434535019871521196420881978410973909392175775145526915004875663644136303897971808412215545451670811654286496340461946089131651202444139549876960321514591839265462422519227944577235195957184007112158205329421368420320076393101146546281743748414808886170972944818841933599831769732050286389222629774437947933371550829222227365074646070576722799010792293900201274091791"
"1 77/100","0.13546934201968887272686350214664956641507420854255985351382888583014747644260272484630903871695233383508427002545918399336786960808414398505304571434663976735492159809836209417400686907361579035945072798708180537259818688713802945338475034261520106967294148654575286536685209901769829361630585205721256813974643640718442469556838969313289050582832282209043763974385092889750888502107430400025639251908982280828494714579946080400332216597037318111856309290164185895976939724512141473040708862033120931959781827250227245639319990152273132916157501913681615263255259191617227016318740093"
"1 39/50","0.14536932047778001516765540633147339252184558473296704446514955821876909001520593731754635801638386689531337847730542418039388075818242877827602354512006166587579215432940277289152920924161931175053518764585794718033389845380735315039837041445629148709921289977202861989074673578194040564425332918391363030712897554512331779650043672014931340028085204182222132117132467395913268680865766919268582670356367467165787488656925923176763592735996245080167495008744947766933236748995387519066980469503043999966566258757767260322920562416961893799328177763475006520152023054028522804821355802"
"1 79/100","0.15509280023163266870300114259464906712093291651411452955262929117060676558624977454796671735419003377403316388589512327679753906955726714625166598653004977945845546506812405882846416075694631225180589059864605973608726712176113006981531169370478428531855405611448796288100809581350623530829509188776540183994419070141168461447784302593389556172294764845897854299343546086162323754056862140029490160529724943258739757303090944262487155213381351513460410817476548325048378861652613199882603343314231234334591430699357090188521629984216131981147637606905703389619083313714955300314708094"
"1 4/5","0.164638224775443514319168576110142775305403446923792449332572787580460928088796327401803340247437087181066165973307299970930231635185302010085851165935705261495217572575646728509435823863933571191380337345804888425195282103439693184862032023701317629237364953942554925191151597085023581883343155365741854805431208117488280046791908429817700129351950847481069500115119433103382262814451321751182995342517107097842316568259007439881851455060436375774820846990170465888784669928679175026928534534633401293484890206703132510078310143958350177614183703804314821409609075790309268185178854"
"1 81/100","0.174004130888002508094233233753231677574248093094678600022838072346381779736136524419903100389629762173966992352708664111640936423789331908766770715357281014511884328805870334019310746730606707817681067437436837353653146249347597061096662780842625356954631489437441165898481788994881212569112822171202011800263689517102693182867340718464485517472528195055909643437503568297675642356551304921373776301807611823804429579276371118995564691270890410650366682028347138901052771666351812604301575203019461452050021398830681670593280174920665643609756645543553199795152011973138351218101334"
"1 41/50","0.18318914590954165591360219621642448784182154447018883610224410751802246288341049193316767734912029706586437456162295804106065770331575623933668418486202373797708489854746010523283034192417894588130576179510643203933064025079174259240159989489633327514284672630438401207422713434969917555070538484617221165561595357699547158809909783208065741337115708496593838707919540411915358304494499698619540181468256568076296336649973437268379171805891677052544535225520871575094403746023021247928379825972302738722091944465881926129642222841058628781857622202574623934435203676018384697337521293"
"1 83/100","0.19219198535297976144115493403977346405979872704731121212442269749861476576834710369097369117569497084872704081815114752380238873691952928783468545076213112852298191820156558452743677809117175717591038823990723131001750501698222034529358113278324155627307197529488661450890722248382647418384140414351368968231207820613523138344333923048819099468256973336086684447939519435485081555950134178072035019154501035850876272470941742876304732271594338791589101337900876653193773172312246008327006919745258304793961066548775579175763692019056791679282599045580693085023739229930146041178107915"
"1 21/25","0.2010114507718175540090504806239568500556188328411718236546779161747437010561251964015406276661322832382974744971546203934714974750731718834805920051306130043165986017350290310331903878028869349974113574913055116910362703509459919415157948356615864548615329178576263742927128097204500000137830050531090389004101273240225833646142592807898007143337242563564626610357031999657564798845196066774157345958082534006983963403660331890880896194749713079743690216925284415062402232109631362028726503239381038900622997931313706903329630574713105286949962998350277581563688836262711887358254494"
"1 17/20","0.20964642783503739271660807962402009826345307108442469788146264233406316354504457878267958765294788869971441858351487178241744961757722601450169820076258022301552063861869422384506786055938657686605792384871956461623627768120462126147823873394801910730035237017951518372361908979038714637870520172840386348589563181841156354955524995398107095528603602662345419513439853980834985031553602006551223255707849886078893984643291866498690417590323977081544311221619415885955027850060149718972139768677773542259183707969141105559666039148878690937259903261276163005568511067967190887864177749"
"1 43/50","0.21809588457556247697020244169432081152511702964860795991381862697950017355708275723860643962542351517820770722323872748087317957928795682244795003652058479727798734316236115329265767487363162305559409036208877522459444684675094395778111115144331145451682473176558676438425551745445900705604679597587698776952750839441744842560056541549484209442020845058697543032549535178347413182141958006992742973776515347293160991056068668223757712910054439958138851634586528988086802947709259492597401051375526891961911042685918649922022868734172555958719595473229916273531107031831518780421176999"
"1 87/100","0.22635886978847840461506577937803368436180336000170283811457092007767537835307902843531921528846673759675975313521006648128910638649322379479549315565100046758497299972682063511922887766348828346561334171190593921940916260972755511439429465695252283376823960595645006256209716281034019155941346043806072333771317392712627959135224975508837854007330919567671967159013445823242247787921774217236812799101256492782506571670909609851475039320984001773065364022273157784060228965318027660539817490492178603381340921092799091602158925308949204175506904122200343180044864591481282476885639535"
"1 22/25","0.23443451156113691528228547325904880381771110058812255662985886162032579174072639844066586557999798334094719672370869662415711252122223164112425309109838967543276070119928981586840713983113692800095200870697481111445149542517583837117071280692830205145389259431005778760298678020310639442374282270130814732171264732381380126247741277944244239260917477775284229161830027028270107631973208739967245667331030574797689399473443451101243142609095150661062781638178470703194959865952168261191316669535715114191728013291621972741811862208089162540231855332457078329696773937019811982600447122"
"1 89/100","0.24232201592099182801863208180254483586346136502704746672431519556059223106308452543309341651962355089520852562953341611686442448412739697471592139713792452455436478489173322677334454707066779593145812805945805623866604380598611120124336050986092518050072374786569269806877994429153851503513893933443558197059788222189135534209291353782027511490025456550907878175125705109580830214676869532367588662984783607361705165307649652365032109461664011804000311940446962406167992627986078707859511475561149854421411848363546779764334602148237738205722776311878124002144873681533927380488151927"
"1 9/10","0.25002066558943285523691267524965843806758131428375963918135116342893095704748899410859406116519805498102354692799933189279245184072391001869911016334182796770894506497279755059841761964835797871488536275910596493212403674744145100702328256931616180459591778545185000232256944779849703993160451303707551839067564357177235637105520267729176464872933362773151744910284201360355072374937563695308761286913298532304241753870717810038351217230357076797860641233557269836888241890570023550617675337732482682442432973828191676258916286373602953357626488224160241102934420316806677959165284752"
"1 91/100","0.25752981883149121759451486980127737954558900457136231409781831833706840979769074035779721933437497956278205515320915975461464445250078776702243413582947940166654816052565133410960053033926423311119583336521891397649966526502281067653173849393818572747057952085337336371429598176819883661059332269699261469713257856654894305428953248463382119482681909514779605327724667814357923608864673230413780188189277582593362337247886674922148010101043379226569415243757871085700204087586226313546888020174270608024165781497927639190941321639584083229303263706823452630828395800371898855555068335"
"1 23/25","0.26484890839239416401584509701672325488015572695643140422889070840645502654472684812629079544020673375403550361440345439288970685593155938231461415783976510409766757060137937400437142576134948461340469479281764305455156287226374830201862572940720625137615807681026436306826400909681227418752666270745810572669801928514697961479076566109699253204553211127506071631896612690100344379405709900264266268393717905710633520749855649631721334432427892787405513152465135078160817470402474987130199259243332926469982780916860379506226297457774105945362426740237108200974559369861485557120955611"
"1 93/100","0.27197744051272809075476734795645215645508290235804594809648886903263751768721094589653816032001057870141377468376761427179747500720246359375661572768708570038320703145030868817597206278797456381225774811699956545172743565317978444033557747366612209605255077495897142989632832995773098209362678006798530994470304840463806521203423046921327423594340682373554928143738774147330339949742794048939596084516065668416158523738025015468484540691493065335361032271727324103267848143549378235027524740572014873348783305475932110852701027709837213353414803049989711360501945001628863003819686639"
"1 47/50","0.27891499401454682393343257740039455536480766408191670409528174025275344811117559015495416319231773397385410814942294810609908349766943188311961577886164098184099002996926326800001416639060434897675461435255540274374120066448403574884578158369772318869717214052570186227884284731846450943347858632449372105464584701533452098144561438559109827470801043408911343454742837703264394040224415767421906955864397663548307079029562730593518054330412845459389545240425799787886742863209414693870427650809888724547164657444817804589710048742649265186696892896195588483956901668169409428683269604"
"1 19/20","0.28566121945120562232472914362605123536969299174425358714365567964274604452802667710728541990459931148248726097617708421314657596747139330709362353649106252946164943421783845118813024863898902379483176280503137598955253161155893372126653668972428245274496737764873527238178962113283747871467914625411147427915727342255190331918078900078238132146699437303011556131137019941028771548563667300428867363686147481304983961355132524751980031605391296448073539934670781470470597235927158512950833860633420192983720111247829843563719340956596095376068889578717442154490426556172150402690138239"
"1 24/25","0.29221583831405950215990056877645542629202944721328016872602026306376552016378787120622778662198533110684249468222533450646882157188916196432367405373955945774115826818629195400874855994539486136646680763791920028204469817215139979946650571825927668073510738080194347472605641093530119194196909826519738133308077002723574665468462185612304209994547228131764256826334287503557601838474619396477184511817007878337819956656860942723936342196231669323286275189574256438787424619052530919794269327910294833238069506052349872280281227619836996208374498692046472187756859911287611098018661524"
"1 97/100","0.29857864228946723534038617388402197478637762811710234783535344044224776143007576334109641499669969063539435076855974325576270958611400181216167853159624314734938598314173264969672318309449208709152212781960274409594765282155474856278494464152960053810138122744198548026061949080727114250946517162820820441182240630912721945959693917936647682548291192334054441908666576967278662301573354648298495961985548838183963399845761251228106989190251836321091086170756874351688509228974080098064046351923653155607674586215010224038994185786639274886466522408222590844321251837815410492604395998"
"1 49/50","0.30474949255981006977260193812653292199347000459402628536902895088044788740196340598909079969091997402804745549162837431728951940862094931182173436898864416268535321964571691320906345430679355079339574903107905802568471480810314211963745648809750779626420364506682031632775310475278260255775854716369591138597641777057843114486172142573241265536611370036503443869786642253993683524825683062532632925865835532346805451224358827719075821370123762741353746031826268667597123302681087336870693124364241756880109391894845653049503822570077971655820138174258329724148104455207664037970199624"
"1 99/100","0.31072831914248034456326056838570619922548494301948648522247126609533162683902485902153567888151002846003675325342097130200459682040047632844789516561387332353229890788043413413866360130037697069188349855948233764589639921578889453727026124107660790259430422621495963120344760194764011684595938060021509692604768173899905698544531340035730427326233637923548263281104958538603489914311562804546705035026700826090210663650302296702976947065628344825662187008607954107265838559079956276289902513226136968911859902370127177916187989934259292841643907650137356663295138978804355899345415434"
"2","0.3165151202610287398197931227400700649737563729929707385237679384750439093140380269557588983932210539037869091710296176400584588094343154213904300408530799685744823574479928074094778606222122946483548607064215774562571200016370160023696734338774225419693425545710448225160221314904955679248330943801224341382131266200570464163971162844135817458377480455114075329126834433609054932015606787654488374433782367181231268732167731379840105982847053122640246690058479933898123091726016099775145928788702734454344104082997353559542425835229509060039572956661044960249208291205338932167797442"
"2 1/100","0.32210996174288594118066709931386819834107512019955835740810504379130864369502886437077292084757517464505403310841533304032328561579816091306977276487747094205185566756130104679668334293676722456718320325797391223853144983455208545135780177918481782821667477699002200761921083743594370465480259233153638563042677971752718415068152925444935607212633856936197677212973039602994356866430951361964357888270241361082087762519203233094998887459750671036706713156465516451256950062925774202977802375912339429094748459326213585707883490801303653327285363821910280835957032884047198285970955275"
"2 1/50","0.32751297643829901895613571348649224925543338964782191059594372132175468541358735802868815758005891319398495881340395008989150965425427646269204426606322952860861258788132740348471374318813462407970509324190179462976533741059959578078321573804476331474947004124106938732130437876532443416532539145619176290771314378472591200011757143830934584275648209004208719934241242289982847995236182008491298892465126962259583334279778186964908672687856276425102137591017197941130480839391435015605932669063885058052570837678076585237437925101261181960596717466782343256291400670900500441425514918"
"2 3/100","0.33272436365534743731907625357682188333064614963825277962116161509958240649848333066418087276099912359980268588089770344883423047845452972357250412124825313136467765266278122018364750042108326575893926626961088690911984930139032325370417168462772725483558174855876075587444081418219355775560863524486609243514539583433465416601712534030004477364457061377616831812810204290413307273128213241223052253699083176163398244320109223708183655920950740193324210713503359831233175226212883696106613558709038219952681822595800090550642528231653900616376046950217157425114555877351005703663973019"
"2 1/25","0.33774438860612997179371332148817494065819426410055186151285789877560152862816301387438059421685058784376286970793809093862586540837563761998461149729679173864904046201748383106805293411909701199778878285914316685084974882112677269734284529227810928134707221053215024236732140849074547416150017393992613909119151885165810997257227983370521966469781486296429824278158470288663754132270108431996433809656032561708607141136124344809949978965634192061677381366832829165701320066070115916493358015797082772921451753721085481599973655653261451428103151291481194454105965533245601787184276233"
"2 1/20","0.34257338185944289733516935415897719635894811485368445653691259977545672405896243320963345450046666579080192483193276836537569329283372572962227226204694024916396720954544952924662028901471575515550378611963315136479880410072689205568593992402644915961810473199760781241795133631692510469468082387384751948387131733817955511687090207808965847446381428583115670912647385804833355531114733071209701065321246505226578845027058840108771023687596790014310492284356944353267002280645840727912618694820253891645717508018558777115516841570111686730791263279740255328037822234517358831725146598"
"2 3/50","0.34721173879550210814296178752846007581772710276452945361533325544560142765256140292427989829305651599718695018023035967318900229325352831045473887191073804971489861360026986452565940887548442127421724354321774568225308069595887708067102551081278667304851182467431126426511338589771521043947861606590816159229098442382399177943415159440789006738073124134297344052604984840814365198618642599544923727354456803276404401347827688271369865259829547524575877505940321732634781581737743254785001308232912577227241725599915107834022163173304534241148134291950789149141381921597084581353955444"
"2 7/100","0.35165991905849749376529557573464270377088299915791721722075119722134354126009883953097044360891108637864981136238056938927533931535923620477173485250268777871635568157713348507630223362909799559824600566181944796036004636300463748018521990197558351577621980525438919802765598530227563669270120643862317114492827180430888154282763745257884628947311534713027684959862000424840665860633094513886236190835006549178270990874526988165543291430901273541016728856716350747551881388349227144331762633883003446948389031341611843182551980433069808881229170796543941879466513272206356330664297374"
"2 2/25","0.35591844600300682580256739499446117510604213310604168778299582652766580275976843556139826342731411328535343103098527182690986967793887306921130933183563398553247565397802748215083170380101177838488644769883776391382148262088635869251845835152160579156653481444457607561795544703826365052288487503269698961377354267227821990496176698529586743263181753066351057665631301709001010136131806542976715678267663383576256932465978602502906173727976173149738961263699210191180666287462368797557501432652222568481409859002975439476712364580221505496824573817609441200222843185480541881048309773"
"2 9/100","0.35998790613053832742345039906751595259665171040016932765117942509590253514885515023996630566249575801712405909455827328625017756419309527353562360633633670986821324153316513353213569807869415580638553727608832192313120536428113228280174721248570854059957364185562093401304531946912252222180980911401131013288950865007594617450793300052575306652101076759541385211022501521799575863269978555214573639476716962655056252587381716273280430288016758195075202827609778343959689231778151234193784562177223449373907871382708097767183491403363780120584531483249720194780797861012294043413289644"
"2 1/10","0.36386894851271559472660239818383359443516779466653028570354005539607334058719806269390210818852523130531798118164361648052209143055604745836482918954237645319595750161193408676555082592991876968387444730993692739640582216594876585921886285343374411907921426436547301707917813323679707899039304157459194527265371262763910203682766672432026840739465949407025267361147200355290642642944545644106530867123277221379121049222856422784870522656268523003015227751429068341858958485525981208460092274089002200546709552176614636492173326965172853487559518922288580226892798381415173372388831437"
"2 11/100","0.36756228419786511006551819204019792789189152346680159211436709644443862391948888491134001167513995302307877822505809993646290035728872771065135880102713185396031447972655812725495407859243100377141435298773636983594316910842444574240036334111423313759288819406003382252291472490407920717693855636134529991987707470389992136111059726440849908109358408662218084041388195328850355925857476377605422008947646352852499615329737613865292325164489830988816251351326105982235733540878224615059246305024936390202255912452147680052994260212392017061929503422310591304584742391479100154564782313"
"2 3/25","0.37106868559801465911638862107570164851518838902357410253858464093568842032866363923085166780248189107230294014887807667666631377915606249377672768518577596998305620704524154043800951187643246188742878065774785308513017987099445305027502591982516725043757933291402688114997222504474203765105382951330831011169566894584007137730288323399413465170818642993570698157828516518147371068106053072189264584400730117385197960410496545898107134987539313528028275048813181489671927272496252060731069119470906108642825520195692448536507768327132572124074596444823209426965906908366337346943772667"
"2 13/100","0.37438898585355991283450761492496631145802034998684822707571081175255208104185968773692072064539147560341596418985968980206085647211831512055634505630343917051782900965697290977100103106206165904912237829227748177509927550562684160704369659532797766969639508641523936751921372565518274058002140413526764672575809797386677637452977239417415854554083170706980872378665812861737754341562444826519561166251417772215479321907261545610639893172923765620959249957428670521408503649838333316538031591178936675637989479933396822050258254627995912981486658424203046397287927962985062852661495118"
"2 7/50","0.37752407817310560567609865017599078888495303744236923831514720463931674992474758538375686442780807730377187146728130567070135142509396157596123193063268663582435225346699539958908393074954071611194158372741423325326237696472903880011578016270042838874366936907770602374021878888174707391259598757095189861243702442969736783842657483821174206108667008797797546830010339592599019329018610991861349443190929091696404444435731455589437234621995018330700878461113629356687160970288447144149958482423582950196968992300376777838092796607431311235724905840510359574052461922377312227370824237"
"2 3/20","0.38047491514623645368175746354922689278817335931559411567852584179053906772095876120699826065457314363860088686100117269318384999134503486617176832058866247127075950504120030567062640621916326714709032462635529524394500783137028512113818889400318791679498804775266133978985191917885278540989301111759702443960453214348311829375800411015970311343961515064726913828147445106188600833440436476943128646806039952076401009264707409623591737462130421643997275049925782272266668084067090040307995035801751542331094468463089211599754313906144493024338096244835292676862822520706527071839068538"
"2 4/25","0.38324250802722051885647937697948730207012790827127913902082144050189396179547097952075631465555691135183384336778371493013702609746062752190582166474237797482875559186359268085090016366667836222256368187731076593434487454747714367820667615512215900087798672475217520358041398054715616329909934723662745345394923146887306501406906339077537028391682062049399626581709728067378278529253191762430961235442291482281621728172962608355214586246891533208203972065869690113582804589439612761404145326300445943742145065612599047721003058176407315888764878096183082923027129465096280383307354328"
"2 17/100","0.38582792598789344370668382306872711377920997683250457106017309448296346320862274640836880076227639421911497423245449434227013494472760098577312727759940293370539749039710232785670983774853907206866401707229561409013171476459201613726135766761442123801447273001117580275739036319643746916072969642080603779689722117222263996698808145281331539196191625518108563580997647406873966036970827379409831626076444208256121951261304899652155029745152651330572987319151935524871575049445520252132488559571531350153987157357064726737000363119609191397449713091373802495546317656923872272650417238"
"2 9/50","0.38823229533821515767296661298421453057494411746197415031782642034959580048481827239615079738667537381172073327240088556568775330101056282046090640022520271244125241128875347302275735745860719129871654950905814897617695090610746867978470027335568020444132874770569603845142227394054000238995152367883147268846129029172683762449694199195374636996775791751596080812957419821887530623530251504802604914232617337857383988569703566266506015526042596044302585515953596365652452535895675985451077987544376021954881449158748583690593454717327659896220697581899317303931344588136873586196406854"
"2 19/100","0.39045679871323060891647907992476043945966875506706614955165785240778280382140563519963865898002628599373201927266112884769941903130592526838029979845745569950669573324490435747325247271831974693703635721846267830040509821821530986559966955462995008596702121134202033778163656135701041498213052795613191921904465821043938443780451837751779178508794881241832427843561803403204008118070808747702570535152006485936804913793025383617364005595541929482081333204917057841054043865319298572015364247123363464640483149564341824440628846707270931553191350694585431630214733525430470658220295948"
"2 1/5","0.39250267422540212629573390832184912030890339184327777029325700222160117708049824129575476886002320647490644820396228462948583442750353642593674439030345214199612383539176450290380488496941414693092782210896010260746287540433912975664101070342081290330127135485153580253417483738164096966166484607720415746572678439534818981805833935095917414141014694128024452224543091522286275180092248070291666080051397883276168772549726124324095443018882600201727816268575247158662196765178364754972519308810442599201343662144453395512688116157196469386122790551787139404250289135191826662850469453"
"2 21/100","0.39437121458151251001256991163956947257741380165277810391599840271078368491490701280293327743510402209839496179091694547542169379360007075256644745646017321635477244255065601058327429966123267026854880951243387693818236608110391876657469495154858422773267513984729453890018336040437858724840624581991533762870217411851778172669167454342854643390917899819115279512190191609931847413610971035286006281254557080502190802639799747334468266756416902153036952222964313988055342277252249795888218473713492083242790761324232045487278479023002995156994494318145143915455574689571900415489107409"
"2 11/50","0.39606376616356424860554399907460681574958984100548831100176802868575537914204142804695894617793081153371525485291339513663964043348258941880153319679192646378615171954207112087266929703249599064275839781943834205680556213021139462648581962487797465096913106131577314093249994529475100075560051572891614603257802177438001932561217745112023681561656903415892907624123216730182047236796343035725661273387324383869231976907456076683540893298230885620331155742385114779263145449935462276767886307482995512632552552196310450934266611703329509310523313861650687140283613240361616889475645889"
"2 23/100","0.39758172807332075224599038865574827407885185370215376040808432241604212437512080920445379496061161237713797828897430502912176151086899520640550287728197919801022834279169926047621959472663210413288026598338074441880840627961482647542591376200712829647144403053574188462332601766325080110596238663405215786266646447673878599588286652247393559748296871594606948782653650388257060229848074606170920901891751797393328462630977784415499752321219240210631559423513034894850988796549976733123340999869470680269532738588789426143615223474596347699430218154484450284658647654375967750975285804"
"2 6/25","0.39892655114034959260126560742775191806381592190577638577437151743177472058442804336068745690849485385733526501293638012324332845003487836260613668157503259954020910361969150305662733277698896413226009825991379849525955713123282435091339859543427386684358756500504164238839638666388087994009289325299409494249910719784444912551509060744692948914314054947094706598457043817145529454122135301577534151646861113965609916952698593933262946024334182464717605768107767331170641571288677418126004531686250000539806903628279666404966163806049108447987594235885757773183748481209397884130484814"
"2 1/4","0.40009973689363489317753574603311045403952893957726941352185418908408744172941826646374758680463559004255837666422230246464594860251636230607243711419379980692443096898536213823609124216645969847638442673181590991675927120776986098033476641934742909336045763424564825202139094397845959937691055213984580185666386884768249952276444702277884156671291704187671022661625142234052665131175559735047843286851916611975739491184510244195639192582881844417867389798804989127525118244093365799266997606298558366605325336866764321025553263072110680206533433448897347088826265099190761637600646455"
"2 13/50","0.40110283649702569933960400993456660661698609751089295810353322772291644893619476248864475493530752556437220981501658448214555520236190861546823908025810934658111176354776225590224222045416321686275461292966817389799885869664811627914823993277430710049023908721968514523187437412109727632038240069078250459418147485679998015299275371202945680511399881949214435873790383317428963257669394591557127550167148713482232653004184015477462354789877062572322969361837757813842788067607231185742001232625137167105523946649470138613363610532220311908476441994800395938352147724066001452287107855"
"2 27/100","0.40193744964897888779435978906151912716827963167725318366953453400831906626954498934516422681806030519491232422033842715536223149178684457220164905652141840310386821893970972687323312192288658393318171706123936824497830236887907868276489111087406399926423589623163608875510065895221168635525256021099115462358333759840455718239195205533183451926097464515332543488151267342844197135054358729763264778177004141113211681267846455827154407738127683318169504992908758295590505171096516356425313367267609294711505300117451415811815210176511983794421190281071368748464004537182572995033282002"
"2 7/25","0.40260522344723850236542471366280269371921443494873171971580749974999554883303170982743079180057676244134316848213214343928782583517439955016797378775160176691734122809935367942435169713794558536083692658368822555587840344014417271273612086095602254116878543537061775370361187203351944296439389075663232559189882303202329364989112575730721539166855421909386452974287958654725594675384656681088110649835758882338215720911136102470150871035204793396321024609842877515020252454574650223714795520960917724286773236833214168604240820312146892888173847910604667433680527565695959854782530399"
"2 29/100","0.40310785121926791686036007074093248758623577198834386480911885676000963560718802095966748135934611046735495030027056789213465123244259449294279238888231642088781664368357355165238713875153800784832011697427970744829667802732882908901768031863597364051080947081440861649163313129404494961178887952562547767210354835739012966321793122934537472887461467250232907152207309143027206102903468059882121554516254364049480433706169772789902050496019648909224003275491308895270071905144744170837724650582237744261949431890419197772574729889786645278555675852989063740925606076883265142542015861"
"2 3/10","0.403447071319416558139991797845517398130494114762516270775617153049426933837201810960144460380351467850246625486963870773141185146636034717236824425540448154750791731140079818131724854743181481288591277643203990690157995207833206801477064911480002808987283257971411459918512450095193080209952360483100630528619521610362236857728875941790393063656188379552467940579847348724547683261887708130698869689670998219731891261280606880653781072352821362571200478436008781939040261610398924086350909640291292628278973761812043619718036557405538153284813761035518929327607006476056101805178214"
"2 31/100","0.40362466589395874678563300125673427912577223612435458885441112761705511479776241336123333721376431037650072333595440135683343435527992167665548330545974513063584513958251144443966984278611007638738625795376119699525921588360647083456108766906949724745067122776370164418562773213605235806801631562850592067117328419401406426987603809324022321488221872176239645258932979890305283825696201601182890003715765147052901162961338094772483396743707348441327337429811168710031314539216628755156204364515688379057566321623101849872156107088695027479819131501136243298341138257818048615245785745"
"2 8/25","0.40364245961528824596199714779176375738441935760536090652655238649044508549490409393546022499386067411458783266053552226275422035532602620237830669172459394178354597691985517347294483805516224101860788542522181594712889785520160427025550730136139123332675145125967205473569685102011116781379588071708847858399989055898049555695776667249584335238079843505136525420284972802733520528516434575011212292239321598323874628809596824429214031450333620069401063311463267987348994985210802128533164631403813299750260220927401902942708081724373160141180954105484267035232543794116527232507110094"
"2 33/100","0.40350231838668811220425964696665425471855620461177852999606569754458009650647919612836159165472165536860631365859209256067725455715314730359153525425782451938504340595729614333692492885361081862850911460415555997763761895028550551317663525011122886413421085646752423419432134739295006647532810026311821703834400112292895618794950398726821036201800885529208382233445442867969456619438996813110298031320775388550985638302063933316883077821682544364356866857403805554670895266931614489398462732797158431206063128757578830364374498178814705202112078156421043823094185837328358268824044232"
"2 17/50","0.40320614801922122051411482393251666035072592069717035484013363626363600741249468485259604032671879409348354144308866936848439890871991011479414158350058908757456020211186719508459961354315321946147727818544104108466022888318117456088648710803559138614356082680178923403054263994474921195501406864306096451650965494332863292779357072064478570698402053696569441278176361036257214167912261477678875703394108877237656397614926598863862713200911468044619653493321217973829440663868887465026750070951217193050175772405676718066405205190596837933167754094893819808321465895658428518831787438"
"2 7/20","0.40275589288240224075112062549752241112369763620461405399379993899750784062283167156858990322160554747661427605895888124283220344206542880314664742520533568808971078933168802561231143507220739773579905317528098031193393389464249804384754830741355955742332619496117721432797036671311292885217905286620813001265169370533241492023618087928600922276655401736324557104969789855915593392620463152176163794259588131810418821343382401067634815942441464548888311492451952647629552732954833779004185889634739485118223355781776219013487447540071234913673421760186562211694472476370397885986995472"
"2 9/25","0.40215353453041676806327492210111229100061618036174247062355010684727753568372712530303557177861137607226165135167277260435307374030294554628843057812137869512767228184167496482201099258859870089635412173109902890686721330471887097083356970395791694193436541813568794377817155739745413321243544989405169685069755078293585524616357267321491223102266097414973477931868749951287609649905065891923550997471743110980359322429834008382525150007833073089808789800362835801272536646294312849872065027777858962917313983080375210994054016819690124017699332635717900488828407721031276286909684213"
"2 37/100","0.40140109030574769672314229979380463219986752021392344279717312675035291913139988696136386341886762759391008330451125449661032020813327491288625643038163421980516724527741668489342537568690109356469557627980724989527900391580271921118819441863398902335954249399576108280560221552281108645879478423423277201062397396883294704120204184406266543244460086320104581770835403398776296815167474179101164993723933291055382126069367848468336180608592917760047308796059704375571746846345606566357790500781415468533811664749023010852270625199489444907211392491095757897187076679585512619232289251"
"2 19/50","0.40050061192215275787679882035671654227707702878893380144365910704100175562330661653459557544032077631046432394545760142934327810950002406832791610489283734107247279048525732833637180360492341758714214933609756739199671971952329751684725982448314875779834171135969900903903215985582993286805909057142589146595356982787073426568248701622370730887011976801873217003406765201110878275850883491768118746755107366156041894649128163381121753410156580528693290762194305966026590336977384083319093102070592391807791969742465725829835905791647605090620610646894517152230915488654815870667450931"
"2 39/100","0.39945418402901044417033211910131079922089222612634622409712805229669453111645925087466754398178697327791358519938086344208277613391920989594574748789013636842779055210678142892002488035638971476085285849687943634824937601136032606801711265344101859405696331017594001800150567113406657941875833197964330417044418922811696565311471103764713218552248067101743986839742827606758311302791780701859178537101723876232909812767627023749468239690904220425023830657722213707831557968137960304129723507834066585007771778158920518831042275842595781460254434609528260765708301706846231039309210085"
"2 2/5","0.398263922759114386894518260514991278822330782394768530884334051477805258650314959711678185740264167374458105813948031706373404241270769133757025847250508612488048952549003183444560187878501768443699532406951057153091735558596295367731025282971578733076610590584148497888869440771872066201189711921742277106433535378884755281462243679362432460543743064907817609151935765475744047016473502532999384584898284633673351851410615978901907085783485564627917217502700232379591220017652605429401871491069539536516105475879108463530272685790600444045437163122993452063554250815230875796722729846"
"2 41/100","0.396931974262048743921452949215688372157067269497581809985489293010780261501395848908809285340770750677389047958657833457540178421478046208802845568479171044113616363905585270290425591725671633912305458549502638838790196722804006819816788747296922747138597260806236985200797457007280210090112535047279620794171424601256029348575959057359001451270314317976687242717688512811651657390211978307603869937654667381041064411026565770247253209339473594917086346749336120012544740820237326659571288937886671659704122477192957033018935590921302768296088336240700441178142867321054460208472622543"
"2 21/50","0.395460513225319448393130463192431009219149998833973584846554316565112146419140281940430690434600931872888138105533150900488398829509755157807527024346849936710923544090807003301582843771857377942397134212819352978177481725798975502053201416202548610180524119086955915950577649147695540236192944357894001670868470896207135937080001696659010693150791177686393515384182144702273692796792399493118694584546759053433833935069728185899970983982631669071706131248838193461343842671547503217696811623092860613892556577631608797174389730034809148926633402986261652497345080705866714716383103835"
"2 43/100","0.393851741385448445636165928806786390713504811765773213628069789513435489187112479259485647285146476119490718277337528045573011465302874113076347559224301535859403332169127467458097516328998521924000005206671198444543746280074225721273660823565822450378940567374131016179329561069458854993615279979515871324366009902233186657539908912175794651984882580609447239688994799480945981384500957677552878853013507892687571263820161218509851112285434838711414649109629330192324451411993050889364096095114181005788886776145871746427836045438892795732234980049775380337999619943500058480734017383"
"2 11/25","0.392107886031260531714225426670407069947587636389323772263352473364469521450244473182622070207487843326284296353142191462136478622285051218276640724365332087769151052133310759182923611703683634794910384004960544795928822727666763088785871751172931562333914487078846463432541974062471218525259495142220265070578380973443003563810370952577491207294449186914508329255493777555258216044100522795784884147780453314219849385854224284705795484650226456624996287106483036690121270041233292294974838484826269623400603629604811740437667072635793908186348760883360978089770520130470513859300509718"
"2 9/20","0.390231198501605357783543278828684975868214539669164812544384613092681116167297591362716111571971986286542758884667999811634986340255514125556945443681502698615317841315260871905119339604774997573034566431482394946803419594785431676719122221220366105131459239085295134541727441500955974845218915055467886488860996211833867491846532776617018755497002341649230953386178677163860293655189625248296136929850286506586856247373715010781774940537497076174575172476002686989093401211964609109872152451754640638140805590050424069049435428480915744304503091211539945483107907598500665538135944912"
"2 23/50","0.388223952679760868011924408624379132960769769971302320991647048063263508093380075101245200449918884744874738887010861391599012836890338034868084486998484540662411039639278506340166220824726097907499914140313605766960731485057421097499011783975948212520023922986087258780308374689745492420624106712499673592314288901722288089905614013168128339109059780640704284792142363345811074724463647111576297578218041662047911852615658575705378542072831946119381942850936891535161973893385865330581375593644632138029695803081189600748490884931922310254172296491199279976218468487269869537639602099"
"2 47/100","0.386088443486759212622570552756191934732826230369715305154565257102854119835057077392991984161808592917211547562164737732458826261184149329995642759124654732509278143698314394579919972410026292327813067797520403710227302703163309755446681910091527947968966568124800158711485944939900412840845000691987646568851594219763397568668901167464295758326491380221958132776866482305250636616263802175028326392145100042715071022357353545884205105511775432150996726118086341744815125675702192167283058858513340386390644239572064107461100967620787071093255311849919415234377166230908106559860518619"
"2 12/25","0.383826985375862365939333857568576104345468131896061167692078814022643435345085613190146037957581589702915696973878535909725976816663298122571730884623779347085708608642865760909049034136194096089980739024937327676580367893817512143664860433184983142845052531389047314160658719300384810377275085559777474362710817817058628071538995423152978255119079669484629831641570605422031934441172428694550427517268947695214883271217594343314579893128562642571470045948571039078478470177346614519609145872620944070865851058013700250352830185413999427280226302112809268142604307263804686964090410914"
"2 49/100","0.381441910830392650911133925644603692784572346388427208811911175480746735128194771336374088328251499178743671984371287300896007726629905854180133420211490248860671346166463977883752918989518372412291641923804407814339799925889941088397686100703536481554200351955012551662919697032577135059626985800652276656988995263223061927147340445783129764286179295022297438016408789526846817950313366198961986293190569240775518085748415730117279549948944132865616132924489933725053107842823766019036698624244417919351970153524516769214999967712220775791461875808871912356237752919586650600586036955"
"2 1/2","0.37893556886709351717082323687343843390402892776925761349204723643110391240958906742966535141334940367904665441316750452604080490904992591299947808208336486716380152365822500957847756952806448421386409193790390541428391753587016702998022229902399963895940341333797634876922582463766857722370525270024279698640891352627324275007548092972565413232331838414361235448050526714391658221727777552973224217977065353341466837140348349412301217833444046437209407487857688934007193186077681781001534636360082185022945791271784084308124024678088810527263954738889984445134183673739957365655269214"
"2 51/100","0.37631032354715864926021352195829973127285643685061758018893151230113582773371576356188877362783823477059315234470351849150123579255124562113151590879032009618774449843177024084015610775712111335056515492717137261566503054629604313320498388030992960521543583779282850229125457090244047927061782437529321040168739548224146244578909911742646001623055414832900256478755678561599215853219007574808029401912663678244822577756366702456614959023845006681553926245865031514402567138324155958731107997241761530906566639837184354405335779647178162411086305979223341838246147571092514921183843375"
"2 13/25","0.37356855249702322197306400104947865092216543382165006036428311292495629272690821558554686820072786956520714961479438210222293598132083302435739964693076196779920013470504269013428920900631748581106029578648042440913559809832697283520420579298976839503913161662214810686697507990811226933250968870623088833477338162660803946788040317503981339511267562636806127632319902686997239600717735704471293066314618330239356754726600858829497924022549415244495387142520038959517037409019722405147952326435501147428349431028992706607459934745288879901020459571237955104586440862696638927249366284"
"2 53/100","0.37071264544096031168667888093731689340200317232343664837564403853366843865316128306808047806159108596515343667519477094425944620719001991085354211818569176027445367254774806732638463075501713271829392148770395709465962125204247128406162123846291371278696929083503864302076475635848034356293691002071548157016897959842439037289557405839491950353295237622822113007557260124008232335527384124013498272985265134760619650732900930728620696486005389232637525283917422604383726684812065042284966860241099409264923664417077932870014492636717650450126329158156029226842144346127270304939928465"
"2 27/50","0.36774500274746856844096492350194187129266258502111344170342698043456944041529697889618421630207804042844566578861193486276394238161968540278451856071602112247270235818214285800930258323215019981667588288103562249799521677704062266245530302087069523441184298413183301755089611831716461684768495484819571319244555939321283728573381551393902879242154123457198044503583423372465214284361548705830664706400173073113569835756701633037427443267874969333479578487152986187278384508659493610365270046721864082745975258575158346247362555012268642920808540545227278364021838030301938328377442371"
"2 11/20","0.36466803399137471470881914673113312449917490006477726606841244997089391218613348370906319256372475530631114256313854535570040257580736261864429718984080012818621031973043713096540047833788251344399447920876681650847301743334111031793138242666409254493426332032141857796096281537946492710445771380009267269316918643573846028161980656714900781971786624622429859147482960994044258106256025089745203707496221976909930722252327634421371432641023734163009832570250152697156518456472121420286438491417883190051553657519262607205539048066713334860368773908348265410847877225902994352024829168"
"2 14/25","0.36148415653350673106367472378506848555229203445077579164134960141087756228897294915435384323822127656602728027225876461372512499789659713607995515067132698603827460019484030672521631644705815368583648710270115764816378257905307019986052308529521451899707209563121429029570849322709361817418934553540045550476710180619167994500034944446065949644002458347026513019902458168426306950471404856083733961363492281284637825806393780027478512294874106150550849664588201424684607992168480927622345850511290413406562470103934244708624672730320515152459351019953254712436351014882462434485480231"
"2 57/100","0.35819579411972118808945798263233900110400658523507384253476852093430290944025101337947285670669341680790665017789554159172942379520132802338963109904311117794460105460355304177151939459549530341509979259386323166919150809080853836821030038540580762099106984726317386311299238879068299104580517810478128186297924619418410549603936444642618259197420960103413453710518576805660862116029737367202459201840918460688837210666740319528646447153813590115700609460493308957277305184399374116732574158519928609581442624555089408596976360813365736357014079087486175550797442692962441560367649064"
"2 29/50","0.35480537550099156137238593240224444272280796689032372213014446998652913030241678619939486001406750454418946090655459051119827407543749704025437668361684365048475588494768511566927830331032091810708876110294802707896100384488560435074806684375038424758053256694927297300143944665834703382060689274546452185668520237336947836734900322190490278502893766305828225934711580247220685600472109847751812273787447796783265417787891304084763965878390101523593261971474504605286234280748301258591225125586495366143860269916117339837537689990063226982048552279956358906582912928060492820295631897"
"2 59/100","0.35131533307618399517781579916136089434816711497643536022698521868179159541762155169272591307789371137398016999165306032006701634525740824889737092643307040481836095834885543510470450706692952668355025186925202693255721017820124760861436628112415767556934089893077616241445713603297558909676406985805181179338040581657412516383302761110800157650550551197170232068907657999005578454280601744945740713953398279688879070878092079750017022052569252530716166666961807764721113818637689608249053535505170489072759735952993954507478583158480539933693020242001600939853632138152832802960599351"
"2 3/5","0.34772810155906333068150192071900136118104017942826530357921803153601950618895527897376502521522632915926465686676938748547447634365779303437373031359262633107898500401823924874734906852299367013278386899152468878552359856271194100102362807087064518591588600553084488291819511207407057891528177694243144789153898967887283387927691575419569042320057012267363356708030064064339388735665806055227801981954250626507126130020505023127877752513452125535248473297028924251286178073091882933786984137638663272339293175296834218435665644265669536927560235529979065305964218181208337112943423437"
"2 61/100","0.34404611667098575195798309504893907851174481404221348947439862006498395199899061435203804734654697630749255121831366595517281839040239318869920127619627227417428291944498473106399865404477753053021941147726582884858196578402592939336906582001606759886123989693025277223506533039261782448356648185124130797623806632423995789456553724437675728740301744081022028952132229704940666069518397170962181638357176148164961985695577242751831464613681449252783585842482526076956579956172481473723189501596481175684385325910577977316422293634728593857904636013104212451899952415391164478196527084"
"2 31/50","0.34027181386064558638822096560295730340702553463237243045963591325886312181125153294375187751222302910697708808351683018750956794399650750456087504691396594664880775102050071986486565435092938033986817366451158590682097001052130934027721132187528174205410063819125970960736238718159120593337649132701774726954551460137069726350839208321879042776708370271539962269611457626256212932340838711632735676758022903215866691392742770721160039913706071957166688176164916048941269568815919585202584116576042937350178398732863700041660291151294632261678430955599139854198664728719705881731473036"
"2 63/100","0.33640762705215307660962734239101611355888974373877604937968794071304651883127891478505368510338952580356537680708878135576810725726756141082609827103499075078335824010662769961610104896335693476585882618998036489445879330253812378586288836974342696827602339473914590203583342325175679711135589034347893066647563320654951192440529910159011896688056793612166458511830610165520247431628327100236299294042312283535182962423473459892285788088870391715968356398698309651031659252701793882736210514259365907266294457013134527477761924576153560413169325172228364468500490348004999052592985071"
"2 16/25","0.33245598742262775978370066356846759711399118810760570014137279549759897054546960145819555975632232665852999903183443462071162188740077490984231125606226890919556990852569384546687726506762952452295354619929413824083033832433929338566542690497876880744615649257878194928691204166408793331192889019578599109384068156298978607287337266311467772438118852199956253063994705568468548284410705961863379996350854680240031657077754459432120885142313838817972436178417991110001033829995912146966984187512007501120396396515739161057972198838589281467871559458363722530099191485666144264275399432"
"2 13/20","0.32841932221039887698767103808707472037920247579248065693501557364218490388814327746073192207993998102955525828409081711244116707469077408640094419903539399939531493444136094611928028655435611928216414390162964443606523763678478352059413324920773137328179205219287724825302404240960734761023072216038688340951123623110038639021409500196436743322662784133604658938440354195872974844921093087777152696829821849955217548362216935036882563869202850529802467745000221208426760548963546393880166883293695857462520861843678585824571084317189720929545371608493919906754047282251901730643804486"
"2 33/50","0.3243000535548104090199197459672242635714310534365619542823836212137958553420232851290693140344029854309029722257602403499838645817245004775603498289324706136567182912382611567711455091675679616734028962641162985961541057739673316083456106300530656823910129368019576155356172871627459624925516679889145025183758095564122986342046182884885372366505112250733130160467578748574708873049648928653727529313802044228189786021276032255741126794211088957149010245989019363442211538877131934531122894468437224961552933424289209506786954257126897862100341419110754635922926585681420881926533849"
"2 67/100","0.32010059736853429990615643482250103355096737709691141453163263377547098074609724694079887284135406842660724501284545018682301012514356957444953735764178249669366863663287678784247187726442706835074730022144823141990938509741338616773293226304951919361767643024134357594719984713387772175067545709571967319150688600319795724393680687822811961163444213279262366755852621111664183186758361506638864083873505735718032029761865440338367180533239038812068762061984699363488025589414309971611702638140254068047897228478491392300495579479626593163991394380557683989216918358200362419482995323"
"2 17/25","0.31582336224320157729246971077505959609012944982599780196899060368897621902360205523180580120404699030354098156313197311226643764551705451925793342735116742892307291864691821625383783766674330914822341719400601427299723680109931543429372086364585069742612368245247361947207634622346149024675279265395298436682570720701211267919998544608774558788789266892987400275684982333785519303975023295864845897512114977854153347508554917651777913890626993914553216813689043767279582858982963736265800181967556283515101646823549133717409111097001657041017614307660165196843965360549353345089211227"
"2 69/100","0.31147074838906778701919990477625389233687733252013790757817208097071720942267025964695180139529424149376030128576288442138946786188439144967682391444712479252405248746894820030319957180373540706457366003387674253196087274516017326227555440449416862625629739279891124958930030896585746864516188553837789767686824165887158658612045264835853648039770088700233800778571679591238360286783268660445928451824799743732645608105463179883683888497580038116324726326315399390379814724225773688691114595229127773512422084423620451534872721421183502494740405844330321256263975994712629429424730615"
"2 7/10","0.30704514660933679058275333303381271941423480120035776266249719804446398509815067777935995409856996462778588764896652879320883257910377975114427189676559872608761657642374671736200764767593761234849134369908257270228051349618146543043715777261882079435982126996753298760355827108053661145384634275068006340184162743581183049757816361920252220528530522189687983720117410006793589571971455911209377705768385679607443968958787275982221824207796314026850766365882142857733218747214611574366405237950639715865920681292642639736058662607176335902865514097243644780427160294288388493191131372"
"2 71/100","0.30254893730967587797743181896752690878374944764274465210830822078113863088011391571083280814398719293857495679091732859239137010271457045828454586629338459765544871866766035250619921668695381310048723873677049731115163812709361377339116654007684304269258530014282187534808846036324690659465802801770017492041567362984083580520047987129003652644757435611820375488192674226405391318716524400193237948136165934308322260728908127910017343131510632218747189435859040953243679846073652974360698370689952021574780804845446845541605979230384651936783422546759105474653950001854567892130886141"
"2 18/25","0.29798448954336566012888895528768098309306316668911140623783825553217686812963252376393769172562769444800988503657693253379086831519504113017302315472905701883897766847569185855794076956182521662348609924839490799013586894366126336244826881129659729127471504169662592834425127168271955084160243742440108516036326240529285598569541410678711321863768980862290155716567548850163178835302149673001210322339559438437998400583222139238541462350022522139737096884526324846005047147284966434214990786153928187776971671507596764235800722758876481116370857241625030735559235819580584476597610943"
"2 73/100","0.29335416009244064776536371550402303051283752737313155798919408080530204734379402419144368422624037771819979582006245954381132003486467723115449800888112071525879134645333621165717452954042671484983956438214133558812407778377335923745026135117445495531321514768678276767021712780426098735541467449017628436616863792209042115471795948887583430800195164090385448956940938599219809286224737608294716951714105456529802179649636206435191748605264960529050907204844684655794266123190673063855724592458692576595694685738613795901737763691472865130374103202111561627507834404244402882654988503"
"2 37/50","0.28866029258509110889838367805431100254068096580678400108157092031104308581314947559372651752135787126765320152729819137798785169556133583206663393388993145982409436658495556058903892302222007932937129557652547484874896517676699206454947093962348401512550625943117659478270458572369931976821155408068188286704106265531895581263363516422147988682410558986384893391014155714632401566253280131309275946999322223189313377470977568696673518395040093665206200606096624243862898429437330950966538340400007060129014731994999028931828662673851071572782803121666767930696687564525721183463147042"
"2 3/4","0.28390521664951402758777960985158426512043527142932224328882840275346847440295245798515858674895290494213467144854961348942909488905493810844365090810345507901190616978078039391854210344985560404088209191274439302920303682383929189560241385485803084266514706726037373834742007693747384806756710886033738655289283766958617341008233887403751439845884123627330739456312876622397887646927426042432356502195362390063911695710549793648508788879735583856184213122779117072345224975209567839541338838051065423061917080009541652501622849324050341627369413000175954864341617500628169447038293663"
"2 19/25","0.27909124710432105810065214031308912330289969956591778486299230155227664557683317702659916558759381937393947788450782577594797300900926121815926197572998731502776869741255749740822332877675170577144548044812256383407035946704401793686434430860835187385234500406735399511963474165042180895034623205310602640518274687296265898067924286965141444695647916900903499430844609859992626163404012502304811896475589584821165469807988179457601004092636728289152429608990807131130876697831942029194101262595407154191352086058071692583144562718266574345680349914752101934685900183341522886388387969"
"2 77/100","0.27422068318553457329764720205730326014475461039526546426962613239551213569976821539021608333238753824854709902578758324512124540577283471722481614459835137765223773086116890675398339812919379998566264370793242300156716134273200725437087607575119347887971888443397957932973146536479163491883401473978962044790728790597809827946937054058778298782750742347515596535521355071380603832073298513373267188344364357361245761235928650054460852559421454143383868122015232264356978067783811599377805449493905372653633625460951088481661974632689949373318635266537980617811774278841680111244083701"
"2 39/50","0.26929580781012953734801174532921800635493078314295830365264610252613195889393173226145085353586894204818654995273295467713826988489330062064931445023086713344550955009011931739691633428946813036172339627855772628744251891837255925644784170986418630829818072335086846837835531355749711141399276333947060261554941293562070021253155325973758296059780050750671877917493829266996876352231489152397281755826992401251224634066370033613214710992389157510758127057625626041087861130955887904685170812468968966030194415135898769670398649164467550437094475653944974863807998118061196421461612702"
"2 79/100","0.26431888687600929033304618152152947497149940554117956827892680779093325788875231700899384106082226335559198264862147769461096207837896287791049499268203392338680336666702221802009140921734500114370834071597067668213159472023689449335233205143124557150964480326196592829638747999214758180316729294693896610631823269753193237666869720499921051320911643006860207342748177061386210390525878601475686049060996359573708842445806082046079015662053442748902616588087882991437534151775337478857281558977245682266964573043366174837277258527884293870426186206988799513995920629176555081269406335"
"2 4/5","0.25929216859823772898517451406153034105748281195312904343386764972220029372527201919661713083621418545942210117354123134505195891041899052786883112868901274216307697369794295328453686598648553912110927472106898579575318770627899181085352073553918195733820472898079415193520155535122004380747513595287669264624730480329105931613069688939978042606883317634599402241667318697708887118254720557431112100588776406320788462818528177650328151034364308234910366447012399188900210921992773480203576314060049277980014247830738072012336072879007065506224591477895824362749338873991430281318840343"
"2 81/100","0.25421788288128913909389092719874812352029747903208178291539587902810560687936568591441250070325751383035669042749887909750148409660101468912030561051192506661053724052126469999789521915074457078333320074588516334941303110946100471353303705495353444933733267935831688358395556398209822601740636769926673834061929856582958480153837065640079546799501732412168693003140547197556665165558355733812615356088837417768237997541957201643352320261009154967734958734747965657439186193402110418054831002270682645933992492829806905862007482789058154476036839869343359260213345618755099416601642049"
"2 41/50","0.24909824072702045010713778212857660601211516974918826455835560651204762325237122932189034966130706963777275164715483764643036108588689749161840795901156353180005277792207665241443634306131571962192544788292746572965079671761082623732951395416372962611867600383536030948860047697604945320871373023534373092646345800619043628873656522604876195415068520250463891543657028528642019724790969935437399354274290091655573057717198337934720397099622198963354075629115921706862365676475606485671573063940888768449708053917089941805600075592132785356427425946038700195382135253537716672510820897"
"2 83/100","0.24393543367801935869363083404053887591699627700623321707099692623014257006972984185099412750143199009946253261402327971043900742569696150358227655246898365569920312135712455758024354924210183872014416551528385945810801471467503441259067449833789976035754037532899678507682480466521387606223467243971475304267402249208960569645488822611095839709176363444500538019939684077610880128855494610347376794619827964474508108449720997563770585194691893473123031518339238692426258267491947615684936484834813686607921659422531145109390472459209943287016240778752549339367867892969978280557562873"
"2 21/25","0.23873163329593609035056047295775249089301694949115633890177016630293207067942430966232703685434328051475932953582752722754019005084071022473062210054648841407403259392307170707255923193866176273627665413387048196422122476155503138856421200500300808982275244467770371941221673025638378147818270273344501129251038599348327568177291689327532940358340115112984752134641735191256498616263161668828476206919213469296426710419838354560770518570389909214127251519126665238694011389545656349989116861759991402572527706338361767618687076223620655722752389953174311742882531343236741912187666919"
"2 17/20","0.23348899067436711322015080680776264320838052842316385265939479082225491755956550770815264043287424031126016696402850225315030906141049468083561294852126141512049976905118797046469592889019414272219961440961005158951885416924987511359717573734007071732706178986542934833094701885690535243309874319124868655147347106942039466243553232568582042835610327538945954642345820835857966410502311373400330169429031274430699658356432247365418010964409710725279826063861038777629762530012203459977812557467106939499099024022820250304124570180625272721087693137969122803085886592178903834733810621"
"2 43/50","0.22820963598582658662831381571403302543979938539665243727473470238411730029613833310657417453829297135533950249592642237096907088856891499323548457416678629483892070053737664175100712709999424475954888281470205619706516514152696349563578324511202883553736488443907554655912555642689445324540102991992335901629020451021498640329295135024433215454994727200927125796467785744314045323935662998172985925813367251199007720757636280834199510554347289948000232906400390865925990977932149913770156115181604208559815605968577750924765369491799313090786427513391371468920480158229710207020412844"
"2 87/100","0.22289567806231658484838799115012080738610397269717284654090498053382862958317871747543932962248787013652174245992939863681724598307394131960315037810680287596248617204266706668244445885039958972892129303725064021688330508008719264329953666274303190379034677887004902199661887000743023154571366867972156712876916802296892670563137165999502684531923220353113447045632359431442211214560209740309068649392306442419907243617391812445030566105286814718776106317887263139080213367490017824470539587444825692757587742236295527572194073242291595035494319425878844890792173768979290398844585564"
"2 22/25","0.21754920400899127202984800588050709888316424631878593615562166727333086698467735338707237040154115510847493911958957060354088726982953584516195397352302747819489111007755910534985406280251773192360058919300846401633094954151195688112120361249337221224331373957001989827667976152676031274133179982628025636178288939322595028920206961059715068018595261375399111481287590278920419568138759181609603186008520930670645316573253342123429931333527846600935641433342612676740954778288219930510906350220679621345740443878393623755276504757138281525247886035879198667239357348071399187299280135"
"2 89/100","0.21217227885040460038651404997947668104466089279147000711639466015146177065012139967522663193684244429398345700973759135691362881639008456835921262880279233150399039611821889239529617832106391470690747024659398028555890260381589994716014410749615833146676685927600911607085963352930925232634736978246671360487446180382787772857410228586345330579518825056203580823815622222902468478884247150113949371382993878859420959949930110577194576970612438472365456591859297411580692885389124083650110985652925068822079924419079318973793780903813959984616020369611684939976886212049230494767101813"
"2 9/10","0.20676694520883753866449005911090277310618863545549689416295867745932087733666261596487430756760609900507611644364141116865011318786377740985468258354633164230386432202016503032036810086645085452360016500005584310689879369102461715285654610531742665611840937301019524552334146235086837988655353778736994989119316490370662592122208999568123025035824575751436587965120216013384722879656311527620346218540642006772041477441940995372587954073945942931796738607931392982635575604457635342619248445406914146090721530565366589061211415958568086008201987053782465911159022474220336249777064834"
"2 91/100","0.20133522301422161870939591703190523404432361549775675343509681585683218230068312236535677116056989640864290896724174834974260477499966768693730416738841026743925704207953194181518206862202570954506279418004599385957327343186175643802471713019706149078512768483818519465893884684065272868056081648192665516221777250469091378883940907528017351102212433807311578133778258074699631283905768615182709283072900252685286551068117485438972658567062540346090856480858727183452325607880074556293587647421963612605811340744572026806006331760413759037009724904482133182618239265190420364121697231"
"2 23/25","0.19587910924521373371097434869591796216015765574514110652856277517707606074822226486987099765090459145348789543949262948209730127194733602627773655141694613187285168884821279812156181143777611412834739155379585709334470295608096383783722626825514421819586192910904726595989403438010627291534169359674829515269208897697113786393829275128018146697480381839112366320470103947956179891884957189767015379751586786014384126933443093053443485065081699528083910222625014064073085203169921852123134703800414024397998176224992897234897826614209745743863523904136849457116302104793216258328519916"
"2 93/100","0.19040057770103661475438780004785090491922069536914921547854579716301358911332958816484203964263852772394562776604451958487729142590174398025653851852049829004545555673166024770963348139536807213803106920358275320146375805766033466802751610104347885826790836619256120113247147782653040180292721796200512537504684995523966356759408466663577272437751352367170165499796460323565119183945121394035118100914956399397973628684762538081524353956653908847498423890834722952482768066658290166865734858169744200544339061465712290315063657744011852445224697740177428294264236825329209106157549868"
"2 47/50","0.18490157880378554626494264610932614346768799404466693451327476305885670300400588873916550751170833888495154243348786611186451663940143813734601511055417484843762594380631758327785284745916287555082120075679019458075732489659112994375822088750933557197807984317211394265747880506376595183170585887534686319728376937479962936919469014203539260383953746964462871867235385244776660359298275143810539975961497980146683065491215929522051372155096714385982519171685389384993361521810842565614059130435029333915880155682703572925892764200924475816297402998950931367127933783337873242589000237"
"2 19/20","0.17938403943102174699536647225100520467218299725129570545193233476653886494869008537467878751859354309173586780900799910732147655461063572025237432845539842530714137634465534809894235686444798860059172522719531609370047855516775088614454247029611438945132835536263551533363560899880234386386399802747051638199960727936303413177555358402157787732418670904851847886935747598915100695217348875071103551280394099234390866469194491894281261724215030229066934652183510000472660184326018797162589766560828623570663379947110693013017371482109914248326547791503639973612443677203227255636572416"
"2 24/25","0.17384986277863601592209265301642164476748969804771882431395416909393092226645814744723402379369488533820626122873756470806676339200118361038423575752908918781689751724227188009968620373729833587444096443357250511802349230411645362088917500693768735009668302658230337451881796831789812046930306676511009596266319983238665312569792551203923199842422472710535304639774371570624668156016349668034899281245908744116081702430376280754434229949963337787749600302592047533359202299180910490191898476625207993101689994978944294324083929332314143296565289481051431319818750027290162769590630462"
"2 97/100","0.16830092825418575606096898740288572283846010184536082729449895214030831574557443962119668910536522354547712437863755541894610927765176108570369876507442325656157097658317310819619549932729894169990444834314358132417308148791636410902953012926402612553726135424036505188735540486397751879226490089523899217484617719573128231949800080428637850387533782518495488445496678053367414570662404558928287677111269182610451536702545961982413511937243717211391176814650179491581305894045519871928504250837236148723531848846444826264886019354836955959911644047208741838730155146409915487507468695"
"2 49/50","0.1627390914012022420234682247927524231861842567494111624219078956990197364741952472256088396257045251860652999722050344855648920458231733738318199567680723750341818212338630488729690612583654215813858583922882664911679255030481129336851767324007949923531973983391998533432120544335027535066501599478358406159531671446346859790977668932386638376995256851933209700059226171642834130467062854687642113618667105595546831064538344521814721976220233300312952234114345435425600743812304576528576875029762527396345846422215996857212274046571866511508809369633433581967129990965627073589959229"
"2 99/100","0.15716618385535779260955192550242875125215871253831792994568066683135471288498307764779243507361670234953669493436324035863191003525476967166791442406319623656830137686804494984259928848668235133498400006288212353650115634447523422025907629726317620336278919943189461021258366252633366493488004955013420375286701509004313038003172771351852138483015035054774710836895716264379274641972544153687515243966111486258791309422576081931976433570881220631549554043876557677835197344039942945403509692590563866245337124511942242311526821636868229420236134730851368060377057612797377500888936782"
"3","0.15158401333390905763592148881633836132399093565247083361248243925848280502669152634407983955126343393631085837195442017828914890027294594780581828883644031614533142613715979684037585198253070706028525194237943198152958317098327409292084795412139516183606088552767187743667554596306305425995394765440990379282442410685152577685740260089290643898840572462235360450472990832880107590318542401604066748075100942030143705666070259373298885421655911977350696645699242901826431866099214987993372166059889897230169442231042188255131592037346636107342611439216006695351768099539094240960690227"
"3 1/100","0.14599436366054200963454922854718388217852672575195009337457494946950286217640788509300371316895731787367218683356383476726099208191440418926633484135904162274839243627828279214779214426812353674086989747699585561357621430605544915492606268773092583924515917683443223912255218562928689133590687632598267224333967774837730526315433393179166599662983369896893934859960546045852866614958233120739711831949794916062771891033863304857088942067316460273079256557903047225421188550963945815585046176993776963893626818649124409150000176506213379454834374914757988589313682314259288566236678474"
"3 1/50","0.1403989948287066270041904568193768036382708732525463081842110009643715899559985852055688749011497701593501892122715287777680719116134931178233246639890706387651728170220443670212525929792932142615421738050087651485286440048727708513225185546113089528160422915487105494132066921562384401637149220565747504425742941976985355307227839174077762209338879429671615446802845932110842681059687266049026365759484707958406176396984114291324711032435569932939647254744447072228928795331849179183731510686696370545029452308336468119432241294732524235097679151501470168909550804966827872911506503"
"3 3/100","0.13479964310784622444530131610501724572977310490731297667960465937157489936978628459217315556262518614634833394394874886353190371297564754004986503410728786238504997402920333590560947254160649916282088136225532892424313836886174040254817221134106611816477338331289007447039860416742219181392688976900540399788289971365121855143328018225787308565729221758270614660390940920431636595106280397955179793301350909164286044588486139447655876015214932823814128648297211879883023108309331099255405693363705943104852527154098731120368799806235015817988071509965463101573499974665206751816623947"
"3 1/25","0.12919802119874679479303213045052748297368453289110031269418514642394780170495195896980558492725791331659320064920237636414676995888639246956244818920659751944815174371414431426137756025404253314482480080867307440409082296788221364377154823537301035559143974982753020968191845120209708828782219375311782095722560803776583023541708370807294535707170714994808839797574426989516924485077073672133139841308661952035571032322846242674808481774327698489570902693579741086012891119497481824243306362067413448120120741837483771292655707086371123302414976156268778139658195769202466365741767189"
"3 1/20","0.12359581844677682074995508222441163227469254627451255605227368881219717403630661308969657456750631020639270772713604492224955242223329084492808127638932140152024362417768301122860382437390495955485218879471845963038306656319931750854062464377208845529490304045131734860059273424064035642461618167736063347333279096144429477983742819025795020259514900578382146290008313831884202282503350348288503018874558089260498801862567496297741792830561657117601884191917008761969093530341155260693955183109967649217353636498986660452269528684197732364924563270524620791478015342900345989339414144"
"3 3/50","0.11799470112539155891600993983122733446073385474599779469432072386826457645001736250027359877054568784239809632543649119067787932890380957713450472456586548226558796908607686342683202241339980847703018558760072835114633996395868983837103216730135147083540522713180732756554229827939526955378585759161216269077391087323892766188770369467757427181023138553650891485453212096365477800287133395216671136802094571599812574385361296549708904032278061352279993772130038409100736181720050110303191607117853650518580921018798521414061317081655464794682232357436597534703971520893477975519684985"
"3 7/100","0.11239631280744948038693774009323434736834209686847058549561577131779011548500721503212686455959418522736155503250079501320234959447096965226569875819891599160153556839682534120514491130155071937896269117294215179093745466355422796749807367304970627818285430379344370483277717976977958233989254405164479447763033395046702113602465151533399275239895132295474224558471988482097696027132083384080097998840037555606353310164579047240846161997619595122649328637831338684404491905782266873376102869577621920869950900417659994354518878043367281793274787234970760939198033280077413747727369214"
"3 2/25","0.10680227484943067852610403371099264453447918707065093522308462516780422233486939354733840623494139196241605774035423420049202131627373744727481655363651403505200780169728888878417043432809344565510768210058530504164743705324726676321778410694748740439024451700725651079684424158278492486143934446942296539257830560846397311176331097184049626655847312885064133308502385267109525007676189973334017505739224910259933876261873863124859891718530253844998024938162354805436130922635616281663400824665875577090749451322695703505392971626007334352411930634812041990431785537894863450356525528"
"3 9/100","0.10121418702482702471712091814837463424739466924742096381518702769357945052381240331060833858335476748907781402362954242670207308096300059353204268454059357992735803370680309828202487059469330859464696788365699483029873754990208899506953787915113363308201635002795090465047074748882291597544105632509126441947968523851187641874137221183707475240886726856600690481178257692293023091928988519447831846099574895708988567910311335962657519773009587240221623546226252115196611341741003576904009994783985916722221908852538005466365084351685559736728583839542630071996138738654143035012105435"
"3 1/10","0.09563362835985253387785496345745127726936578784935426503369370849598720563001509903609691366033665726129515067876789134164345573665844578523650296454923219564470012289380883762788597304392886870466011822314677693187482323953387686523223378362649343475575102761848281635528224136928036415316306412337596907056383601408707133069301574007740025218735178882902499072727444040778168798346712995645692332874964720572024923207766672972059411430435124612100078980804492023662192825485933557819982804246460648953213534852987329435500354485973904049704417931497607759237032647154335773401415437"
"3 11/100","0.09006215825062267892486105742944122684381741024839415964688199409836945339826087893427193531280951611859283515048117974416142693835691096875100889433257319643984671724693151923845963460629991482545605916942038391445462102621871842335795949082047541201213731890281278898932405947351501862311940069250585297693369522616453089556378620219419950942027631428811088982795279550746269144358275209281751527325328498769867341063539242398169870259357414956146424045115283923474745708692240766093732326827341654319262363402948533679892978294004070571588862324663273709242846399820505592107119788"
"3 3/25","0.08450131798190269694617291162560697829601906499110480389362228678053540018335256499779997149547461299694653186655445816773553995465921833951386168181286282545418504401436055548314078321273450564463786089225459019851452030808591500718161832361179355683408971015503637570830428056440162833572125800383901770925764279362416454697371606259612026136503878065027668984694703837652034671445361812176986723267252017527199849023016315389274998155301952179027103224848452360122524839890726388997372120702493297660770369289764482958838530365273672725072974068580775544028780863937262495453861513"
"3 13/100","0.07895263283363462865414174017430018296232388090032746063315338821020802845706237726448082298684378761103734957337625614786136906565386571087236217225279579904392139478257885456562187003205867664063579390526751886498043689766099928063559152688825645493049871937582065686123553204730249373068543864262171272203896831177466439130415855922523260199454683077724753584007770448812834120681608313733183451676251745455316701737959034555308859826134928860353085679146380722350576675439413209120915998704120555427660936486244681716456330501315987383805692327028236683339893808047490649802591224"
"3 7/50","0.07341761507115492163201882881633918008814860641442031082186052638367566954240906107638650184566977688167868976472276625353924943348645238871947873515580271774686812575566014538194822027692367347757746825601273620561861807934311836454583037560142656163602753129249838374246821776776649060040037772037826201093302959831059744004015265942542716339088086150140669081602828991404241498410742240345878513974929850553070458133834027796436617962245986119108460556383886255305435429065381143096676905098282014048471284365145874065080545267555669377155167785818896935043295611267107871456949184"
"3 3/20","0.06789776830277235480140339217693395301838734574819219437457867591220842002507377955117466876001363435843550331657467214592234369656562889522679798821745370744120504455693552844213005158948676794503119366480181159791193557153423309818822555456752918891032231456099851638892801195726697359223113646191700876179464430750346216324165024816014328796201787761769087765256493061472957783641435673790074890002224337373050628156862572949283280327313999897944460188156132729881176731324878957843705217505988072209104305187049417793501586300261769280432457244554487593191610226333041354589375132"
"3 4/25","0.06239459402118870343482705367373245117254177162261176624254172149766747403277641576773559816789997539001510833957442948760246536568056885623709906498253691344681693179453332053080796255297497880479131300414755323729064074488409401710842799507671164831592881392824862814116772935518032400095856092928713011620326440593172222934495337148279336339445564442520272243572485225185484406287215510741605170115824495745298555450744965576318257480097934310401509855124159645268408776628986067520262656143811989728568625505134911872044854031305494539239735279302353722176160573429303855363690454"
"3 17/100","0.05690960175928673530415077243944264187032998124837214500117571791106243619397595113922001133866367689798577742280179069522700040386316947679049627038147851150912955891815005336556275839542131734687564142189599817244057219641012737332225458687337091366324038269397374554387217747581804193971132274145147116710902707183603725523979435152585093704927059764166325889210199824490582028643332275644525398009424645284230258275807661992043130732989336105234668545790000822039862617138198978736678580247759176401222844466792632804944836487351102872355596891189239041806051133436528141443153799"
"3 9/50","0.05144432547738349717910901828639461549356326011874399914722843992271208895911501787319194058073180306236052338661582781006501485959327862067212304875757394168185659953403136239678106583935929724834426194401032716718666581208319293131842243655105073066820743096628156728295901301214113988251175511900883811595874671864656296418619509933717658329002843467964814724028989257756771873145815725948006113047476002582969030384550529459192793295094655895314900380747822643392797772306510612805849332065312958264054084098875697829598822545587651767559776086506419611097898011800938841309053515"
"3 19/100","0.04600035121951904259801109904420713796714784801022077375846224168709565137642891262740243579051738516722260849606450266694138045843378440651496635790967178627266995530998260469443539190713022693151122709749322192788979727990184981764607270372007421891903409307251230286234453326772546949630528323911030576849027393536831932531748516822641551360739114829561485764931569383873921609941385060896069767970995093124776166551493806300068932255920393443830912542896554058837789471167377241077079477982349814364381815296070125921936244274406268175725059640027868559062618303661058620667546765"
"3 1/5","0.04057936634159221079297088631071896837574469632694349184183454483577273058203633277216670004774213992391018365231877926409558854816646556416422920949465277418587243192702074089721290458382298981495867232060728034928167000782790230662718692659282155454582210559843437975279126339328467144556250670171024339096825893257077247761411765146730719108442284457542693949169074904914229153242375072244413560092803256323912645547062056810142589530216598134087683481150649139616435865007645745089583076619842505967935726172556955554708655236817156506395775413985681403569013757157845320295599407"
"3 21/100","0.03518325299331548361544940869238620241468520675116806624959125542158037654635112616849548713560182283400290175721588936842803076597301857684716587313235393836554516345301478997801721411750308388055827505927744740936117337146647956760004941163596036874166898553917499051108222900745312243838733561971747458367967147661891463222570260569670597149814764779406663004207228674422896931708843146143303547728208643319594076865750191543965929302322552239288282340425671628724151217123343371768390664901635523973088677196978314966886493369781351653638712991535905141566429436907422813916865814"
"3 11/50","0.02981428057958775528666911645881516428899779556899302068990927670067484759517114991522476134631391516949573090825749852784149805406102220233379160048560693780879910350639012347143910348479280524387357969206449052207086792667540152045166273962751709719512435773137776181186704928794842551361286395787607567351611396076276403067140699739462103504903536762409239886764785783637283374410931193896910320378627527062631317017673703819442771028566827520474156544687114587049014396795188004547422127688684283177987556094132386200836031321350462194402415469432750955730875308255377941632212513"
"3 23/100","0.02447554570456363842370093781903646767393402866840293363441422488714448564882779957481312565026967533527258020530690322738583498601706189867534995121866385101230921983530789570150673266018502976439610796954816596105677084522726020399694753042188886894885135649418217250630951196282254023092235209877129845174549242088260435651860685921422066994398702818370005011426252854813295898018796426690181647529526195735071979279265397844464585527244502367566057050020187080016492714053460430455966537153524609285766573818679805296145504501570770458655165012834689350111993639604908998343395204"
"3 6/25","0.01917213125205149291470620500941612772911272170313322726410019396387555028772587954935761364556471120781851419155573272956148334863928543992380026212892659995917861986766627149082886238236945128877117508663488721782070668467778970551593381972981474381405272582866960509932120632955402934210591756453395817020277909271889111349225995827821695373105901754029960882341121647252860647326017383848833000321588063905930103789838007723636112399998510821908009388845937195619406932281458939685629969840211033008832963245303118979916913926417578280922455504689282943578677007246429273993719306"
"3 1/4","0.01391485990074318475044581153069843195930993695475056885928575158131371674644520603591615228639551921808618219178056446964536873099925932095213563539700381741305997289436728378518186860357919937742240301815809985461010685893181506616384329019387034045362730492722680261740897463635206357070670601586074408453544697778927106252804848161243799810142218161743389250523767535768700272220827358060862739486076641176661505812468869836667122763394052333126525668886676624506897999364244075240569686552537410258722390006910200154949735375886384199110400156162330703176751156664242314431698336"
"3 13/50","0.00873729560556412758483212198924189134388648872602494480191153219380049945251873316393187539559636749784913211415015648629990246754481135105769937418495307842896880392598201362452535415579890407904113055908722569245201157569756531171600420573534783494600198262879848278311714497737870861858560618525897791085736003444678505660038350166138687095548269803611600415652142182319736915395115981977992741468553633738404999130276802094326012339626206741167993547044434694054619582442598532624996487266213278988225851560802832026256105914685611591432938865785531877274921191597268936297214906"
"3 27/100","0.00384786373377703630263883003104065822576170898102115467073045558832565382985971913524424413137594569794696311619990391593522647705848088508823625504265747443494190159003192893724798820279035921524460016190489197040190409142525471230298999932400731352015648721966941665581911302286048664263249335666202907548147929682383816038904011375014979472139905570063830639632167065786628371590753503038659633742152713450221842383211388435826546086552604889156946958143664480742001245989163363478432950895258775796396871271446715111957748712738331556636973055233673797584566924259111332036247248"
"3 7/25","0.00283923953083210099005450543609850809377944042260480862095337289434191025210015780606585743306385860045803531088703150705546544885901503285356531226983127695789615146698211451666263652928696154106901609334875265467565090219258902897081470163491126908749776003370176265115786302411655881555652473017985151690104899774658265641277751128252860051400819677285967750104050424062496413145453542425106593104592844662031400318972513773934437723216991012233386663348668098575841657944179197967123250482017499639078817511713680265014344260768354147338890615282505644109936876175442385045705456"
"3 29/100","0.00742327525713206198852674502525134452688405103685493482506844786162793327038755423800176936184482915755368206244661839800719634188233582058526771880880774815222980912181125128380556853453483693627596251623084366447982573091868560299193203798587379148923776670835293459356554719369038771846088117489041968715977438436234876389226832459716422974381741552933157232376517144311174677762170432397495258395572098663408480355955267377908503886792118539445830092678748005574193091790467813741868798421068551472153955256868449677285660897256752586856788798020828283161954662626114373230970077"
"3 3/10","0.01244573421024355315727435549457257629217411097331995877106938136123789823149788949165819579773965301650222028814802613952975128837996193089507932439547851266597127246887923033241436852780760162378496399425979307882933481016989776571045635176701209004736585195383898835375192068674940769205809167520110544886080562353036997759012912620230321264234979147882057153921904329806940654301842485530511904845839584438544117554948727426493266827078399675169294630589262162268486578636425268375487349152013362733249824012229206224749713518966836082947130627058951018127216808215453671838894982"
"3 31/100","0.01750302928914996550891696839254975680570470883767075812409776298164868694784053003290438113609252767753833254131959709725651362433816714224302895270348706940433940857202186929786972886892686876944543725238625119358198955648731572628390993925239579360401268519157146413514723467285845199872719530898034636646944915953159939820732736192883998956056132273340763652092731638624967267081565728746573471030090210222011006513911894368959291275732885495482831873368502749796605663880194610412643866834316075809062277507039979864501345244109994706128824570692176123747611554623687082087513905"
"3 8/25","0.02254703504549751596788591722891824120706515645947198794646958340076767067504889319927022388749845159374720898335935720003443013578678113573273450117534682519228808721361905206259457273591893212533015213913513734979617359832869278900197370774795987053817169875242351147424807816688433847568996319173559225141772111995539832978348404332147187458085296578564377567041865671085785221423815580420393419186628694163283944526013351981049752485635301403411307621595034997804745714009630355643002015061517016774549570389549270654963072858814376250442464776697610273649659628588012311574215737"
"3 33/100","0.02756419075148526442672001660340350985825477428863718454631462227926831516937495792688228809955461183970424842469553392196207275578829059753063047238950779725608429996060213968264533923793921660358060256297377934455806949189816057196265409792991447576598798594776092066426417150345683590583050082737179568083754898431707855805185557959068561524488525753876729972588747179379043788576260321043958276686593407895039125173898100341878195876991349126263095755685849988143951673189485069389527739427129515125425175686958182171079560945622485809733824438415985299623739139181270372535795649"
"3 17/50","0.03254874526578338152760578967262597811142236454299083397498037729476122234444232554764818510333169037479913206130579545362693538280882098192289277926272402219780687075396869458023653722211541733005218140770604950410323622745792170294968003501058084844520257312011227163604187927747339154094810266022792687928645302742104246655382138915298265662704078117840301166929940472735513231291321135642967295024894537499859203483260476498356498877053953995040942524208216142754134799971204611171091709992728191528455286031490911939794271695091462001681891819502520566434376933007090943072600458"
"3 7/20","0.03749751698079285720702631184967319922514757523073061477315843690259370622191452580398091543150818876256195588248715473533493379549055863154153770827918640238233108739392537045101369106136570860392508332144953908868925155495476134882948079645397815871075695327125541494204201659826100642715499697690058613067745220252912255581932246031533397610823402852742217660083242476939190803911251957655691270769504300891027043286777143587197730040360898244844307897428790233966178998681542802739928480868177803132931625639935978578327758081771561080980964769286675575513585984557088344483023752"
"3 9/25","0.04240837997594439814689459003312880584441220808245053198518645848745682724617282935771262291526923812156825163709028159286496854866000635493606027501099866590863025007254347921721997656647921557094571124188985204305288665478268391871555579963274028175083943327583423293962703301240223945121787075790748403129855239906515947724637330524510696872163102886835403588746535590559036377861726933173124016611542309649073968198004297636281745182870361816311697301645591248194749412072313406356942674129108990560676342648453470429967662851904179548284511757266093681486004198757546444268272613"
"3 37/100","0.04727971380036224822615667193733871741381053761441285975851535973123661443750501840300229712125387148526150424150367788944889236690270362529233818604601193774590514555583506110283718244554063728681118778290851480119930696886977332499191791504776493435978012262580780898154710928328455693909179784168698338363371495782716306459952454231430287281185029274600360471900185247920664917288514329074974365550926565819509711056033566312477362994371922428467050266519136535072962259042494496078978058505597074192171497877694047088678956941675247909746822442291983822493556279787847383678391889"
"3 19/50","0.05211017008344315514937022493071998203677083890932351918797383588394199283535305277375529390710155155205422733170134820932188935780269527133379049074900324318418540041800920476445986854773686011531320931268080855910058127363922789013489385240655209476302305337152012372504908721317930921394794513575065198515523156072669682824987364681593668084804105987471746698970181126284360289683268206237023928752161458117477503077772738881779332629432952676187500628354888140556913683551996116925495221736323583244775256261597702855730049354392020331834148144124539872923159683615283381150268647"
"3 39/100","0.05689856178302223835046762246065259917714196992132737541123021935500806331500667270661618964543752956521581914812397073352179302006316127885966614596937397197174703117366947128715017068837752962973585296356104241268522552023417312981706239032434458834745191227711162734427540968975032132320744207779583345456605219678628986163653873866086527256977918053720951517088329586729285841502821563818257631707633176959508220895633799442763418937287829179504075439970678160730619782452327630482207435004134995113247317409275078917829466473239234133775140102761767447030558064331582750980989738"
"3 2/5","0.06164380592488604693590718227518160165555675995365577636007507038662904963464080211244158822988010319920999536786855746130015312361669862867899023416381151571025222782576841714150826447704053215069558655687439738339680070474898840783372053281838984615731312501244747445633558681297990649968610692649387995342952588983600718343433466420850384398272516851940109792207786254220212650086289485594290048946949283969153139150246648480000163830235279363437655593675189630494941817445018734566546625846176665217148333625909874695208816488168975329155210179596933439133241625731247574095487467"
"3 41/100","0.06634489191426838760047347823000386809682105660985013092640822981684964085512310629852602444992310941597579977946028342458722119108501479384686920929649756659121151074701233918260036641119360617304286163685449380397097645194703316317340665455962490616274349589183405799142084872442252976403251678423814794220526024222661393184645568333191886882576605491840218835657263441572065112401149635332954417166687318318040543874465679707993667582746433737399174083869886329516930469833120854066832312332831171762003445675879227729834967324486291691409150180440399129419659912851125521081732294"
"3 21/50","0.07100086299664691720655800665097622483924450315231275399197372744094701984147836684012488862806813297479904450160079395470032199173237680527388708766947564818008344243639251615606058373234557519418893159709923758139714683230976243103121909107145875278008495622609765714064252024890633350911555014887031656152963848454931768649581463604640054634327395288023185108530539601481686207195218578282267481531564777422697498251363833507570601472651987415459679380544673923209915748783242772813992205356092430762464049996046971979656943895329686387055295476577628390328297774026848015083362652"
"3 43/100","0.07561080489455369719698614646231945721388053163290444949818669059915284507365113796984327097548077814699129822130591178917074941601299224464497882543743758991376459731976352234372269470487317288403949444959813750635374283749358091194283467609525485883218273347673277360089644540808197323112855752175817569269583511480593739595702589088507595775860763962896188684616750520263458673623654445880345957990357419914579828346430074534539377418724384198995584079088827136260636737922657737589702677360430005669866620964112636832134731286792522330365587217099694553770984224127060795220540435"
"3 11/25","0.08017383855976655419351974612022522495984431765537481022997946958757677743098260813853529889458787181582763111621697320908286315363404022048937184858396895754374647994518170192544068007648824157915936840861165892565759787762807954766642542349106753343984821822199621117991936167120961581079629557773814447219296942612254947071785064420613290698147059144868976316171314595058348264998771945575508260394241938985311498765669614581104233226321077129715518627694681627634770822192659481536107508682660533045498221251330022184035027918483127357113213141364590909922533432351995310581369477"
"3 9/20","0.08468911538711232056761320510461171411479190441609962299850251883641016107646197055447127261007865314712565735193993160637959602571939362311346313101639754910211070551936559766214932210455780827830912648834388242053668065519492862253209823207866999952413234209214226627028366454698696305322486812410435336741708796074535730396539273182515065059873301232193970975658006815249095932421897231034871759102082263793161739351100650868455078109558344918210093964735787210187216248564133326044495609269291395464758113284094893803355784476420934976141244796347863661720840317503793156316450218"
"3 23/50","0.08915581395506287622600285486618042445243142327932763029016725202777290019026158740356286254835478885156652287941629632534906973215521643593339922825649314989658811847347679504542195699646834082644918608377993648543930336340436129246638328596898146626196926771678386778638935865981159449727407209481774632143386313180045481423019397079660095953580426324363183193732582224316785542564897635355214060299668245608627568370388593186038404989791389766011669997902134581143178727383481711754745922564348390416919000017436921653203938856085792973238970424315861558788380060914264600654354595"
"3 47/100","0.09357313774378351903861884592571971706282637636161873881380487747255432857739384980556139745101247688815111056654739117289369278449843187091486200629223373153222831987736788280974280359119269383745684180675375189443563217489460450905766043317470749480751228641028039312786498076982944504976132691693278232811232484497748845603350722949488496959689340055972308853392719453291391536918005367358301614452905610852017290764440972824736860286773429971672366820882866880653693957857797761924982296177663867756836808001662892991843645310157794950061760639885769696067682673873724029382040209"
"3 12/25","0.09794031349671858885492087806446221861339065465171129694040026781338180530930276074707948745950401632976235084583927118126780319101824932424927995536030005713530948130398798946293929999999843864970793038013575438339169541531671576207946760680990330946856114464780323843059916959609372507702719054596793144734971012838702721569458687240052289635351626003459322179965952619366738836924322118320069497485159054233058131816754606997005717245269423910325707076780155604539625318926871191062736059573569949085545367661064422827430087206809955522570033250113587084993066680009285549686641403"
"3 49/100","0.10225659001662061949180265545947737295308675053102478123671071365023761422011929008900125908598849297978007246807469717972774429066676269835104176798011385193457689358054468865538248935298157913275306537688825264968306025311526653392168385975146807202124866016882225548289414098714535184092253068956216245893039085923925999016051377645490312987953927861264987970568606256466720617482025003024839421595420538194649605397430023321194481251860742962041230310455807969613727229480996580961296499107220995104646205581013289138265367166359047575138892568881168340135615531098697115721210384"
"3 1/2","0.10652123726159078157745925720825718695189736750927879249627859179424691118755465413294866565483611787639969882561986328978181006746501546239411788732763696131124759895309554412658606245979408713621886332188812915219393152917688973400777947740808897867724000856150645029617174093320928052368192295045931766329086721573819824441350731656775376142349639180265483483502009896040438087461570025601372394569099039516900062864458032957451206652630904675154074506540702911651261857596746240455229871219878391350095658650372091074223229299451813881049488035850722770777248589817763860670021411"
"3 51/100","0.11073354565263530626718637631537167809237347575571509560317456892682827862459438952895987800327697412156910595571036414288050651203042355367800779534893036783333827791942954800082780754267029141266644018653410569802914280418977883324446771742393872830964980859918683880162025963404282900228568666820606942110391948650837188263303194490342109730737306671177310934589387580665709164226299071299842901436360814084124808967715270366218796444722213232355480826878252995205114627139212879374478968590076393539264398925926413929503309879734133604111713904271375830522285527952564729632587182"
"3 13/25","0.1148928255332277998269444435942114845231251438195707747614347424487495474453591371828834641283207788478053235432211033097617788477848444289988460024736176908403490819801235829152142336770962088281777572591230157461683250931007684208835061818121001764223922926596677625976991262827050579311076546458348912266710394399705964628947198798820475198399887857548117390547283561534414170561667849922807593476848999374447092955242509827871274581346940140021428708575595354252080772429807286717152633708672741688368471032322056085307430933007038915668735807787700395438527969291215829596787547"
"3 53/100","0.11899840674007548012397486286073986750089573298317849580324820939129681229102621063380441604808176409496963551048499106823177702469049671037551072514560058257157323394970427442790775349178810383491727916166234467342861314449605491070439590382562510785998969193923079996445976100674485478274313519865790654220439371099132081990365509946181011742488522963427362557168220899600603483599162480132922985849505553337803167847587444974716138533918554359843427788259506703637376703263172140386382274291431375694919607061683962025897048523926408925691146304757503848890765134692708689693156534"
"3 27/50","0.1230496382566119025814945401054577617014899300666974162654613278508418417554834591459396865236009984271242809355183291870928244690514345532659518642087781996802241967640609996644287171214491417828961664631704908708861507695160547274303834823843752435966807341164517168325935032381415727847522108521936273777173836699682624503664145568402983805307830194045171678586686217722190922457018445051903896833034144055248767974266265471316038042856571011689562123201330178234396586468840141062642991065121509012847174602370516432047542283896633325799829513556043156890645294994228065178722777"
"3 11/20","0.12704588792901005282467631376938940136959601861208121469404568947700874264321012374297801512811973665422605229942267897966447258767212121720142644428036206541683670862172831398080364444568054556524622269406545514432699683045984956945246764001090478535237487205391616899674976327702065521325898081601061493654161433307443632874190166742261410593138071544381331970465747429439419510442153509618218741397968816147759059344556228817966243058160787183751123184192728915085726515294230686700935677588714548381296810666453915533298397127572499253652902431251929290582426322321305830543541474"
"3 14/25","0.13098654223015545126820295704187266434931177966638239542225215042834557148505331024082897493821338094024564766070806405111819647809394744000518089562098941931642750676569717728319112630065150461110655996053567692506133650634906700379399669081112939229760006387072267567811792248076303520724117466971721833149007917389897082281277354500255711471558970233535739857066363206809433338064972371907323100630522314377470028690332122824521928972314421509286303872385846518092783587968512052381935127671239748574493620100755896062559937430168550467772733549215985189855631804923040064471600317"
"3 57/100","0.13487100606093260241260956100760714108306462379257873312817859252510645735207266321967063326662403898361955939755000832852882713997787581436407628084364659314769161737279503738209501936125758707842650575420576912808087014986852170075814188447789206042152114351378082837353219043895586136090562135166624410702547633322339154324905652893171745808226897695273042310941375916667638562797459109375801095064618010274430791168199295742770365915262188927124707559979415888888941354821503164811207766310027067952854961358060749321275012900605926172267268970151978155343561088672345965250535955"
"3 29/50","0.13869870258092985606170266060584369964068157169195625975334744683169269671702166866636506397041396366769932412645615549084835534079192085560361968348953374813880681269085610090357081149614699568588223839924385167987412451838126381034212364737737161892205024536569613566421343034192437977840003869528340649997934337978242543467364451198733685714827983202271112525109592606801832925330672109289834401092594699881231899200662321955755430004410483824575061392144950774110474426688880883584607546090257082891925468193298546353898278721959551943468334298790160100421267380782251124218034282"
"3 59/100","0.14246907306262790016791029658650360852331062163180977234096092158453187285757720061264121458923068439093992010486071171908742628762927067464265139367904482062012562830684683865175672309279371213059280053377006092937371427842041938403719409411612223309275444464320461128280601638295305778976247625103551605869037117221968566342800666604046038828070372342914470755941089395520298655795675689175994820716183457200196326065350794048785140013635310190181378076931347789308727924533818446535239425639323509561140090580145788279959215917930284194557937247417235817499416322832261631525245744"
"3 3/5","0.14618157676455028190807672177819995032983974328407145228639053840547078797691995240713994560578830939041051966212813484735901327170843990778772397953090526226393154713102865917585029509097914082345335132847650106593431732651346759451464605403282029088556132973600466924066721511117892257784814945692393848069762450076277937072573963006282196324763968279153767718980989978317186130259360991198219767511336371147203472313561073705425730971338781070963618867019405427270436503305155336409000515093762024162378939702283750212437027344896419956235639207553958797978238593447191691646825096"
"3 61/100","0.14983569081988458686794063094902723251003032358183554923258729975272555370832730386728668798674336531034460850532888776680426587059671204865019390528534305505006342272387866247225974440950218208378590716939240000275790824461773968787897977719667405302769785074015440784817171353115212148418607018214893421027087631374661637167594035921420306981427124563809306983938175106856932000991394764886728872128137244136140527872952232752477184404981664907305130056817492546982840534598612704169065297853673325707199980519569115329422456318585589615904710578094057087539470350804083534278144822"
"3 31/50","0.15343091013784176454267441836839448768767173224588078690874641472598485849713639373855965803331255592173516643874112398230495168406338917621907063956877081842953840746853427275471153270462917732243574623244035569205025166260656611673096524119681950804562559407734643198886344840269678140431895709278375356284426925388565820139197010414241393693809922495820084082961322549973365646360495761255502561442087924444843376923674236473463769485392741052725682140641986024789696341442565353040578142351333192027711039257715852709441694637591116009555124534193017459057678968271041901871847026"
"3 63/100","0.1569667473155854637757969090260391331928875748555873225939024954005843006356866403067413327302647791537801156974877602248615406169738789176502367389526999586440421509884020888268690485578438200352997263081153899304489382729493381949697972784010702603076637577670850780918905341831692860454828629299165483887293836457670190491377470733878844631820177635813681036793065645842654660477678404600298803386463085239450958108294196866135359661874320443954072355139381445657148991610852553095358576218395296560133488297170605449469461379272760300163910357601010913417124392923422493555893133"
"3 16/25","0.16044273255898678314287098971401761655813764361051422030208479017068451281231977762720883644500845157053282904583793826438841589857715969439313466869202565621027825715847883143854206233667090107242799111339889887379680219683002121142582440736877711242495347461125419382939770059581597196093081834943434002691013233371562075025504813122086341256332381005137962058212908899256311013802267941194750567623539218429707808782889382193286551391848665554628372655176742814742551552371932248067461313403167497598209906754205718317510436738549492802363859041473073709286346749699340545068940679"
"3 13/20","0.16385841361078041310907051885390312228882660678757037881620953680585032311484268429899682718593031675318684004083046474851535386854029910988676608221237747349711984202092834548933344503507545663811750015588222986864719279637347862754216155946203301544756634595967918869973326625321937466743627044628814747837758236382471399441045281285983335774410048625568567412012438812717233096039804893015840900842339541524576186765487081095145481578198902610194905967541969998233726619850925239992655408973254342679926559657107083167217552020940544742686736399909836002495733844634589632303176394"
"3 33/50","0.16721335568494276237164470066627880257135825251110259758595503917194391149383210263447304884005372120860751486731056090208209010272136281418127850269041631224568638692791179925463046866796311583754990785367518852449390447341087163749983295623462413804853233456553932442141917782323460823718270219316703538634241332199846596560792715929823179705141438874956674137172778252748206712478473732636825796419247919027449421097228856316598009774166863092935732054308684507462655834461150650887004705703457857899423815505866807657195558694639847349394375510930205842130722419075533375933608501"
"3 67/100","0.17050714140630078759070971750217000583363567159977354144113474926619441764234058976311966052761888623951877004743935684059341035517292768290756823660498477685274159937672868107539773155869119431082156711883407402142785343380404616314256890416238481824577578751737143801575497387976526951329692279913439509271232555731435711867123601501200250695899871532521932341152244264283656947731314433087410352276583720160409013504885392660346304394426226679837408923543125534952476834960789224018203311477288174223476584314095085517570024217254067294601167355527824956457519481674535660544752409"
"3 17/25","0.17373937075452604681780214741138233535083124707782527363858723752904281073572342239137446382098669639448010544796484106069671407413498868776388700246251166721257030399093840113612503082058586011826334040910074270749433902892028590758386852299287669062213873384196768438999052683071955174928698201390717347510011700126813343289959102827524706039616127592497644295152699167067364688606194670443550664826442750666278993279008236836755712112959641036676271237800369012551502280481606530488653786180002528079882620716087137513027404557314739202055515539134561588147046114088910971441589719"
"3 69/100","0.1769096610117823686461872889448062281108629797149596107472736806641560189750189138679008972169810633635139982805759547106751575310384797152422655982976121528169277629189636125786397078623215856395980588704172377831850997171241025815705096330601057231261972365891134874164431451856996385045011274444827287403117580773503309670116028182802633796232151846140136486115079549047025929432901099356923018533112276475033015394498129530039148712278712205595421645151125269931979896914837780268437528871768824045247309457747397634088981018329776262953806022387765953673390742640541558325691438"
"3 7/10","0.18001764671338516695702680746810683418970707373226503938036737418089875240428801920231927868312755049398687108140346681592467464296392091859890392112698920627174086961980400788205108258504441741089858542454400466780293295958220403242292966879711052212419297532202175189647379548263526551324654658851856637373675900277140019176212544188161678906655029265104038941287526552314646906841327141089009270076948966431523445295334038439113745363613886336581020310353323444257623754007645065011589860351331187470382482569042153773562675249374767541908198890734998196855432885540011588442271645"
"3 71/100","0.18306297960090157654186607303008649188769949465040146404041361495687592998514903750186463353414311922743540183376861465707116763621011044057689297487919597517605082965459097925022714377109863107804217550160958893721097990826180566360344541931928021440390535760042203218156312449145227176653609986645292125953478888764587029297058943174999984918622743947329862994151444147489557634298982576458067433818752914653178897883126786128407189997678796170080686224051375463532549247799741323072950997593694078496274832805419363160152997992001727773406780612952905286652395615043271607615463569"
"3 18/25","0.18604532857717755316385580645337686774570180084845612297583024650404889042847416647885400325459039019352925259164228139385253246473162129227277861530721484107987441193097104642190586434966916465778296021052254050001288360762291067164732989479928133128563466595973768748526764520799333546015041970749744372132241589079066590145324419466607239591340876409543810191858114284605937592160448910690115739076135255930879769420012234797490455434149426109307728741257704775650994761839820503402888658527032294692286638912981348838101192123850601163893109295471350656456151582520890010380356678"
"3 73/100","0.18896437966282413878307411013309091414423089144837073310124695711443299762440356509051015905388065134841106574450664640241061499155396377193881374185304990442609937072514815331163223333308419848888552780404282496457337624008745795681398167067015227829628315776926466821037304435169100917682922422322839225819533300073025422148156499731390439972521429525991681702875642534749170170245894857323569062867705792027256330065073331381085542300308312588707437385904373785822803459549740762294028746948029325449292089959925550574293219213141963433853165495620078109659981840231334785442472433"
"3 37/50","0.19181983595373272661099031093483961043344750188994473039705100986494017978642979670511613088962650860848692919904605405960883788563904585093220779243543450560224381515588743325935096684735696153401099075106958129282057424076887086197435400181348937723268191946711921441522388302911019829302445425436211722722268948790432647060574814735132277073343140325555557679859289523328807778382302835810992036669829656531586585368983361929518678717186419370555249385696132984451247414220847774222255475442538483770691124848313764341536931897595429351272555448767632334447415845924067629130359601"
"3 3/4","0.19461141757922027797376641821004549457957329944635325599185689429859000895804161264466013037995773550430647766714515625342873507800218401576309093924044080267546530518815144030697577426118714842214663309701149878080509367293287428307603434409301355910470279570198528861389084766472633311082981070920114806659187623510975198996417570488595277075534805096627440461464570363467646658654852457532254414210845253569294524846266847029912609175184952243268604978024966501315833338287184606654911856986919241828428454911657029578145362045903135491390687741328784130012895764777320327224547465"
"3 19/25","0.19733886166043151289751912425753060236601240255867202309730627287601803321898428575112074709972228499811478942222986690790056277964608568983587691690063430629364086348211609322515575748163475671157250004011131477152409533555340228566803804905141769638124580827995504996004441802874726264293466822163672889818915981871870185720517636895318102627277339301085366582230105163420519406935789624179672861825724380045480574947889973223963905442412341435562125231537978869631072513783105805687479655765391449528496582449397647656560853360547105751951248338598230627185077131567765284378603785"
"3 77/100","0.20000192226864725683059106742775194521083944399667910894650686491689400431568127150228413070722752537613321317901441640445823354498716447548105530486296689335560106628192241700228830151917969048828522399148646201592559742890731418581303835380030779511807026919285757696204362257207162435486501999251967825179807509835262008759158151338928464933309057098709539499003025208615671218117698576663979951035636043009176770733550588428793995370183536129619369845650964126991048534052236549398251737597895078295906674143611864291471638358101340630090413120503144224222782250419204730518884629"
"3 39/50","0.20260037038316726234731350765975216268375218562603016419454185345190931447937271174587677248544327325715615129799997064509214975081267531723337411928295364699195772043809209800402806239132374151468511607154380013780247397553996832427847658502755326957643151086635678583196013464892094187183753566407332694372360079749047415521795102940068009543317242482479078088131332207432592592969015439808348212702365528886943933054175718546944423718809967449737883643333484357648009109009165434960082049368721217262375000595187570827788617531665830537650174162678384765764877651532044628141434491"
"3 79/100","0.20513399384845262860269736574301931385643200103283795289007416588243415445506806444313643006804208181589135381963894231339351562735443132572957485210642987528775219609128015356170822247239236030443398932645764434682621535614513920448125530940128626308699462294877274799480959093937813491835253733473345654357898319759617535485886807850983696378629845212382696085612778177027290388766725700382160596333634471367881782908621390042762009319495643629190935445134969369673860776674058465308502432574632227527250172695121489927726129510077580118923189769089238970820011583820515591640965472"
"3 4/5","0.20760259733022795472053248682771991882932973278420513623072873003474794546408528805903825701154704504297777433113291342131353837237378271896106084669279148755404453680791108084303116235219413572924325175414465667120195807750084299388568701551027931771122818033277141375120301371002071828169395653057574355061786827413333967719275811656165356325498418076964347580131683863320184443178556433907276052394838422951867863461472776627072739529815860848085875629218155803043801516637151626569452906120938708518441424878893538952844017913214611020260122988137556119421990713765836004374015994"
"3 81/100","0.2100060022702570120719806109499097473999799011451428735912745181294918002483827964237800026239715316369720080043988746752653886650886882193779291771826235060058248372244213269542863913772424343084351644189621680337205065038345260929729828347811044676173932596592885997229814103602816184828283184389305294702456206489798035680554235671772050849864423533030302380626744989415025953057841917739829664745414562899898050576583048367532872424694076524955302775618279038100774932571456616086643616294708395228263393614745278316088226831183252502479199422457976594648076510484066053898534646"
"3 41/50","0.21234404683951833975958028997709988776419965792891144256262323167418118693619073773614099714487291836394211741028216942895954985265664475585095088333813424531424713174965990899331240372918638403403483702479670215577839924069842876714293344605104722160050412406754110543079324881671676977295670818757164169571232226115222588904336058382594122400760849905233170607213549333545866381111687283165258069082243986862913193414999932128695205777977142675884079334691941130117933243527695855927615129364664855707054127945363970462869012363564762364357952340673041022500368881629822779690701272"
"3 83/100","0.21461658588951902163066199945300106316093439429824848689772014107017502198632328030971541835116718102905455292383052828568448625841431112123058635302530860398388256972433899234937902795401734393025524557120375334475784583733744723614700460588712683198159940306207188309222624507901274995204210593219511072041663961767966220106574292582896189083472268336427772127488342999397471822862353062461780097971996397178995054722894486401776945557986916084767897396457927968790210932247370518977186294183328709855055872547395676052595131474004161468644581938574598655065615845542469582083229211"
"3 21/25","0.21682349090149619973055932728351308391923303923561575796372083339856406352568734587526793149957789559423036459339773066776262556012960227311389474100852357875381654234681513069673496745921293075928380926058105614184769938021687696372972767443704842369788272089461648970371325540491744203611176678757166834181460630401497040354489549644218710996964754513228671859939176440886723794178518879900643426099929525957095354931144295937603204325127444646272952072945736923732844621643221702853883502888818829208981748801804146667301032306485521038499585347529973388909391332569393365133977302"
"3 17/20","0.21896464993326678167410920087366294495518101861602416992163557583052630652620534420869557633522351024806222943417176031065123462526388595377741388070113673089629821924101960514716421211521512686741530758728785597218259730861351470500822508576309935238492970111187176103234205483022798043581156186601231878812099185408468849295683236469500977000486098283629223817719532743295840495221898565021133794153184204825723016682764870869551610725398502400453325945769997336777015909375792637002485634097230881809494385273269986188227188393130373494612702011345835538767659969274060310750404817"
"3 43/50","0.22103996756349643588922685136702455130711394109214964916525847830059271750551688602816388768317012764626969779002423785499975053257597524401811610624838758086550845267772710365743460977366541838204365403863826382215854086130734002355599723092968873160403166708911578246859601424215676391785337066024256074738079183349716510075009713160849415697778626711896397132638261318893852222400532977930844663734651496489888506765189344694394747995798188659762112676158004875790100230504082394205144229228695775653893633503931407132984934433361151816217272623434239316730699862653456633252494859"
"3 87/100","0.22304936483316943858864712087719874983442756450776651693567649474568399288829741685358854055665249672896971073657893250036707911799731496370196844531195083999753547092530284799530621769024622481618141551911285174824126830383748839460812408754753964804213228240967353645231105881599281226586331036791927884822403088093169207707179111695157622365093694436833081690224646044871607358400749589949082145358568516771492340686401863321273806920963179054627032042725582307323243646270197790717848896636759543662372375480076942129201178351454165469712927701338527508199532635959334415564852543"
"3 22/25","0.22499277918405131633045701453404582082668048434295507306320384148648776143387888498152495915186200501936681150041206218601955178531353302927619776209080554237958499040750403116586497853274789548492930584837098688737655964467484368801202131046942468965288846737162997406974996287799385204617734619059235054002591649513326891972966457055887394110085321349121519057029419300464249014993118141344208529816730660547659690029015003319872658652946103091156871677298123963588185782534172008062379315066089774592286225999574968856533406749807872274712945384197927273039143007848434193483688262"
"3 89/100","0.22687016439394657635954250988211907860726859274804763076897349893077983557683864833561560479256370132914061411600867760972577902309461485234534420679656556843523054135160865900163252931157469555940473579785273353242776443354749719394775845889725389931062527577267826072926957862317623241936876920852798128348305190283011405772908169626810420599381317930910491962866226819956554552045424215800967003217533620638794337165038199096424034604027546570582747891063647077022839266990746495362872925561378458093359648606139714498873976657178241024190142211554306606312295918064445212811380724"
"3 9/10","0.2286814905085641768443614092456645560611308134046396390914731171901138463858223684230011044092638704193064604232193722092652036397117577298341033704628322448701628828781170063239557675204481634384041078404941390093944703372380810509698628227994979062224583014550932147499006834602584201691355198857253483066460793622306010649307567790394065260316757212906097437606468454207023988216040959554839083434178380537942456799871602015627693568195308229478795095258313743655667650029748640967368045692904164122339278024442554781039565630473889804653967406554075491674711676635973276914012935"
"3 91/100","0.23042674376981379172464885560317003841140035159223131070463812506079513525518497574802418508971877778136696577269216492629892646245547081946845232988779206014069151810226050923534326117606892956838296069425927600287294634287146320261303886781710846814406681348922570525800098089541207910118343490432636532705627228289007386505995017604421584520547887028941007341502115627916778775983873842516206818228031104167946594536959618399660670389109912548000111340412141965654378758480411090513332946566678430906274101968678525296628956411263348848642118560065364184460065523580243861724416318"
"3 23/25","0.23210592654036639131253165680621626950094441740965533128212116875296574072089476832558248006221437602078872417031527084715628328884263547876931554034868213158324265029986923395923385312980199697394822558321706634967476831418123548802375086262445975929181099104398443629717998520334442229631042008947026881033743682913590279343992154263113824518899573314281846140872474243241349295218676583872019923493351682149891367236129631797260129004830312276846180290930544910210998852834496578291131670914166721911158303245376529084260619490661192789617088024617937698650587584858289442595388647"
"3 93/100","0.23371905722432320304928457766382335021744122919709538533518384148580026514473350104367554999350283336931018904904602307119018902015880971452787290392773962564700871882080985747110947602558892416976043889543297946220239103181557585543412841363617044956291679275541899320623426762456825675072154734153433900995284139229814408101389951119363570725507530523165153342401566493728914641352372305153425154036238389732872910976059473868405395879012656492938514211507448492544399202013782341647832775710838949351687159317895544364408801684741261839327043947252256351389467433023792468099631083"
"3 47/50","0.23526617018384774324097933245051735367021713406482103644499447147404992353438368526717811177133723043863322950797320290000445549098830559764321692435505436709141542107135160134368291609986100491383886015043429788987165933666704555120957452495720511406335419745952731815003085473504845127449640371980957373596598295805572915063210889256355971416558268075055982033774483158287778436474392505062347052972606672262877830267476902068849382104553347083039977802480781284523863285029397170275385064951739983050631043965794689668979693274872747934840966648498901105855841991357290030394225642"
"3 19/20","0.23674731565162632101881313038499531766337178420176874889903574015541183148905539065546040257797360395933431093893833487048343178678351455829143409777855180946829310442376104940791642146838155749650252572330873120722518105568005204275998042702053766277021844339021992430868404462975620732673048176852365561703969356713495087638185144168525706999458353069385108859986072000111689839084602451247091652789784464240067498177671724945461336821661338341342731547338738015116605594722297303096046550467683323415082892045263666829950965390971892415399477679190831094269139668124630822290685183"
"3 24/25","0.23816255963903320652227703098066626307685229740934907755944584590073513051761594577179217722806133122926953107521305023693049037487438906426032240431896636852220616991520147934244427362902728806776711619895368627465290659163448301507406694747344290807810444784434322957469467477344070670473597786887307621415168838919395310081793710270665361578096020190671845745885460292222812242677114653069984691688333201776121362028090699125051603329867560771735772818432628278422015259983345953235624199566549222724953393782443671625163581123768098421781986638599310956398529003268726965195467108"
"3 97/100","0.23951198383988751900694786025168552426971062860175397467677981278231002110769584232240759229657409195404076498994153876960097006248354774802514641533950329845488271401458522263827968785422860584738959592270305768984097132846002622352611827062487821005739600648079343512400988882955623857997823647508083293835867605588388273530921643407683412903235209356624114236278543910181432497473732278027191825865931945052547212423125206749630824543488791673083847044241883795209763393467733245306036080328613112327449261076152005809983534076957181770727472233037881206569915700912569462174241594"
"3 49/50","0.24079568552969981681606305327863697194303203707616895561407573914386095190004426264237017401649045536765587029543864196290022210448332422573426871560412647249685355677090942180050307575326564583941273397768392809923448073949471670402720889335561743539301073235922131753481481205517341178982106375551133150600098355920804947088806086704437040255747375987467647023489286636124226328899979271056723677183651141102394657882684954381327881111872797007833039642675287199161343023807629510212327252855466304566656583207498092554234828236464084073315756034153609015847536857012021673724731567"
"3 99/100","0.24201377746031734702759972549098434554077960461566532082628589683549221311944734040619280978525314031153607096775404128223867579449661198772589509913819100611061985346689518750639474739499630044067567217704457152484062195839725432521594361134048158182378613868069110424624570120989464561395025939566559698211279041111151631844356613115776834060532940334736253670558143845126631861838151580798471801203477242832938132436948859740598701999393115165662991141679991925954316038474445909667543424797130862787199181200471607307602087120183491515824418944892407897304568797163390043142809507"
"4","0.24316638774988792318564683355259866494652082042656702153795634864688411322566373047579491685576238255426077830192402873672342902286074919891945535905846346741087492071818358171232591801455965377767736552431047385361419376980910629363958735314776025556614982635094683413331245688076838363276543701510144557916135050883896524497396287182671656160785318473239736918843448700742134545426328161872926205771705478787769985419982737176356954803594552401220366686276326208202555499424498856794096972080004170650127876447917108402421722619972836483258641723075737036861442821593961920604804892"
