"-4","0.22561738551297574309527149510842893692020612665423292665372841920742267706971216762146189729125125201468458410025826183253787264908031796369470734509583552342194407922329595746409777932452793269790114142834547086482796347196533116336047807539302712981333538831828997887461116353063742"
"-399/100","0.22383139079021073566561775829241112998550342224959586360912537909601839106825321135476052942204111111306505229278057063721961550965820118642192246213862930831722927514334469183822614623872715321797316941233881542861101089053380064637665368965695699687882778507637074971697902817803781"
"-199/50","0.22198500250288349589138189191473386198278116770767261161658148634173600622949179321176695044635441913323458350393235477654408176611263195100512389356151100508915119049717755950060901607684445005317572465664316860165948608834307764467361042222266509523448541647497571099667348776055108"
"-397/100","0.22007825438084739790035868608552231175970688112680271190992382267821833074911299801224019354609251548695550586288017831117547744202722784405806896207702982079268888930362234406871657398052585215967953125862049262036229587017789963496305399509640707288307366843656346261709385617357204"
"-99/25","0.21811119387347562089502244545792567435530293023527090602684041560441287792189479127048114068168141738628646304316312471159304720327785284911456022234474158549200734224254255255142860973200540190680631420199595844121756123424317743258753830993282024183062444143337310599508705627752523"
"-79/20","0.21608388220218737236755295833933102683663767777424602974675412748348022395281854390325791018997292735993816182760047414624414117170758263998164196222265896179026448208051388731083020179817878480122449126525550928380327425176797322362961669214513803140704398738851857059755310503651212"
"-197/50","0.21399639441038294088388623270813045478022953387351313338025502447057998513546535215237760958422943856914302604746616161338862111664481114570027290624462756321225031474503824338628792515577283733440526428786168254258961182045571164625785747217992776460449302842520584707915919741490944"
"-393/100","0.21184881941093325703798532181860621129329863075890295294633138470174273887232581081061132047279538665333594050645735813928890616573741036724765014049607006462467595184629594751876818926478248869461923453704794290221233630273835661770344697989536495248631112895004336442607378368014235"
"-98/25","0.20964126003137590039115775886997011152181291769928274822678852993416424730985129801204323320620848424697149093887147174768124597422774754648533510862025633642561900462241338851345579273064479264666585225834291977035453336389405252546235360307285794853080409020159166783611675490121381"
"-391/100","0.20737383305697549210681458768011558907660880207324113904190331591158942858606424748663791003056058605881472528366547701794253282536069564577789889113010916515831343643975730614553424461360298353959647274975538256005444399574223547522874188753026601472322779264090389072824341166583523"
"-39/10","0.20504666927181214465141263494036750741588156920714434471790092043214436173695653340166708859591357580254425080317382108789089475262783057780829541509501462417837438898395427587474339693867938388399575436826268853827690767627012896624161105488971852293145822803423439216095542599478514"
"-389/100","0.20265991349806708962227131656736476659202913614964353371522789589816532340632245037479296756835780893459073722765111305610917712335268392810172148821919205459144723057945430849345903048689792919706655417624856739297556151648310916351466665048498171829726520325098083355990159761832743"
"-97/25","0.20021372463367976214832645560857772196297281906198666945350152215848244156682665361625630496373794592920851062460987343133915199439801912352843701069169849411225419406715104637936083312309987688905382433842259155604207323727535726763471892126568680623176908267104828858123134594325832"
"-387/100","0.1977082756885554767239042816280605613672459797617734642360570538381607487779179047147354007383636829319825716136037928847677832446290059307921673006875711971655179589625795806167982125868412093442301482060421643668677643032594784422304052992644920744615594784485416866133703328118551"
"-193/50","0.1951437538195073781064031389999224152778937612785979461750892911758468325301207113600829211044430522105947113892817958838136790743643947291503036545286867880714355901391282349796702600226457160596240038911177660526541152945040179227835525411041111269544653671798358798500388772002975"
"-77/20","0.19252036036412058776586106040223247738590424198720637856163247276179991814341217850656741663596255190563282894926028377005255246746650404258308056078847318863250757000526647967787233471963798644277999513697112249128209212908188726120997557492670050357911794115893769759839095159364543"
"-96/25","0.18983831087373038995755568202533796020842447051165135943395549372636686518901863249661860757613814179823531466864922984009959473006514722733453910578355744415694037090604124708369879325775677247753456892229356126269555061512644335482814481187060611637916167110961938089790250238890132"
"-383/100","0.18709783514570991399049356999582635258053592752422284626045465956475589315492096793466028615628375617216124509768370430909967169702270965964397075884191667108266404262259963451626600283036926554684428873598015313686028939072963467228529801955894902954720284785906547162270381049046515"
"-191/50","0.18429917725526607724701306670349645277003597046796211820058615378464860696641273738686597027871705111579675992407099579866293226275801417048153660520125090309154383062522887902346037457540260300472695389642616465259426280443138650605000224133061999738049175585580698914451741239300938"
"-381/100","0.18144259558694556894992530144893540126158313868244489667444921128888731226520976939749326800704699129982340179473235936670727989623594942799102507117737724663809163260346200678029263241708378735267645654623328886319828444349525992615860113146088489084199196785877190748426399391842159"
"-19/5","0.17852836286605539631728669037827077857836101961410544364515025921283707176506263596165335200662564058086434518231530006549170472226074824178883024219286850198534615144478450454614943563578570556874981000168092502677731368142362968851697064375810249153660876689197176955861860193238326"
"-379/100","0.17555676619020500985169904562055194620653084714309306656267708003721732237628004860712647786941038191329830026734397190205651140182951629179957791048064927081621249471404933821250445812573305037107473700594903707476268697197873103067714491186585555938081208117125956296362250572515316"
"-189/50","0.17252810706117931114703843837063724987819354973903440345392207923321639071783353079548869732178090143771780130199827094192243337584594285175454676216474437954275664306629223176589394176013670144479994142357700898028710167140737993933707565401727724472075847620332868902714030761243333"
"-377/100","0.16944270141735397664121557721689532767898319018517000668167020010467028197498879325964713744211749028701222507062251548820672258822969326075300214231077994605610834374280549623341362136862944848492256440552632048974066819276152667337901205306482675805514967041976041548348860050502699"
"-94/25","0.16630087966686657387635098814449543003063248333229570942784188524072583013856713996714794085118714438064753636584964117923965249433299501893212658144132717647257826478034686149001065307821576475219522988022791560829548878963287675390499745183515862761950826806509035019641437472803317"
"-15/4","0.1631029867217589958277628685436687564724363620102958912031551763250900141999433553982687641705884710316657841502535943556738876878930384660500864206669388836048337719965650132353067991031161123620583095666039535368181409168505511140145656227206924886286544959086997537688206292213094"
"-187/50","0.15984938203330891673075871922486329002796546621389276453599829336732904727924403993444948048323610874302278850421635577368173820088847691519124240290213798745202548222222790805582837818844164751301133262862013266960001562801647976428718836697115816823083527984565953611682635448319805"
"-373/100","0.15654043962877044240483149757918200915327299943092640373331351880199577333195406908637413378785755056809903210634402913651220152854957232331177186702143370805750356065166981833293969234080275045956171803745570942682735571797166198395990169846556888096424187095749945539166161702178309"
"-93/25","0.15317654814974710510313842554335481190292465588011356809973278756883088722773478157201470918907005006893029589125151371119966681649308940224325713627939478529516206118066918254016677335155559232063900628709700965631078329105385758309277973482372994319296818964680996386594881256872762"
"-371/100","0.14975811089242412401642645930952339125636302375703536751264038207090969707086995382915506531963167008151699348511918352304054735134573301652679676944526519271704405799028741573514241724155395102587449547635868955438116278914573181207115509927995394205737631232579172090510757130465061"
"-37/10","0.14628554584989180001022530600417524612545923947873408793765955983643434309708392032832804644588219595635883560036238322473327375418878882371080697601377728559139957215586000443885228679698487457063074991249511759540893737766619331050662323473080993353531536976471206795141392186742477"
"-369/100","0.14275928575679854947449319629426925733680581383428269992398913662682446237704883562504532431658499868748911301210109536630113891772985293804250974289511076487620026846936022259726804435613367110190339357766211625466537077496941593434684724200428608729177838551029697061862990074383295"
"-92/25","0.13917977813658109865350763050398427226636926963724253134596914427425388086773570103460611239725242525863509300213800029651431864968296615679721418750508503766605853246450093667276480956084372242394565150211536731660716177092703055102197332820579166987517105104258965094022005981557218"
"-367/100","0.13554748535153169566435829829847661703658644814463377851686469875746713100573905474635409571544185841010419091434251637760471983261229815924373631477660045206244191696611037527194327162782297176834763372453553040245576457146647520309794900418626146613701659566388079582288621582798629"
"-183/50","0.1318628846559791384807100964297250070103302800648015177690201155716174854745066027043023511757388173866183656960590542536445562634681955193674632367094736802764362595746980183627637616029957558182567457234126416183786924491171890936365554763424944018616660904717414681833594118634747"
"-73/20","0.12812646825288373925538297155545729729293355476108623970678555694317273563115982066260838912593908804415288806991949591568422357910591035249204147254603586832415043210042922046933605416006547315817429239781521723769728698858486359887224216764719680997672562925421264869500883442683484"
"-91/25","0.12433874335417852391021660225161458548155546347209191525089983601570006833080472789965272611176345330792854372252612716468910067430980777816734840683973176839976363812774481540921335570247690403521554326020652326823800806712582988553849866996559292791333092404202837070457661537190695"
"-363/100","0.12050023224523348666363355168933047210761899784173824588001949384865299781952497065871200998374112011465048390805137891177563180285240767042025168195640426239447169018960903850888547121417752561969936857837475019374274711889781814194087472113449555367284634561687075536211798169741498"
"-181/50","0.1166114723538815441286335106955085571350652126937064128199534252763816646795189338772701819595216523674809470430029938327725204200339498673979725808935278712173445169450707440616248364147047960547600903248618999293808676763822947825555115514634781446659393966080294990406395184075164"
"-361/100","0.11267301632453110945979525941177203293646035674067652884936024232790788620935636559906700211092361486952841261981896875539130635180951377552400613555346035335622849275046544331356635331222476494781275466743152812093850333441117326330164062691407610434475847842911971406956081021793304"
"-18/5","0.10868543209801135704888735677049137964008998079599001523368184015714207135005267925858479628969686568577489359179503862572438960344963921201452184906305824145410422455494073133866056813457859983153313699466311577329338430270548771261435701447426559910508196378433069487692917757066369"
"-359/100","0.10464930299796768159523408624371012175410758774856938950285102373653848271218804075426174877844386405602095234955604592395339982486903380997078790498533661133243578072640799758787863265278091118462540796236510874924054103701488706684463837594128146487283786846285476366842065265892737"
"-179/50","0.10056522782486968616636659551359635581933152162048657117170884761535873581310019251909719917544147932515104893510591291088127505277192114082635768295930060807797451889565518369547732104426130276818396616938106429398869234459496330153873393633230660284566346895076475579515544395793592"
"-357/100","0.09643382095904748377678288072047120200731094403392967687355299262162315706443649354014749193609368492068678419537197914804076151172776004600392785090256620426039564518475449944775955793663991263510357986671162200831604667382436296848598807972812497055325143081075281917806051084716355"
"-89/25","0.09225571247468875925447448813456887190002433005664817167899230520555530524838480915536257969887787046335031385881867476973209711610887608305093513414241204729113051721095723554398491131564391965132138798994832408365170676385698095008144796040017610154099616047541787962702324964287862"
"-71/20","0.08803154826749511157841053666194308099840271673144927463648964435632169427536143495414213572609101198125292478305706400507199635962642158222605860613761460350748067236528117846041488309932062306294868575720907068613930776769406227309522777843231129256345139692114426497646501791033784"
"-177/50","0.08376199019985055555080321192573584406609752534100757093116727200528300035478569380084826888078157134811052047239168589097839466952439179525404542466065113613698298483537895940184861138595776338719763120631092831995435671745282863407647057365045813031846487576176073653449343410786078"
"-353/100","0.0794477162691264361775573252209803603870125758267800141869084886858500936221656678500387190851140947438455837991838376962403836816977793712284478161954091869511869260953585119289096574424255698511323446289168547538538028979217687106147151935881673858086042874606179881241860732850881"
"-88/25","0.07508942080752137634877608123630553940807059123392665579212216351680158468451542018441009095064765741702942447775119734449873357121427482679623210430396984320165909932657220989587862361019872128210982763389953898032986162624965394839783860012546843010489805983059529227303399446203068"
"-351/100","0.07068781472628125326474266046096940400885160624632041562251462423204432285914832592089982342529884190054292248154186693285473350158463006797718548051769047797329933633401277165289602510728399607245672033231267239736368792720064970056230114161723561205092877408917227043548850025961593"
"-7/2","0.06624362582445722617928455783303650744765103883551736195202822045063243938689392877389890070583346734389671260477584256220720322430831284671161621738003260258031292267824221036400902801595116077755191225254985345377155058161485500027283395716084525219185214131966074269222136616515868"
"-349/100","0.06175759919474495776869180373252851633513325101481978624049383572932023984000451942514584620552308490104588738958984227670375681882378637124396446836236365208654498160624942991424784500580659997783605148619843427358950183319585363052239760298962279676041345489684004230001847116983019"
"-87/25","0.05723049778063233512836911688051681904900939247371723360071708048013067247076703457198351328823487475648040206751275832357119285485407166008416764967338377428739125467168526017719278323986604798217662149098474098352413729943033310422113995684899302510769135215408955601398050046086588"
"-347/100","0.0526631031785197283270325535408118168651603420324139395513080590905402002307133614320645441074307910398044970627367438583135667519950107568343306807430546998866583030607246991907680122741117286677884846897893204599329167041500687428772049576920661573344905828250746826410685228272827"
"-173/50","0.04805621685341745236183093699750231312280745258881930312806297668411673013044209911122837548099031170344268677276204258262157529249404411161286389454139917465810172962476408234730008264331090289639468770679519512277462656350085966530455576617664547562007721882892639027600171926823224"
"-69/20","0.04341066208671374378570624249419009780494850752921263477980947507529645996753574182862870766163378853009289889556756596699821511794891168283094532371107686266130472785955651981865557811014961792929190465154088662061423427608460872422884193318271709048907656651422143078502256090445839"
"-86/25","0.03872728729301215060060285876823772418532312259136642387605654546005484462298439959832492022544293497721886553223393208293298246481370453884848929359923877462997462751827120152846155228891635123871703595033116123871204390547574711866284782437450050103293383389817149060410330715507304"
"-343/100","0.03400697207098278052392511330924405491134493101227659540992596599797829642575929366391119715345187449209142057835110482231889795882658789231806759191079592607755969747215278412009558078186758474420115281713575520076790860314998938313491372149960214543907696476960527843647772477347555"
"-171/50","0.02925063917272255915904328134750548060179978084718162459318224538638797735625070339639710562924216314122491453361742271966079765950634968691176249260934645780229817081667766508234424447255849657948868074966669767133005556682279626253486690229806536175744214036697954520176967847854463"
"-341/100","0.02445928066938446263223128836450473964057598657196464897956718193330256199276412763040439898201344375151314338140990766751645810791190788323150444606195780409099289122710376722836157563143452801591310731909537645557424417829219344434379795805744063208584135491590847166583613941115781"
"-17/5","0.01963402313569812367893747986758457033040794446691629459487819520682304694757198941843186809449061350625509442065800744840355133582200110729227304114120989261242357533319414392476681543480899325903481644891344394619963113242993994933248108635520390853560330978684865307965730787048697"
"-339/100","0.01477632279365286538976175882966049889572317488550888102356187870862594304816174281945775596454835645250473403237005046562425791097396997933976926405979356424133524486987852293069722905359521409715787468863950766066323386091962914347059300750211011455103353964037508603551973201750702"
"-169/50","0.00988874444269056082017285862463385377910164291270537098314452320553138592043246779171465909704173309594411578787561200344554598611156333213457994837367054145620933522558462335384486429582092268210771436447225950470941182099502373827588303579905475069731451392726550413083288902882986"
"-337/100","0.00498038053275429295088164173455877354901860713882988796353927426823699229049936717940295934020622373100104799850465333554395631376977445512932366536643500077829031501368212423579787861028982904522779719499821881960904466309590673686872985254396775808281820111690876976404208949957131"
"-84/25","0.00057100316211917961043853912389951793222484287878464909328889892980964583645520599288163901996199421054911545045937689886425933862754397456172062845475420564908891442514266413243489959071278930914522237588593304210211710359351764558501817637085532092217785073866477226287705531377799"
"-67/20","0.00502551344775865459586844367565730440643026185893771638792109907294242839253342312254978213924585115925033976631314036535957057069160946528016884361999068888550615240295193684040450033383391341836070199044164653346378422285784874744032889572361137572780850695155158268084342928079667"
"-167/50","0.0100230867813429043096366273241133294003802484435232670667981802497034557011185645249964198509499470587536584204911013500715275254553920032474924224650173309718337404074928962558125728945104418789761334158209576923446984548764630916407496814903777738467236337323956813692320164287982"
"-333/100","0.01505917485521453240636584986598450926935267840805384316635741327872496295054423170297827279738259756464833057540247977129802282272660927138342482935309361028853240143777149288518520595536516636275157913035610249463898158536184306222666522205418106833205867215342774281463601737766052"
"-83/25","0.02012464566570868884817443178532133374689699038364512228955964832123561395454723455289647371102185268197458810920231920054489948519148026912156250119740885711282862283281902608242948757481796302296252424612202165007659269314881837286195097992826447019987966142440504555023824320841874"
"-331/100","0.02521681252082034113550959223381338793260371919867341397541744459852242334434190168211869597809918190510705256446229557377919234201573325153096466184448253388832252546719310069606792380566347078346331011172931063163963144802965675305980768344742461620959551528131462461681393805654419"
"-33/10","0.03033405572060963093174695834764071201622291242474966263272504264550188460387609741863477865417463274971815168356095921157975176275870759764955260742250531517557641849572882171958334592139151924776383406730904455424471075748229422753909918391950139566976236723260318321894889051403353"
"-329/100","0.03547504744397929515487786770308715935748370219105882183608187481118034898277401313172582240518034433287488999669767270705855359878572546019393617004649213505460851267747653476176402810480092652732374570287781025926519465206079772175176140065387124572453778954363040419999193471217338"
"-82/25","0.040638557323235299465276814552242856469547732762868018437289197621430217161679382655574720269924307649267080974952867995071929790441364616669498458840633541476562263297267269825057756031882373692434415856894846079588386444949605677919091608949608011420043762502823448121709552346553"
"-327/100","0.04582338744137567397697901595026477355324368393369452811029454683663742168925425204205752977835471060704647812548905433557545617151205189490730645502697357458005706330478101821464923688308783110653785521852129085645046868015763500276554552644191175822999668907888887377687232594550804"
"-163/50","0.05102834621386396177721845271991353649129640718350414279674674132506677666207611036067611414867958808287673336302935031557404897895824921931060174622618124559567315849156848647905536232083716311538802417950022372677740658209475470233076347616026909966833599286919439237389385946244869"
"-13/4","0.0562522364237064428689910382748722835743657918321869366765622522350695591732040877582922416307926498979212414698902221223737188983689059687702362127845927749950839800915465200483918358094059273733243510040749999539426224375746852674206425918542449341461191695111381838117379031533346"
"-81/25","0.06149384915855978145876831072691518005202199320612531441457176827492147946239492567933048027623998496189351692753113227213525933887126338697353638200845543708992697004678098524511514846028995157865429218712923208146097265960129421349881127202935250342825750223019889121914651443388231"
"-323/100","0.06675196047461033734268203517559456309892614132397150543253152298902897377943841681435927977390142973538463064051733037556151321083559564675810642613079359979112613592834035880530252738255229408165647523079166931162080836883431427350970615683617093851532303927426232741439075695966113"
"-161/50","0.07202532942610152608608610036313193134297628914751261517534202780933591610372517808694003218992623609745485959035347961359373467954597208250824462274554772119015238921287822314717590091765184302403810991176449870439282055793582756247573119882543035143659382902089262756816396541550641"
"-321/100","0.07731269682541205863615529474716303075197869571080316582856327485199300169893531673537273176598153076966372947355640723455594377151943374244605965400715862731533187659556178629375591094337988380178005624730316945000076109146260981887270396517036411294072077528989048394310100992110032"
"-16/5","0.08261278441635355800630749919756437607582010415927972706182346753390619614447211032593482631178201259693036008578063376772077095215317073216218681605191953452041493013255904460312048445810701439717338000271893356652286972378849047935229102677134351942058588555535778284561756453847866"
"-319/100","0.08792429429294604316093431247114191850952893460251468557642578651101490350770429840315339519712251373920971026705192242300903078558907962138620325522910395406073513911237641527179750699942934071769868865836764436208877967418920018850678415443063332630050819777175967414231246898844075"
"-159/50","0.09324590847075121758350042350982004502053213760792545424347368021646178415813385840735366097708364517445535332377020347986862429237725398058529196099499954588619031585156888116915640165828863755584691890552698456948942122637485080323170864145773766209908890930088552709111829939582646"
"-317/100","0.09857628855723905882315725234658314669406646830739386134037532321930718245877079152005874366657199097339544765433907299072638991446240603340699437235198326654558634260638311164513882325855972958877985505274264819844154239032051400721832290281752738093440338761109967371289375544911115"
"-79/25","0.1039140754893418499528928720663881628801717980860726230006441093630249918506890828046165833047808223533692452054278420510924132402246514531365045795350335753490275769117672864976339104261302364322914680700726102900999674197501369800266594092788772824980801039643581797917925477339717"
"-63/20","0.10925788931874620536036419961423565724111733509072200863616458731125213326455919309595133278114531362524845515463882627554557461645239619430557034535713470176178195066027562677104908654999310730913046501181600041902931457463190597398461895985979998291804946873443104596478481617755649"
"-157/50","0.11460632903280590330250927777453299468036514017627056411474305180217597824474231631396121714262364721956491138229853382248285081243052661281336289420464111417814933757035875471416841728355290152213321873768919042118395516738718739117461761291496301139729041339965922400423795096617554"
"-313/100","0.11995797240342748989658983281365147993171563501388945046402722841592958975277316536836050158104108580275885650439932995201409226550621045167488174225614087317076892286613705914529815162080188133709724683013033247004035861750486887217914975239241329312687065689750585902724366789280893"
"-78/25","0.12531137585907901750434917606113963037809813656734837612882332693983308089850829341708247160397981327414000720753614951149031788459211277432006681875067191420717994997302238464937820538014184669820686159580493505429102959087101475666335992050182818045047306834398354480019978591691935"
"-311/100","0.13066507437686768345699114462234338718490078465927291416743701219983100368475470112383128524349073089489758119261816369392267484803794277660253316323359090710553288671240075655098508917429454830304146442314714704942114813153963324823457279860931928289101907627085714088832900042754405"
"-31/10","0.13601758139280979125454736571650123975600417868040206191719049278094678855267544194132269940291269365602087766715687812951943601521347707872708685152055046051656135376740039331857870082236616611353253040436997769046879883163646652480588193286913681695841805803857426350595280480932166"
"-309/100","0.14136738872920464652503227909461480046560083742079091452912332108291375564564776128460063211319619778347307230726450294315506850590076792316229716826992761695987913057288224747463924764342634424496985548124786250569149690277617275903828622202569758987696282529861530104358726996521895"
"-77/25","0.14671296653856130006183488342716867519658829566624668073303996088886412715685685387900481257000562358882584619373974243971728062457905458938538257455557411425473019517608331764373275812943939512640888499635370102726134657832157102070720383513543420504814884490655494146657353711630275"
"-307/100","0.15205276326389944570671381069363973699537139448011647898385605316692303472105109164747348473062411544415478776135024194567590603584246165660379064027487578989518161208278333263511511419169223464893639725661763115115533584934714561720406160361018744105272155512538301759467157547894871"
"-153/50","0.15738520561550770043837887724146598991990238348720384938705228123348949264876170576293951402747459573778790013477113330983387157715192905908274399641469609716580446902727384246387452269809415560043496752909902266802706705067366533365560657730483820895235604432221381542907362771208824"
"-61/20","0.16270869856442902384752330201681828120569987816409735257305663663612238799567936075877920065991600506557691368669443098995052285787619889404205406960574067510614585031136668459690106377464452767916115205012597786062124212952824683506369150538045604321887288821867491169145580074526625"
"-76/25","0.16802162535307717049317832616709206311444162432710745799074464964584508598656477542833099395054646885987314217103126377721480178291982099700559505874129513771154004936810249584299086427823893658484347150121317558932935015475779435949400937999223454492393923103386495177952700891106384"
"-303/100","0.1733223475234851139694167029645354045062538051652754082902272091134873472355407344604937238723473438174321004140956330462535597251233117695219392523348927095566013602603028146889665028845212719975456213079508315994288621979121983501489133363702626661804715357550371327634054096068737"
"-151/50","0.17860920496375666019265240072913173229800557278226536470742207979707711007661447801848477998046863698116348695580981454023919603826043181094415027808008708548767302593012704827842756527713189723462993836580374499944776147634648079468259331845110093979114114775730950487846742266181878"
"-301/100","0.18388051597334303273216880642051034619859575336952468237319608830144665227442245195418728378261866558723992207233747858454873743005124402846279338950071486112580099841326507195296529055682196694150820804070593312713882105729992373360869287827705981649045716658962919530481519237019983"
"-3","0.18913457734780193809037842245406575019914780458641496729204982408437173466621840674129537470441561715440495623782393222221588663980401517653871772117283846980679689635506844569308713908903706436148233211392155380258755784063815376888213113126969135127608610761464933987329819073681251"
"-299/100","0.19436966448372090450012804876102601675835460452349988922587043533401639450111779375739370812281368229606323748634696667618660113253139013916250916044275945170889683085648553539420544029112731112234654899444876724877331368978431221281067601283732047306909995643502176732041208991746186"
"-149/50","0.19958403150450192836929690043119455637694402807324740997302680721739383221153996917883579325478339954991121924111892886132147622773559364212531425092380821568692983663442543189576038286332925319061573264731502876357211241305038837052375717610284964228040450546780532678512788292943033"
"-297/100","0.20477591140771235657016203724887472340955568081733519883688190997708899724952201147707499690493151147873882474319470701161875177868698791675826028130550404378055012087443319365488441240087573810221665818830710245251770353871202963696404113705837239330966562746429855327711644404232646"
"-74/25","0.20994351623470869316937469090146320719729292388223556585767765014834804110366582944556441115859033129472272169351741007571521882885835259105944976069776286318737766436728261376798215616469890235538887006478299590599612064041542739544462811900723376166191241950689036270474364263160114"
"-59/20","0.21508503726323651654090602129762538016619889156615427553444698280674233479716194866729139744780972635430797455542782170921556167399117290025786235612807411948391524783795755903372955821407447925800834863936364564327113534413268651766605626998584419394727918137117027792078312000678172"
"-147/50","0.22019864522370155482154399472855131697976512313385851518815061012627578157431351465007681136985388600945468972263899243232444545619147897120113527333561834539052243435864177497091159931446212707720983640993012584356864453899270654945154877440749733988024718421699574009425403532421016"
"-293/100","0.22528249053979464866134914414229783463454116167934532797543904644024720501438975822677659259947462136614972731146751685948029871366066186293727997668023345459529382050334132143647452318397386213661261475702632638830885731492164599955598607001847760995432709545029796477474375818036466"
"-73/25","0.23033470359413716021323856203094484973744099328952184580796818250169276846706573240530010172818862702195847611457671540907221061671571330088678797604898123954626171505276675665814661141446019614499135769265911392475487512763446694360715477800277173221035480545468066924572126555153742"
"-291/100","0.23535339501959360716504833915104075170710593131404106665837606010289544911390293138548369666266171465454520542934112218224983461890510889247842786398074496908186870006876470721267786177877258428546968362136271619618398127234062152677689831073722139610583530097173665385453859790502069"
"-29/10","0.24033665601687508744084601436496792492772563036266783067545549241574780428947667718871542378695414825500373227464152332914657123807446123545730108500343432948806676926862887432463118962294040454060181182344839150470230447791837182830642262807527637321214014892212428713242660812462722"
"-289/100","0.24528255869903054585417126455162137285892844417344207204682046923389894420620236067617403973686268283965894475438485312833804120874782525919655352311579337548144555158857463142359333492623290407047383662332769923125509452795865287755680574836138138599348420804219522130910824032329815"
"-72/25","0.25018915646339321882193539638772644021603397594278665149747519275138980055310267548350503751780161381644090865378601663063452989899708158732704638169713308020546509587255241429845964030787318251997726640403197962249373579048893759305920150219711588122745469231535815968022078874306598"
"-287/100","0.25505448439151675628698024670320438560179771213932724935011712854897245985817497321503460241970311116255842129702907062670745883531719035390286579148134363139640921464679142038491325763785488060952997333749682707529060893312096440633177832832224865606686473739091157404605616426508572"
"-143/50","0.25987655967759962673916727187743183029200732024900386189388283375002897155375689874824214556172796911300117137977859614522322094728281628590306248554384768083369136518722044673892187474930404084558988163609817501624787943890071683472477422085931421326819494552718117537412099657356403"
"-57/20","0.26465338208585751953200941981944687379363425230601267273627380994341516116544043144059468933722726056576777136542060240038502305494468496768795067317273916737721635753922212705676719210465175742073474875295178294895837507385638988930741308772494858997483797028766593874291993171495751"
"-71/25","0.2693829344372616233965778610175299293027498714180832947253694428332624082972866107059253339255816726435259683200741717520550336220110745281059286903998275101632794727692089916532683215175975795056137852578872029367070503556856439686471379036001174117119065349400243468651159324777663"
"-283/100","0.27406318312601593656942719593426967610200659768151210286302365600707592149966502881714456435234212919192554432174906416549916983311568093326408225485684981291301920688100091889214075701962088145334048948906954722569546862583299780149885513938298608790355489201916808819222869470290168"
"-141/50","0.27869207866609921114263859354176835577718653561392676995258465071239407995787318556727320341564031595474896607785523572978219272398898630180215481140401555595672549761412257703909329999082656673748068612900735322614215910146963039346424701342502189234165649093164117366204300322194036"
"-281/100","0.28326755626814681674490929081783798667548287445323344978783537109941471331209497573423044302905729999934797452134937507299314292236475494125035243829901120903155143030854172874974398470302516235922278393771207031720956856770006486780489435046921045887320314499001430657752057599337837"
"-14/5","0.28778753644689479875694416364834329855719739275294375173728403772347987008050468984794746634229532283796949446377492686154656435491922923480616113449408302021426983049852520136538870443607910001337557232378956964369820398945957121082752305227597429127105566840895163945024360314913988"
"-279/100","0.29224992565935278543477257009970006115761886324469322093690563759415950735674286397261301505729804847584968206564737373686640072925650837253419505356553430799504603274647321920208300521665540969861201774872055977497888491181403563954675316872309910846696721681314362991904639057019813"
"-139/50","0.29665261697381425852145717210757872529614889928013678684591011036142063025546960516002881382693814450283281905231385491776375307276529625016743744028817046300897879617207734380211457124897441795354476099578140113761728156389254188348499346422528716927022441727448229172326773591575951"
"-277/100","0.30099349076975214666961804063363902133413912018199531064685508424089633217874932253130394815783360420504445421792109308298889194397369716941350353385335601679976421504881665634272761821153650299624003424613470904636853832875777186225568786643245824334115524050754854672905274092444813"
"-69/25","0.30527041546858484618774880323535721915764063099756237628178532812888376475525087349741110154059776947989883402027751550150796708816143920661624747417098554735537746965869360137120510697791590240661719516467856994230255078406539484777762953149177933049425605288062702956847803465956522"
"-11/4","0.30948124829523274830904151370547161335764494702034159209427689353299533917391551812621426599706177915743544172465044004551852849736837139592547197522554147564650787937145685547910011066488083240239406526739378951458666759029557946764429708989561638797731837970674180312186332716863752"
"-137/50","0.31362383607031829911972803167304032579190869067095853363704398637603273265628913612401379873984490033169600619514572196563192237922157366662753224255299258733810279986663001275903352086486400649851016832671324123247416111410756499351420435936231971706138315711215298295565798419373663"
"-273/100","0.31769601603279369439227701056528916223290648871608007460476496312902355755667662192869984847604536481403734878043000938309894826851520135434744193305072791917781798126637437122583718244981380624506844889332457696891389893819075529236921236604184674573414701928718343796988944583621402"
"-68/25","0.3216956166927096882539935393871324954978158180621168328614384213024998031510862758148017725727543820344677322094617472858174995629637348747248086463964891360490238352178574259498431300386318217443220301834472723190774318920003154835992510122374450615572810538143805598557791432072261"
"-271/100","0.32562045871376685799414021973803651507159965051715633523715094456776987434759462093893991262172951919685962903548897568166963059835413440579593851822574695099372000772166750721043482330379392433928125401911772160080903517827137821089666174106162548991793128198388748478084125801618956"
"-27/10","0.32946835582521721828919849532963217652915277392460392565846015262916360987799789715729668155715561654664134106961328242201603193157707811340268684624136407163579623990974783028488760041531364020974763092764400754101435619633511874013802389199984395393506305689791046687566928467738495"
"-269/100","0.3332371157626095324210216832052434480204171357381627306265188697914499923351115669979134088782609372491247422495976646901258527696155539050419156944006095302754664053221149280020619739337314820379233508162538894724267907694054989566475540561423767471383938441097157814968778905703046"
"-67/25","0.33692454123679625607141129517413919639649397202728587001892188402602014958385338815582231382096753760939786038003923480184286751430078401309285722655406754359557971053019638775794040397801310183887306017063282929136633296633278216923435202275544115820216532117193132138095699391430811"
"-267/100","0.34052843093054401584649959451967132423777559384525015338129035096116212445073727287351929845538275481603097749943950420963034395791293807510641147291812635438317944446732203595964158152225289711887913822571134077909893475648095664050448352115058201414625734826574432976442335778178789"
"-133/50","0.34404658052201312877657518051767159590861284024030074858765674326005123368652059821939255140080795648059384292630940199120954265524555595503629131069570200728538866153077472495810949762001880504936764862973623688630369191438292993605184884229315858480922240611990928570402067472428292"
"-53/20","0.3474767837342951832771593449744985826983209986665724033602984532438350847767227080480552584216551290496898460701316931142695200797110068532295059122076286904286853225952488250250551800610587827079091456947709894427668606044334431878371113036279604192036395167318834301932015636806404"
"-66/25","0.35081683341012141217346316379611593257212926157160055362501544274024116252146568420353404285283015972407014798026420579970977101126223189413778739692660044251711601947655200663957686789450236896893580713292917179926704448978382480500781305207583719645957174754417755676237384970325493"
"-263/100","0.35406452261077879254033824957491680344711936235134298420135665323811850082790990443553928357110162262111463347920009058763077423385180297446647905674628303669351756298254849811832914515139803515575888205759828483481494072576987798206580791487241554699894051203925437318294731594633262"
"-131/50","0.35721764573819581509501354742015828855306319922123228912667771223944146216566250291194361909387765719281721950909735909236955776070118638186969661024246093481299981906805008690466479635582479415768568409819831795060621345386701207132774985173495725834664853714649414656042089546976209"
"-261/100","0.36027399967908599824950492879796447097751544424307698972716955808826094552855184147562203068675455021179276379538087713006240542392641094176709934954998203101301124178774030742022962082220513642614431043071350332290351424280667834197543378556386561840990525808308078092634411814619974"
"-13/5","0.36323138496996480897440041806326513723800775584886029137605631140208900086294619813082734604873555004128070494552580035048243042021508125095137502276826920440861811477618028198180715973470674824322925654917281762479740609367506989682175311349189479582184057326706853734646376299240665"
"-259/100","0.36608760698178503326437165089191338364287959668059989764269434477595046837065502978415647415966405722293651420130380665798537762956971813426515905799007805273096896998493863022479088563483703128409077242101086931862344738330147744176720266676678015047940296412686178014793235944311957"
"-129/50","0.36884047712286715955602200200898692895004571262059685996284637761513269904050058619554746851413706566985600820547910158153008489202223743334940566976430004284897234219539281326724272945860498490095223528377702524724909414214747551854269595169820738299729129204440220962445922899423553"
"-257/100","0.37148781405873535134770453409510684032104418780399270299372072830756263430772430669586526194753026212649854195441737319611093738983037681517791887255963611344947336667186544320170831389564666006814032415130168146477790482625049979142753052245533211909647169197733638814393540335360062"
"-64/25","0.37402744494740644759884040883528214652612024645919646614323227231949173204257738845436079925687654508539776182582727295757089331710787611404280867608282411008973617450363140021538082996965594378448732777432346247451095968819613490252446579671320937589778973877735667162137011779553486"
"-51/20","0.37645720668861950149855807859786545628271300473951482206416834731546611269329442631601335241076544387390970894754427863480225840344473011253622582310857493838278094431849256698395692928476681117900385475120054074622110622282662531813292881003251147719551286621345926230265909832566238"
"-127/50","0.37877494718543701171875967344755105587447068729454310764442758085463690212809662494269039616649713013890602965482604413719005415544937944016459099341643633975338531483390113046002803449687243259717809349700017826492669048910411789702751690383180860210489363976632299116509561696987773"
"-253/100","0.38097852661659657703691824212212161914279017973512849192806865083624583861838509165570838914875181364974753241383072780925388971222516406665030861267858930798021946422206116888686518059549917208766546110093802733201768612854904434725043702294076522547879853776724288008185518694080546"
"-63/25","0.3830658187179435751252266213865845960738001072652577659460231298721698530711888789998871449865154799711255825987045007586878765584574284495017658982424404238687483598885411332802244711392605173244034639680906749485076551819216411707264490025850314330269856612101828903420125554135787"
"-251/100","0.38503471207123198561650792152782183622704366576082996897763514012840301522157926318842576648575435920300806611647396033698918634458342144183564272043716898022575463444656167166339652609380793677892245124587082234473410739993864746193998815534315447180191583405041347346501426808878938"
"-5/2","0.38688311139854199705072920306414673424129730183112692103956015843784964697240183984305423050702634806831962518530678909891576168324343700707574513991435102378556724367129648749077393440060467904730787929116042076845572131737988495090519699346649066128911758080466787157884295131117683"
"-249/100","0.3886089388605299003832850332911708223639166987762774908597501336632332662136891666814231093822546813447180308524731468949203356421980808381767147162900440553363071443401304942067634495842132806197599186514354947265267102281371346319015998692989696161866028367692081706836273643145776"
"-62/25","0.39021013535669831251212561112207368377471145367887222262092399354359416432616820158039179675681459446374476180386057225151318384288297901876136876803548524982549810052633256037085326522422090717987265287411511409336654192688071377483098310692980196443534952275284126834019093111584061"
"-247/100","0.39168466182585331464805015403111449951419464524924943080283615595168297469224609378720115618658192890862258662443574745706833412987785918729815101425960684740111135091505436411154261494422879836164191031984020271790465639865528938511081867825624815230655115927109447413232396473409582"
"-123/50","0.39303050054489994204654865655880889806303639452701556546608053225076139751538393404878816964051935770620180060870430152064057753452240762752548772130231748217140371942747701850678441436776662631302157699667261802371979564138319859692864401072959611122478147311791985575240787182182685"
"-49/20","0.39424565642411891829359011497825933336512074660063186736958914880282745226408022903946139148022636154982373176575935621226230846068864096412985482265175980156327287971527911785380478203730079533853441202574056777275966175612846126224114028355429932954846412308671348614433216378566473"
"-61/25","0.39532815829706586666135483696644051321248023934401742541876933728278950525256253854560897876092565054950509711504529949732605379475179700615361685995130537095786425543990460697178898997794111639402327209733266085237490770317815879178512403838368491052036907491379214115471656313486751"
"-243/100","0.39627606020323971184585087299177227447051615011202576354562784958213006997463350998147232333107197448112941203082855541536436313465143819129880506058623460040298151830395502875075719700843284979390822637277868083318020870782269121151839123876398040474627862528738729068788985562502996"
"-121/50","0.39708744266167984583097273196919966417654229021437917465700707783012052702098537555922541067611879593642828524504657215926426079983981524559083233546344589379607252878974665264955741128809568023073795579830461712939670532362320103476684397782772175550113408987636201481620691053614279"
"-241/100","0.39776041393367208745305435039530595859448596832425368654084222550830008042724534971207235023203769541540967741341305408652885203864394401928580011063028114727222606259191351041110782108364863256690843961579692512513778314117088014106206602851877078904331879554393292025205574825089458"
"-12/5","0.39829311127277170815643123639411612596213655196820016590068384288527603686693024230309438235849503239114044801090119392911252669643175059775224611344464822317294008517197227713217249596907450500281213837570427042215849687015532303651562125149603234127509102099615479164633566504274838"
"-239/100","0.39868370216038799248131151112272224034270902342580005449493047233094986538704775863213501363724436820471836146166648767683130403996794888166148450948362863671560458860279796095159161147666106037583693913756245442883272730506983519856493690914911134087101458734498588168465372315125797"
"-119/50","0.39893038552521908994885349772945426294501581106104000376292058205741091932144463975311626897692655033048413861731938636177800725974460984072893720178993470407677682278633357817312755112204848755168907107254761210772776785303632570080832788341540473825218709962746823115581509752309648"
"-237/100","0.39903139294487840568737403782068290418964295255761915179564443202312513264927269682394028221776763956090837880350443114135726366212037155736505145254460994449977932225669489527749853690168977822019048069734484780414917342409647741526458224122550109059858095649169842628782358914716191"
"-59/25","0.39898498982811455118876011469889410597105686925302091435381948419328080556470885209891190160354283465702222771261676418192450388542450938659685377430673872450466857615647782391408390574824238525093144608777631742435139392100477789583994520431351067378021398965416946365079080856796756"
"-47/20","0.39878947657609598406010269186719751081889941676837790437149581106269269254138814951466407826157063966952020195962955742784270130692621852847763489944308094183808105515298372341995388452262634274395842184024766993662695708183191922705733816448130675740033229323313760193937956164818887"
"-117/50","0.39844318972130892493879344775799463930861535633362619215375740654559984671266500629815084558700485737507629657848727430777632823065394706960767305991338674221498525877770962203516321585390218858278260819569276057729216060776439467118260015286203789760449321288897122484230448888044742"
"-233/100","0.39794450304270293683663812707747099374001096528816075368322100188607698948901989753240808064009898180577727261296621043303611142408389945136722520133065977349697247506878859383158959652113122286185831093862234754355326856205977334703698654403104812887538819827214617044772242912996641"
"-58/25","0.39729182865581264001387252366426030119318831491489511837891088088253794561329512584095824825609642230477320726458766926659684411020257848235193962776004998541313718014379757203983779326553502719742641070929426993165098110624857576856841858389965860301017874829403808825631219003228214"
"-231/100","0.39648361807668633355948535697989797853885585231558154713785087311365575125179080995234609355608681202454901787604401794988066245489170075043051036713952159765222121783833898562540610490235037766820561074461428599933952668884015075212972565616491563944107122066766187702070155478655172"
"-23/10","0.39551836325856268899044919355111044434777948044394095231085814628621429042489230235926642873788214545556744258787464031756293831542465155225944248668278741019966779821075991774530080120544510880735771925413914502948877099836410055542469567945040484200940649377421243151506560093407293"
"-229/100","0.39439459760035502346021363959189822472912849585926455274988078016043660774028893611266301238563796418253468746765304008197103677019208367098915583473672236658624623811731993343350454783993557480959961239569714361231635369948181014891393414468923460357421275268849328206298164050613227"
"-57/25","0.39311089692612876905275840309360396454508820937179428505567404014240700365289711637918783951113110857519480801301666833704863143436891830279706438598212406755424075093608088876611469823326180182386565280910844928387751966293427789122240783846838290601131958099716490508481791220155573"
"-227/100","0.39166588043489141529333146029870404967900649705620381455865612720619564054457346125715661239853435772234839325303991673685221104069538258799972360203828434164040052449750579083455253772328508769567489793231948459221705730107093765629572409860224391687134176362149718448373032675062458"
"-113/50","0.39005821162015516677456304708604895757325109821075873611901551342275707244308552573154215007055111203338400681177436283597276480481870000672652883317023649135012735339713183090356703016215612312682987135226931594515912563814337222093335432043648131730107275394476804521014105212064178"
"-9/4","0.388286599158880546869962860516565864167930412123242058455748407438899629261130153663780207036231619035535160457278181105599562139382994251028873442110827324379061550117575621695271632425540734731829585485968754749111208331494238641523597424039940324103023970314616342859123410911057"
"-56/25","0.3863497977695638807653117286660636322409019528019588736716202715048409209537719738646412790354457246629107785022271040754676733570094961020584540070027746573785202037886750607616416822152886555577655833920058926328000260097833634104895908402837225984382599684288942136505781377440522"
"-223/100","0.38424660903939266504920491409083028448434807830188949708698539376548884590602631424892324760693218729032757390753103405766344667863002345768056206260717989431145838901330309645980447216226078961445432551205303453415874886693753538879544481461448236409324943767073159013921027149412596"
"-111/50","0.38197588222055990627785580657442420132487582959756219835780637451947806346305303401175953062403201386916599163678674043540441441238566388540744778836462225072281491946274652545407307375233124245628778779266641446163703215126487633106370985989889565718300454154116425493926167929105137"
"-221/100","0.37953651499600118882165401404863898058911909414785141442535994879081096736069511045843221144069864683940227001504001776620832787633398872410228828320777752089722559742575972423820478091280441053448458738851428951165848489437114980736628513472322803384131289539741370835127342806712678"
"-11/5","0.37692745421499608804545013177441901372296326054245380347232181780112423859232788210102522687337963004805734768393001998615058039161285645327980365789352715388108956373678176739168345555865296204754689358777996082056581712168759920658049133135895712898063212102305566448404705301720122"
"-219/100","0.37414769659925812873631532716493485924517272274000369996616004824294119230905705891392833365105607584430160219592137730532450645939889236411821530848148843246609205143172888751121501494798349786739330351498203516143749325998069937676264745129809985160649905440601166260478311468195341"
"-109/50","0.3711962894203243277282082097809048760125986831098234792362016910992617093537379304936193513123013592363919415868703259259060642866794839471946524114098903764197163077846436902030500124755482064790826734378775144215142493842183755332843917327611227815915044137200631452788766518708156"
"-217/100","0.36807233114924595948241713282840822131333972502433003214314945742554990807718542800848098623886008004940588249357703931603613831941019870075081792055242341419374486934145232049666870475351849772517586106523041986702454938911201826739165010456857360394806891138103453338722306129674538"
"-54/25","0.36477497207977602993857943119673726166297893146943786919251707727712705491290404351195323568771120558114499914492453538456365878984417075955171213963047940588384255929408014666128431124570855569627431807098498139022050379007744437988491763408246389101841468378460974495454082232145321"
"-43/20","0.36130341492644550549299358452076141515475005275571439601231912885998235071101298599055271314096554166686028165504791977875055826729399832325556195156585935798424736280127908265759723477639443698946545914007551488118424963201758623758103303520098228314549292483204454138390493479236355"
"-107/50","0.35765691539911907294063885083988058551810584954457234870175685350460390283311574144066637542822101040017397480817445750134507470544573626417911570109393045395640899935648884094117321999643189775186265867760062608132938585069625681994774667543974071031787132592011328727693989937092419"
"-213/100","0.35383478275582154128606717740694331596099917075368850161865105499377359594547888001753549051097908324215844883970699679280416196347690506914608412123098858978678326727799797337969479074216660991416207360154550864079745535774275732313427988454727653127011483857349677916014779318850638"
"-53/25","0.34983638033582736435887800408932951894210131223226865995096625007422554591834469789250552081576377372397351552958063569090040601092050257855045264039636731660684562432660590192411298740452802333564672543139885636771703791092420011580717298482137107834306177767679614012437342200684232"
"-211/100","0.34566112607520758131140678860347995967979711839114511501185422889971327952468049625320376321521432466168848264704607469822094277149340686602411946351650101944436199266853382579834371452448720388994549043118865536827612281213258410160479616626580922491867814110217731859484958430371031"
"-21/10","0.3413084930072301498506199960964646435810398417536177537317666494113445799798461449861734949641760330297766086734184687179920276767111992359021010465002014393085872471455572076253158045555718538443748202948735995303647686033780744805802218652678015843714925613647922761366256289337977"
"-209/100","0.3367780097502105885060789867949085732821367286124703144694085351223568819146460989908532641900580620764381793021218415753596172378650901277814215303965454471485834564686257964042560907328519348869924461587261133900928377372634794956052395249309786277450797591184448026451994265620881"
"-52/25","0.33206926098560945016421129333311122584632554566512078281696690875980174980140410497493837260151209360056553221821453943421321184331264054023271524371339610821518952130748850405196166508109571031291911677306348423533371619729566098811639171376144785751797443116822993071898462118368536"
"-207/100","0.32718188792937081944706696749422869897051874245423567762195492188648431540465073924870560031353015663735259972928644244827046837863336642105877073345547138574202370852891458445143930678080688127205285127842470577768462224967990386271115836281063611493406559442192667838487337644023989"
"-103/50","0.32211558879969116296150258900342745788489621664419081923321564560487473763836455402796854280554416953083597978930201546673596746617391666185056835010063044557275483420133134454838397808965867476379387607719102566194402303676816208331856386293769011687216418090927981669762966348770562"
"-41/20","0.31687011928459987036166794742410743299531729637020509398009130225752827249642005352609123413441947197556186786666682144024396171921088791787381141440380768119026088900222453476345259245918072107831144711360319732958610150700385063040062667852857222560454901410364451438271101909516654"
"-51/25","0.31144529301292112009810591485011316337854832599883351851594665272999392076538881882119576628780294785764732749760146460804775738664425557394555515416956750634860094505269482965669665934171915889741773519557061742644721549965543196787747302258136391958045743047522825803302870343140153"
"-203/100","0.30584098203237071368863611916493842100233453724288604559905296322455301469466380873918901374803752425573093877391753817589180023229710729991226362945604444845268881824928712069226728316479071326697935183212725059204911789272555949668065721152566958962512603318028694463823316899979525"
"-101/50","0.30005711729872069134963650254086568985183691458816857452865385327445052788473609191202459356166933956045216590327016830361457399931006783280592660419246070213409937314425650284975252674018210218073905154762874613284925587317978423489881342077156643554755543846732912702938989013289002"
"-201/100","0.29409368918013834021321477857396995682278602792298293227114444598779891832791167045304675618595805828523821842818559730194722332044050921102194634773508174132694536968927712854413174710512140091465339600614134534200150384203145067580566293892455115726553761335403038237631258092648049"
"-2","0.28795074798097413984970379420194636567500791783769259852769792812094140182824189329657358720850100985404657098024773814360565515340467708285136928210786239111772080201674592164386884762985879756978434775084952309802738834421451327908953381834843828791426200705618375340516765045905079"
"-199/100","0.28162840448943481360898859355045261508552706028326559046072897051756417289333291976944785413236739753498694300410431393764904058992936314351982585829474041679981966321683847873894462836262029153114634143106582858666909271678246301346781526270750677448386255608065815315344695587259767"
"-99/50","0.27512683055373259317187353045747037231603958303341038130350770555603609900399473735260513816734046828345913778099512134056436133538459588194905251728973454302937993944030825695065629454186274201109041489313585648914301402064068458192440183867625446707663648328353561965711033312531921"
"-197/100","0.26844625969144978122408895639653428293364844074612920141780358079391381041849968685082216642664910399619431564900864624076843639981844430539392023781239642247659301657361911769768057528018567286838754474452526446149220115054359319704051017724748752550054182856257448026120890731593516"
"-49/25","0.26158698773699857857629566913038122324668764281326125832428134886845817710684368787980899318905944013378776167515218355545440867281247137687471334564029875611025086277117072722018494524294839470560931511856046275631299656831268259779118085015238637725534126605249283344303868183886496"
"-39/20","0.25454937353218999816119970005662936862056432224906559383646241897514168345427314362758458070505592857471095995441027932092194525762656604770699631141930888097750125577523670255431678548395792347523463484134770670857738973222282005648113038604248998717342532742576718520118346815986977"
"-97/50","0.24733383966505289177591959661188242847921434735981565035694773817793564566455086388494568334304703041696584338376500528904350121502209525995008196923279088834198221701921040322083722968890626428783295914930287864468143550491838094328052078362814990280354269652666477578245541438269455"
"-193/100","0.23994087326216548757028133396070167115171959436085207694101878767948174617348998754618140388136671469223211521803133151030284339399931748807692645273727073043808961794322018258317785532607657981754611287923685417287414994450598965033119970787103619293852699202515232393500065055050984"
"-48/25","0.23237102683987887442005057954619620367161802608377969077678501905161629756585386325589901097746719926736894280290723251300020147399995298094746579939778161670802475944519621851088494497524692636734653152755013792822149182404160532584695515469599383842817546165790750551269601211455156"
"-191/100","0.22462491921992710319530231537944517718575737905895817957874945080644222007248728045513574960587032574168894424744151552843414612321058288484014727706823892339683008916669567743723676494066317165667960974664705689788736682364949718145299459394021591021115876638174637219266866369822583"
"-19/10","0.21670323651503613470673391484354263634724945799977931767990965058518912601156783706667301698241905030196180854378739251840457358420835762472760598168866963804438607966266970047824089151037192560867958395579209521655312528512472954736614205408362010827567179712788979402058932746075512"
"-189/100","0.20860673319027040094488461820099528158004190663301289514429957780079355345773628771094499525406363078772165360720006754506288211587994354074602608219883789246739349232430424716270483682464169934203372916364418035239689789843802143653107137573444519292863572796436468076831360737280359"
"-47/25","0.20033623320600195186422934819132324698990628819894828340804998232250859024429801640229431258348722303728806761087896950442414057232178351347713381403674172061703109399696813307507192602393821086107579103337758391000837494952045186843645012227296669796410465995247746448649908961786285"
"-187/100","0.19189263124857032621424543673071449839314329409494128539820813924736197639441736295543511966630102408197730511745034965273229380066835941044980720789371349467941321223715562568987401765070285469399497876736750992337059146990375205819014731596017497609755671403874142032332562579204942"
"-93/50","0.18327689405494971056749157969296998951736379574666488762363275713172207122496349410206410031708704248080832949747067193531178774918233958616361555164732151411521333402420152133594978053105434116471291665560471096128271823778346736703986472904454001451048118017293908659249814737278588"
"-37/20","0.17449006183810071470166180716450234861846941422481358064664808086033648059824732703977530303166134759944736834317022023806744934606267397953132322215338425326985213107398507803612167025035473230771873124982215386808643000511360453801798788895361114484238288307646929663511230329552337"
"-46/25","0.16553324982023713260386989680923987733420745159903516689689093517563078434526386971949381118863290295976221836769284069227701918760223843813729563764831858205661393563682571754298019413617071990634669968665888357758926414844533038489839330957840504178280892560484396859769297458102645"
"-183/100","0.15640764988212243557537870455404918081957522159887452935315131532696223577423205571243553191719788534698760305766400409524817865896339629020295355167684719273358400506361032986923062959189492775987450754186573963824465785852522914621549567315334300921203846786936120977049456329812122"
"-91/50","0.14711453233797523305756685531358507382456182060851941798179579263289960310969585481647822940228306880740014367738931548285051226079634268534287403625214045838370192856445685009560408798049995749922922076277275310836898184472077011058449969722065922113772240009700026494963441873145529"
"-181/100","0.13765524784806711215438900067537060661662359612846392500957739272847185646553814538271126665870323737035450746625042853730886480905457730081994108841818389350654451784748132866430422488532054657841059189423163189656336828699153972363005125167520003781000392006924233373913774291055111"
"-9/5","0.12803122948552082280149609922168324291676338011622311421690869615329809067644884778845606950762366529695895711037741731118204237342644166187640099466592722449215362309056610253141230512391037663601995120008166799141300287328998413948777309861667633770135366952175330383377262348792905"
"-179/100","0.11824399498192175033633412166201220863098947656278282090754431913257134118558001040859196602118359447286482949982299343347306746972749825145462399276178670553027850440604054724836061824436097573137242117308803240386061056154361347118852778764414255693693010126704675729178153621092004"
"-89/50","0.1082951491918325630164248975289070725502342161842459742248427520570583177242585896177410276761514743995933974127373458235686526358048394756938784363006189423757244672272673709845203066859329544022716120627604602484398895833648665214401409171681144919780324065823037226628796411540541"
"-177/100","0.09818638684733992608687997551815956298016681603571771486268857039791404937570433609173103693892294583447317621830755384074576620193349602158731603020620766016272670971093120275578953118958614740556515929112356876940082800174556235497829680868259915103377500450433320676553512711809515"
"-44/25","0.08791949573977499422301219858462431856580780402905065114314050970116870997395387632491499437819059234751129537285476127488694597693416572211916517508572153883975347974937665237523629637316068585648029145725268266902294868430933025855961395247979173767465324953877321715281635885515021"
"-7/4","0.07749636061652607150763385953123173730814665350564054045231870064035891313361266087529066525813603078986951038746234487527461886002730861314525953835262341735778100951958083314165481875870700574980512369694741289189680609658386694707811198272058295130015329380444484776406146143589791"
"-87/50","0.06691896845703018114419349040486275356870797232177384040833043800178321953880252397854779372964412197129634444228074255336918862584632306240680428957631761549753571077120474131376962489197846886864269160294989621934323655894047369252866239174961922447933104873879098199190448097914215"
"-173/100","0.05618941684178654191246545974372912800217302207296602969088983835154137667457677651254488352422902395154438101883113587387001739869675948792434213216010358734248064965583245570841667813851779051274186334363996182966563505345071894188311282508574225715508978937702577719645682654540853"
"-43/25","0.04530993052327347531438786325077719593743465254101508582734104738986123608682507245454352883126930413977679705822165194851807708502814099386055713006780355232843650597904009067631860331171214371099659902017532745896265024689643064866590794627780853702237185443890241527669506630858911"
"-171/100","0.03428290478922706828220894978516880583027241275149797256426904985118757355452118289985528696464736040464091051363714018713188555400989948825518585272714777724455077635986390028121848040168688442457525875630811247491237489478740339633033239511877696413011920188870594525830435619533046"
"-17/10","0.02311106747038927951618446605074660849413814190241371671048883042069579504505385233545313912915694510417469681570627904900795441447487179412147394681168809015905340076749147109437873163155607095522216100475995828366678215355600176530504516194101408171186743344374953267886388532767782"
"-169/100","0.0117985648623313169740731102051248133945964718154296576425505483475948398976755095004200228899636876805486862428078863368748311481552639131207667907978792701073704758565086769898549200071672654704733823074071414450429558721348067256165296962709642886502489688442298216183951192111266"
"-42/25","0.00052302399858702599446284459694441278305500954100451754177060769945168472817779455328070797742774771982243169354734547640529709851547113460875854671481432589153118185510582531538072090198977658993414023679636629587173748728962382275903714276346092692358911173673431241305998581678538"
"-167/100","0.01126508272783088525832796614144654620129892273929782898510502607470140543861681341436772701863425531518844589729858685032164048026265484846498332898523380209181313124565129420461176568242904121971571997447710088513502503327444773671358617292299227309113453801502733651941102182632754"
"-83/50","0.02298967013121430792916422580620373080825259257277999540967702477508300009998716384842012975728748550293988562733123361192866019336345594200694265091964811721063097590199459862249555329723819527594829599916846229591740339991449667744182956369561180044939951867455446381376252318027293"
"-33/20","0.03484834991075406020337542827668580187659479150545765030806725003400973136914695289254268651043842289024320154294519100565098978836956503461341439872484846335628782840666309069367155857848606488529661534034590123973456763829940795420059904558824025243105776515453187445155600412455072"
"-41/25","0.04683613792712652818879805965023792352841486789394832610367893068789089147955484152700207238992965395300625825239939579793811580495675000152958617706859590404459162070437482922851363492277642959903402591993185068109995941897527244244916695936987734988350707547229551807096030460701318"
"-163/100","0.05894940243278320358803492151299775051801952622626212250555814740424599317790143323950309114922612555572751124204490781526687925565703423735873574133744843317251356878735056290054076947038135637738447680091430520431472196143349116637326799013891942478888723611923500783095265800112607"
"-81/50","0.0711846110475571469313467198477999795932795733559714974349615324039222139463913200600111671316486869945225272467172842386748420756273327190794114399300003451157024729333444919167537430776509386374171297051759930552574053556818660108290450154862851079867433271400393636310733919290139"
"-161/100","0.08353815184335555868505681000553174637044990454478992112818960033287906295316007253139254074235410178604989294503607151367821044074719245745273795457797245358011358441650789428301388992100749059457391040695091157614484619966185369343815117313339664294198917334931211492287300684440348"
"-8/5","0.0960062852194437439055906968260044812812496008442522646184958460416375167824892052517859638487702678885644069709408748517235912753128340507390837361181239835834063990231118018633261876007927888015828208422757702233129121538696043540792681355230801659643452026120224328506984993156557"
"-159/100","0.10858512439986147576618397082426248629435016708639421222929013843095569823366820054178846513654353100760615634608037415746846704262581318306335047431264332267875461909148132893385565904667373912453104430172524071568636019515822294176214119245285145526479973313773004054812064162615363"
"-79/50","0.12127062435768711313732329087587930524036199737489008919694234214509703241775212978410898578263790019207163416181961280143519463523646782287583115441859409852965693167396242566442510409756450328891688871750664998789473713715235979741610808456382729716954445981943301470251353786806764"
"-157/100","0.13405857370159881549962232020576113239889209401314553542144218623535911178499604654108550132115073357703308324887983626844730517151934184172753768062958041091253664993900169264263089373080908621648249722934692972159730846066535163861706995945191513472379534910922279746789425458723996"
"-39/25","0.14694458771719746956437574779960482926702244579370516515606874620610428570216446740500031163936666236289446421744262490897576023319734659458227056067661341263917910436508716631442952618635053577489892966692570961085781111293221494674642835975686856671660986442019509318371780875724824"
"-31/20","0.15992410187592124511403706125052730451532328383512163036819814180782310620136211672423655243968794358133489448774411117259403515431151955850401961993375986465958671437767975205882839562930470568915598532750907707709638915732622343540058910847342595211701668535816990834391252511908789"
"-77/50","0.17299236552374134224643746136307271231468911626461841923411640394890984145864923443395598156602609585290311645488158124705932067093618113668549267453999388685954973583938140934779710980379829152535184702105273912560626596483593674484203817089270911303858940188176468009844095249538933"
"-153/100","0.18614443562180288795918014497078649608308955879696223593345713670705413777819245842499452898804999024495611541931008919287235420237584597449803413204916200250393775554365530603409722986263539131004448187455231620823373139753442862516112901915096626003927407328290226126920792950361181"
"-38/25","0.19937517048167309760923329878568867176186798840254103147136986089133322882216063693782040924514116152738998887616114447308280785665317447040015304241340376103115045956861893783162485011607077718984316060532114679159210035958560921862917135830524150758380923563887997921104846727329014"
"-151/100","0.21267922347162328143914271108038612501372466485641515625091624053869659235133931127140127414627280004683283122046004618204996142172466568937673942043593629579044269729955757040354507043892790770910415440951389609919029659951841674652938221591724643097256822659474251226632887641529341"
"-3/2","0.2260510366878589873930521653221065722116637097504557118405741017519653367285111272516394052894370156761788502285513656205349058651792368426302686510324025809101453484719331580334162932314258474566324785351150332463218645045577692039483798075431131787755414349199891714957728498523432"
"-149/100","0.23948483459441626771233534110049138022248775468720623954889913745304567081521002041173468821251054918066677547353794744467550310326726998566751626663482220484825013720953299838870510124643750698614019168544136426892047757685452912714880530094062253432673923969558834983386693623720223"
"-37/25","0.25297461764141860838976832144688967884313905073634466753598246000893655821613898929454148059424296293469925800048276708878079296922686047033447624581001120829990209477057041170495109638686436691777052217598460652208901181712094557595298733998351738672062138886738195642496367338774837"
"-147/100","0.26651415587536893049618779521235517191906363796290016911971202125914691193674069312342537306662658631022519654654122603993442486701233890637981667674690820978764038978176980401602188699185438826140793015508400643273428884927415137649904085367880347768594519975318251842282014039860044"
"-73/50","0.28009698255804460264313650251507827725636834229250384309123107593392971438387281140051850649308472758799048045404965830962049689262265556179700024711973042244836389184923962290935888053865092992648880596483519551123597674127868899817155399157511708027090541525307498524262997008234147"
"-29/20","0.2937163878128409977280905032939768242848988621636379202899962696891836921150692366972415242632196909673234445875737433618124439254176575125439323766078025923407297903656125484304295813797372218344509185802363971854228065199871532010893184178718102743040444844714667994829262268101939"
"-36/25","0.30736541231932099706500801556125073079496853693595884796991854613391986217060335795900405708576900201907146254224646143573986048149157896627135201199716387721304705275463357309734858426315640126795253869129003668532282824368971656103372457012488973990448700366603991798872505110817185"
"-143/100","0.32103684107840934079268866646527458306063024454632536286428599973989893350198702347561249115265009106500830989139982790888456906019283881332330001546669646832367508455040835237047181273838071611197866436965656481095219390594241797560995196146223433852198350216081355701221503538763551"
"-71/50","0.33472319727219492361178811277311901755874157915759749684603274957223963646080073818063359706430683650955099452480901022737442822891896081588304783714257371667730352129816531931494251953448744660131070327203551405184230965210737956035484542540302981211488738107723000826501974124010846"
"-141/100","0.3484167362437090801699662241371595989589081114365202906512389043925533090033341800712350082636512628224456540252423525756803549337988905233774960695974342672176067247849228331754506388838543032698441941513204536499245450290274429978676043164740687182002325848468070217739653793522774"
"-7/5","0.36210943962335117039436088337733248241323185264350274457023591138611786429362359829770641892323278943250426792678953968479570943427598956579509263343189671821267513700877645021780879018042589861097389798266761953258077396623415932411313214373246937522176977544480469304131927656108596"
"-139/100","0.37579300962983950809531239282129658154055462315538320760075070727061611550035740810194005945207534544967127381796848182151933834016520469279596763080835167751901429633844008133254611631075175818613759432910521205227100759688182791343866954934551558379452528997696057908583021091191672"
"-69/50","0.38945886357467315229863737555079886799842723563793791572606152658213529899076854139557955656882008454949737356129636375976649335939856070952606823694733599708875905554317736960297393724878961022122741236132807102469853179431793017809658059827411516251057497570340690798657251715045343"
"-137/100","0.40309812860009036668661077101707051566505253041513738674191096985125167532821441359349438903122737076986326016259283662266399066642342183689142611679167236049189094568098933399165667270908737788665880891954763908041625048917599409322456939547979722545827088441260015044382998524495166"
"-34/25","0.41670163668139110719534176007598221536797307550197753629483842781999171030745273389010358938432469401613721453723987385219785466454583165810681175334838124045348869610161344053098906598440842988518040581637194911345818837986782862703991846890138484214424384124355132294585488852857241"
"-27/20","0.43025991992523957291312032571410774938321973476007809007205705858783488585638090885839768334366816089398073115962249194663620450275705079948607666130183434029948702917158087582155477722905948281261204866462074698008549605281763416872526671636954076343057407002678329331906815085542277"
"-67/50","0.44376320619616255114530657720462515134713254472277773349290804451535878859873616555419553797011246111600398905902133043434665308070805377974739813394758537839991646516543476389520009057310904430925666504724925915432714009190596978664614254554101299249179000449218434290076299698140736"
"-133/100","0.45720141510389241083737607221433764184347780392269136653239173148612052842559480001828975201170818495656587494049774690257972193437072546646403330772515273506593153678391921663841483683338458992071866242283912949685071338907776375756095188242328456191632239749895868490402838362837616"
"-33/25","0.47056415438445141040535315896235367560721830141506350158820688936721282338187880200496463316323471370130007098893891888879323601044332224514683063373282960694933691182083733677094171419301818490759028249282388575019825210086009020387305200854722189360225736451643122739519176499055342"
"-131/100","0.48384071670791688914670156374986153346377918070339636174578230370916989871731767595559037618325391133300979979454628225811782464687016297082420729117130092611266491275319579212202523149633649724583206665642745854840191936710227790357648074394784438263579634925093439793996063164944623"
"-13/10","0.49702007694562471060827786133960950055631634504527492191745998561617547219332706372795265154263521985945359182375590376975537148670682493066495087081835715796889244420590760244108845262041743891130280649292633768242730871926471561491515420312888894138000350989005444983680767689112693"
"-129/100","0.51009088992914048085469127080084558482783213239124314324382642974938367462605446638111190178489898585105760980595943662379495745213844454217252245287161632938275288121362496171266104694121156751700788612630924245097684197547040974969033515651383341243652953136414928291418844397804087"
"-32/25","0.52304148873263394513580684399679513449593859920422340496599641695704267831644681136713536398657697379973022565640552791567592196727396402351942267200708255529283341341092869198376454250476798853428951171867627097323228658333439315570819134304973271459520756316644165737302502074325964"
"-127/100","0.53585988350931112401336772769052564311045207494889615444468817153594553824115750347058623057300257249198878778278364127357322819283395612962172806950541776103855126117973030435284808283990595896914543973810122423403258096094059425097522253125893972727610734179323667767116550344449732"
"-63/50","0.54853376091127120181828712818767678847006481153627804386661855955572040241750039857842469645110394888605958610709210467337097737523818913922309312925947328890121103977246883922944010807461558852260748165894429894323622126317226588115309321922099439248026985361501923652763975314965639"
"-5/4","0.56105048412054171491128537805975234019993877414102270821490325130669938021992098512942603236006589477855405856378695728825635226412144698784359806116158405455564671419922179241888249512725540570587343132721529480875133903728257680031998831088667109943643722378784743726167950474867848"
"-31/25","0.57339709351708808957489965603007422741071526930955860012047722293178681541898837660218264527011740207836969949839021385397439355572449077542105900952044438146294913924859657111671306773261162161347886595362553576234708367508550922223152559612774082186205362680348637485097384055697245"
"-123/100","0.58556030800727537559781302006534173236607946914317250075011125420322538541191120513546288979690605307753884001443260263760481602661838275090942923894128893783747500907980464061070331430521455216748323416424983032201005640616741865273305776506815615121982525829340362124344276086848319"
"-61/50","0.5975265270335662417766965279955098313472335775938850132890180022628218187269503158188923081376772583498233939157224389472459484364235373731683365171360970654639818245188491450776120484187678135783780975299902158716752167977448187784518103933568273334333064962832192053592005061281166"
"-121/100","0.60928183328315725589622382049799816887913682661025384283200146168883824172198001160294636732945532582466767214289383318307342671066150621754194311513152782835480694796630280259736571893042681983087155985962178491552677656356537936651708365932199730595403766176007391493678273722133183"
"-6/5","0.62081199610977504894522287248181424848784447029331819402570358408360965235875542332596411959528745374809212131702736674279073855543965089772179609823178787664123457475830326851934317383485238925063831686572143555071900616508014055181315451978585986147493914847041598073936132695332925"
"-119/100","0.63210247567896801645621907338700629820998037227027318170913877117167667531458908702745522146758243694942507584456917777112471856684988544572590686355089681695896713911652061035558678621578683433296652076172222499795804724609315758582689123214632647601200126392029379765664719795887809"
"-59/50","0.64313842784293396479159085776836973946099707430652734443648310634892988478708030425685789852989155933634486698982815291596088148615246237769966920072808842068232363439177924441114870344634248623490808000416539021791143518004918374957515003812745884822245017051280073222084916946523038"
"-117/100","0.65390470974621956060394180243310067911101332917384016410678639249320003448825138636449758275378182306501729246403376966033130164678642365160678338650959499493250811859161265563884004682439268587165919387803276418976146018753496930161174302470390902573762848396059839524823758279526098"
"-29/25","0.66438588615851773591626347996556801413677012357804272653387271326600698946042180911796387037504864648994693388734443882889578992149579228616230858758445865242762656048749874873306443696918805681004757377934018318276966908599358107843330196152464097015440551953262090951030209224918552"
"-23/20","0.67456623652528301187452472148458912587376173360558533196625600864967714638742126618510967339677075335014488766653650628789404471524513860589540798755260740578818899274105232279483368063540952611806114652277395753832833460222730338571432398933489959341431655038480734617768808061007708"
"-57/50","0.68442976272099557244946830770075265806727562325272134352503384051175989414070879493181336060006719206530548824531833422238395925890180330033261263443566739395808395739909858011304073698171494412878782529824221840347588281631905296785531726099729674314317563717798184480923405112390511"
"-113/100","0.69396019748365156623001120009279767891729461488299572473730132913187959565953039737016416861970796010524422787456622594703423268503696014567184888718149951828669269363356796401651245355425770519854611081873171097436243787748851019832332474813206144204151773324574855068581784923162031"
"-28/25","0.70314101350246371027314389069988945361572849986637217522939270413114558598353105345719210463255004302132426067469269612006628862175771730189109334320129321582546227772110481413910428207022472179426947280372874132149487850376555459078876932804728931187979190376127616183633397513213804"
"-111/100","0.71195543312385265380629552026324953537028831378427334504220714585372304511107583995721487580434112005200189702219643386515733825497355318422632936790540719137338168776472799197563907744863433886114988162070192717352542328978742716879091142430270791153579830370567758374745346371408487"
"-11/10","0.72038643863363140038759901345562988512614538114433759080534174804187310794757535319670896445868508615995274026057027008718610856353545421250504728300973593180658943947453681083957069727723772039700559710719674652785762219967782026441532630689416677101418553643718719580510859697463915"
"-109/100","0.72841678306587397893615908871458507717656940493107062720929700954065632609422034383253233755796741468942682391541035996857223150418488381406593060287594836170822846803873917215462594988728168856228103056596619788227585556007824747168728188885245476779002565854359699733689978536525699"
"-27/25","0.73602900148136303789658201960551619695259378087304209187685661820649956582622535795515328996961974596994302022300292812688959026953097892007099468674897744732992000361633673905760804188555066637224231801149087650208914817519877981265340578815588948235743231522000013718067113788728608"
"-107/100","0.74320542265078254347596883344704804548154785458307397616783488829166767393601110140093643919606143107459559873567725485424210581744234225164744905998605745292318822936211057646395655027906013252853344991778745839263519300949424172088637032121882097775298450230950165962072406282992879"
"-53/50","0.74992818107002047143529545071566467076551211027524318198224144830175544046195918232357784255117181382620077905468703702377002440905357269314122706343201817388736863276170755372001147493855681350847004809832874927325827743545408475145522988278481263543267343509257906296803667017415048"
"-21/20","0.75617922922713699072092873582608325554515764235443489411258105297117051136593215703999020197479396651452524239526425812244202592185235444772143894901362514330456513850684096503162730413982495551011214723642793592167083481640062025197926616729298911813125078027579887983752050201865433"
"-26/25","0.76194035003280604614561352817574778838876823384787683719057117503234518094988415296192016583629881862395378305721084208161270449423502154966379389394154318237047497227651266833927385062670214739999388529866723260358272174701161960441063777229528859539731378223675953489616510660724031"
"-103/100","0.76719316931842715154199685445263195515681152796804450465339259222455505460321010937486926730508993111882924400095417299528722313674480257889009432475072607858547598168005861397898802103889301431272971580266045053106541763342791510163974985752934502839609716224657684035636639359347636"
"-51/50","0.77191916829870860339890429142596544517281981328565042969291099331334233663845957409449362916495098007289057604345977099476666016061309692426546162566946714583367603617914748483033907960300761833405668276422162011730587813416316773746492931192582186493051254595011611488579692839783318"
"-101/100","0.77609969588842594997342731361237518681812249435044082743070465852326557657858143903058074898929003236360541978451313291015450835534301556496164314711048894730354140530914927324191521778396137723516984995704799999814237275240092098274533260179521070968169457761380320290786373499391349"
"-1","0.77971598075634622512913200316129164720021581547278858592124749753726073347089180074873080793698919722031317125211932178802305875293861885081766843316302742656371000234381445192187313146456685404924436408177962987200536769608903198686689249954208045973626699149878116527034225868362589"
"-99/100","0.78274914299306739163441342248259153020476353707720686643550755276742119822810323723640075078194021087000976382824985708671381989067064822117284427483981240158897906996666583482893325538979955412186055052620704011119323226848599945484216361236460045308596295679958134569152718068345956"
"-49/50","0.78518020526384348933306451987752934994160116172742190671530600662171308733176616287821977040334274927061583693005932540644749510356008129352034981029604091774698970315129542470783343399920259138476656070775709547598907978337548070619100925576985432987695683008093271372019050995321089"
"-97/100","0.78699010331243987057722771197688616208770458338002966386311962690246335295457063804492546477868975094545299999814757727597503598228161461112856707125744833326912889739889365653349238522704538416110771657544649756098880665744673733504743605766902578475725673276239061760922656334706058"
"-24/25","0.78815969567778043455506676838340788300885929251166993270429256208339179245189812344432173342663930335278448085569071553974930514993995344989172476102239222591021119724368554497174518041536794166968805867420177768996118910662578191567380689635350671212735105357674469557287429018773644"
"-19/20","0.78866977248170006803638093239441251421386685475607538192676318520390782847840481349781823116187396618621870377600052540869018556676466518172310991859834193049972024347580044911094907399966718199085498305436247409415948665341411919628055955038955627194412817026613374819162796932941207"
"-47/50","0.78850106314358928065799137262644914248555907797956587993401564826957170876382668701017594781192395203418998020452456368416606562373306459950096401032412248134570239996430904349361492738454552341448697377261556829722746269944557807046887473869562156997095783837229388374057948992228303"
"-93/100","0.78763424287620094501490533964609587173388712272114289706063817339240441549339536885156087893879030977508222706071951273634003476478511272943874736864436008568258371239023995019941733285007926455357090795778321088287534604822946427342853020850839181518499124955025061174662638733960366"
"-23/25","0.78604993781646515618442211870739887086391635232429918556731036832722678228908743337772596129178360131235097565001761280795229399797275645874944006733456191638596419342342959252032262547868484661283980031533067820605261549360552429907415686456465962071832249929695598782703057275969858"
"-91/100","0.78372872864590851300188411928110177295016306413214970098235345463911026042413091644743485644831417647530381699758502452507814112092747888315438140862718874694974525906549107163273981960935352898213356486887512496010705352838562578760489430297224804343038499750271909926017318085075855"
"-9/10","0.78065115255727629675994921191102572354308704204201694425949758853330250657341778965082330399525909029638217349554224446418925245935466151162699251415563760936620784105154781159192904427021755499584346859130332604588207409900417944835127735056492685386974064445913835614181642466306968"
"-89/100","0.77679770342728442359612598811958749051889906763069710905526300305548895532747397340068341332529437694646615838301686783835768250537449539913331827897175709677751996276774581407617597737306191659510384889315610234597659601763352424604220542658867319460042326348169623624855428670639653"
"-22/25","0.77214883006015382376048264860729300940609537876387273864944573338427485420528229473272342856962066276539271635759351079639168406651077549639989989890208636954897839132022400627208625268667964875072203644787019316870561677218651260846311825464967626506441157700174273949085732160706269"
"-87/100","0.76668493237277144164302347824559680578050988676090073972203680257548783900673894726287972271870228943189579551204165471633427152764366334003681658734296795766063210872768218164843617948238052167799300078096248533704133451825763105438102725216581424728172249113100597959967095775884988"
"-43/50","0.7603863554000457050419095697331650723912890987220799871837676924562043622912126981138760397692797563477686852749819290595493132681943592163020225437918053737239438393564212227840142022083463119046764062867439989905919755817662196574948146176973607237827082617537717998243179720451415"
"-17/20","0.75323338100834544072609860489459544394413616054740185080358263562436340392903151858100503982320647784659201460092806128500288813030621968321435634734562103714764572287328801768048113810227668022802772114658099256176355601010376138044193703291362074651828102417389672443442635413336467"
"-21/25","0.74520621721589558262465856861221923204349691323891314607087971621805784325442906742268585277088944464077648658029162363608844721975294666006377778250133206299824405686016240844125111012108980358375223346130642930456908403758145514115537405272869833084743358017632886210653242489726918"
"-83/100","0.73628498503171857269923206256534009782323102696237393366306979105194841428616721619475498773803302747584757973455544903064106294548430806159523562549926685622047222790491051839142082002835272445176068639135793739681447630938565981195943042527154749468584132377403218030089867928575481"
"-41/50","0.72644970273922937797232039507233561405923518053509717692973581416351243299046243714870851223803803360748241563594466469587669832742376058661764085696323115678847582476504692584499681470505715137591972373764480562598732685481410117249522585422971294718596527095472393874969795565622097"
"-81/100","0.71568026756699374265353868237619418779242084072025390223055065009497719506167905990355884875469123108073660221318765800667368415434124891217767109899293570758152966204401112925084345327958567237489889513720993078008609091603521627024088820385416108142154298891456751378540412818082492"
"-4/5","0.70395643470753278091450851613719509887892054501879197822171601972655789047954255953687516148624500809320783361236413590622586316435801124808269352772376674373062888715191943187834909139105093707838085911602436406711691596938205807965753336665670772614955014265900769492930734287040267"
"-79/100","0.69125779366550476164786606582903597865551806847394892022650688100329385415036293945637841515258905496200971026774810886740874679167959208902145603879901318430811693866983101780200093111847744463921208789103058651217658112094863738624878275203918024432149873892602502861598051952993333"
"-39/50","0.67756374193923662750669853425045587754309145151908844115814161960330747891688657256713156301448016489188939296063909582146517222476186362430186275944365488047272413420695495018097276608167318910564948246606669516242309973022408414154410317837360017363600751034672055764729418671866052"
"-77/100","0.66285345606455463609455587793855265957067201618052486710048455824002225429956824793737199463341175282559309463275499164955907533617873757000333647951621684765143928548900817690054139247998493383314378494404493088938610719116006971420533674499586443902458903043584080647726024815213808"
"-19/25","0.64710586007734298157241051352508443902226701494372123866768900227397910471576157016599344497251779558140658155444876018916267214556183805926539397502067383896086130476553303714257869367117377458277060301676330163292184487658596833595961947143003680090706246246102481197615056527329365"
"-3/4","0.63029959148144024214974452150198452714245487107031659782693369369130064284799723438608971645506781497929848211772730306514805982484874920770899591951349909269062541899779544120983798247047740618828905606839109111141290747933569766908843399070414751727684356896359706628519316743247134"
"-37/50","0.61241296484160189129409667270310080644939210909503221867384599114578663962409683748793506739877863926305959790487357743707987244112832819664104825360136361279116253619343304286850968377981598798295134022992724306493574321091897817054876269798245887299133558579037870529759414441342426"
"-73/100","0.59342393315759177300749387791118695936108194711308639450360184885768082302909311977964200026058419315381073574613423698292500689024384090914186358438631485473157030109447202566182167412020967777361999497536928495811502903742906580619257047076715289152743862006264199102142927558686303"
"-18/25","0.57331004721534460449077480113311987328192620134519273164297780214559135710363365655722021190587520225364002353279399602754162867192151133688645079553953021681797017223773809708821250701111888735927464012894771966916597936890254051264855449474534466890454476694907663280055239023938116"
"-71/100","0.55204841315494965854750548855429974632233410288629787454268075298189731440930234255685070650117116218656220248713212152004473937184036226984803402899442426478288409950572078773386563123225919019201771338592496731465053956498773888175940297507038474391457461517288650917556338111987322"
"-7/10","0.52961564854339079001693933674857037347624796217925400296429742527997308193861890198313588789238419141418722833723587608149446514014891223984390822989224124031729425795320599749668861806326141283421973494476606568328550507641429453298033776527141686347977547881077196840154577356875045"
"-69/100","0.50598783729305966610641667159808537951753924137798254317105546537322627991754047723188458261678469936957971515015092005421126378254078674932866871007371291524100181885934214890031093776324026094905600242602915632821583376357615569004168619161237559077509457480515177407521418164389557"
"-17/25","0.48114048382563862518852560021209205338045415850339802701023818582983379020991746182952371840447454118015146545796694586684977026410854259696181597963720818580962347910045712198751817545944913663481056727423828875810249991362537139591430346022169056420176688115401054414943021909498876"
"-67/100","0.45504846694572230245091649653532940438221120859752891428475941478663113795271074149350307165747350740089135809890097777696363887694880385938124202016521958054576213945337676023465930860297309786249233073808016318813579490144973683813338785709702001050637878537224098049524922849145424"
"-33/50","0.42768599396032175984315709916393947182446403143075658902486006221797278364699288688409531948052221349184186085680811182792868823768441766564631012727706777877098365895207746469503477936795426934529815449873275946833686403067258137478242832488965686742927907257018272568326488594316454"
"-13/20","0.3990265556601286566158761731432715200797315631958702475774791004462554356921715447846748273430987425261931887323751330515347973401642922001318715981166109027026622188792477127013625237587528753763805597384254078837776601547859092127729701933879973136766626177566359528544701347970024"
"-16/25","0.36904288286729013417479908780184238512485855079539043996589041692889988652502288885305361188914120952620242850098002884842324173254821386596031167215852944847201064666271156856073643098046137208728801872211099703707820324751029412938840083656788289102629365626342051455294470131246984"
"-63/100","0.33770690535403774545439182558592337269892960267186953832910504511661501501428198108782182984416504098087427390813735326498210610495156308115173342936421557833235949190675923835734348777125372207936073767048686118757918352230774376435290013258695449907433024950984190640484876730150128"
"-31/50","0.30498971404927418008252712356717661555445227414378693418530562136843907571207624747576888328699686819347071273811224954775276833630957456642299138353855141182044337035147786366491263529848110477454490899358866833085953957803687592676639974881563522034822712142875257762169940982444384"
"-61/100","0.27086152758082975147429306289958953339273274642209561860433853215046494149978582125801382265210427459321648787960083619521637513242480017289100957354305757714100444837517752805069792592067679408591853982067597158531268367412819911894858209499368140746586930659017643488836874976411279"
"-3/5","0.23529166436090561318445158905526186424846503695103525597639802129893035057957337511069572982327847105055490405557421932435526036703715234692814086991866681390245923714963061893844506199611147904373868390618796647078710668686114814348886825198007836716979178332139400778982730286500911"
"-59/100","0.19824852164577234067109486972090520917663408369429971849810498727396812194290061038282448848530603517645774186430087659056146991863111200176000284941455463079834207163964685158984718159518321920421105939084379179751233959709389360460600916600523813128520907862583426396449337932298696"
"-29/50","0.15969956341933734514023258039401396155057664191285012432974430881311754384869265823968416606764447058387950741289015849090486768806939183060497292088007767060749163691589659433332800531180475897142657720458482912923636716607726214916936829730829789002322311509324816346049339789885713"
"-57/100","0.1196113202095206515683340076390200662606265399731477282648341361999813265757038403584819423100927461809317648426474548182184912055748718516568926231969828345096442075058752335424733899169663785657163132654719937084413839295765539788284922050831010527762725681709307602559400712421924"
"-14/25","0.07794941068459868230961954447997338944479381501986525581029879388551358100585393936950736164924475981983416293105404277818429962190591809554430955984243610618439712622127048433819717889452997827301044641506084053295442073369666074386128541601588760262253981409370391221805922448520416"
"-11/20","0.03467867751616758728457956518778835729612877549553404649264173221937099561599883172481193783443314825125705075377483912295283392660572660462111895473817692698783410168785371322437075628600119711365686650696868469667469071501888443515247849337971551705855135013156010757729371700266874"
"-27/50","0.01023968833129666330023842834369673524018042942397977419389523976817141277601082911588605382868690382230393910475155020483151964603800986463569129081555734209206140554139337079371124887415471029975861996818402120520116562746404896778035861357756749937225051419448821758895943456780234"
"-53/100","0.05683672682738566386649005648730493875780098424041622070000018612466888069475530168861813412496564170649705459955737907729556834851896990545006940505951272889444397624098147323290828660234754508538298845910861101219512975249134831374511191412031927091846141662836996525478610227697536"
"-13/25","0.10515491314402646845185927369876369843471888945004620654768151806891997515337874909056240776599358777934872886134019196583883563139203663305598333314025206592589225152902728125618007697155481695965727274338409311657023481005233507784558449210950039771710966144227758172067829355502797"
"-51/100","0.15523145800693385737793529276529203615632968805416046506656553650112872816365682745234942289119352025858173167013843704755170831777091420068462900279502504656509130294313899087017715494502398145307001591281561906152313370726939816500293580814014118154557887986450776477884254118750435"
"-1/2","0.2071051491640637267308223906043639380481424043130936564551929447048466694511980373598171552159467207563554627069092467009356311930510988746754524433912727262727346309083932517224845655084775125350928481068212620449543159438111175137426260925643995467796986967789029196169877167604532"
"-49/100","0.26081515205423347011409927633522413288697127853156978738643441316489197409556133897612042044449159266818466828259323919873428319648371468710858197558696328252037380628228969107225380436036190130753638452290256263831906485136001573762790421017037383355609550266235681613557396307013952"
"-12/25","0.31640077139286824773974642177039053648716932612222071995142138367953513670228933237023909273043291962809873947792083539296203488055001927406202699019370137788994987150490129878444565081359044527936221582239832294435516145091680031698460562139301131227699693493791737057519749198384555"
"-47/100","0.37390120259683676625149036507014377205373970240640202794545629459600198879804880328803076205087753757305473750175133882420713203179749287117353872785552183943470625721249354411741561096876965092698762472119780322764334155120127044247142236204898000895224744943904079103068344983678573"
"-23/50","0.43335524157984718579508131420601053477897898096246361651919957393046530294768672041637901080663132068384984813108261250986475491866460599529098909110631764667799372282750349429159184697093572737039345936049296326016955807820281599704812665489724017573803832782538194491949107655202111"
"-9/20","0.49480094394633516128198137626805085711453837354843334569527553385512910791866224009904191750898507031721212486748206053452498917005587793741431192864788045662090848768142797390607513912184455087051009230063243890670568375842027397457017478850082406987905234124525832282584099115931638"
"-11/25","0.55827522696023140305162684765252048276964792021192233207474745340960741291663277850161599334340565704117475508940543547359114297397785173336932419358683873360140611640690488076128639115209186723360737563939867574662263778510113956707631994222790907171281884685912317631762801680287111"
"-43/100","0.6238134078379212410348596149258481599738609050103495023771773596887239491565412731890043696879819001901606655901113841575166776497489462125945251348397067348548456752640633782108400650697400532504867343034052331290103251090746805411214875236612174520990158699893030402385011346277696"
"-21/50","0.69144867172967462544254892578446214793398993041271547606398494163432909566684370794800363181919030320560329564821304012326536334476829729499555567957407717273064122155581997991308996103521368002832947056542344529279178609259123218495895600682565918974184810157884493111374700400108195"
"-41/100","0.76121146253678435440571836839978011362104311774675711105213672354068063018337860491172839865284945761104176182788038952606007732500155532556379949485500825777573792662961914354559590991732289488409329415559706619769309214778402254090688629001316014274383749638117065646061594122608066"
"-2/5","0.83312878956013090805269304544930047424783833698296883735041083415642152339417302148453336862647495423094661974442548828918334741558047662721737176072810204039488502913627242348713347126414798428475823087562011666403164538853089943020898439960386187905876723619510808914363416879024694"
"-39/100","0.90722344294426651117305779917460508063075006023509075313564143414068063056179669604062884099224283019515974677429892178728844158919812952762439164859097301613713196413595397655181803640893830630195869499018672672997529960450720377062160857773092343164988122996176036313441743327959372"
"-19/50","0.98351311101803133204406898093931866258177411341198385452064109166637901567437860375323944108592057756912786552037571419071731393549861744592063990058046834671781952719950950724404905144788252694892536706394516142007091038503280762909359014532226862401495836232225538883106743190192534"
"-37/100","1.06200939299078353155087151135858589617000277303432126846480449730326823071140318578927068021493676206114220085727845052647946686599105745387105693461108360119427434647788935667513957935255566474777082366336723923979764429148850324072028246647656879423072225159309292363532247777767107"
"-9/25","1.14271670110216476047895261686402458667768193397766877491088558328651027962371940581640739595596345412540668707458014785982195158311894741511773784804658672497333664310616043923786962374348646352853613385985333926663850819845446452507132290825399013936321066233145995537503961788695708"
"-7/20","1.22563104731059456418771421838999889871145549581574426874569853182075452220719841216711456745787732326245586865297544905133538882552803681452010678171199051023518383416349487404595318651607515714137496670315595945098174714044788110664471524897549089006579890021624238324074674688174952"
"-17/50","1.31073871101710443033927358238802386241087144136356914222086528095744088296570257188120075988413800277030092014876975678013324579043419297631874213678795921260393167003209419930688812855156748352547657285841410933231645697117106665843978000501809786390577880941923419298095661517329953"
"-33/100","1.39801478623961563235516605989445354189274627202508367360232877504757537624449284322957018433541401664546647525540817972178150277033241065534958026011564971598717551355651241759594473415238502344203933137394964018700531974941567292382354891076591593474097991648569885846307503199836131"
"-8/25","1.48742160916667192304808444056664518084006363337427570860031796917156390578463537022485478156899657386486751149438943175669107844098281138580037432596450643750818189072931755836843590623495072594395647411297721398476029819868698352512467282407488640279856754640311162334885224845484552"
"-31/100","1.57890707021967693047532281456613728188631309934982315619013820166025387330055505542018007170823403233837153010496954078323266667562850057390527478483471308497797623845379071766163804316079399853911998418926132177671818767862794809405850661977844494976761647307175862926530388846195037"
"-3/10","1.67240281872742097102306895010566737544457241105631378257521197979520134728689396437637312873740331580238007154795798534222519322013441701494104666694494634469128023838518899719258115278382263685366237528649414311308357075228808732837744750127722300455727285438121789642172556465036578"
"-29/100","1.76782237314616178903552653995388989505718887121885517965747029589467957349816010187655677495533667445418733282162686023745768399076866020567248764405783533943211265215674050042180077914627749241313258234825981981946906109661908709029086277245238580829719582096632171050850616072954224"
"-7/25","1.86505915550579456355579008213676145291173518482270181690856002639469249148135960031572501669429856173368552156996899228558732630190585318048760992439768438832049624582862251998490963498298956603000226423899026238573148561203859392623551005842110087036606390866921435473854289799089443"
"-27/100","1.96398447546290154416615090606144848786972985022241383032061210259372358303298394778832049318306268715322588058758540131158273534124569720709088961942026025666754942094557073198836035257687358275165207997803054508908818147295855073129155309708731286952012243737195468079010949109996792"
"-13/50","2.0644454969887327409035661221964903565361327463953002740498012776009276273013177399838423210468511297457071602016127155808847230342525365592460746837683659939070499012083366471849323678430215287546622388861183914873533249763938758512626803335940656300356249843845037244089556140440375"
"-1/4","2.16626322925161242048417296340354970549726958789254223806608398248066364866312962839301322373890964852523610421012523601516993610542848644222712564186731453125707232602355959611101975392357508982866649970314387546239005307611981108390177890832728763736476345279607092115031633980198515"
"-6/25","2.26923059253162778903849617146216090863639785979173241130336333358755763884096311792126426384456802113233003717511703047907567365581716456775824843562830570796225083525553461705511115324924644217773635313240720697187735613714563180574475672201823738224380594862754570636894644192651317"
"-23/100","2.37311061980039640725972034770981458487699980593782304487345319988431732493869400605023332004638729774395525970273915825972128173236083662977707052131779423972322339410109856205448835455379434741882918141096458100200535033935370929273130732329851290262080727488647653789535261365546117"
"-11/50","2.47763486456857982232301403348709772266747946952221610364724908764781337016342782085503385543381408574593571821849752581087258781593077773563860618520641664630041596974121984157680361088578330477529159345375690360051493127615263432352408072977248961603254765091436415758649898177009834"
"-21/100","2.58250209527994129831630502182557400680647110597384750005718758735279617225308697137350733065026808824880008261163868406151269159721698376227963792880690080463634901501460858767905280755473644092804596066682817043660081561392562765885325423373370883219432069215109681212894928101701286"
"-1/5","2.687377365307078501096612670668706290700681851881639341007826999731471271818082675747737977193955982009220310318218302831602988892765239853398285041189278791661311230807981822588093976833020902274766291658369377549101889268416538393336457626592244222918462936698686905982089589279155"
"-19/100","2.79189155473557318513436920038101884952069189450038791109330328896233404305559261188694670388182468111391133545817709704494334364307254736477037266014973858971755622883935931159125363412155698080926584241067331467193965693189384185536874422000046715474169789939015118481701492510155122"
"-9/50","2.89564148473784197540380041430694864463154861427256046958307190497495357257662105579190647506061683562664823206525485983244996724749532807933558865358550936399203883583087393177810040261732510375471621916867949941510361048096159037241576580528146669467222734623540675462498153897686417"
"-17/100","2.99819070646425748171185272885484139534887963200185352619620855355989266183214895910892668567850446468630653991137561799801167782265215375877891124141317199166726176149099558622530716547068256819985359275805999554450239286636508441595059697590316736256714442511564361200925367771692346"
"-4/25","3.09907106299663132149728500467695142380376362284169247447233648190521224793273501207470300529508581019721246585005490370614397002812151337052846346749661250521193485340988827121968051324042452934861709995506323702438386660203764716618349594777962622116233484282908741394492705117264692"
"-3/20","3.1977851140211317490474846758247020392396270931368286038281388844072287099593974419796633895426801408007869836689501684532339644560426170214627245105046221591343826823984247864349771893610196870327500041465735888623165194199890953405774178666170281076959367271830568361357438959226821"
"-7/50","3.2938094976080309921708977012369777849814559238206427979062318415976994692299240324419253104509681414596543878506343909345463579689119412741998592177440926894943978668618391148386514618751822524378239216390881698868645583162263080976577019852560830114368943532960377936951112006065021"
"-13/100","3.38659928119676017449209106213020486576918410705108913533312585225950780663907848804275510900629352579393445876268713137225941321364128153844301129387447185895316721793221335578071635171403126348127042034370491041569923907577735676052847307452039462713128549632249267285743836519334489"
"-3/25","3.47559332430911920060923636360309874040148593468898863336078652021326365193324807493575294955397755931199859846571783487382006886740179719783928000164194237577984643683572962099967903325948067141594306305485908176863384305372620078618403367239789742303687144506684558518930671757496171"
"-11/100","3.56022063888686948560443433317807298138826742875558142543035218380965986678982696200600171111250660687739614195993277551821140049769667131388309205410704916328609671644930259391962684549022550434963772250629760915198419540937777306695762538273329178415257780621548179310185448363520675"
"-1/10","3.63990769032881989854067996699367220283036965476247691432179630368673382976591105629446977782377950928138455262474110160338007907317518960482422086825688081487289593934214783616681241677994934235837692039832828445733456652590550846086251480248473337037174415414336661581962809031598282"
"-9/100","3.71408653484535703951943312439450609306469417673825747182174560895990498457056198277423275614169075868548232410172192257683368532049401389238962638622065330663480254791880793923882845400829408478028196963211130935115952798709904042152268209172240575174617542882688953676799586221556411"
"-2/25","3.78220363893804023032227219985893112105955436129395679473426395243913652946291138718215888296991987646003363804088724904761096069561499500725057847120063536789785571646196230002547863945039306237456262266746474706202547054780313245304755559903737799296503597122823096502137595712008474"
"-7/100","3.84372917759894226613701954588010097291828446347340120926462007371847670892280594749471875400149294329784378374568970910944740194401479322551534296501148275339432742300853998307957176389550475554080526119110566417498925313357209219015950993625784658973931408026453693216463082675444962"
"-3/50","3.8981665626771677868249204472364577643819725743518926517089654783829296201861419423311891506310590246348807634336180191667972472714870386806539583842749520408461735973434356266450614255261444762835995536896932860050421533972471553586783704926850761092156148832738501229490722098622154"
"-1/20","3.94506191551816979362867981570245085081896582734236736214301145747101227403326675783194343425894925180408133010913428271404963803655823565809266707535401131981502795115228233051370701115225636388113587287533720986358227737825816897352993804425369974988256081557515468800890292588084995"
"-1/25","3.98401317212539446317546367599541582586323557157099591905633751957984590980118418289248742147990302884484178167255643745726057744570361898240521506008074880541048421964411555801863819629031055340857980932839072546897183176959958236704704226527885531437093520155857235915223743857052478"
"-3/100","4.01467849795705796557084298650227116159878285711110567315831575817042562242200220162115192582486145019126251378874999725525252314386539845720560097999635583619102631738612927156969803329402279231816013112254524613024865645388667954694805734439764171369649694214959994531991297065927233"
"-1/50","4.03678369544093767938058585302975790954475963135422888630165230904239979075859949359268988707412372070460973135127695619590526057940481074998736108336613309115462187366128816171603723493470917580182329338754611461733549443902095926866527979337413331773848650125458582734114311249782391"
"-1/100","4.05012831155088540219527295584911815700274910422439157479728651106848974549849328466228113934020015694242648873699990858061217564172548580480230598470335168670852776232627888578539323084465641445277787037819362727073125649316025537141576877809226058271386099352168921238270620917160802"
"0","4.05459019506307355243312226244845024714496528150504500396995112331762450078534386710309713718895476432675251655547491266964845730399738810547717128903062476000532202652326057834592216023287459868253180595954865667950861482026154712768440650477369140468711745838130541379874014448406621"
"1/100","4.05012831155088540219527295584911815700274910422439157479728651106848974549849328466228113934020015694242648873699990858061217564172548580480230598470335168670852776232627888578539323084465641445277787037819362727073125649316025537141576877809226058271386099352168921238270620917169389"
"1/50","4.03678369544093767938058585302975790954475963135422888630165230904239979075859949359268988707412372070460973135127695619590526057940481074998736108336613309115462187366128816171603723493470917580182329338754611461733549443902095926866527979337413331773848650125458582734114311249791874"
"3/100","4.0146784979570579655708429865022711615987828571111056731583157581704256224220022016211519258248614501912625137887499972552525231438653984572056009799963558361910263173861292715696980332940227923181601311225452461302486564538866795469480573443976417136964969421495999453199129706593093"
"1/25","3.98401317212539446317546367599541582586323557157099591905633751957984590980118418289248742147990302884484178167255643745726057744570361898240521506008074880541048421964411555801863819629031055340857980932839072546897183176959958236704704226527885531437093520155857235915223743857047618"
"1/20","3.94506191551816979362867981570245085081896582734236736214301145747101227403326675783194343425894925180408133010913428271404963803655823565809266707535401131981502795115228233051370701115225636388113587287533720986358227737825816897352993804425369974988256081557515468800890292588080134"
"3/50","3.89816656267716778682492044723645776438197257435189265170896547838292962018614194233118915063105902463488076343361801916679724727148703868065395838427495204084617359734343562664506142552614447628359955368969328600504215339724715535867837049268507610921561488327385012294907220986219349"
"7/100","3.84372917759894226613701954588010097291828446347340120926462007371847670892280594749471875400149294329784378374568970910944740194401479322551534296501148275339432742300853998307957176389550475554080526119110566417498925313357209219015950993625784658973931408026453693216463082675435709"
"2/25","3.78220363893804023032227219985893112105955436129395679473426395243913652946291138718215888296991987646003363804088724904761096069561499500725057847120063536789785571646196230002547863945039306237456262266746474706202547054780313245304755559903737799296503597122823096502137595712005912"
"9/100","3.71408653484535703951943312439450609306469417673825747182174560895990498457056198277423275614169075868548232410172192257683368532049401389238962638622065330663480254791880793923882845400829408478028196963211130935115952798709904042152268209172240575174617542882688953676799586221553636"
"1/10","3.63990769032881989854067996699367220283036965476247691432179630368673382976591105629446977782377950928138455262474110160338007907317518960482422086825688081487289593934214783616681241677994934235837692039832828445733456652590550846086251480248473337037174415414336661581962809031595793"
"11/100","3.560220638886869485604434333178072981388267428755581425430352183809659866789826962006001711112506606877396141959932775518211400497696671313883092054107049163286096716449302593919626845490225504349637722506297609151984195409377773066957625382733291784152577806215481793101854483635181675"
"3/25","3.475593324309119200609236363603098740401485934688988633360786520213263651933248074935752949553977559311998598465717834873820068867401797197839280001641942375779846436835729620999679033259480671415943063054859081768633843053726200786184033672397897423036871445066845585189306717575018222"
"13/100","3.386599281196760174492091062130204865769184107051089135333125852259507806639078488042755109006293525793934458762687131372259413213641281538443011293874471858953167217932213355780716351714031263481270420343704910415699239075777356760528473074520394627131285496322492672857438365193360947"
"7/50","3.29380949760803099217089770123697778498145592382064279790623184159769946922992403244192531045096814145965438785063439093454635796891194127419985921774409268949439786686183911483865146187518225243782392163908816988686455831622630809765770198525608301143689435329603779369511120060650259"
"3/20","3.197785114021131749047484675824702039239627093136828603828138884407228709959397441979663389542680140800786983668950168453233964456042617021462724510504622159134382682398424786434977189361019687032750004146573588862316519419989095340577417866617028107695936727183056836135743895922700637"
"4/25","3.099071062996631321497285004676951423803763622841692474472336481905212247932735012074703005295085810197212465850054903706143970028121513370528463467496612505211934853409888271219680513240424529348617099955063237024383866602037647166183495947779626221162334842829087413944927051172660498"
"17/100","2.998190706464257481711852728854841395348879632001853526196208553559892661832148959108926685678504464686306539911375617998011677822652153758778911241413171991667261761490995586225307165470682568199853592758059995544502392866365084415950596975903167362567144425115643612009253677716951684"
"9/50","2.895641484737841975403800414306948644631548614272560469583071904974953572576621055791906475060616835626648232065254859832449967247495328079335588653585509363992038835830873931778100402617325103754716219168679499415103610480961590372415765805281466694672227346235406754624981538976856801"
"19/100","2.79189155473557318513436920038101884952069189450038791109330328896233404305559261188694670388182468111391133545817709704494334364307254736477037266014973858971755622883935931159125363412155698080926584241067331467193965693189384185536874422000046715474169789939015118481701492510154758"
"1/5","2.687377365307078501096612670668706290700681851881639341007826999731471271818082675747737977193955982009220310318218302831602988892765239853398285041189278791661311230807981822588093976833020902274766291658369377549101889268416538393336457626592244222918462936698686905982089589279159983"
"21/100","2.582502095279941298316305021825574006806471105973847500057187587352796172253086971373507330650268088248800082611638684061512691597216983762279637928806900804636349015014608587679052807554736440928045960666828170436600815613925627658853254233733708832194320692151096812128949281017015426"
"11/50","2.4776348645685798223230140334870977226674794695222161036472490876478133701634278208550338554338140857459357182184975258108725878159307777356386061852064166463004159697412198415768036108857833047752915934537569036005149312761526343235240807297724896160325476509143641575864989817700972494"
"23/100","2.3731106198003964072597203477098145848769998059378230448734531998843173249386940060502333200463872977439552597027391582597212817323608366297770705213177942397232233941010985620544883545537943474188291814109645810020053503393537092927313073232985129026208072748864765378953526136554614974"
"6/25","2.2692305925316277890384961714621609086363978597917324113033633335875576388409631179212642638445680211323300371751170304790756736558171645677582484356283057079622508352555346170551111532492464421777363531324072069718773561371456318057447567220182373822438059486275457063689464419265134794"
"1/4","2.166263229251612420484172963403549705497269587892542238066083982480663648663129628393013223738909648525236104210125236015169936105428486442227125641867314531257072326023559596111019753923575089828666499703143875462390053076119811083901778908327287637364763452796070921150316339801990267"
"13/50","2.064445496988732740903566122196490356536132746395300274049801277600927627301317739983842321046851129745707160201612715580884723034252536559246074683768365993907049901208336647184932367843021528754662238886118391487353324976393875851262680333594065630035624984384503724408955614044039052"
"27/100","1.963984475462901544166150906061448487869729850222413830320612102593723583032983947788320493183062687153225880587585401311582735341245697207090889619420260256667549420945570731988360352576873582751652079978030545089088181472958550731291553097087312869520122437371954680790109491099981725"
"7/25","1.865059155505794563555790082136761452911735184822701816908560026394692491481359600315725016694298561733685521569968992285587326301905853180487609924397684388320496245828622519984909634982989566030002264238990262385731485612038593926235510058421100870366063908669214354738542897990900065"
"29/100","1.767822373146161789035526539953889895057188871218855179657470295894679573498160101876556774955336674454187332821626860237457683990768660205672487644057835339432112652156740500421800779146277492413132582348259819819469061096619087090290862772452385808297195820966321710508506160729529965"
"3/10","1.672402818727420971023068950105667375444572411056313782575211979795201347286893964376373128737403315802380071547957985342225193220134417014941046666944946344691280238385188997192581152783822636853662375286494143113083570752288087328377447501277223004557272854381217896421725564650338387"
"31/100","1.578907070219676930475322814566137281886313099349823156190138201660253873300555055420180071708234032338371530104969540783232666675628500573905274784834713084977976238453790717661638043160793998539119984189261321776718187678627948094058506619778444949767616473071758629265303888461961841"
"8/25","1.487421609166671923048084440566645180840063633374275708600317969171563905784635370224854781568996573864867511494389431756691078440982811385800374325964506437508181890729317558368435906234950725943956474112977213984760298198686983525124672824074886402798567546403111623348852248454842629"
"33/100","1.398014786239615632355166059894453541892746272025083673602328775047575376244492843229570184335414016645466475255408179721781502770332410655349580260115649715987175513556512417595944734152385023442039331373949640187005319749415672923823548910765915934740979916485698858463075031998355641"
"17/50","1.310738711017104430339273582388023862410871441363569142220865280957440882965702571881200759884138002770300920148769756780133245790434192976318742136787959212603931670032094199306888128551567483525476572858414109332316456971171066658439780005018097863905778809419234192980956615173289616"
"7/20","1.22563104731059456418771421838999889871145549581574426874569853182075452220719841216711456745787732326245586865297544905133538882552803681452010678171199051023518383416349487404595318651607515714137496670315595945098174714044788110664471524897549089006579890021624238324074674688175003"
"9/25","1.142716701102164760478952616864024586677681933977668774910885583286510279623719405816407395955963454125406687074580147859821951583118947415117737848046586724973336643106160439237869623743486463528536133859853339266638508198454464525071322908253990139363210662331459955375039617886936923"
"37/100","1.062009392990783531550871511358585896170002773034321268464804497303268230711403185789270680214936762061142200857278450526479466865991057453871056934611083601194274346477889356675139579352555664747770823663367239239797644291488503240720282466476568794230722251593092923635322477777677614"
"19/50","0.983513111018031332044068980939318662581774113411983854520641091666379015674378603753239441085920577569127865520375714190717313935498617445920639900580468346717819527199509507244049051447882526948925367063945161420070910385032807629093590145322268624014958362322255388831067431901912073"
"39/100","0.907223442944266511173057799174605080630750060235090753135641434140680630561796696040628840992242830195159746774298921787288441589198129527624391648590973016137131964135953976551818036408938306301958694990186726729975299604507203770621608577730923431649881229961760363134417433279614235"
"2/5","0.83312878956013090805269304544930047424783833698296883735041083415642152339417302148453336862647495423094661974442548828918334741558047662721737176072810204039488502913627242348713347126414798428475823087562011666403164538853089943020898439960386187905876723619510808914363416879025272"
"41/100","0.761211462536784354405718368399780113621043117746757111052136723540680630183378604911728398652849457611041761827880389526060077325001555325563799494855008257775737926629619143545595909917322894884093294155597066197693092147784022540906886290013160142743837496381170656460615941226057539"
"21/50","0.691448671729674625442548925784462147933989930412715476063984941634329095666843707948003631819190303205603295648213040123265363344768297294995555679574077172730641221555819979913089961035213680028329470565423445292791786092591232184958956006825659189741848101578844931113747004001089593"
"43/100","0.623813407837921241034859614925848159973860905010349502377177359688723949156541273189004369687981900190160665590111384157516677649748946212594525134839706734854845675264063378210840065069740053250486734303405233129010325109074680541121487523661217452099015869989303040238501134627736462"
"11/25","0.558275226960231403051626847652520482769647920211922332074747453409607412916632778501615993343405657041174755089405435473591142973977851733369324193586838733601406116406904880761286391152091867233607375639398675746622637785101139567076319942227909071712818846859123176317628016802873861"
"9/20","0.494800943946335161281981376268050857114538373548433345695275533855129107918662240099041917508985070317212124867482060534524989170055877937414311928647880456620908487681427973906075139121844550870510092300632438906705683758420273974570174788500824069879052341245258322825840991159325771"
"23/50","0.433355241579847185795081314206010534778978980962463616519199573930465302947686720416379010806631320683849848131082612509864754918664605995290989091106317646677993722827503494291591846970935727370393459360492963260169558078202815997048126654897240175738038327825381944919491076551990214"
"47/100","0.373901202596836766251490365070143772053739702406402027945456294596001988798048803288030762050877537573054737501751338824207132031797492871173538727855521839434706257212493544117415610968769650926987624721197803227643341551201270442471422362048980008952247449439040791030683449836759697"
"12/25","0.316400771392868247739746421770390536487169326122220719951421383679535136702289332370239092730432919628098739477920835392962034880550019274062026990193701377889949871504901298784445650813590445279362215822398322944355161450916800316984605621393011312276996934937917370575197491983825272"
"49/100","0.260815152054233470114099276335224132886971278531569787386434413164891974095561338976120420444491592668184668282593239198734283196483714687108581975586963282520373806282289691072253804360361901307536384522902562638319064851360015737627904210170373833556095502662356816135573963070173992"
"1/2","0.207105149164063726730822390604363938048142404313093656455192944704846669451198037359817155215946720756355462706909246700935631193051098874675452443391272726272734630908393251722484565508477512535092848106821262044954315943811117513742626092564399546779698696778902919616987716760468649"
"51/100","0.155231458006933857377935292765292036156329688054160465066565536501128728163656827452349422891193520258581731670138437047551708317770914200684629002795025046565091302943138990870177154945023981453070015912815619061523133707269398165002935808140141181545578879864507764778842541187470171"
"13/25","0.105154913144026468451859273698763698434718889450046206547681518068919975153378749090562407765993587779348728861340191965838835631392036633055983333140252065925892251529027281256180076971554816959657272743384093116570234810052335077845584492109500397717109661442277581720678293555048421"
"53/100","0.05683672682738566386649005648730493875780098424041622070000018612466888069475530168861813412496564170649705459955737907729556834851896990545006940505951272889444397624098147323290828660234754508538298845910861101219512975249134831374511191412031927091846141662836996525478610227693245"
"27/50","0.010239688331296663300238428343696735240180429423979774193895239768171412776010829115886053828686903822303939104751550204831519646038009864635691290815557342092061405541393370793711248874154710299758619968184021205201165627464048967780358613577567499372250514194488217588959434567777993"
"11/20","0.034678677516167587284579565187788357296128775495534046492641732219370995615998831724811937834433148251257050753774839122952833926605726604621118954738176926987834101687853713224370756286001197113656866506968684696674690715018884435152478493379715517058551350131560107577293717002633119"
"14/25","0.077949410684598682309619544479973389444793815019865255810298793885513581005853939369507361649244759819834162931054042778184299621905918095544309559842436106184397126221270484338197178894529978273010446415060840532954420733696660743861285416015887602622539814093703912218059224485155359"
"57/100","0.119611320209520651568334007639020066260626539973147728264834136199981326575703840358481942310092746180931764842647454818218491205574871851656892623196982834509644207505875233542473389916966378565716313265471993708441383929576553978828492205083101052776272568170930760255940071242226931"
"29/50","0.159699563419337345140232580394013961550576641912850124329744308813117543848692658239684166067644470583879507412890158490904867688069391830604972920880077670607491636915896594333328005311804758971426577204584829129236367166077262149169368297308297890023223115093248163460493397898852292"
"59/100","0.198248521645772340671094869720905209176634083694299718498104987273968121942900610382824488485306035176457741864300876590561469918631112001760002849414554630798342071639646851589847181595183219204211059390843791797512339597093893604606009166005238131285209078625834263964493379322992591"
"3/5","0.235291664360905613184451589055261864248465036951035255976398021298930350579573375110695729823278471050554904055574219324355260367037152346928140869918666813902459237149630618938445061996111479043738683906187966470787106686861148143488868251980078367169791783321394007789827302864977414"
"61/100","0.270861527580829751474293062899589533392732746422095618604338532150464941499785821258013822652104274593216487879600836195216375132424800172891009573543057577141004448375177528050697925920676794085918539820675971585312683674128199118948582094993681407465869306590176434888368749764078113"
"31/50","0.304989714049274180082527123567176615554452274143786934185305621368439075712076247475768883286996868193470712738112249547752768336309574566422991383538551411820443370351477863664912635298481104774544908993588668330859539578036875926766399748815635220348227121428752577621699409824450708"
"63/100","0.337706905354037745454391825585923372698929602671869538329105045116615015014281981087821829844165040980874273908137353264982106104951563081151733429364215578332359491906759238357343487771253722079360737670486861187579183522307743764352900132586954499074330249509841906404848767301541495"
"16/25","0.369042882867290134174799087801842385124858550795390439965890416928899886525022888853053611889141209526202428500980028848423241732548213865960311672158529448472010646662711568560736430980461372087288018722110997037078203247510294129388400836567882891026293656263420514552944701312528171"
"13/20","0.399026555660128656615876173143271520079731563195870247577479100446255435692171544784674827343098742526193188732375133051534797340164292200131871598116610902702662218879247712701362523758752875376380559738425407883777660154785909212772970193387997313676662617756635952854470134797053522"
"33/50","0.427685993960321759843157099163939471824464031430756589024860062217972783646992886884095319480522213491841860856808111827928688237684417665646310127277067778770983658952077464695034779367954269345298154498732759468336864030672581374782428324889656867429279072570182725683264885943193446"
"67/100","0.455048466945722302450916496535329404382211208597528914284759414786631137952710741493503071657473507400891358098900977776963638876948803859381242020165219580545762139453376760234659308602973097862492330738080163188135794901449736838133387857097020010506378785372240980495249228491426199"
"17/25","0.481140483825638625188525600212092053380454158503398027010238185829833790209917461829523718404474541180151465457966945866849770264108542596961815979637208185809623479100457121987518175459449136634810567274238288758102499913625371395914303460221690564201766881154010544149430219094994501"
"69/100","0.505987837293059666106416671598085379517539241377982543171055465373226279917540477231884582616784699369579715150150920054211263782540786749328668710073712915241001818859342148900310937763240260949056002426029156328215833763576155690041686191612375590775094574805151774075214181643908854"
"7/10","0.529615648543390790016939336748570373476247962179254002964297425279973081938618901983135887892384191414187228337235876081494465140148912239843908229892241240317294257953205997496688618063261412834219734944766065683285505076414294532980337765271416863479775478810771968401545773568711393"
"71/100","0.552048413154949658547505488554299746322334102886297874542680752981897314409302342556850706501171162186562202487132121520044739371840362269848034028994424264782884099505720787733865631232259190192017713385924967314650539564987738881759402975070384743914574615172886509175563381119884706"
"18/25","0.573310047215344604490774801133119873281926201345192731642977802145591357103633656557220211905875202253640023532793996027541628671921511336886450795539530216817970172237738097088212507011118887359274640128947719669165979368902540512648554494745344668904544766949076632800552390239378704"
"73/100","0.593423933157591773007493877911186959361081947113086394503601848857680823029093119779642000260584193153810735746134236982925006890243840909141863584386314854731570301094472025661821674120209677773619994975369284958115029037429065806192570470767152891527438620062641991021429275586881141"
"37/50","0.612412964841601891294096672703100806449392109095032218673845991145786639624096837487935067398778639263059597904873577437079872441128328196641048253601363612791162536193433042868509683779815987982951340229927243064935743210918978170548762697982458872991335585790378705297594144413399635"
"3/4","0.630299591481440242149744521501984527142454871070316597826933693691300642847997234386089716455067814979298482117727303065148059824848749207708995919513499092690625418997795441209837982470477406188289056068391091111412907479335697669088433990704147517276843568963597066285193167432502974"
"19/25","0.64710586007734298157241051352508443902226701494372123866768900227397910471576157016599344497251779558140658155444876018916267214556183805926539397502067383896086130476553303714257869367117377458277060301676330163292184487658596833595961947143003680090706246246102481197615056527326665"
"77/100","0.662853456064554636094555877938552659570672016180524867100484558240022254299568247937371994633411752825593094632754991649559075336178737570003336479516216847651439285489008176900541392479984933833143784944044930889386107191160069714205336744995864439024589030435840806477260248152175505"
"39/50","0.677563741939236627506698534250455877543091451519088441158141619603307478916886572567131563014480164891889392960639095821465172224761863624301862759443654880472724134206954950180972766081673189105649482466066695162423099730224084141544103178373600173636007510346720557647294186718707723"
"79/100","0.691257793665504761647866065829035978655518068473948920226506881003293854150362939456378415152589054962009710267748108867408746791679592089021456038799013184308116938669831017802000931118477444639212087891030586512176581120948637386248782752039180244321498738926025028615980519529940372"
"4/5","0.703956434707532780914508516137195098878920545018791978221716019726557890479542559536875161486245008093207833612364135906225863164358011248082693527723766743730628887151919431878349091391050937078380859116024364067116915969382058079657533366656707726149550142659007694929307342870368556"
"81/100","0.715680267566993742653538682376194187792420840720253902230550650094977195061679059903558848754691231080736602213187658006673684154341248912177671098992935707581529662044011129250843453279585672374898895137209930780086090916035216270240888203854161081421542988914567513785404128180845305"
"41/50","0.726449702739229377972320395072335614059235180535097176929735814163512432990462437148708512238038033607482415635944664695876698327423760586617640856963231156788475824765046925844996814705057151375919723737644805625987326854814101172495225854229712947185965270954723938749697955656245447"
"83/100","0.736284985031718572699232062565340097823231026962373933663069791051948414286167216194754987738033027475847579734555449030641062945484308061595235625499266856220472227904910518391420820028352724451760686391357937396814476309385659811959430425271547494685841323774032180300898679285800316"
"21/25","0.74520621721589558262465856861221923204349691323891314607087971621805784325442906742268585277088944464077648658029162363608844721975294666006377778250133206299824405686016240844125111012108980358375223346130642930456908403758145514115537405272869833084743358017632886210653242489726583"
"17/20","0.753233381008345440726098604894595443944136160547401850803582635624363403929031518581005039823206477846592014600928061285002888130306219683214356347345621037147645722873288017680481138102276680228027721146580992561763556010103761380441937032913620746518281024173896724434426354133388568"
"43/50","0.760386355400045705041909569733165072391289098722079987183767692456204362291212698113876039769279756347768685274981929059549313268194359216302022543791805373723943839356421222784014202208346311904676406286743998990591975581766219657494814617697360723782708261753771799824317972045144757"
"87/100","0.766684932372771441643023478245596805780509886760900739722036802575487839006738947262879722718702289431895795512041654716334271527643663340036816587342967957660632108727682181648436179482380521677993000780962485337041334518257631054381027252165814247281722491131005979599670957758858961"
"22/25","0.772148830060153823760482648607293009406095378763872738649445733384274854205282294732723428569620662765392716357593510796391684066510775496399899898902086369548978391320224006272086252686679648750722036447870193168705616772186512608463118254649676265064411577001742739490857321607077088"
"89/100","0.776797703427284423596125988119587490518899067630697109055263003055488955327473973400683413325294376946466158383016867838357682505374495399133318278971757096777519962767745814076175977373061916595103848893156102345976596017633524246042205426588673194600423263481696236248554286706408511"
"9/10","0.780651152557276296759949211911025723543087042042016944259497588533302506573417789650823303995259090296382173495542244464189252459354661511626992514155637609366207841051547811591929044270217554995843468591303326045882074099004179448351277350564926853869740644459138356141816424663069978"
"91/100","0.783728728645908513001884119281101772950163064132149700982353454639110260424130916447434856448314176475303816997585024525078141120927478883154381408627188746949745259065491071632739819609353528982133564868875124960107053528385625787604894302972248043430384997502719099260173180850772512"
"23/25","0.786049937816465156184422118707398870863916352324299185567310368327226782289087433377725961291783601312350975650017612807952293997972756458749440067334561916385964193423429592520322625478684846612839800315330678206052615493605524299074156864564659620718322499296955987827030572759698689"
"93/100","0.787634242876200945014905339646095871733887122721142897060638173392404415493395368851560878938790309775082227060719512736340034764785112729438747368644360085682583712390239950199417332850079264553570907957783210882875346048229464273428530208508391815184991249550250611746626387339606994"
"47/50","0.788501063143589280657991372626449142485559077979565879934015648269571708763826687010175947811923952034189980204524563684166065623733064599500964010324122481345702399964309043493614927384545523414486973772615568297227462699445578070468874738695621569970957838372293883740579489922293505"
"19/20","0.788669772481700068036380932394412514213866854756075381926763185203907828478404813497818231161873966186218703776000525408690185566764665181723109918598341930499720243475800449110949073999667181990854983054362474094159486653414119196280559550389556271944128170266133748191627969329424193"
"24/25","0.788159695677780434555066768383407883008859292511669932704292562083391792451898123444321733426639303352784480855690715539749305149939953449891724761022392225910211197243685544971745180415367941669688058674201777689961189106625781915673806896353506712127351053576744695572874290187746655"
"97/100","0.786990103312439870577227711976886162087704583380029663863119626902463352954570638044925464778689750945452999998147577275975035982281614611128567071257448333269128897398893656533492385227045384161107716575446497560988806657446737335047436057669025784757256732762390617609226563347066391"
"49/50","0.785180205263843489333064519877529349941601161727421906715306006621713087331766162878219770403342749270615836930059325406447495103560081293520349810296040917746989703151295424707833433999202591384766560707757095475989079783375480706191009255769854329876956830080932713720190509953218978"
"99/100","0.782749142993067391634413422482591530204763537077206866435507552767421198228103237236400750781940210870009763828249857086713819890670648221172844274839812401588979069966665834828933255389799554121860550526207040111193232268485999454842163612364600453085962956799581345691527180683451976"
"1","0.77971598075634622512913200316129164720021581547278858592124749753726073347089180074873080793698919722031317125211932178802305875293861885081766843316302742656371000234381445192187313146456685404924436408177962987200536769608903198686689249954208045973626699149878116527034225868362385"
"1 1/100","0.776099695888425949973427313612375186818122494350440827430704658523265576578581439030580748989290032363605419784513132910154508355343015564961643147110488947303541405309149273241915217783961377235169849957047999998142372752400920982745332601795210709681694577613803202907863734993928321"
"1 1/50","0.771919168298708603398904291425965445172819813285650429692910993313342336638459574094493629164950980072890576043459770994766660160613096924265461625669467145833676036179147484830339079603007618334056682764221620117305878134163167737464929311925821864930512545950116114885796928397830798"
"1 3/100","0.767193169318427151541996854452631955156811527968044504653392592224555054603210109374869267305089931118829244000954172995287223136744802578890094324750726078585475981680058613978988021038893014312729715802660450531065417633427915101639749857529345028396097162246576840356366393593480172"
"1 1/25","0.7619403500328060461456135281757477883887682338478768371905711750323451809498841529619201658362988186239537830572108420816127044942350215496637938939415431823704749722765126683392738506267021473999938852986672326035827217470116196044106377722952885953973137822367595348961651066072428889"
"1 1/20","0.7561792292271369907209287358260832555451576423544348941125810529711705113659321570399902019747939665145252423952642581224420259218523544477214389490136251433045651385068409650316273041398249555101121472364279359216708348164006202519792661672929891181312507802757988798375205020186516102"
"1 3/50","0.7499281810700204714352954507156646707655121102752431819822414483017554404619591823235778425511718138262007790546870370237700244090535726931412270634320181738873686327617075537200114749385568135084700480983287492732582774354540847514552298827848126354326734350925790629680366701741494405"
"1 7/100","0.7432054226507825434759688334470480454815478545830739761678348882916676739360111014009364391960614310745955987356772548542421058174423422516474490599860574529231882293621105764639565502790601325285334499177874583926351930094942417208863703212188209777529845023095016596207240628299312401"
"1 2/25","0.7360290014813630378965820196055161969525937808730420918768566182064995658262253579551532899696197459699430202230029281268895902695309789200709946867489774473299200036163367390576080418855506663722423180114908765020891481751987798126534057881558894823574323152200001371806711378872859498"
"1 9/100","0.7284167830658739789361590887145850771765694049310706272092970095406563260942203438325323375579674146894268239154103599685722315041848838140659306028759483617082284680387391721546259498872816885622810305659661978822758555600782474716872818888524547677900256585435969973368997853652556721"
"1 1/10","0.7203864386336314003875990134556298851261453811443375908053417480418731079475753531967089644586850861599527402605702700871861085635354542125050472830097359318065894394745368108395706972772377203970055971071967465278576221996778202644153263068941667710141855364371871958051085969746356432"
"1 11/100","0.711955433123852653806295520263249535370288313784273345042207145853723045111075839957214875804341120052001897022196433865157338254973553184226329367905407191373381687764727991975639077448634338861149881620701927173525423289787427168790911424302707911535798303705677583747453463714079417"
"1 3/25","0.7031410135024637102731438906998894536157284998663721752293927041311455859835310534571921046325500430213242606746926961200662886217577173018910933432012932158254622777211048141391042820702247217942694728037287413214948785037655545907887693280472893118797919037612761618363339751321323951"
"1 13/100","0.693960197483651566230011200092797678917294614882995724737301329131879595659530397370164168619707960105244227874566225947034232685036960145671848887181499518286692693633567964016512453554257705198546110818731710974362437877488510198323324748132061442041517733245748550685817849231616492"
"1 7/50","0.684429762720995572449468307700752658067275623252721343525033840511759894140708794931813360600067192065305488245318334222383959258901803300332612634435667393958083957399098580113040736981714944128787825298242218403475882816319052967855317260997296743143175637177981844809234051123902301"
"1 3/20","0.6745662365252830118745247214845891258737617336055853319662560086496771463874212661851096733967707533501448876665365062878940447152451386058954079875526074057881889927410523227948336806354095261180611465227739575383283346022273033857143239893348995934143165503848073461776880806100743"
"1 4/25","0.664385886158517735916263479965568014136770123578042726533872713266006989460421809117963870375048646489946933887344438828895789921495792286162308587584458652427626560487498748733064436969188056810047573779340183182769669085993581078433301961524640970154405519532620909510302092249186042"
"1 17/100","0.653904709746219560603941802433100679111013329173840164106786392493200034488251386364497582753781823065017292464033769660331301646786423651606783386509594994932508118591612655638840046824392685871659193878032764189761460187534969301611743024703909025737628483960598395248237582795246087"
"1 9/50","0.643138427842933964791590857768369739460997074306527344436483106348929884787080304256857898529891559336344866989828152915960881486152462377699669200728088420682323634391779244411148703446342486234908080004165390217911435180049183749575150038127458848222450170512800732220849169465216579"
"1 19/100","0.632102475678968016456219073387006298209980372270273181709138771171676675314589087027455221467582436949425075844569177771124718566849885445725906863550896816958967139116520610355586786215786834332966520761722224997958047246093157585826891232146326476012001263920293797656647197958879219"
"1 1/5","0.620811996109775048945222872481814248487844470293318194025703584083609652358755423325964119595287453748092121317027366742790738555439650897721796098231787876641234574758303268519343173834852389250638316865721435550719006165080140551813154519785859861474939148470415980739361326953325017"
"1 21/100","0.609281833283157255896223820497998168879136826610253842832001461688838241721980011602946367329455325824667672142893833183073426710661506217541943115131527828354806947966302802597365718930426819830871559859621784915526776563565379366517083659321997305954037661760073914936782737221313319"
"1 11/50","0.597526527033566241776696527995509831347233577593885013289018002262821818726950315818892308137677258349823393915722438947245948436423537373168336517136097065463981824518849145077612048418767813578378097529990215871675216797744818778451810393356827333433306496283219205359200506128109239"
"1 23/100","0.585560308007275375597813020065341732366079469143172500750111254203225385411911205135462889796906053077538840014432602637604816026618382750909429238941288937837475009079804640610703314305214552167483234164249830322010056406167418652733057765068156151219825258293403621243442760868476763"
"1 6/25","0.573397093517088089574899656030074227410715269309558600120477222931786815418988376602182645270117402078369699498390213853974393555724490775421059009520444381462949139248596571116713067732611621613478865953625535762347083675085509222231525596127740821862053626803486374850973840556966007"
"1 1/4","0.561050484120541714911285378059752340199938774141022708214903251306699380219920985129426032360065894778554058563786957288256352264121446987843598061161584054555646714199221792418882495127255405705873431327215294808751339037282576800319988310886671099436437223787847437261679504748672961"
"1 13/50","0.548533760911271201818287128187676788470064811536278043866618559555720402417500398578424696451103948886059586107092104673370977375238189139223093129259473288901211039772468839229440108074615588522607481658944298943236221263172265881153093219220994392480269853615019236527639753149658887"
"1 27/100","0.535859883509311124013367727690525643110452074948896154444688171535945538241157503470586230573002572491988787782783641273573228192833956129621728069505417761038551261179730304352848082839905958969145439738101224234032580960940594250975222531258939727276107341793236677671165503444483588"
"1 7/25","0.523041488732633945135806843996795134495938599204223404965996416957042678316446811367135363986576973799730225656405527915675921967273964023519422672007082555292833413410928691983764542504767988534289511718676270973232286583334393155708191343049732714595207563166441657373025020743238675"
"1 29/100","0.510090889929140480854691270800845584827832132391243143243826429749383674626054466381111901784898985851057609805959436623794957452138444542172522452871616329382752881213624961712661046941211567517007886126309242450976841975470409749690335156513833412436529531364149282914188443978016143"
"1 3/10","0.497020076945624710608277861339609500556316345045274921917459985616175472193327063727952651542635219859453591823755903769755371486706824930664950870818357157968892444205907602441088452620417438911302806492926337682427308719264715614915154203128888941380003509890054449836807676891092739"
"1 31/100","0.483840716707916889146701563749861533463779180703396361745782303709169898717317675955590376183253911333009799794546282258117824646870162970824207291171300926112664912753195792122025231496336497245832066656427458548401919367102277903576480743947844382635796349250934397939960631649431694"
"1 8/25","0.470564154384451410405353158962353675607218301415063501588206889367212823381878802004964633163234713701300070988938918888793236010443322245146830633732829606949336911820837336770941714193018184907590282492823885750198252100860090203873052008547221893602257364516431227395191764990544403"
"1 33/100","0.457201415103892410837376072214337641843477803922691366532391731486120528425594800018289752011708184956565874940497746902579721934370725466464033307725152735065931536783919216638414836833384589920718662422839129496850713389077763757560951882423284561916322397498958684904028383628380664"
"1 17/50","0.443763206196162551145306577204625151347132544722777733492908044515358788598736165554195537970112461116003989059021330434346653080708053779747398133947585378399916465165434763895200090573109044309256665047249259154327140091905969786646142545541012992491790004492184342900762996981432477"
"1 7/20","0.430259919925239572913120325714107749383219734760078090072057058587834885856380908858397683343668160893980731159622491946636204502757050799486076661301834340299487029171580875821554777229059482812612048664620746980085496052817634168725266716369540763430574070026783293319068150855404733"
"1 9/25","0.416701636681391107195341760075982215367973075501977536294838427819991710307452733890103589384324694016137214537239873852197854664545831658106811753348381240453488696101613440530989065984408429885180405816371949113458188379867828627039918468901384842144243841243551322945854888528565052"
"1 37/100","0.403098128600090366686610771017070515665052530415137386741910969851251675328214413593494389031227370769863260162592836622663990666423421836891426116791672360491890945680989333991656672709087377886658808919547639080416250489175994093224569395479797225458270884412600150443829985244965472"
"1 19/50","0.389458863574673152298637375550798867998427235637937915726061526582135298990768541395579556568820084549497373561296363759766493359398560709526068236947335997088759055543177369602973937248789610221227412361328071024698531794317930178096580598274115162510574975703406907986572517150440788"
"1 39/100","0.375793009629839508095312392821296581540554623155383207600750707270616115500357408101940059452075345449671273817968481821519338340165204692795967630808351677519014296338440081332546116310751758186137594329105212052271007596881827913438669549345515583794525289976960579085830210911891403"
"1 2/5","0.36210943962335117039436088337733248241323185264350274457023591138611786429362359829770641892323278943250426792678953968479570943427598956579509263343189671821267513700877645021780879018042589861097389798266761953258077396623415932411313214373246937522176977544480469304131927656107244"
"1 41/100","0.348416736243709080169966224137159598958908111436520290651238904392553309003334180071235008263651262822445654025242352575680354933798890523377496069597434267217606724784922833175450638883854303269844194151320453649924545029027442997867604316474068718200232584846807021773965379352250443"
"1 21/50","0.334723197272194923611788112773119017558741579157597496846032749572239636460800738180633597064306836509550994524809010227374428228918960815883047837142573716677303521298165319314942519534487446601310703272035514051842309652107379560354845425403029812114887381077230008265019741240061323"
"1 43/100","0.321036841078409340792688666465274583060630244546325362864285999739898933501987023475612491152650091065008309891399827908884569060192838813323300015466696468323675084550408352370471812738380716111978664369656564810952193905942417975609951961462234338521983502160813557012215035387617297"
"1 11/25","0.307365412319320997065008015561250730794968536935958847969918546133919862170603357959004057085769002019071462542246461435739860481491578966271352011997163877213047052754633573097348584263156401267952538691290036685322828243689716561033724570124889739904487003666039917988725051108185132"
"1 9/20","0.293716387812840997728090503293976824284898862163637920289996269689183692115069236697241524263219690967323444587573743361812443925417657512543932376607802592340729790365612548430429581379737221834450918580236397185422806519987153201089318417871810274304044484471466799482926226810184956"
"1 23/50","0.280096982558044602643136502515078277256368342292503843091231075933929714383872811400518506493084727587990480454049658309620496892622655561797000247119730422448363891849239622909358880538650929926488805964835195511235976741278688998171553991575117080270905415253074985242629970082312359"
"1 47/100","0.266514155875368930496187795212355171919063637962900169119712021259146911936740693123425373066626586310225196546541226039934424867012338906379816676746908209787640389781769804016021886991854388261407930155084006432734288849274151376499040853678803477685945199753182518422820140398565942"
"1 12/25","0.252974617641418608389768321446889678843139050736344667535982460008936558216138989294541480594242962934699258000482767088780792969226860470334476245810011208299902094770570411704951096386864366917770522175984606522089011817120945575952987339983517386720621388867381956424963673387702789"
"1 49/100","0.239484834594416267712335341100491380222487754687206239548899137453045670815210020411734688212510549180666775473537947444675503103267269985667516266634822204848250137209532998388705101246437506986140191685441364268920477576854529127148805300940622534326739239695588349833866936237194836"
"1 1/2","0.22605103668785898739305216532210657221166370975045571184057410175196533672851112725163940528943701567617885022855136562053490586517923684263026865103240258091014534847193315803341629323142584745663247853511503324632186450455776920394837980754311317877554143491998917149577284985229892"
"1 51/100","0.212679223471623281439142711080386125013724664856415156250916240538696592351339311271401274146272800046832831220460046182049961421724665689376739420435936295790442697299557570403545070438927907709104154409513896099190296599518416746529382215917246430972568226594742512266328876415277485"
"1 13/25","0.199375170481673097609233298785688671761867988402541031471369860891333228822160636937820409245141161527389988876161144473082807856653174470400153042413403761031150459568618937831624850116070777189843160605321146791592100359585609218629171358305241507583809235638879979211048467273266294"
"1 53/100","0.186144435621802887959180144970786496083089558796962235933457136707054137778192458424994528988049990244956115419310089192872354202375845974498034132049162002503937755543655306034097229862635391310044481874552316208233731397534428625161129019150966260039274073282902261269207929503552927"
"1 27/50","0.172992365523741342246437461363072712314689116264618419234116403948909841458649234433955981566026095852903116454881581247059320670936181136685492674539993886859549735839381409347797109803798291525351847021052739125606265964835936744842038170892709113038589401881764680098440952495367755"
"1 11/20","0.159924101875921245114037061250527304515323283835121630368198141807823106201362116724236552439687943581334894487744111172594035154311519558504019619933759864659586714377679752058828395629304705689155985327509077077096389157326223435400589108473425952117016685358169908343912525119055285"
"1 14/25","0.146944587717197469564375747799604829267022445793705165156068746206104285702164467405000311639366662362894464217442624908975760233197346594582270560676613412639179104365087166314429526186350535774898929666925709610857811112932214946746428359756868566716609864420195093183717808757159631"
"1 57/100","0.134058573701598815499622320205761132398892094013145535421442186235359111784996046541085501321150733577033083248879836268447305171519341841727537680629580410912536649939001692642630893730809086216482497229346929721597308460665351638617069959451915134723795349109222797467894254587215801"
"1 29/50","0.121270624357687113137323290875879305240361997374890089196942342145097032417752129784108985782637900192071634161819612801435194635236467822875831154418594098529656931673962425664425104097564503288916888717506649987894737137152359797416108084563827297169544459819433014702513537868083114"
"1 59/100","0.108585124399861475766183970824262486294350167086394212229290138430955698233668200541788465136543531007606156346080374157468467042625813183063350474312643322678754619091481328933855659046673739124531044301725240715686360195158222941762141192452851455264799733137730040548120641626116357"
"1 3/5","0.096006285219443743905590696826004481281249600844252264618495846041637516782489205251785963848770267888564406970940874851723591275312834050739083736118123983583406399023111801863326187600792788801582820842275770223312912153869604354079268135523080165964345202612022432850698499315605128"
"1 61/100","0.083538151843355558685056810005531746370449904544789921128189600332879062953160072531392540742354101786049892945036071513678210440747192457452737954577972453580113584416507894283013889921007490594573910406950911576144846199661853693438151173133396642941989173349312114922873006844340049"
"1 31/50","0.07118461104755714693134671984779997959327957335597149743496153240392221394639132006001116713164868699452252724671728423867484207562733271907941143993000034511570247293334449191675374307765093863741712970517599305525740535568186601082904501548628510798674332714003936363107339192897645"
"1 63/100","0.058949402432783203588034921512997750518019526226262122505558147404245993177901433239503091149226125555727511242044907815266879255657034237358735741337448433172513568787350562900540769470381356377384476800914305204314721961433491166373267990138919424788887236119235007830952658001105148"
"1 16/25","0.046836137927126528188798059650237923528414867893948326103678930687890891479554841527002072389929653953006258252399395797938115804956750001529586177068595904044591620704374829228513634922776429599034025919931850681099959418975272442449166959369877349883507075472295518070960304607008071"
"1 13/20","0.034848349910754060203375428276685801876594791505457650308067250034009731369146952892542686510438422890243201542945191005650989788369565034613414398724848463356287828406663090693671558578486064885296615340345901239734567638299407954200599045588240252431057765154531874451556004124473805"
"1 33/50","0.022989670131214307929164225806203730808252592572779995409677024775083000099987163848420129757287485502939885627331233611928660193363455942006942650919648117210630975901994598622495553297238195275948295999168462295917403399914496677441829563695611800449399518674554463813762523180259979"
"1 67/100","0.011265082727830885258327966141446546201298922739297828985105026074701405438616813414367727018634255315188445897298586850321640480262654848464983328985233802091813131245651294204611765682429041219715719974477100885135025033274447736713586172922992273091134538015027336519411021826332028"
"1 17/25","0.000523023998587025994462844596944412783055009541004517541770607699451684728177794553280707977427747719822431693547345476405297098515471134608758546714814325891531181855105825315380720901989776589934140236796366295871737487289623822759037142763460926923589111736734312413059985816793401"
"1 69/100","0.011798564862331316974073110205124813394596471815429657642550548347594839897675509500420022889963687680548686242807886336874831148155263913120766790797879270107370475856508676989854920007167265470473382307407141445042955872134806725616529696270964288650248968844229821618395119211203755"
"1 7/10","0.023111067470389279516184466050746608494138141902413716710488830420695795045053852335453139129156945104174696815706279049007954414474871794121473946811688090159053400767491471094378731631556070955222161004759958283666782153556001765305045161941014081711867433443749532678863885327718361"
"1 71/100","0.03428290478922706828220894978516880583027241275149797256426904985118757355452118289985528696464736040464091051363714018713188555400989948825518585272714777724455077635986390028121848040168688442457525875630811247491237489478740339633033239511877696413011920188870594525830435619538469"
"1 18/25","0.0453099305232734753143878632507771959374346525410150858273410473898612360868250724545435288312693041397767970582216519485180770850281409938605571300678035523284365059790400906763186033117121437109965990201753274589626502468964306486659079462778085370223718544389024152766950663085978"
"1 73/100","0.056189416841786541912465459743729128002173022072966029690889838351541376674576776512544883524229023951544381018831135873870017398696759487924342132160103587342480649655832455708416678138517790512741863343639961829665635053450718941883112825085742257155089789377025777196456826545426532"
"1 37/50","0.066918968457030181144193490404862753568707972321773840408330438001783219538802523978547793729644121971296344442280742553369188625846323062406804289576317615497535710771204741313769624891978468868642691602949896219343236558940473692528662391749619224479331048738790981991904480979245418"
"1 3/4","0.077496360616526071507633859531231737308146653505640540452318700640358913133612660875290665258136030789869510387462344875274618860027308613145259538352623417357781009519580833141654818758707005749805123696947412891896806096583866947078111982720582951300153293804444847764061461435871984"
"1 19/25","0.087919495739774994223012198584624318565807804029050651143140509701168709973953876324914994378190592347511295372854761274886945976934165722119165175085721538839753479749376652375236296373160685856480291457252682669022948684309330258559613952479791737674653249538773217152816358855186186"
"1 77/100","0.098186386847339926086879975518159562980166816035717714862688570397914049375704336091731036938922945834473176218307553840745766201933496021587316030206207660162726709710931202755789531189586147405565159291123568769400828001745562354978296808682599151033775004504333206765535127118130656"
"1 39/50","0.108295149191832563016424897528907072550234216184245974224842752057058317724258589617741027676151474399593397412737345823568652635804839475693878436300618942375724467227267370984520306685932954402271612062760460248439889583364866521440140917168114491978032406582303722662879641154058227"
"1 79/100","0.118243994981921750336334121662012208630989476562782820907544319132571341185580010408591966021183594472864829499822993433473067469727498251454623992761786705530278504406040547248360618244360975731372421173088032403860610561543613471188527787644142556936930101267046757291781536210912522"
"1 4/5","0.128031229485520822801496099221683242916763380116223114216908696153298090676448847788456069507623665296958957110377417311182042373426441661876400994665927224492153623090566102531412305123910376636019951200081667991413002873289984139487773098616676337701353669521753303833772623488008863"
"1 81/100","0.13765524784806711215438900067537060661662359612846392500957739272847185646553814538271126665870323737035450746625042853730886480905457730081994108841818389350654451784748132866430422488532054657841059189423163189656336828699153972363005125167520003781000392006924233373913774291063577"
"1 41/50","0.147114532337975233057566855313585073824561820608519417981795792632899603109695854816478229402283068807400143677389315482850512260796342685342874036252140458383701928564456850095604087980499957499229220762772753108368981844720770110584499697220659221137722400097000264949634418731435483"
"1 83/100","0.156407649882122435575378704554049180819575221598874529353151315326962235774232055712435531917197885346987603057664004095248178658963396290202953551676847192733584005063610329869230629591894927759874507541865739638244657858525229146215495673153343009212038467869361209770494563298133264"
"1 21/25","0.165533249820237132603869896809239877334207451599035166896890935175630784345263869719493811188632902959762218367692840692277019187602238438137295637648318582056613935636825717542980194136170719906346699686658883577589264148445330384898393309578405041782808925604843968597692974581007863"
"1 17/20","0.174490061838100714701661807164502348618469414224813580646648080860336480598247327039775303031661347599447368343170220238067449346062673979531323222153384253269852131073985078036121670250354732307718731249822153868086430005113604538017987888953611144842382883076469296635112303295550728"
"1 43/50","0.18327689405494971056749157969296998951736379574666488762363275713172207122496349410206410031708704248080832949747067193531178774918233958616361555164732151411521333402420152133594978053105434116471291665560471096128271823778346736703986472904454001451048118017293908659249814737283996"
"1 87/100","0.191892631248570326214245436730714498393143294094941285398208139247361976394417362955435119666301024081977305117450349652732293800668359410449807207893713494679413212237155625689874017650702854693994978767367509923370591469903752058190147315960174976097556714038741420323325625792044985"
"1 22/25","0.200336233206001951864229348191323246989906288198948283408049982322508590244298016402294312583487223037288067610878969504424140572321783513477133814036741720617031093996968133075071926023938210861075791033377583910008374949520451868436450122272966697964104659952477464486499089617864278"
"1 89/100","0.208606733190270400944884618200995281580041906633012895144299577800793553457736287710944995254063630787721653607200067545062882115879943540746026082198837892467393492324304247162704836824641699342033729163644180352396897898438021436531071375734445192928635727964364680768313607372761627"
"1 9/10","0.2167032365150361347067339148435426363472494579997793176799096505851891260115678370666730169824190503019618085437873925184045735842083576247276059816886696380443860796626697004782408915103719256086795839557920952165531252851247295473661420540836201082756717971278897940205893274607232"
"1 91/100","0.224624919219927103195302315379445177185757379058958179578749450806442220072487280455135749605870325741688944247441515528434146123210582884840147277068238923396830089166695677437236764940663171656679609746647056897887366823649497181452994593940215910211158766381746372192668663698197697"
"1 23/25","0.232371026839878874420050579546196203671618026083779690776785019051616297565853863255899010977467199267368942802907232513000201473999952980947465799397781616708024759445196218510884944975246926367346531527550137928221491824041605325846955154695993838428175461657907505512696012114537326"
"1 93/100","0.239940873262165487570281333960701671151719594360852076941018787679481746173489987546181403881366714692232115218031331510302843393999317488076926452737270730438089617943220182583177855326076579817546112879236854172874149944505989650331199707871036192938526992025152323935000650550544797"
"1 47/50","0.247333839665052891775919596611882428479214347359815650356947738177935645664550863884945683343047030416965843383765005289043501215022095259950081969232790888341982217019210403220837229688906264287832959149302878644681435504918380943280520783628149902803542696526664775782455414382681051"
"1 19/20","0.254549373532189998161199700056629368620564322249065593836462418975141683454273143627584580705055928574710959954410279320921945257626566047706996311419308880977501255775236702554316785483957923475234634841347706708577389732222820056481130386042489987173425327425767185201183468159879154"
"1 24/25","0.261586987736998578576295669130381223246687642813261258324281348868458177106843687879808993189059440133787761675152183555454408672812471376874713345640298756110250862771170727220184945242948394705609315118560462756312996568312682597791180850152386377255341266052492833443038681838878559"
"1 97/100","0.268446259691449781224088956396534282933648440746129201417803580793913810418499686850822166426649103996194315649008646240768436399818444305393920237812396422476593016573619117697680575280185672868387544744525264461492201150543593197040510177247487525500541828562574480261208907315913205"
"1 49/50","0.275126830553732593171873530457470372316039583033410381303507705556036099003994737352605138167340468283459137780995121340564361335384595881949052517289734543029379939440308256950656294541862742011090414893135856489143014020640684581924401838676254467076636483283535619657110333125319875"
"1 99/100","0.281628404489434813608988593550452615085527060283265590460728970517564172893332919769447854132367397534986943004104313937649040589929363143519825858294740416799819663216838478738944628362620291531146341431065828586669092716782463013467815262707506774483862556080658153153446955872616076"
"2","0.287950747980974139849703794201946365675007917837692598527697928120941401828241893296573587208501009854046570980247738143605655153404677082851369282107862391117720802016745921643868847629858797569784347750849523098027388344214513279089533818348438287914262007056183753405167650459057341"
"2 1/100","0.294093689180138340213214778573969956822786027922982932271144445987798918327911670453046756185958058285238218428185597301947223320440509211021946347735081741326945369689277128544131747105121400914653396006141345342001503842031450675805662938924551157265537613354030382376312580926516788"
"2 1/50","0.300057117298720691349636502540865689851836914588168574528653853274450527884736091912024593561669339560452165903270168303614573999310067832805926604192460702134099373144256502849752526740182102180739051547628746132849255873179784234898813420771566435547555438467329127029389890132914484"
"2 3/100","0.305840982032370713688636119164938421002334537242886045599052963224553014694663808739189013748037524255730938773917538175891800232297107299912263629456044448452688818249287120692267283164790713266979351832127250592049117892725559496680657211525669589625126033180286944638233168999773921"
"2 1/25","0.311445293012921120098105914850113163378548325998833518515946652729993920765388818821195766287802947857647327497601464608047757386644255573945555154169567506348600945052694829656696659341719158897417735195570617426447215499655431967877473022581363919580457430475228258033028703431408423"
"2 1/20","0.31687011928459987036166794742410743299531729637020509398009130225752827249642005352609123413441947197556186786666682144024396171921088791787381141440380768119026088900222453476345259245918072107831144711360319732958610150700385063040062667852857222560454901410364451438271101909520154"
"2 3/50","0.322115588799691162961502589003427457884896216644190819233215645604874737638364554027968542805544169530835979789302015466735967466173916661850568350100630445572754834201331344548383978089658674763793876077191025661944023036768162083318563862937690116872164180909279816697629663487751739"
"2 7/100","0.327181887929370819447066967494228698970518742454235677621954921886484315404650739248705600313530156637352599729286442448270468378633366421058770733455471385742023708528914584451439306780806881272052851278424705777684622249679903862711158362810636114934065594421926678384873376440255919"
"2 2/25","0.332069260985609450164211293333111225846325545665120782816966908759801749801404104974938372601512093600565532218214539434213211843312640540232715243713396108215189521307488504051961665081095710312919116773063484235333716197295660988116391713761447857517974431168229930718984621183719842"
"2 9/100","0.336778009750210588506078986794908573282136728612470314469408535122356881914646098990853264190058062076438179302121841575359617237865090127781421530396545447148583456468625796404256090732851934886992446158726113390092837737263479495605239524930978627745079759118444802645199426562103758"
"2 1/10","0.341308493007230149850619996096464643581039841753617753731766649411344579979846144986173494964176033029776608673418468717992027676711199235902101046500201439308587247145557207625315804555571853844374820294873599530364768603378074480580221865267801584371492561364792276136625628933835713"
"2 11/100","0.345661126075207581311406788603479959679797118391145115011854228899713279524680496253203763215214324661688482647046074698220942771493406866024119463516501019444361992668533825798343714524487203889945490431188655368276122812132584101604796166265809224918678141102177318594849584303726685"
"2 3/25","0.349836380335827364358878004089329518942101312232268659950966250074225545918344697892505520815763773723973515529580635690900406010920502578550452640396367316606845624326605901924112987404528023335646725431398856367717037910924200115807172984821371078343061777676796140124373422006832449"
"2 13/100","0.353834782755821541286067177406943315960999170753688501618651054993773595945478880017535490510979083242158448839706996792804161963476905069146084121230988589786783267277997973379694790742166609914162073601545508640797455357742757323134279884547276531270114838573496779160147793188501714"
"2 7/50","0.357656915399119072940638850839880585518105849544572348701756853504603902833115741440666375428221010400173974808174457501345074705445736264179115701093930453956408999356488840941173219996431897751862658677600626081329385850696256819947746675439740710317871325920113287276939899370944291"
"2 3/20","0.361303414926445505492993584520761415154750052755714396012319128859982350711012985990552713140965541666860281655047919778750558267293998323255561951565859357984247362801279082657597234776394436989465459140075514881184249632017586237581033035200982283145492924832044541383904934792384862"
"2 4/25","0.364774972079776029938579431196737261662978931469437869192517077277127054912904043511953235687711205581144999144924535384563658789844170759551712139630479405883842559294080146661284311245708555696274318070984981390220503790077444379884917634082463891018414683784609744954540822321480674"
"2 17/100","0.368072331149245959482417132828408221313339725024330032143149457425549908077185428008480986238860080049405882493577039316036138319410198700750817920552423414193744869341452320496668704753518497725175861065230419867024549389112018267391650104568573603948068911381034533387223061296740245"
"2 9/50","0.371196289420324327728208209780904876012598683109823479236201691099261709353737930493619351312301359236391941586870325925906064286679483947194652411409890376419716307784643690203050012475548206479082673437877514421514249384218375533284391732761122781591504413720063145278876651870802177"
"2 19/100","0.374147696599258128736315327164934859245172722740003699966160048242941192309057058913928333651056075844301602195921377305324506459398892364118215308481488432466092051431728887511215014947983497867393303514982035161437493259980699376762647451298099851606499054406011662604783114681939496"
"2 1/5","0.376927454214996088045450131774419013722963260542453803472321817801124238592327882101025226873379630048057347683930019986150580391612856453279803657893527153881089563736781767391683455558652962047546893587779960820565817121687599206580491331358957128980632121023055664484047053017200797"
"2 21/100","0.37953651499600118882165401404863898058911909414785141442535994879081096736069511045843221144069864683940227001504001776620832787633398872410228828320777752089722559742575972423820478091280441053448458738851428951165848489437114980736628513472322803384131289539741370835127342806713637"
"2 11/50","0.381975882220559906277855806574424201324875829597562198357806374519478063463053034011759530624032013869165991636786740435404414412385663885407447788364622250722814919462746525454073073752331242456287787792666414461637032151264876331063709859898895657183004541541164254939261679291033219"
"2 23/100","0.384246609039392665049204914090830284484348078301889497086985393765488845906026314248923247606932187290327573907531034057663446678630023457680562062607179894311458389013303096459804472162260789614454325512053034534158748866937535388795444814614482364093249437670731590139210271494152166"
"2 6/25","0.386349797769563880765311728666063632240901952801958873671620271504840920953771973864641279035445724662910778502227104075467673357009496102058454007002774657378520203788675060761641682215288655557765583392005892632800026009783363410489590840283722598438259968428894213650578137744058466"
"2 1/4","0.388286599158880546869962860516565864167930412123242058455748407438899629261130153663780207036231619035535160457278181105599562139382994251028873442110827324379061550117575621695271632425540734731829585485968754749111208331494238641523597424039940324103023970314616342859123410911078288"
"2 13/50","0.390058211620155166774563047086048957573251098210758736119015513422757072443085525731542150070551112033384006811774362835972764804818700006726528833170236491350127353397131830903567030162156123126829871352269315945159125638143372220933354320436481317301072753944768045210141052120644675"
"2 27/100","0.391665880434891415293331460298704049679006497056203814558656127206195640544573461257156612398534357722348393253039916736852211040695382587999723602038284341640400524497505790834552537723285087695674897932319484592217057301070937656295724098602243916871341763621497184483730326750619751"
"2 7/25","0.393110896926128769052758403093603964545088209371794285055674040142407003652897116379187839511131108575194808013016668337048631434368918302797064385982124067554240750936080888766114698233261801823865652809108449283877519662934277891222407838468382906011319580997164905084817912201575595"
"2 29/100","0.394394597600355023460213639591898224729128495859264552749880780160436607740288936112663012385637964182534687467653040081971036770192083670989155834736722366586246238117319933433504547839935574809599612395697143612316353699481810148913934144689234603574212752688493282062981640506126827"
"2 3/10","0.395518363258562688990449193551110444347779480443940952310858146286214290424892302359266428737882145455567442587874640317562938315424651552259442486682787410199667798210759917745300801205445108807357719254139145029488770998364100555424695679450404842009406493774212431515065600934072161"
"2 31/100","0.396483618076686333559485356979897978538855852315581547137850873113655751251790809952346093556086812024549017876044017949880662454891700750430510367139521597652221217838338985625406104902350377668205610744614285999339526688840150752129725656164915639441071220667661877020701554786546394"
"2 8/25","0.397291828655812640013872523664260301193188314914895118378910880882537945613295125840958248256096422304773207264587669266596844110202578482351939627760049985413137180143797572039837793265535027197426410709294269931650981106248575768568418583899658603010178748294038088256312190032280479"
"2 33/100","0.397944503042702936836638127077470993740010965288160753683221001886076989489019897532408080640098981805777272612966210433036111424083899451367225201330659773496972475068788593831589596521131222861858310938622347543553268562059773347036986544031048128875388198272146170447722429129970577"
"2 17/50","0.398443189721308924938793447757994639308615356333626192153757406545599846712665006298150845587004857375076296578487274307776328230653947069607673059913386742214985258777709622035163215853902188582782608195692760577292160607764394671182600152862037897604493212888971224842304488880436536"
"2 7/20","0.398789476576095984060102691867197510818899416768377904371495811062692692541388149514664078261570639669520201959629557427842701306926218528477634899443080941838081055152983723419953884522626342743958421840247669936626957081831919227057338164481306757400332293233137601939379561648196131"
"2 9/25","0.398984989828114551188760114698894105971056869253020914353819484193280805564708852098911901603542834657022227712616764181924503885424509386596853774306738724504668576156477823914083905748242385250931446087776317424351393921004777895839945204313510673780213989654169463650790808567973947"
"2 37/100","0.399031392944878405687374037820682904189642952557619151795644432023125132649272696823940282217767639560908378803504431141357263662120371557365051452544609944499779322256694895277498536901689778220190480697344847804149173424096477415264582241225501090598580956491698426287823589147157008"
"2 19/50","0.398930385525219089948853497729454262945015811061040003762920582057410919321444639753116268976926550330484138617319386361778007259744609840728937201789934704076776822786333578173127551122048487551689071072547612107727767853036325700808327883415404738252187099627468231155815097523107404"
"2 39/100","0.398683702160387992481311511122722240342709023425800054494930472330949865387047758632135013637244368204718361461666487676831304039967948881661484509483628636715604588602797960951591611476661060375836939137562454428832727305069835198564936909149111340871014587344985881684653723151250686"
"2 2/5","0.398293111272771708156431236394116125962136551968200165900683842885276036866930242303094382358495032391140448010901193929112526696431750597752246113444648223172940085171972277132172495969074505002812138375704270422158496870155323036515621251496032341275091020996154791646335665042747838"
"2 41/100","0.397760413933672087453054350395305958594485968324253686540842225508300080427245349712072350232037695415409677413413054086528852038643944019285800110630281147272226062591913510411107821083648632566908439615796925125137783141170880141062066028518770789043318795543932920252055748250887518"
"2 21/50","0.397087442661679845830972731969199664176542290214379174657007077830120527020985375559225410676118795936428285245046572159264260799839815245590832335463445893796072528789746652649557411288095680230737955798304617129396705323623201034766843977827721755501134089876362014816206910536140273"
"2 43/100","0.396276060203239711845850872991772274470516150112025763545627849582130069974633509981472323331071974481129412030828555415364363134651438191298805060586234600402981518303955028750757197008432849793908226372778680833180208707822691211518391238763980404746278625287387290687889855625037064"
"2 11/25","0.395328158297065866661354836966440513212480239344017425418769337282789505252562538545608978760925650549505097115045299497326053794751797006153616859951305370957864255439904606971788989977941116394023272097332660852374907703178158791785124038383684910520369074913792141154716563134869547"
"2 9/20","0.394245656424118918293590114978259333365120746600631867369589148802827452264080229039461391480226361549823731765759356212262308460688640964129854822651759801563272879715279117853804782037300795338534412025740567772759661756128461262241140283554299329548464123086713486144332163785664682"
"2 23/50","0.3930305005448999420465486565588088980630363945270155654660805322507613975153839340487881696405193577062018006087043015206405775345224076275254877213023174821714037194274770185067844143677666263130215769966726180237197956413831985969286440107295961112247814731179198557524078718218290067"
"2 47/100","0.3916846618258533146480501540311144995141946452492494308028361559516829746922460937872011561865819289086225866244357474570683341298778591872981510142596068474011113509150543641115426149442287983616419103198402027179046563986552893851108186782562481523065511592710944741323239647340959135"
"2 12/25","0.3902101353566983125121256111220736837747114536788722226209239935435941643261682015803917967568145944637447618038605722515131838428829790187613687680354852498254981005263325603708532652242209071798726528741151140933665419268807137748309831069298019644353495227528412683401909311158414885"
"2 49/100","0.3886089388605299003832850332911708223639166987762774908597501336632332662136891666814231093822546813447180308524731468949203356421980808381767147162900440553363071443401304942067634495842132806197599186514354947265267102281371346319015998692989696161866028367692081706836273643145794653"
"2 1/2","0.3868831113985419970507292030641467342412973018311269210395601584378496469724018398430542305070263480683196251853067890989157616832434370070757451399143510237855672436712964874907739344006046790473078792911604207684557213173798849509051969934664906612891175808046678715788429513111766377"
"2 51/100","0.3850347120712319856165079215278218362270436657608299689776351401284030152215792631884257664857543592030080661164739603369891863445834214418356427204371689802257546344465616716633965260938079367789224512458708223447341073999386474619399881553431544718019158340504134734650142680887892536"
"2 13/25","0.3830658187179435751252266213865845960738001072652577659460231298721698530711888789998871449865154799711255825987045007586878765584574284495017658982424404238687483598885411332802244711392605173244034639680906749485076551819216411707264490025850314330269856612101828903420125554135788413"
"2 53/100","0.380978526616596577036918242122121619142790179735128491928068650836245838618385091655708389148751813649747532413830727809253889712225164066650308612678589307980219464222061168886865180595499172087665461100938027332017686128549044347250437022940765225478798537767242880081855186940804485"
"2 27/50","0.3787749471854370117187596734475510558744706872945431076444275808546369021280966249426903961664971301389060296548260441371900541554493794401645909934164363397533853148339011304600280344968724325971780934970001782649266904891041178970275169038318086021048936397663229911650956169698784485"
"2 11/20","0.376457206688619501498558078597865456282713004739514822064168347315466112693294426316013352410765443873909708947544278634802258403444730112536225823108574938382780944318492566983956929284766811179003854751200540746221106222826625318132928810032511477195512866213459262302659098325662206"
"2 14/25","0.3740274449474064475988404088352821465261202464591964661432322723194917320425773884543607992568765450853977618258272729575708933171078761140428086760828241100897361745036314002153808299696559437844873277743234624745109596881961349025244657967132093758977897387773566716213701177955327149"
"2 57/100","0.371487814058735351347704534095106840321044187803992702993720728307562634307724306695865261947530262126498541954417373196110937389830376815177918872559636113449473366671865443201708313895646660068140324151301681464777904826250499791427530522455332119096471691977336388143935403353600671"
"2 29/50","0.368840477122867159556022002008986928950045712620596859962846377615132699040500586195547468514137065669856008205479101581530084892022237433349405669764300042848972342195392813267242729458604984900952235283777025247249094142147475518542695951698207382997291292044402209624459228994232118"
"2 59/100","0.366087606981785033264371650891913383642879596680599897642694344775950468370655029784156474159664057222936514201303806657985377629569718134265159057990078052730968969984938630224790885634837031284090772421010869318623447383301477441767202666766780150479402964126861780147932359443115594"
"2 3/5","0.363231384969964808974400418063265137238007755848860291376056311402089000862946198130827346048735550041280704945525800350482430420215081250951375022768269204408618114776180281981807159734706748243229256549172817624797406093675069896821753113491894795821840573267068537346463762992404024"
"2 61/100","0.360273999679085998249504928797964470977515444243076989727169558088260945528551841475622030686754550211792763795380877130062405423926410941767099349549982031013011241787740307420229620822205136426144310430713503322903514242806678341975433785563865618409905258083080780926344118146195475"
"2 31/50","0.357217645738195815095013547420158288553063199221232289126677712239441462165662502911943619093877657192817219509097359092369557760701186381869696610242460934812999819068050086904664796355824794157685684098198317950606213453867012071327749851734957258346648537146494146560420895469760354"
"2 63/100","0.354064522610778792540338249574916803447119362351342984201356653238118500827909904435539283571101622621114633479200090587630774233851802974466479056746283036693517562982548498118329145151398035155758882057598284834814940725769877982065807914872415546998940512039254373182947315946329641"
"2 16/25","0.350816833410121412173463163796115932572129261571600553625015442740241162521465684203534042852830159724070147980264205799709771011262231894137787396926600442517116019476552006639576867894502368968935807132929171799267044489783824805007813052075837196459571747544177556762373849703242758"
"2 13/20","0.347476783734295183277159344974498582698320998666572403360298453243835084776722708048055258421655129049689846070131693114269520079711006853229505912207628690428685322595248825025055180061058782707909145694770989442766860604433443187837111303627960419203639516731883430193201563680630965"
"2 33/50","0.344046580522013128776575180517671595908612840240300748587656743260051233686520598219392551400807956480593842926309401991209542655245555955036291310695702007285388661530774724958109497620018805049367648629736236886303691914382929936051848842293158584809222406119909285704020674724279987"
"2 67/100","0.340528430930544015846499594519671324237775593845250153381290350961162124450737272873519298455382754816030977499439504209630343957912938075106411472918126354383179444467322035959641581522252897118879138225711340779098934756480956640504483521150582014146257348265744329764423357781776506"
"2 17/25","0.33692454123679625607141129517413919639649397202728587001892188402602014958385338815582231382096753760939786038003923480184286751430078401309285722655406754359557971053019638775794040397801310183887306017063282929136633296633278216923435202275544115820216532117193132138095699391430945"
"2 69/100","0.333237115762609532421021683205243448020417135738162730626518869791449992335111566997913408878260937249124742249597664690125852769615553905041915694400609530275466405322114928002061973933731482037923350816253889472426790769405498956647554056142376747138393844109715781496877890570286248"
"2 7/10","0.329468355825217218289198495329632176529152773924603925658460152629163609877997897157296681557155616546641341069613282422016031931577078113402686846241364071635796239909747830284887600415313640209747630927644007541014356196335118740138023891999843953935063056897910466875669284677366899"
"2 71/100","0.32562045871376685799414021973803651507159965051715633523715094456776987434759462093893991262172951919685962903548897568166963059835413440579593851822574695099372000772166750721043482330379392433928125401911772160080903517827137821089666174106162548991793128198388748478084125801617189"
"2 18/25","0.321695616692709688253993539387132495497815818062116832861438421302499803151086275814801772572754382034467732209461747285817499562963734874724808646396489136049023835217857425949843130038631821744322030183447272319077431892000315483599251012237445061557281053814380559855779143207223734"
"2 73/100","0.317696016032793694392277010565289162232906488716080074604764963129023557556676621928699848476045364814037348780430009383098948268515201354347441933050727919177817981266374371225837182449813806245068448893324576968913898938190755292369212366041846745734147019287183437969889445836235415"
"2 37/50","0.313623836070318299119728031673040325791908690670958533637043986376032732656289136124013798739844900331696006195145721965631922379221573666627532242552992587338102799866630012759033520864864006498510168326713241232474161114107564993514204359362319717061383157112152982955657984193713162"
"2 3/4","0.309481248295232748309041513705471613357644947020341592094276893532995339173915518126214265997061779157435441724650440045518528497368371395925471975225541475646507879371456855479100110664880832402394065267393789514586667590295579467644297089895616387977318379706741803121863327168660837"
"2 19/25","0.305270415468584846187748803235357219157640630997562376281785328128883764755250873497411101540597769479898834020277515501507967088161439206616247474170985547355377469658693601371205106977915902406617195164678569942302550784065394847777629531491779330494256052880627029568478034659535981"
"2 77/100","0.300993490769752146669618040633639021334139120181995310646855084240896332178749322531303948157833604205044454217921093082988891943973697169413503533853356016799764215048816656342727618211536502996240034246134709046368538328757771862255687866432458243341155240507548546729052740924446597"
"2 39/50","0.296652616973814258521457172107578725296148899280136786845910110361420630255469605160028813826938144502832819052313854917763753072765296250167437440288170463008978796172077343802114571248974417953544760995781401137617281563892541883484993464225287169270224417274482291723267735915735061"
"2 79/100","0.292249925659352785434772570099700061157618863244693220936905637594159507356742863972613015057298048475849682065647373736866400729256508372534195053565534307995046032746473219202083005216655409698612017748720559774978884911814035639546753168723099108466967216813143629919046390570196977"
"2 4/5","0.287787536446894798756944163648343298557197392752943751737284037723479870080504689847947466342295322837969494463774926861546564354919229234806161134494083020214269830498525201365388704436079100013375572323789569643698203989459571210827523052275974291271055668408951639450243603149132729"
"2 81/100","0.28326755626814681674490929081783798667548287445323344978783537109941471331209497573423044302905729999934797452134937507299314292236475494125035243829901120903155143030854172874974398470302516235922278393771207031720956856770006486780489435046921045887320314499001430657752057599336569"
"2 41/50","0.278692078666099211142638593541768355777186535613926769952584650712394079957873185567273203415640315954748966077855235729782192723988986301802154811404015555956725497614122577039093299990826566737480686129007353226142159101469630393464247013425021892341656490931641173662043003221926758"
"2 83/100","0.274063183126015936569427195934269676102006597681512102863023656007075921499665028817144564352342129191925544321749064165499169833115680933264082254856849812913019206881000918892140757019620881453340489489069547225695468625832997801498855139382986087903554892019168088192228694702922643"
"2 21/25","0.269382934437261623396577861017529929302749871418083294725369442833262408297286610705925333925581672643525968320074171752055033622011074528105928690399827510163279472769208991653268321517597579505613785257887202936707050355685643968647137903600117411711906534940024346865115932477770694"
"2 17/20","0.264653382085857519532009419819446873793634252306012672736273809943415161165440431440594689337227260565767771365420602400385023054944684967687950673172739167377216357539222127056767192104651757420734748752951782948958375073856389889307413087724948589974837970287665938742919931714973034"
"2 43/50","0.259876559677599626739167271877431830292007320249003861893882833750028971553756898748242145561727969113001171379778596145223220947282816285903062485543847680833691365187220446738921874749304040845589881636098175016247879438900716834724774220859314213268194945527181175374120996573563333"
"2 87/100","0.255054484391516756286980246703204385601797712139327249350117128548972459858174973215034602419703111162558421297029070626707458835317190353902865791481343631396409214646791420384913257637854880609529973337496827075290608933120964406331778328322248656066864737390911574046056164265102982"
"2 22/25","0.250189156463393218821935396387726440216033975942786651497475192751389800553102675483505037517801613816440908653786016630634529898997081587327046381697133080205465095872552414298459640307873182519977266404031979622493735790488937593059201502197115881227454692315358159680220788743079808"
"2 89/100","0.24528255869903054585417126455162137285892844417344207204682046923389894420620236067617403973686268283965894475438485312833804120874782525919655352311579337548144555158857463142359333492623290407047383662332769923125509452795865287755680574836138138599348420804219522130910824032326245"
"2 9/10","0.240336656016875087440846014364967924927725630362667830675455492415747804289476677188715423786954148255003732274641523329146571238074461235457301085003434329488066769268628874324631189622940404540601811823448391504702304477918371828306422628075276373212140148922124287132426608124624408"
"2 91/100","0.235353395019593607165048339151040751707105931314041066658376060102895449113902931385483696662661714654545205429341122182249834618905108892478427863980744969081868700068764707212677861778772584285469683621362716196183981272340621526776898310737221396105835300971736653854538597905030188"
"2 23/25","0.230334703594137160213238562030944849737440993289521845807968182501692768467065732405300101728188627021958476114576715409072210616715713300886787976048981239546261715052766756658146611414460196144991357692659113924754875127634466943607154778002771732210354805454680669245721265551524737"
"2 93/100","0.225282490539794648661349144142297834634541161679345327975439046440247205014389758226776592599474621366149727311467516859480298713660661862937279976680233454595293820503341321436474523183973862136612614757026326388308857314921645999555986070018477609954327095450297964774743758180357651"
"2 47/50","0.220198645223701554821543994728551316979765123133858515188150610126275781574313514650076811369853886009454689722638992432324445456191478971201135273335618345390522434358641774970911599314462127077209836409930125843568644538992706549451548774407497339880247184216995740094254035324237969"
"2 19/20","0.215085037263236516540906021297625380166198891566154275534446982806742334797161948667291397447809726354307974555427821709215561673991172900257862356128074119483915247837957559033729558214074479258008348639363645643271135344132686517666056269985844193947279181371170277920783120006733449"
"2 24/25","0.2099435162347086931693746909014632071972929238822355658576776501483480411036658294455644111585903312947227216935174100757152188288583525910594497606977628631873776643672826137679821561646989023553888700647829959059961206404154273954446281190072337616619124195068903627047436426316246"
"2 97/100","0.204775911407712356570162037248874723409555680817335198836881909977088997249522011477074996904931511478738824743194707011618751778686987916758260281305504043780550120874433193654884412400875738102216658188307102452517703538712029636964041137058372393309665627464298553277116444042354673"
"2 49/50","0.199584031504501928369296900431194556376944028073247409973026807217393832211539969178835793254783399549911219241118928861321476227735593642125314250923808215686929836634425431895760382863329253190615732647315028763572112413050388370523757176102849642280404505467805326785127882929453878"
"2 99/100","0.194369664483720904500128048761026016758354604523499889225870435334016394501117793757393708122813682296063237486346966676186601132531390139162509160442759451708896830856485535394205440291127311122346548994448767248773313689784312212810676012837320473069099956435021767320412089917479751"
"3","0.189134577347801938090378422454065750199147804586414967292049824084371734666218406741295374704415617154404956237823932222215886639804015176538717721172838469806796896355068445693087139089037064361482332113921553802587557840638153768882131131269691351276086107614649339873298190736865625"
"3 1/100","0.183880515973343032732168806420510346198595753369524682373196088301446652274422451954187283782618665587239922072337478584548737430051244028462793389500714861125800998413265071952965290556821966941508208040705933127138821057299923733608692878277059816490457166589629195304815192370195552"
"3 1/50","0.178609204963756660192652400729131732298005572782265364707422079797077110076614478018484779980468636981163486955809814540239196038260431810944150278080087085487673025930127048278427565277131897234629938365803744999447761476346480794682593318451100939791141147757309504878467422661796558"
"3 3/100","0.173322347523485113969416702964535404506253805165275408290227209113487347235540734460493723872347343817432100414095633046253559725123311769521939252334892709556601360260302814688966502884521271997545621307950831599428862197912198350148913336370262666180471535755037132763405409606864943"
"3 1/25","0.168021625353077170493178326167092063114441624327107457990744649645845085986564775428330993950546468859873142171031263777214801782919820997005595058741295137711540049368102495842990864278238936584843471501213175589329350154757794359494009379992234544923939231033864951779527008911105958"
"3 1/20","0.162708698564429023847523302016818281205699878164097352573056636636122387995679360758779200659916005065576913686694430989950522857876198894042054069605740675106145850311366684596901063774644527679161152050125977860621242129528246835063691505380456043218872888218674911691455800745271001"
"3 3/50","0.157385205615507700438378877241465989919902383487203849387052281233489492648761705762939514027474595737787900134771133309833871577151929059082743996414696097165804469027273842463874522698094155600434967529099022668027067050673665333655606577304838208952356044322213815429073627712083637"
"3 7/100","0.152052763263899445706713810693639736995371394480116478983856053166923034721051091647473484730624115444154787761350241945675906035842461656603790640274875789895181612082783332635115114191692234648936397256617631151155335849347145617204061603610187441052721555125383017594671575478899854"
"3 2/25","0.146712966538561300061834883427168675196588295666246680733039960888864127156856853879004812570005623588825846193739742439717280624579054589385382574555574114254730195176083317643732758129439395126408884996353701027261346578321571020707203835135434205048148844906554941466573537116272011"
"3 9/100","0.141367388729204646525032279094614800465600837420790914529123321082913755645647761284600632113196197783473072307264502943155068505900767923162297168269927616959879130572882247474639247643426344244969855481247862505691496902776172759038286222025697589876962825298615301043587269965181137"
"3 1/10","0.136017581392809791254547365716501239756004178680402061917190492780946788552675441941322699402912693656020877667156878129519436015213477078727086851520550460516561353767400393318578700822366166113532530404369977690468798831636466524805881932869136816958418058038574263505952804809285298"
"3 11/100","0.130665074376867683456991144622343387184900784659272914167437012199831003684754701123831285243490730894897581192618163693922674848037942776602533163233590907105532886712400756550985089174294548303041464423147147049421148131539633248234572798609319282891019076270857140888329000427547505"
"3 3/25","0.12531137585907901750434917606113963037809813656734837612882332693983308089850829341708247160397981327414000720753614951149031788459211277432006681875067191420717994997302238464937820538014184669820686159580493505429102959087101475666335992050182818045047306834398354480019978591693825"
"3 13/100","0.119957972403427489896589832813651479931715635013889450464027228415929589752773165368360501581041085802758856504399329952014092265506210451674881742256140873170768922866137059145298151620801881337097246830130332470040358617504868872179149752392413293126870656897505859027243667892759646"
"3 7/50","0.114606329032805903302509277774532994680365140176270564114743051802175978244742316313961217142623647219564911382298533822482850812430526612813362894204641114178149337570358754714168417283552901522133218737689190421183955167387187391174617612914963011397290413399659224004237950966198291"
"3 3/20","0.109257889318746205360364199614235657241117335090722008636164587311252133264559193095951332781145313625248455154638826275545574616452396194305570345357134701761781950660275626771049086549993107309130465011816000419029314574631905973984618959859799982918049468734431045964784816177569771"
"3 4/25","0.103914075489341849952892872066388162880171798086072623000644109363024991850689082804616583304780822353369245205427842051092413240224651453136504579535033575349027576911767286497633910426130236432291468070072610290099967419750136980026659409278877282498080103964358179791792547733966712"
"3 17/100","0.09857628855723905882315725234658314669406646830739386134037532321930718245877079152005874366657199097339544765433907299072638991446240603340699437235198326654558634260638311164513882325855972958877985505274264819844154239032051400721832290281752738093440338761109967371289375544907521"
"3 9/50","0.093245908470751217583500423509820045020532137607925454243473680216461784158133858407353660977083645174455353323770203479868624292377253980585291960994999545886190315851568881169156401658288637555846918905526984569489421226374850803231708641457737662099088909300885527091118299395803174"
"3 19/100","0.087924294292946043160934312471141918509528934602514685576425786511014903507704298403153395197122513739209710267051922423009030785589079621386203255229103954060735139112376415271797506999429340717698688658367644362088779674189200188506784154430633326300508197771759674142312468988416879"
"3 1/5","0.082612784416353558006307499197564376075820104159279727061823467533906196144472110325934826311782012596930360085780633767720770952153170732162186816051919534520414930132559044603120484458107014397173380002718933566522869723788490479352291026771343519420585885555357782845617564538438739"
"3 21/100","0.077312696825412058636155294747163030751978695710803165828563274851993001698935316735372731765981530769663729473556407234555943771519433742446059654007158627315331876595561786293755910943379883801780056247303169450000761091462609818872703965170364112940720775289890483943101009921085008"
"3 11/50","0.072025329426101526086086100363131931342976289147512615175342027809335916103725178086940032189926236097454859590353479613593734679545972082508244622745547721190152389212878223147175900917651843024038109911764498704392820557935827562475731198825430351436593829020892627568163965415551311"
"3 23/100","0.066751960474610337342682035175594563098926141323971505432531522989028973779438416814359279773901429735384630640517330375561513210835595646758106426130793599791126135928340358805302527382552294081656475230791669311620808368834314273509706156836170938515323039274262327414390756959634335"
"3 6/25","0.061493849158559781458768310726915180052021993206125314414571768274921479462394925679330480276239984961893516927531132272135259338871263386973536382008455437089926970046780985245115148460289951578654292187129232081460972659601294213498811272029352503428257502230198891219146514433802172"
"3 1/4","0.056252236423706442868991038274872283574365791832186936676562252235069559173204087758292241630792649897921241469890222122373718898368905968770236212784592774995083980091546520048391835809405927373324351004074999953942622437574685267420642591854244934146119169511138183811737903153266528"
"3 13/50","0.051028346213863961777218452719913536491296407183504142796746741325066776662076110360676114148679588082876733363029350315574048978958249219310601746226181245595673158491568486479055362320837163115388024179500223726777406582094754702330763476160269099668335992869194392373893859462396252"
"3 27/100","0.045823387441375673976979015950264773553243683933694528110294546836637421689254252042057529778354710607046478125489054335575456171512051894907306455026973574580057063304781018214649236883087831106537855218521290856450468680157635002765545526441911758229996689078888873776872325945472584"
"3 7/25","0.040638557323235299465276814552242856469547732762868018437289197621430217161679382655574720269924307649267080974952867995071929790441364616669498458840633541476562263297267269825057756031882373692434415856894846079588386444949605677919091608949608011420043762502823448121709552346445704"
"3 29/100","0.035475047443979295154877867703087159357483702191058821836081874811180348982774013131725822405180344332874889996697672707058553598785725460193936170046492135054608512677476534761764028104800926527323745702877810259265194652060797721751761400653871245724537789543630404199991934712087702"
"3 3/10","0.030334055720609630931746958347640712016222912424749662632725042645501884603876097418634778654174632749718151683560959211579751762758707597649552607422505315175576418495728821719583345921391519247763834067309044554244710757482294227539099183919501395669762367232603183218948890514004535"
"3 31/100","0.025216812520820341135509592233813387932603719198673413975417444598522423344341901682118695978099181905107052564462295573779192342015733251530964661844482533888322525467193100696067923805663470783463310111729310631639631448029656753059807683447424616209595515281314624616813938056484636"
"3 8/25","0.020124645665708688848174431785321333746896990383645122289559648321235613954547234552896473711021852681974588109202319200544899485191480269121562501197408857112828622832819026082429487574817963022962524246122021650076592693148818372861950979928264470199879661424405045550238243208272129"
"3 33/100","0.015059174855214532406365849865984509269352678408053843166357413278724962950544231702978272797382597564648330575402479771298022822726609271383424829353093610288532401437771492885185205955365166362751579130356102494638981585361843062226665222054181068332058672153427742814636017377603774"
"3 17/50","0.010023086781342904309636627324113329400380248443523267066798180249703455701118564524996419850949947058753658420491101350071527525455392003247492422465017330971833740407492896255812572894510441878976133415820957692344698454876463091640749681490377773846723633732395681369232016428659543"
"3 7/20","0.005025513447758654595868443675657304406430261858937716387921099072942428392533423122549782139245851159250339766313140365359570570691609465280168843619990688885506152402951936840404500333833913418360701990441646533463784222857848747440328895723611375727808506951551582680843429280688971"
"3 9/25","0.000571003162119179610438539123899517932224842878784649093288898929809645836455205992881639019961994210549115450459376898864259338627543974561720628454754205649088914425142664132434899590712789309145222375885933042102117103593517645585018176370855320922177850738664772262877055313777778"
"3 37/100","0.004980380532754292950881641734558773549018607138829887963539274268236992290499367179402959340206223731001047998504653335543956313769774455129323665366435000778290315013682124235797878610289829045227797194998218819609044663095906736868729852543967758082818201116908769764042089499561907"
"3 19/50","0.009888744442690560820172858624633853779101642912705370983144523205531385920432467791714659097041733095944115787875612003445545986111563332134579948373670541456209335225584623353844864295820922682107714364472259504709411820995023738275883035799054750697314513927265504130832889028947068"
"3 39/100","0.014776322793652865389761758829660498895723174885508881023561878708625943048161742819457755964548356452504734032370050465624257910973969979339769264059793564241335244869878522930697229053595214097157874688639507660663233860919629143470593007502110114551033539640375086035519732017591057"
"3 2/5","0.019634023135698123678937479867584570330407944466916294594878195206823046947571989418431868094490613506255094420658007448403551335822001107292273041141209892612423575333194143924766815434808993259034816448913443946199631132429939949332481086355203908535603309786848653079657307870555488"
"3 41/100","0.024459280669384462632231288364504739640575986571964648979567181933302561992764127630404398982013443751513143381409907667516458107911907883231504446061957804090992891227103767228361575631434528015913107319095376455574244178292193444343797958057440632085841354915908471665836139411190651"
"3 21/50","0.029250639172722559159043281347505480601799780847181624593182245386387977356250703396397105629242163141224914533617422719660797659506349686911762492609346457802298170816677665082344244472558496579488680749666697671330055566822796262534866902298065361757442140366979545201769678478564524"
"3 43/100","0.034006972070982780523925113309244054911344931012276595409925965997978296425759293663911197153451874492091420578351104822318897958826587892318067591910795926077559697472152784120095580781867584744201152817135755200767908603149989383134913721499602145439076964769605278436477724773474655"
"3 11/25","0.038727287293012150600602858768237724185323122591366423876056545460054844622984399598324920225442934977218865532233932082932982464813704538848489293599238774629974627518271201528461552288916351238717035950331161238712043905475747118662847824374500501032933833898171490604103307155158882"
"3 9/20","0.043410662086713743785706242494190097804948507529212634779809475075296459967535741828628707661633788530092898895567565966998215117948911682830945323711076862661304727859556519818655578110149617929291904651540886620614234276084608724228841933182717090489076566514221430785022560904523694"
"3 23/50","0.048056216853417452361830936997502313122807452588819303128062976684116730130442099111228375480990311703442686772762042582621575292494044111612863894541399174658101729624764082347300082643310902896394687706795195122774626563500859665304555766176645475620077218828926390276001719268339525"
"3 47/100","0.05266310317851972832703255354081181686516034203241393955130805909054020023071336143206454410743079103980449706273674385831356675199501075683433068074305469988665830306072469919076801227411172866778848468978932045993291670415006874287720495769206615733449058282507468264106852282736579"
"3 12/25","0.057230497780632335128369116880516819049009392473717233600717080480130672470767034571983513288234874756480402067512758323571192854854071660084167649673383774287391254671685260177192783239866047982176621490984740983524137299430333104221139956848993025107691352154089556013980500460916912"
"3 49/100","0.061757599194744957768691803732528516335133251014819786240493835729320239840004519425145846205523084901045887389589842276703756818823786371243964468362363652086544981606249429914247845005806599977836051486198434273589501833195853630522397602989622796760413454896840042300018471169926421"
"3 1/2","0.066243625824457226179284557833036507447651038835517361952028220450632439386893928773898900705833467343896712604775842562207203224308312846711616217380032602580312922678242210364009028015951160777551912252549853453771550581614855000272833957160845252191852141319660742692221366165177111"
"3 51/100","0.070687814726281253264742660460969404008851606246320415622514624232044322859148325920899823425298841900542922481541866932854733501584630067977185480517690477973299336334012771652896025107283996072456720332312672397363687927200649700562301141617235612050928774089172270435488500259716066"
"3 13/25","0.07508942080752137634877608123630553940807059123392665579212216351680158468451542018441009095064765741702942447775119734449873357121427482679623210430396984320165909932657220989587862361019872128210982763389953898032986162624965394839783860012546843010489805983059529227303399446211732"
"3 53/100","0.079447716269126436177557325220980360387012575826780014186908488685850093622165667850038719085114094743845583799183837696240383681697779371228447816195409186951186926095358511928909657442425569851132344628916854753853802897921768710614715193588167385808604287460617988124186073285140039"
"3 27/50","0.083761990199850555550803211925735844066097525341007570931167272005283000354785693800848268880781571348110520472391685890978394669524391795254045424660651136136982984835378959401848611385957763387197631206310928319954356717452828634076470573650458130318464875761760736534493434107975899"
"3 11/20","0.088031548267495111578410536661943080998402716731449274636489644356321694275361434954142135726091011981252924783057064005071996359626421582226058606137614603507480672365281178460414883099320623062948685757209070686139307767694062273095227778432311292563451396921144264976465017910358848"
"3 14/25","0.092255712474688759254474488134568871900024330056648171678992305205555305248384809155362579698877870463350313858818674769732097116108876083050935134142412047291130517210957235543984911315643919651321387989948324083651706763856980950081447960400176101540996160475417879627023249642920081"
"3 57/100","0.096433820959047483776782880720471202007310944033929676873552992621623157064436493540147491936093684920686784195371979148040761511727760046003927850902566204260395645184754499447759557936639912635103579866711622008316046673824362968485988079728124970553251430810752819178060510847272442"
"3 29/50","0.100565227824869686166366595513596355819331521620486571171708847615358735813100192519097199175441479325151048935105912910881275052771921140826357682959300608077974518895655183695477321044261302768183966169381064293988692344594963301538733936332306602845663468950764755795155443957974892"
"3 59/100","0.104649302997967681595234086243710121754107587748569389502851023736538482712188040754261748778443864056020952349556045923953399824869033809970787904985336611332435780726407997587878632652780911184625407962365108749240541037014887066844638375941281464872837868462854763668420652658986358"
"3 3/5","0.108685432098011357048887356770491379640089980795990015233681840157142071350052679258584796289696865685774893591795038625724389603449639212014521849063058241454104224554940731338660568134578599831533136994663115773293384302705487712614357014474265599105081963784330694876929177570736168"
"3 61/100","0.112673016324531109459795259411772032936460356740676528849360242327907886209356365599067002110923614869528412619818968755391306351809513775524006135553460353356228492750465443313566353312224764947812754667431528120938503334411173263301640626914076104344758478429119714069560810217956349"
"3 31/50","0.116611472353881544128633510695508557135065212693706412819953425276381664679518933877270181959521652367480947043002993832772520420033949867397972580893527871217344516945070744061624836414704796054760090324861899929380867676382294782555511551463478144665939396608029499040639518407613376"
"3 63/100","0.120500232245233486663633551689330472107618997841738245880019493848652997819524970658712009983741120114650483908051378911775631802852407670420251681956404262394471690189609038508885471214177525619699368578374750193742747118897818141940874721134495553672846345616870755362117981697482545"
"3 16/25","0.124338743354178523910216602251614585481555463472091915250899836015700068330804727899652726111763453307928543722526127164689100674309807778167348406839731768399763638127744815409213355702476904035215543260206523268238008067125829885538498669965592927913330924042028370704576615371951792"
"3 13/20","0.128126468252883739255382971555457297292933554761086239706785556943172735631159820662608389125939088044152888069919495915684223579105910352492041472546035868324150432100429220469336054160065473158174292397815217237697286988584863598872242167647196809976725629254212648695008834426884648"
"3 33/50","0.131862884655979138480710096429725007010330280064801517769020115571617485474506602704302351175738817386618365696059054253644556263468195519367463236709473680276436259574698018362763761602995755818256745723412641618378692449117189093636555476342494401861666090471741468183359411863519642"
"3 67/100","0.13554748535153169566435829829847661703658644814463377851686469875746713100573905474635409571544185841010419091434251637760471983261229815924373631477660045206244191696611037527194327162782297176834763372453553040245576457146647520309794900418626146613701659566388079582288621582800297"
"3 17/25","0.139179778136581098653507630503984272266369269637242531345969144274253880867735701034606112397252425258635093002138000296514318649682966156797214187505085037666058532464500936672764809560843722423945651502115367316607161770927030551021973328205791669875171051042589650940220059815629168"
"3 69/100","0.142759285756798549474493196294269257336805813834282699923989136626824462377048835625045324316584998687489113012101095366301138917729852938042509742895110764876200268469360222597268044356133671101903393577662116254665370774969415934346847242004286087291778385510296970618629900743858907"
"3 7/10","0.146285545849891800010225306004175246125459239478734087937659559836434343097083920328328046445882195956358835600362383224733273754188788823710806976013777285591399572155860004438852286796984874570630749912495117595408937377666193310506623234730809933535315369764712067951413921867483199"
"3 71/100","0.149758110892424124016426459309523391256363023757035367512640382070909697070869953829155065319631670081516993485119183523040547351345733016526796769445265192717044057990287415735142417241553951025874495476358689554381162789145731812071155099279953942057376312325791720905107571304751762"
"3 18/25","0.153176548149747105103138425543354811902924655880113568099732787568830887227734781572014709189070050068930295891251513711199666816493089402243257136279394785295162061180669182540166773351555592320639006287097009656310783291053857583092779734823729943192968189646809963865948812568782432"
"3 73/100","0.156540439628770442404831497579182009153272999430926403733313518801995773331954069086374133787857550568099032106344029136512201528549572323311771867021433708057503560651669818332939692340802750459561718037455709426827355717971661983959901698465568880964241870957499455391661617021879603"
"3 37/50","0.159849382033308916730758719224863290027965466213892764535998293367329047279244039934449480483236108743022788504216355773681738200888476915191242402902137987452025482222227908055828378188441647513011332628620132669600015628016479764287188366971158168230835279845659536116826354483216663"
"3 3/4","0.16310298672175899582776286854366875647243636201029589120315517632509001419994335539826876417058847103166578415025359435567388768789303846605008642066693888360483377199656501323530679910311611236205830956660395353681814091685055111401456562272069248862865449590869975376882062922131136"
"3 19/25","0.166300879666866573876350988144495430030632483332295709427841885240725830138567139967147940851187144380647536365849641179239652494332995018932126581441327176472578264780346861490010653078215764752195229880227915608295488789632876753904997451835158627619508268065090350196414374728146095"
"3 77/100","0.16944270141735397664121557721689532767898319018517000668167020010467028197498879325964713744211749028701222507062251548820672258822969326075300214231077994605610834374280549623341362136862944848492256440552632048974066819276152667337901205306482675805514967041976041548348860050506976"
"3 39/50","0.172528107061179311147038438370637249878193549739034403453922079233216390717833530795488697321780901437717801301998270941922433375845942851754546762164744379542756643066292231765893941760136701444799941423577008980287101671407379939337075654017277244720758476203328689027140307612502178"
"3 79/100","0.175556766190205009851699045620551946206530847143093066562677080037217322376280048607126477869410381913298300267343971902056511401829516291799577910480649270816212494714049338212504458125733050371074737005949037074762686971978731030677144911865855559380812081171259562963622505725199317"
"3 4/5","0.178528362866055396317286690378270778578361019614105443645150259212837071765062635961653352006625640580864345182315300065491704722260748241788830242192868501985346151444784504546149435635785705568749810001680925026777313681423629688516970643758102491536608766891971769558618601932416393"
"3 81/100","0.18144259558694556894992530144893540126158313868244489667444921128888731226520976939749326800704699129982340179473235936670727989623594942799102507117737724663809163260346200678029263241708378735267645654623328886319828444349525992615860113146088489084199196785877190748426399391845247"
"3 41/50","0.184299177255266077247013066703496452770035970467962118200586153784648606966412737386865970278717051115796759924070995798662932262758014170481536605201250903091543830625228879023460374575402603004726953896426164652594262804431386506050002241330619997380491755855806989144517412393059364"
"3 83/100","0.187097835145709913990493569995826352580535927524222846260454659564755893154920967934660286156283756172161245097683704309099671697022709659643970758841916671082664042622599634516266002830369265546844288735980153136860289390729634672285298019558949029547202847859065471622703810490506207"
"3 21/25","0.189838310873730389957555682025337960208424470511651359433955493726366865189018632496618607576138141798235314668649229840099594730065147227334539105783557444156940370906041247083698793257756772477534568922293561262695550615126443354828144811870606116379161671109619380897902502389043209"
"3 17/20","0.192520360364120587765861060402232477385904241987206378561632472761799918143412178506567416635962551905632828949260283770052552467466504042583080560788473188632507570005266479677872334719637986442779995136971122491282092129081887261209975574926700503579117941158937697598390951593705007"
"3 43/50","0.19514375381950737810640313899992241527789376127859794617508929117584683253012071136008292110444305221059471138928179588381367907436439472915030365452868678807143559013912823497967026002264571605962400389111776605265411529450401792278355254110411112695446536717983587985003887720032011"
"3 87/100","0.197708275688555476723904281628060561367245979761773464236057053838160748777917904714735400738363682931982571613603792884767783244629005930792167300687571197165517958962579580616798212586841209344230148206042164366867764303259478442230405299264492074461559478448541686613370332811892439"
"3 22/25","0.200213724633679762148326455608577721962972819061986669453501522158482441566826653616256304963737945929208510624609873431339151994398019123528437010691698494112254194067151046379360833123099876889053824338422591556042073237275357267634718921265686806231769082671048288581231345943327056"
"3 89/100","0.202659913498067089622271316567364766592029136149643533715227895898165323406322450374792967568357808934590737227651113056109177123352683928101721488219192054591447230579454308493459030486897929197066554176248567392975561516483109163514666650484981718297265203250980833559901597618398539"
"3 9/10","0.205046669271812144651412634940367507415881569207144344717900920432144361736956533401667088595913575802544250803173821087890894752627830577808295415095014624178374388983954275874743396938679383883995754368262688538276907676270128966241611054889718522931458228034234392160955425994807729"
"3 91/100","0.20737383305697549210681458768011558907660880207324113904190331591158942858606424748663791003056058605881472528366547701794253282536069564577789889113010916515831343643975730614553424461360298353959647274975538256005444399574223547522874188753026601472322779264090389072824341166585859"
"3 23/25","0.2096412600313759003911577588699701115218129176992827482267885299341642473098512980120432332062084842469714909388714717476812459742277475464853351086202563364256190046224133885134557927306447926466658522583429197703545333638940525254623536030728579485308040902015916678361167549012813"
"3 93/100","0.211848819410933257037985321818606211293298630758902952946331384701742738872325810810611320472795386653335940506457358139288906165737410367247650140496070064624675951846295947518768189264782488694619234537047942902212336302738356617703446979895364952486311128950043364426073783680189253"
"3 47/50","0.213996394410382940883886232708130454780229533873513133380255024470579985135465352152377609584229438569143026047466161613388621116644811145700272906244627563212250314745038243386287925155772837334405264287861682542589611820455711646257857472179927764604493028425205847079159197414971042"
"3 19/20","0.216083882202187372367552958339331026836637677774246029746754127483480223952818543903257910189972927359938161827600474146244141171707582639981641962222658961790264482080513887310830201798178784801224491265255509283803274251767973223629616692145138031407043987388518570597553105036538995"
"3 24/25","0.218111193873475620895022445457925674355302930235270906026840415604412877921894791270481140681681417386286463043163124711593047203277852849114560222344741585492007342242542552551428609732005401906806314201995958441217561234243177432587538309932820241830624441433373105995087056277561304"
"3 97/100","0.22007825438084739790035868608552231175970688112680271190992382267821833074911299801224019354609251548695550586288017831117547744202722784405806896207702982079268888930362234406871657398052585215967953125862049262036229587017789963496305399509640707288307366843656346261709385617368011"
"3 49/50","0.221985002502883495891381891914733861982781167707672611616581486341736006229491793211766950446354419133234583503932354776544081766112631951005123893561511005089151190497177559500609016076844450053175724656643168601659486088343077644673610422222665095234485416474975710996673487760584522"
"3 99/100","0.223831390790210735665617758292411129985503422249595863609125379096018391068253211354760529422041111113065052292780570637219615509658201186421922462138629308317229275143344691838226146238727153217973169412338815428611010890533800646376653689656956996878827785076370749716979028178125215"
"4","0.225617385512975743095271495108428936920206126654232926653728419207422677069712167621461897291251252014684584100258261832537872649080317963694707345095835523421944079223295957464097779324527932697901141428345470864827963471965331163360478075393027129813335388318289978874611163530675502"
