"-4","0.221232553888574283583673424571800641135986678486232413622973595642345504664095193238040719001776144379269985152607381695291383945352155851985121286146380866999124988970544661305052936054690516606318155193149709982839395679113813405889891985961856976868017143925591418109366225596694551"
"-399/100","0.219528728813230359707161427753210384413530211897387991889688003196872854032848673846055626261976021459427026455481377039702130873647577776052608272334644189495642372636588122876926241383962591409556632967484338933817427317103616737508615455540400451669890669172296067273949304946936655"
"-199/50","0.21776316213098965064843313939152837503153864211546285306602364686324518497181107202540941360396253922261908065869706919695641167615156095784011343129067659298801734719020489667535051062923747048471539605482444193502020060705621143275622670691606745426420641990748615103211275131013026"
"-397/100","0.215935882662277117599707785879927443381955818306791900737926354135657034994095509617438259700136736176514718573582799994619275854695884084909205857736729415800118195593748358581989231378125709373321374916533227758797968263094053362830511675083772503122735524648567190452362302227463451"
"-99/25","0.214046933942246830416190877681808587108737372062906302743595832842597782956733176973576067430038974046888697000980836593908228046094352412367191120660959458493522311602476609753825938037751202943180078387813194874291844035315357340654164136876873473404767816694172105592931851719555098"
"-79/20","0.212096374280150429610224953038227293717466530045606622651084489579628790778182339150720398960227330834345968873203564723972706546697198758409645729224840311552845005715043072376048928584665393958426947915671840536473624669019721377168981144506946451895636900384947925585601151572902587"
"-197/50","0.210084276815609932261535293799539330742633590313577134338748105520922132722310307771779813707102354203395136741674564694795776131848620421466720636997178304942746934866808219948277414045273615316313068749228083702201781426907509899906621807828799598687415172839416230494188898185222679"
"-393/100","0.208010729571940015418621391875385790686786432620451426339513906996617654973606465778283461056055613514733014822569800761209160948637307329917953139318369617129870333861613211774869712097108096310727720142736947661598530487492767698758216274533280521196232638725768401412764056551050293"
"-98/25","0.205875835506672296429566055824662480562712272304384801292589499549784460413536045086146285510874640554439476696136400655980688664341220429311504607606189941250620511460711292802302962614745354747670211681540366552309140823996066881096133168838748935025556823100922648377768721418765079"
"-391/100","0.203679712559441321491673343878240714015840100758436438033532742846775946216501644680977061237439605931507860853534323876031856837554227072579967745387639521576946533282948653115541430964913359620545584029168429970741215429355117023006733725054054087114054597452384645062469836622243415"
"-39/10","0.201422493697398970353388935078814787826068053084518053907129124519049079194359926738558477558171353216280515669766011904900931094867886395490807680609905377604999570425670380936986007805292500090884498071065362114323976025369244523911071510758855643098654875197013004325429385532421014"
"-389/100","0.199104326958330789495577514203965197538918277555574338336459282962352156097574433346951901791103710531814696905157462865727075980960533712447171227928139692035085853349702290247055790810989857685418122435082738521174568857340689122463669031277870927838711637885648768606621669586713953"
"-97/25","0.196725375491654386279454198942033250748480232692100367115063216851517054903294255721351109706306024365631554472588687916144184356881854773098658817310644782208755502581609000398544175943458793898175295296431588947668477216913906970672109304496655140122838357317103831067514987311310566"
"-387/100","0.194285817597486466683628792876342789761189021923184184353982219758171107445861951146083004171211942233182050459678920947610961973565397769056897304786164866761954816598036936298887750203812002768043868701119974141595900159602484967897408000985984174085551210093364740474385233433040918"
"-193/50","0.191785846763971401178770343974407627057828721051342722321149039478708984006642021559011430128181527211650376845741714186692252249097620616289521658776890226155427076821839591974512451151909222159205678540631474653649479443200295689248778392179136907208040329016184768645095954109693779"
"-77/20","0.189225671703070388212967762974863479586690399406286482587894530890772294251403758340163044043779558099215996458492549803571210426027958270980184262719199687332794866196822810735874815999012633918280129989753151660531688377405911166417625601682555844144214533494853166350668261027672396"
"-96/25","0.186605516385016395563523479929117131397065172387971555069864646489924576045881705008327047231001085961123794716540569663178809021846376819627761257271678070957859455632842820238618504374487679695508316060223868641306178079163993797879210788247900762045329829043424608756738746484614667"
"-383/100","0.183925620071646153842852087903151157824882547183516418196130239884557160989250617896550542419805347450046276252771864823794862579176892907535862861438646018036978094236332486594158253920305936110497939583797440342194694580581208783534661659952892524862237364934214655304741259690243935"
"-191/50","0.181186237348826629339475948928546757669028378163985661672875412441084930847557676164424618554282098158151087476926721326555222655580566372741883981042509409431996380537101531487599606389566767333325159278641775653440101552625750076362855360649178799190549673896203737147669819942414509"
"-381/100","0.178387638158199713715913737921933294908488440266567882375677044983402268199868838845505726005950523841995197107026203963421696930152549732745476174312710014475418750682795499903815932512769400694646163371901245719164106291062871376820849688105759845545009049172150299817192849887814346"
"-19/5","0.175530107828475463591689966075921893470148505023282867954164791781856022257687439450086468762954033417361735663009621545387724469041633346389654161490879815235350641636177423211551115037758083162903270795874820716593657578750064570343272536898112427415763698001862786970197670822777428"
"-379/100","0.172613947106511268586107869393729911286360491525212231137548564587898692222626106659875355217636366450127162974955105289169803585450082313745283354488613798687327943650619087716747199453243565897817612097721459594373324710625831372771809518449649357173630732842603343585459908553144597"
"-189/50","0.169639472188422034529566083617769590699692470604441174402331574430153249113577561089808406409224980024439594550731978272513611141828081186033767722599490664999551217743568076162954945465238862968349324568624938425696750646266586067738514127971435011147617163875065761557031812159688705"
"-377/100","0.166607014750975113363226635431951832298644775758278510392478589608631844058608191762222825898970561044866318336759599520411468611865852174871040901966366135736339881715265631015061697266370159486155485165682571678616476117635134325918419519407545104436792193395799935874280008927637851"
"-94/25","0.163516921983533646766062766208759633756723280236933798845718559271081376173583376769926275064973496379887738663422356706042252506151979688673151806992921655856976894077819401495874843206882542294148036402945637151587569337476719825745053674362982167071243805670439971693612174336617494"
"-15/4","0.160369556620823675322234087244015518711063936627697961143886725881315165294038055053446385988310734772592471379618529001536962140319893336407965793137414985808932759799495501749424898139041959056228589345605341315744830403808359449641652188969214011233588021716771191793832385784573408"
"-187/50","0.157165296976814395169189021910707348354965241631782636625559548141126000636130093499395114274072876660318573141263323569821737064144409418593460229882899145529947508379342600348365538930004888222059107509666622928471814695046591069676830381107236145330998585545702215290167547697533332"
"-373/100","0.153904536980018097928176154017796400880174497040602057650263650700522455496760105731736126226417804758564890379729319098016072582187961685254969865825918665062183054230041596372918494381826134815337417123489043398947243170438360133214374361462149384937650577361894003691826794151497842"
"-93/25","0.150587686210537628980329762089026164048347848168190625641186722136055973263523881069369178004198668158044947514093123044845163485695073663370499657445358516036982583832699367655363717663077410460369390334828843280660605808213354021609732494136994893156988888973666938357610695567203899"
"-371/100","0.147215169939215992609509380268098167995719116108476707194427755663514969162205905571897578862997823077977368249526547057072086513052265012602874165933657207918362791827969720405818712145365665124580116287159085479918523913913574865498992067997827701003265888304458319778547498158872857"
"-37/10","0.14378742916927681228078804926829179084249178836796310856004981720547438741262136355481917182339223536010327767761731486018818010512658012440923904589815573877148684217569934458396659663287518716395061581896414206898222303964775968004658648643049930834619230258499350891610605458005761"
"-369/100","0.140304920680888118072441798411513519808362947031606670742221504292774829931588086912478049646078956144907872988404888877123251144884772276807294506102761577712317585836390058488663161948033305102351654230483935926434442130264294761716081431597010745838911785633889226608974645585264704"
"-92/25","0.136768117079138613208385791230086828924831764546108436502236806511639032557388371854307726567011730922054943008521026052739115437567001544136106751551404443596094833545342646973747383675363511466243166116413608077805856956069569217285357236089270621608376206137734076783088357085388227"
"-367/100","0.133177506845989560090846740669800390073372553484365368558960230673322032475833495172264898759346225545355648242196323556083973220707353220043233241166313419589575978021851775790604165343254169415224908264489441500521007656058520425774920171755199291204627151766600766311163469801851985"
"-183/50","0.129533594396862743888800156438461127782957694611363701061651492376686073251963987382383453389094121175983382009553846016358403921082538565570537079011005946656939438016872311949625186208745467086133040295640001031264682838397916586591818261223722011331790953563651092790766913161228496"
"-73/20","0.125836900142653947710619723968621545141259055184511663514925558844539709419992485149485500067960112865229862443993089674447215664577753671426754207850548185481801953262571221483759205686374142792575468479796478300634280787531088447672356253341400755874096600014122225016005918832162645"
"-91/25","0.122087960558133644298442504800011235929020794609648174973369125789924909711308018491062272766388283844873044965263663692572232481762453915153459450358660444714698186763410364747786231725822150905749437457235288697547851708915762101620926559772398229661990898343369341721946447067310057"
"-363/100","0.11828732825792860432390631683004321840398265131039743526656624936060597008784402909206637958528504770586050053923264932887706728363852413096240211558685856786496148661091405311932622588613175307346017306084864316173864497933000760923501689053678522805349557381715043957927889287769562"
"-181/50","0.114435572081593298602425590580983590957310732242751785160446036661413295696348612943489870158699125915973361281960845222892386489085790585169914757451525482145086529573767197615833768809357196130787670021570171253641850531172204978582639204773408463620522945401001623285880274393609302"
"-361/100","0.110533277189712229083569421888517290347182876244855930865446652779800937704874112308539116484310304930648357742191155214675783020608273739398031170148446462469497526376098808890483758337424739509414937526420751537002262879552097082713670599933691142323363613031881332749028300073332073"
"-18/5","0.106581045173573281600535267205773353511189967710963450985687718174957540715104371581105409734167182575986546958537418698569602669836485588687529404907495976440250355372396119198477764506093833068475350631959146764012223763414937434615688570249755532483619886625260412261215854133134694"
"-359/100","0.102579494181791498391289784028437105734705667310606318748500480956498945097908083713996553192381500133959732532796365849417532983614434108828532042321013944108076588129474660843329220705455171142687497493320271871597395437460611843148522995416712377058557806538443401175542505456460978"
"-179/50","0.098529259068453266943880438137398651061297526736860819421270361370139097945986730293645593431555237688064153854868699585189572485860571717245410257688135045376324620863023531211526147032459844081543387362743586244545281690500127981009314000659337205312906565342705105953828132438357776"
"-357/100","0.094430991569062663496656815913160437665426900703804070774056740560898013402459342791761761170290507662143007567453576055868378783266979871937931574691469861976416591301959058337731981200246951300213496918067273133405716995831753550662587082676827988288839563000021089331895692111358285"
"-89/25","0.090285360513069171494307106646295546756410580368457475972363674867915373875511366486680436527355290929457319745979683950917134477002623110815257294936519586393188103658347397069536752862471020931069796740286224521539536372088846804326425010413910605499992662626346906137455794461177583"
"-71/20","0.086093052085459297149435157500137673327022775272615006658360795939063420046351209853504983050110605868248089299369579915369051985428645846159661452239100277875593130319136931816148771310736255591991441951556457971907184708023676140113661062040361050007691786886436697605119225517602262"
"-177/50","0.081854770155484580048610429008327784079620834441161184045985234994241902381728141146607629603550518302809968528937105166920987125570406553177829138481614322846407933609479358959835547912997358479078628501499475776280201508448370384975310199275816015008239495515937149904769324617245842"
"-353/100","0.077571236699203927217881137657089569703727250642099074327516430744642378372094169547043420173578701247012166634038406143307273993003711686772068180965212166467224631222150579662695145888816609641090731893383566499142720321685792489420563686199407223321382654729296132511323301666703329"
"-88/25","0.07324319235605769976723536047014811108331585809792837240260495310237521349108250447696448942219600800851446571842528038046968508361151218482913672519495645142859134550506558107526561631370557295362944754225201047025368480689902046291845692346109883023009510837407650134269304109211833"
"-351/100","0.068871397181516828856388402730763885603865521923692723235491593979296648685797376462696556567634069976595808697787559605546613570642773778330799511931297108157252928525235937314116327461346153053157387669671926276398695706231733701660951054678112028570507283670884775663847200619118761"
"-7/2","0.064456631694002128979303395975910092054632320580920152030570337611665872594696737543445147500786924735358517760908692090612655067660374961482724328403964701982525615689943686971023870429727355578090034438440380024988550601888244512777271572752739652011669910658012045134238187521111395"
"-349/100","0.059999698376008842942801526034484426063894140661186426059720094530889925319648213458963941926540062808292283756342200126645540227526434403884316232587377526050249431888059835871001778509854249753012355378398963301690867071665883808081114875747666434443755488784684366281832378248336995"
"-87/25","0.055501423898529053622795147605673502978986938349844279630446721198922592735784765278161583397748100266762744027850014023644903404745236997012797240166304356826976453369295217805424447689365307568110696643504170582074685637170326072657174641024043956157548127489966750678285391220131344"
"-347/100","0.050962662538662977577956442521878944974334991039490365929291949852076505387099378410513033064954762305569902995763226908872631610911462222053039048173048935292155220185160493655547481167757302436688285598068612660395908750670336653956989724660752028920764100790519709020245765783005881"
"-173/50","0.046384301646998471912457704095760884033557313097276807762595746520310313257382984942959989296454663175015224131843362765016523877572383473700582040173476065260401669555974772572085800036884574411721702808482398240803312741155438715537744868064195114047998697159344401106741210697411238"
"-69/20","0.041767270806990516074742276286416820143152163286856872327691221089437099591046794766061349973779695428498183681635366895003409254333622404706749921935742346712884524690931917670587985228483439231139851323827178450468006545270200254770498984020763160920248640079222956196739651594102055"
"-86/25","0.037112558029628154567724789395638649201574985215273710108882195636161311810264533787719864934327657328149683220585753041338667393616461561212812041876463739570589979516499729897374680110011148980982338818463537084375801834382962774627331299299836509721712892703535323896372411992001704"
"-343/100","0.032421240304003956734269479639190540702486029520306877309696617715222381318188686094829659414495430052081706432777168326179736884432333947100111187763523823528602301254501931965879792386583762819423894175706773798439781525872751454115557669683939404254567029012107163249100136564832655"
"-171/50","0.027694546051761964458376286739832245562087140438334309952933817564982633836457234359297465936713789770383257543023898614060517270255657519350135483612334699409799992691027022881766998699643804477793363817159858967303571565376023560915154850658172880852068757090542896718606955602863515"
"-341/100","0.022933996723348033579763311454403769558944809148953086226030860010324824326445452017059649319660568952297826390940083851174191830985103198965169518151084751907970803752677750270774441777542133585225981648094425113320608012681092895425191495793720300338029216627964780120019248931742291"
"-17/5","0.018141776059573645490458549956198372905865070513116100290263071140229556124096242420574293192043240474584126981086885618118748310673334618317759361044232767712883534966000844330290951096495295211271372964377845257401338889547582762887990890375393492285813243011997036959748777244176037"
"-339/100","0.013321909960947612703855229654301072144924699179274446041052195567340509302990818231192751650515557033589753515191270184807323411924731535026644609623645642454372754682747903560173237745786538320344634081866581831000095174138787321210118075678877257775113680755496166484780869644274524"
"-169/50","0.008485516815980856594137536721317678844638757223905875643733008413705433703736739621683826484675925501171985135463574227475867901098283137536306892184435334345455820093957523091700190871975661363038493320728890779261285447026086981161998529279896805244409777651598588852714349735652581"
"-337/100","0.003697680503538381529255410750267650751350788271692740835543488799161464370185653689050916038008400409203669189040412247736249181541222220649528479376635541133544986376451018048505629402284512604434865821468363773910957441806550489939302166721623621242325748503038246464565126570393513"
"-84/25","0.001844879497718886132910738666834089832263870246891221605559849825074153461890847636104759293874725564453221665107830867003880666073927288357240416359345110159587183916246501305164256887934235032543274714371672868134896180540602507292751379558947288692352229916599746055244541088797464"
"-67/20","0.006487335646486722815969299623951222500040908852112222230309007957061241436228085467374741256510697779570491715722661413836401256662804724754533340050894894458000681428234507132926457869614866626653429479925212662125461103314002060197393995864455358617892782786468701204265241722349574"
"-167/50","0.01142681023744110993576602710450049502089244170574506967490547262759145653125447567602952760189101886235949948833688657220442331918420034139965080327003913851449144105510516284186883391592268129923245834220918391717262887349362401114463924957326412644733194395419606026973090144676685"
"-333/100","0.01642189918091548312475113691107814147646015806923075830221614336357564204487612191349245330368529070912560407515227984191734500436725577044960263025116226287365802152994606575007982540665174798027612462675050548900062685283824411173448775816481183763896225279227394830210146703119225"
"-83/25","0.021451866415025346797967649573881028990611935600852870849559055622392163325384151474908147318207727647640033361134736405516662192253844641272555421733836323347170395223041436531026903134867439994442124854877819029986614769019719860295491970982658071528702840484212421045984935051077629"
"-331/100","0.026510742597778405735807945289907607817858720869069149141822207760797248155782537989542479710087943861154666956120286989624139207832656418604206675832405580427836833905238554267585775270435306065462336699589377998880899361886612202720138998727890413362906087402150059067918328309939503"
"-33/10","0.031595622834939977817745540534070037293089368895927954008483845923217607024373473234023151729739363270897116270585923502158922070775705933889399130971269599838218219482148833258125652750306521096553153718300923178548004705775923360241339048661396143553676777382616431822357080943299317"
"-329/100","0.036704556832341542425037143538401407417841366184560421258597520210210807528577165666929568120280425325778319080315591822462856783995839962917828147817604618982334568455400588031567528491801950922585369993796206239652038210465407940916343768703576652753722503162096441019070414252710835"
"-82/25","0.041835962251959766133250315256049338866678579117865375622599207961535798819085883185698005697506101914398244718591133948405611816540536200258048996490685086452858010432771735922722573659499592963597272033670868947350004282132521230588432358012768363572157297710744446917395950690417666"
"-327/100","0.046988416233308556883667233847608667310887467512696655955976811302035701998638200232485433161169296753666394874830030284225598552468085763593794789767176371682196792988550108042775414716049351361900436650101862630902727754212068060586075631161320944157409133808675244031984499057559741"
"-163/50","0.052160568250401436389856025850634549679647201940772847202649670219717683195548344500780601822179556338704974768879325197910153391193525814700289697871925691979580390015219536721428996772385066927374456562787136251576592141582867283877924108169991089709845377402451648540697434105654982"
"-13/4","0.057351099168395472966008936176493877555130753827989363008194231402314610603578449516652134694837211830276357340570533449110153587781465662021394143712832372953652780257334081031155725447836595543000448312226334613128345806862559964147171180131410624238220613476682200233276724956615657"
"-81/25","0.062558700213040647920453857269437562592354784948695865596807232882358131610635759301725363016165262006484291877631806239425374720165512821724494629969362939762654078893868664379782063887641321059432371981417204115767519609554219632054622925104737549395666433283925427700485005385289531"
"-323/100","0.067782061374671436102042105090188477198080488035975302189947252588078737093683967523039893981790078237270141825042908260767996559666664928658212857694679167740790242172164643388312280904389657735748108588753969054062324443168130897527191407591626667286712818902544474016396422852260923"
"-161/50","0.073019864630293805704028879235264306900215137648300616968019536588837959255813438641243950871697804985753538789671863496476683815698391471860016660639468542407150701592348720035065339958494625051229416943997199227500737174740892479091644159492063034809331033375505266725176732742556687"
"-321/100","0.078270779781488636580003827169874480925633900969400652198676653831104281579473139593888772944455221654052060067536193645895548090784994384851901635978426793897252815093727322982911153275641973044919536017024526857861970624498918910962624806764539144698534421797640204787342471106645476"
"-16/5","0.08353346178711068524576185799885343837736974081261862658377915352971129532702128641808229593500175764743745934711245480959507580504026176416006759114698162503316366533835577447632150298067500421904294204225067988231635671025857848233303871502080999172018248579092482074932877765566208"
"-319/100","0.088806548988511221798774081264858688976715917320349148582671756004437771754964637911108277497900929806639762826547556701336113918181107969896002658466296467435273379602204630639664081429267368408926897772134680390527189748509513448813840214881775850736406368377932228973718243357762424"
"-159/50","0.094088661888628406465890931760150519519143972039175820645417853411064854780867657480479130771771045814936985686875609170672941533843155617645238969516739762271667180763690930739303992509119996058307011992591370474315575376935618385004932987603733640341433860919852202795573081870056434"
"-317/100","0.099378402286969686394751588406884110747783306312927533708144289278474852596858991756292389989594472612805667849133925448865834071270582748918831234699130059905409500693759339894055551763241219059000897394600523052998018464070683363543341700130972252657201662505507835112468926859366099"
"-79/25","0.104674352650818440418332175768673779648717148564726108083588161111400340483719624429391352486721664967831946972081015632254676548169044164408298593731084130918398431485211261164141611900420923975245651943517602814944191255007106295234694811286540162858232944945324706214720688711859881"
"-63/20","0.109975075648218113577865975826280190735647474414448276622551715734639885168539800735696001697984983870054483287036714885681200441279574357862989165959931294708894787517341416432840175111424383897387693707584122206367813340889624410169597456211303974236487886799545971986210340995885513"
"-157/50","0.115279113795259773512627998607450372760833319994968040662600454156624919115861793168567646091445484405292537393996418493364035715533896094200633472336500926336305871122180750270870876705397964925424889635490178783600525621440831563331862428218961682838009426925556571225905955908718886"
"-313/100","0.120584989186755945410685882199862482975124350084975957822660791239353883051618943160065102513104450304415755640931752863694143911695130462525237962949062211233939317002444945120364885586130241747492710729688508145348418790565946041080849662090209306753040910228801098057417762200786904"
"-78/25","0.125891203289811255362099571170884814161292696245963303649460191575532367281579428103821535951958286621667056304639269883083084603430633257885548105839674828572130819560879741920768587487246602252131879919074448981410664912458873625938967666645560004419503538457287701907737377683744823"
"-311/100","0.131196236786521368526434044125984526372116700231561485255989474811940971169722992242857774311900501988980754350631989343898589922076734972087415049797588328540795494220536264093285606152219080186561138575454068099243577200270360865998550076354093183432680448650690615477398865393547652"
"-31/10","0.136498549456455076950464080618941294313122324440765463002196194555993999711622137733131032363749263843011627075578544671262769945017724410058900719827687911184295586555690242007427566068895365170672544308656393218067966432000379297283462008262394191783869340202895358028013590502329032"
"-309/100","0.141796580092541399605378865708157576956442718248547232141396874403265686675619770505832958276635315779518470023499662525136396373006846686424913164626620910607546371493214267133838515018636445989410769245197956476543557640250239665300199463765639692116429032166495614148951031262871151"
"-77/25","0.147088746446008367567842583323921251515443807149332131320070501780867369754614944075886118058083078547705534936811923356979145173170802168603549050943383027066822044564795472316638174834918762053139238419078901941811267392698107563139467961913452520243580087180083643516673267550892093"
"-307/100","0.15237344519742384893881687128790951080199336026970055753537681067530746958616283376499304773087376155056245387207115319151672314527629865382745381496840971204915936837283246211472176338433684114525868805310715102486547403735737502942906733181609891627427487855267822647274827476054569"
"-153/50","0.157649051951875779389035808798396998049539958196624969827821919301396847779463404618780151894017262151986313476821619554762041403976915487477411765408239477202982752968889726744498176761443265055823055747583871292415620599260495863743195930338209463132195261128756383828504926666255438"
"-61/20","0.162913921257032066849110723214982892475781695344764032367950708661221955829803170561224957824888420590610574838385006584905199156404703901562268954610244072641206715347011488022023399771260076041671817452114629701067657728978950532118977919419868265581516294964259978721615382673813238"
"-76/25","0.168166386643326613227480548565795920384465603108687002623449025778564887432607552786610414260026768821441615786866099598957246664895858369486421764551207076132340113074847908357167300126701117027872206731766761024579262294740218003501363277914659070068517475233464873738280161065503418"
"-303/100","0.173404760685885825860116769530483817135864734139615564301298610121331010452251474723773829816542535838995414020793397129452993019502783176023403889980589056476011950066814016504334077956079357772303779486871117260607568997933927425573679186442366080745121975771281340973534346136448784"
"-151/50","0.178627335088079375603923720851882140089590878769368466805174215387059563909121730499614499537148868235581817325112459666527121634480416647078524854807705786171790105739255026332908183986483819733997469411200630231936834654625687774336461911913640196649122164822648852167513002122503637"
"-301/100","0.183832380786777098818693993124019293763731958398118776042470410734018576132109842267787526173814550597104993890349237117702667265888029536676685839332362993901183555388637817085415408606705548655728932651411783022066813206969447673347810228647997814681153113539389943138920962664383835"
"-3","0.18901814807953984134071999177244172181593515423312786514997883868821034968043805026232220326597710593718064545519071217623565916188536497235528036297802334775826735476991052341559677848057687594162269348504102688110846692592484428946558987346247577052514879171639348216877487406666834"
"-299/100","0.194182866774079081910404205696980702232451143626369203421001948409614317349239220504697011625622469953297563702545952629829658078070728471527644074863581947468951884881240776832979951153210236786545815132698060959919862616214299750536486958600239632432038947011285859960119169060699087"
"-149/50","0.199324746360397866303763308215532986828598243217576527584063390823387887772246174468575044370673534142835756694514707247078401337926027892981394607562533598676374845191229252518568910518836376437652747109589110082147702541484095971919401639264704847340138546872680945494736282411249476"
"-297/100","0.20444197620608076634392909847327084710276737289462779283242919783234384963893888589409578785959729840199621655190092548105689389738625676048692259020195252048587522881782763280240528806678508446959777030605575896043598544661845731602433378447898126886491308062509689389663950121039907"
"-74/25","0.209532725775238203568585760059980098313150592966373590938455259589287637528904039183197220309140290038659949272719389421647846663331443777102455867308060061853432164474522856578981599818358849495387473207869945844161740660358915198497300278656477113255504923236896327597578368700747538"
"-59/20","0.214595144871634166319241893282620678625272271750607031480572311597383206387583342324839313626076908007151419675837442595970829011066929025017974126719754917306105928554855097948805375404607045593635730254750305175930145764173053321766593814540018222758720866866555031495683529445145843"
"-147/50","0.219627363906538769284898666591256968395664399074436140827315585091792815502500919418117997515011226502809581714078557686048310120401254082666345196279636029425605505310090380458824972586370928214014327536072722555070211539217925079240770153157713764032992579687459599460348637833255353"
"-293/100","0.224627494191850237202154162132869145523708505929818863265462619901802321405369405850109278566762606504796131856929356502714983083186913797960948482996098714220516275130194241841964067119938067484616482369236797695397034064869033870301083902019017940329863499808529227983822681194946727"
"-73/25","0.229593628259026222011297516689438920234004374968814668659596119935916513268531772519820364344344383138239861620845324131717871768699619513212160014799445552887216463357767242559486737041631675957014897458183390575493597024110197869273690471495832819479448578575337308529197761348000489"
"-291/100","0.234523840204353003550548862647094203285219475847555248218820131191492860447801835773915473133848672045994819910368219473008421924967695001465438893915150814948296356233478871982084804418792127010102816282436443301388749760438820058691033925766545247384638687358157529069610554100217641"
"-29/10","0.23941618606106392861163239155239276484423659894385007229281842014220192048714969227354129359432515736159849345450264909931476639547075710563530634010913756482121707539349124463243765718347754605153037533832876943782983521392341078969215211594209490024190883458754849439827504110303292"
"-289/100","0.244268704198796065519471109012994022018104384633814781194664074629402840322786227575498745549079714237591361925322255751707675471103534466595799918620941304979918776885000254209918142633158717937188631661652226289784869650121518863096148065409453791870678178936812365523855302400178123"
"-72/25","0.24907941575084699942143847801342488358543576461679814203868546785566722992077253507345077820942459365155662485760987294241219026897910257151266181419011426729228927289245938169707639191981572697430968804923885229459954015746196994350582365633890383897233914923652779629937076120166827"
"-287/100","0.253846325069662367839054055198304587456791797311704456260174184549735476883564678707072491909985017582368761046449870618319188248440881205105404277930345807296528358684994104357799655477612970834689919776785887710066301790766643475685449584092350382478725529005239865845122602616383934"
"-143/50","0.258567420210949458412501439443822733026023847048539252033194342644482141443865205417726600431724641711500338326634571533312654088225756498576535044480649185527669797973376891913997544366458413505174022280576634811112987957457607964297244315307090877566276727407568251926047282584532111"
"-57/20","0.263240673446773225187340198143028766375872334170060340173005932238415604024265316816818502203985546602003883882398602354432669347502284780239421172992837705609025711369777967222412610985996777716304411501295630590991735172428395867812454784237051991756424658957597024292918443042015828"
"-71/25","0.267864041807948648833933682354775111790006430277612019824260974879978204857953714616805321431611990494611330327096996429069421630999114452390800986388555744793125973348345609447559337699176299852300066899867617352960058199517503870706586690601552459915885996695502844508403518512409285"
"-283/100","0.272435467655997663338423903941803829407206487839029225744424395457286198234387791349234224319694097168424577151004338372403556766673280542112534569893359027646324566783951252570683032661936055927480492861922682413453540021648378304242431673510246855319767624157297193352701656304836466"
"-141/50","0.276952879284890070853208719886769336635317834972760824076586500786540546780922389999513910441341152228058869039385438733833089458654582573733348932161186886939577095242754322049084674921568396711662398368670658450620517238613118066892606355004703351682771324530551153924994043943855891"
"-281/100","0.281414191552736129211003249829710021036561822004914498552130341490588138209522115490795441259091378532107130906220831927764638673995341077217757225881116141925201424372504242776605783738392991099766115945687943007580063305974556700675538721500874376481687303701613728108430232648872949"
"-14/5","0.285817306543543978271487110828256948999610362069577749909901689169302952830408249313913125874919342623504312615314591947895475588342466334932213346266473605069680550892343649669056230634727234195545350406445646598225481440384782789043015540374175994915820077598047941931829174372217668"
"-279/100","0.290160114259097924985003389168055820446388084633135562990428596167386254223031763125351757294125124049922143351138805061135021314526528542838618765229537090903584749507709090265826945972167613310814766053567290902486270255259565853486323246887263725273918666417041249871961370927481643"
"-139/50","0.294440493340953987593468772376530860877183792658617730573976283721412008244816802397195415286780487303129693344137676010240645697417279465016937174884813641478547889634672735326352403241784363535404732295460277492371747691831355839960224794592231963598666454606889518340611724516335941"
"-277/100","0.298656311822487165883274142394146004840027546659868728847340132502422795520555893964964733460461695358071168998197093974117093990068129455177926961073940724986396198561426630590513905785190373062728051805444904887314529713557462705235432673108959458114236612404032060917845548471666431"
"-69/25","0.302805427910860822576427461812467939148474380523496228160398469942387795415297893585577908615731340370868431282135796397244903416348971401643632542957430347303710902762187811072834172616152997053793805943713629688622917438111216350990462620874277398517065457687717098242623373551162279"
"-11/4","0.306885690798722504827590682171519947546011926109344430666153811743396587979486727553440272554299398360684153919626153833081811226496792334634674047569144408943972626926851316529396513700179640620140224619459226984898528739565578896294960183415607835839948039184159797543287873886508799"
"-137/50","0.310894941505362688083140330982497138131061536856116772340091218807402406747360700508188873649403326767421650425662418586514549932654057688275849226569418235643764480892742208700860561642285224490632422036967096971616668032768709004874174939120106247606231865448639497728219427041563017"
"-273/100","0.314831013747003481642619926001282176662588523141158906238581802426556487052726177452796893369812683492881665248286564534868156636847815441361327807518712932942375154343947353142209530965587148894472305883496511177429339133141285698070558154316531783230895649535172229600492991685270523"
"-68/25","0.318691734835813501978401505650992047797878747248662511215237388072578034538489688122892917414491068539457109588791179226847346209691742923255494102195864577486949570594983551227485079721793614980809508642854522959337930592102514570553718182601906406454381660015534803964488846276485205"
"-271/100","0.322474926607173114018345135731744368539507387683653355315962350260949452809042796283645998515035653753766945396323813068063873316067660885297714079514115316372984702927352392394144243802580519258171706906673645515669658556841702357732288165130504136917578145365223597445612536635899482"
"-27/10","0.326178406374641292260833373977243839148510491923864196283536104623943855964193695476572815163185028391530051907246109220225185231856897919318684804799232798961233508322293879536303433276092691456838626443264800392791753255720745096724934372352000034356215788347060055133127453295445245"
"-269/100","0.329799987912001705260547537137007780668125362594698631108096207566292024143523674423284747825665766684381469091908601063093359675295282324033026638362245706644593889103443412567683735147800698595438384774979484479711632078973136242235160482281274836239042493375550811303702589113536396"
"-67/25","0.333337482461691533549218388859081827574607930429087832472340600473961557177539168453612084073804695039844128442788137301913539453570615677102831524494086302443374827620140518165231436870712917580741868454377130917325149299336310352842314199610195244913151865996869039449800894592333685"
"-267/100","0.336788699768842259453948321452675646907708025093381535209908180908328991545223476476453418038079821691814554142418138493848833378740227558316402474246480268397711020914628658692527636401223163161061298701326671211658190234088516736891720396411898126694752514802243145664760943879671124"
"-133/50","0.340151449140087496376925310446625224261583005674340778699041121566524989463741935582243718251510753593129362903910986043693622222406935209766415254071602248081708728723857834518443530506504147944793074987373438939030080169654271770176422428014128444691271745735698679976207381515764718"
"-53/20","0.343423540526219145060999751525198986376944129070256808422525547891364176256714380086291488190177477099322666405293796178299167732270396772938687213567816524962509742117583456916096585517162375255616438046313116857116749851553418336708957388976579444174552015350037448522546584615947179"
"-66/25","0.346602785627700076046262165989605134426293855737902317077123688345586762382312211473448153602355629033184662052796021668214038118803232275935482109154156902058325616618086848495922613124291397499192208774685667048868504765249811618950963208441018558274501888113187315670125578143284779"
"-263/100","0.349686999021969451737842413170428451286013969476002262744949863975581456652118350458751791655756823586878288887734956324575937956875068703851792500331212860127738625157906577156381434680734847924180961676306954592234508612894890627043333989368977626962545291873924946838575831581959459"
"-131/50","0.352673999311406038149840157468436131991041990014133647482235508053091500127660323690799788322491099757647966415289416465544726014825373140241198628788013921107778718087047820303479400956470931880945215388074374423768701657252345809624966662134245613579594920564556148990891923363695137"
"-261/100","0.355561610290745743449812586531555682323187542715926351757038319740709468162178203063098016395347739895289996784726186924920482729476828991202551960414603315483728106099711772906917665686330726210574180444131151940731026213421223365937724916350770432173474565328860317972024280919157157"
"-13/5","0.35834766213268249287451040912843234543547245330172226581748629965984018269017658364485764736519578895561528320889402026617847433447851340633094299567184909835186458415134235707568180964874277067578727211282016743042249236437479016275030376023776380722403409762854949611507987743874434"
"-259/100","0.361029992590316748168751526237780720153637786536664205713697742953922936177395794389302831802848403293735495042260401802974142897587541837164751083247373620338427883813031788508031139508348535620913655469725371737573813837226105647870509224685489482949534308790053621114367972228651038"
"-129/50","0.363606448215053849628243711298035927342258921611419310650087814594737198523913429907831440698732103391781890312080986789046435575231917386537026976170879561959286557458852970720946823710387725687191065914845858280256685516410981890943307306541402817836767333415228597809925518127976503"
"-257/100","0.366074885588495248374763142318166752607018784998107667582399256623783922494301455705512373852552607995080055570950452394821213965620080832277196555778142882059622983244403612911958953366819690718692085928852426134109798351826293401301141338262540258604617175638292195146078041490213713"
"-64/25","0.368433172566809955493291225488872149449446949951609900083797406583729094102937354075124417000752977781409297052477393554939030535858063618612560769015023059714197689087577127668323216786300830831874883877171004786884380449534282672983404764622353527151465682770528097041360035541812001"
"-51/20","0.370679189536021512940218161898598770519292880724263334278839221535916232629821074385270951267048691666806389087597610702208790602855720509994297279556604478113432420440147705427352288239428106317977436295656672150832567058961628217694575970657197723945059346586287001695196091708843752"
"-127/50","0.372810830676597836858266622884931407575472086567801913031556456195645700959092205676173216641387848888842068604755310408275680896474923433225271129236659234253941049189131148484190615008455789260312030695894426876939946822317708304123452407592336342583833816242663683636849917701596244"
"-253/100","0.374826005235687741911938889637256449756995202056175416296214893147619666676969781177320975145338893402282385048107318455441367345357801669474092127931037011616407188135979475114842612028749312992192794813048193348764270858477408897344283870396745885859981007064456516265558490792492112"
"-63/25","0.376722638805309165166727937683208052573059334990105692046257424211419365957079490686154373671068546465079934331106437043140304840115561961974331261254622894988493075934298096028919168689374259702126566607132309000916914720715646431875266971914907856366767226878467832505789121462336785"
"-251/100","0.378498674604760402628157962625983375286651811805307762690549275122856719449423933868214875577835739171404703173376437339650390553976915161390240259979925634043894158561945458693651634937764695887618711046075191411948387546787482447689917114311716602343401741373510579094026366313445584"
"-5/2","0.380152074765497374823999133442680444036613157208889744078133198733413014163621281212957960803171299720537855361320300288089472775900641876207679882897263582425220828667786626140887445582540425585073631219166068822334383092520567832166798263807631380712905981850859507504829355866505245"
"-249/100","0.381680821616697363132377390200256527596449700241239694023990278132733435763262788159088404838499390498377161392857333343209071085626358064141599559702661189443710931356644178986537824536023904789763546780834674863726216786259817550181265846659809657158619985096318607268450521861734148"
"-62/25","0.383082918969713106835217288407177833444353575961103386874249436465261036688055213648286130114509769044803158600840361867960301865431710216856475969781124461026824823130224105842587866789979394203211431867381464849554475121827022853363280198766744791397389660050081238916960262943753575"
"-247/100","0.384356393399610908690606059862363493820464329386941642460883440900048057192056484853431025509770446560590988022583940797331619949792297241114957428559457720286113568511932715133832150231576670892667326364403380265529979243735840060656938522408570075017335726229669976084715985248424131"
"-123/50","0.38549929552198273459081915186247661888213932415845468955766588366544802345393566298439720334801777707244998921063996294629709713823837067369986615029169189748240018174526077773194252495827060869223406528688021551126579869220725982463507044229831064770594440548707170062516847545466281"
"-49/20","0.386509701263225463067384184627541665607309173337222841942827323901259789985002557984071101754632356471501046547480680783619427128567747926843589254033702445438153084141821269181106884403025622638428304272935295666396218331410983204281313899623972353886286559732810544747269108365500764"
"-61/25","0.387385713122490675769890392303211206138124460643348574148232388333300380055593306736417527403441476327552385680135955522207886885991319744183937185027316856588758271951926339569685034661104723842769577980681606620029990674668934406350887271178829394911014631263307550655494586858584997"
"-243/100","0.388125461423525891922993185008897598616331571387911239679128475124769751851024967515712432815562090284296058844248163046809408871286460110243685647249198720247627757594476105944017740869424614560378390024176881591683494686540481688532473934107036095122474096936542619665313676139558918"
"-121/50","0.388727105554653126469699031657867397270679097884044095689970426749807935384393063566114256639190846237162305712802134510379017674587581083538261123413327759469987748575807911453437610190545530781618897471815329395413263190496647766885914876850623086632135491010433803174279772766126509"
"-241/100","0.389188835195163256889770764397922825408910621693209468461824437081145460075486142082862431403401761904200638732997192927300971667924418654262595956059469731297371603411755945847553679443784877599253747692256139165895750996327058903613235038952333206709813806112743562646209081972816103"
"-12/5","0.389508871526445055294557492248998651942271573038546882966755301522040880410204671958411076095514989277460106139358409873323417882994740319684105225646825170952036289724750399382604275455901849405196253581808833073270277611021271459703821848659324735101206630146595968349128204873477207"
"-239/100","0.389685468426215990779331413012077826082299277192474998396355513968347127960220787896436271486793093805509709853278632345071286830447223612977985352895331234501302984167676664359084779182985085552490928203560901407943228016992993534208402799447283130224096034249144341225198226480996415"
"-119/50","0.389716913644278114079376549421635570556726339158724765021084903913312768854722354276236176554971864576778867857345128934038532129542316479610464281897541281801739598371907615981861544816387220044000819098048397584790605075356155520430609681686466851916304659095924674365178097897183617"
"-237/100","0.389601529958286554663407438470051119879539636002044046962244801744683835461188976215630170596378396292425048672664886947837362193084499160515932637085786727380337011898801575893596829261316849470131108162928419562812840289090635110267167701307976970544313999207824198123896254545728523"
"-59/25","0.389337676308090411344053676797105362296260299229952310427492511346292280156543550355783799544852735539306686891940926672343855219363030313879749059268259279946708905106236382240075423243665983758436579965764993155060881979003096833617770825918022271334276836787961551432929741593248407"
"-47/20","0.388923748907286091861806367350525141677849050180729291898628604846156656476800648493150955942839680572435957119889500376928204449466372736148755389082245239150416850741984768449733272119805225746260532417286718968960501421774446187426914022348073838386273503735581457768632554140064761"
"-117/50","0.38835818233071141340981469320848430982934584076669267328569021251928411140437417615476901010688987164426664191082968525773632523035437424401499745657926110669584131590662807658374753362411528765040918109267201570375743424235757827699261339899915279666330192662525730983567288092529416"
"-233/100","0.387639450576704941114094700223904443194139693781103208675230296400078480900634984701978610735358610058332712678620614019285133332437360454606722864182554153092550959149270690130168001572435550704746816634379732237537023363553004235557734137108722517491170878033044818987547569746118228"
"-58/25","0.386766068103059008907013246115012992766597046008756473359912141056953725947441122246296866355495987100706892020125570283451671694473468466545205237017248972630656427473878143796672768953809370226113300832281712370488384931748851635680853911390796562041548655263662987203307920318776844"
"-231/100","0.385736590835706498227784101978332327035931972398415294514306293042179658370838860470898093355806186768629107294827469561704899053914338549982356680654306726364538821182632341605966961366179345549461330984304890974874366938434944643349292740403331295341761088144841160718704597931191865"
"-23/10","0.384549617149300573204579269166943523434362978758977057187040577890685292318572921803376444425265997070407355099863962542164341302095072118750681697248488472112504340739272686524380456711591258342559596774380787356074183348931350248372743009594193004966130248312694249548661309743277955"
"-229/100","0.383203788818972982808996783897181798415366224593197517100547541007136568993382074780115016756344085168049491452656645366355890137207223191924642507835931362956760649037739337144052645887488330245128737630882671830729572027816599993767262067381413755842413963119770736576243147446465055"
"-57/25","0.381697791942690005517473653607638667644493155025112276214857296312569590228182087504640030718626046662548056719855203302162681690864847063503652707906867382873873822953145286795768670592788986990699187718419109775011423296792873647854478690546381843556785221027484841037490107211117865"
"-227/100","0.380030357833765363705788956455669062242277169907561200278104441761332718719921882794368036816508161126111978249224575438543604306085005334519618866333045297488599752914669867563549238351010508090706164956206114619844317463842465397103870805034983549089277101638674166131077296098421545"
"-113/50","0.378200263883236176453681025985836548704764497568777876866734349507206408766934367983679147616392533501329421876477241088204756008917205391254542038463412818066938481797738334549689502655078380422777499905522203473351464693914087490454750821670706240925331936201032383663662680990832829"
"-9/4","0.37620633439196092442927430024347666568192405906629738336712993971995754934995665018770784826264846857789201246010997687612728730644023119984949917734581979775110929643600956065517701402956383223457843002774427157352057806493749744196229880158111524809036227209429318069295464922196151"
"-56/25","0.374047441372457114681053480510422701426757523277749438877524546440254197948865055379149038588257780799847945440349836113808589735791991632563210009424722086999817207931471302998174641717822652287676890261731643037339592248930347140952536201240701082671821220769523734379894269926684598"
"-223/100","0.371722505320660475289909609594214460471447854959987479351886472146361409969821197697332047919935395959328142884990106174062959496005825579455984119704281154826960348582922703085329865278352167908799246754069719676161523211560372412857987010985848658940888703121336895454332450602242999"
"-111/50","0.369230495957956673403129137999338702080113221287928339541948619595620719623940188052368753309400276278467897438698576661019460955880468815474799175648585088273555813425716220504568626014011242607436763469046715168109207100281762144166361798714770188251806014978964190978843258516634663"
"-221/100","0.366570432944010304997173548683051413349773771877228846416317350795234383695122812062216356938970884311966142466285021135310042032255872473247764844118362230017855926053145657481021104226873254400309563360308183155551601681371400943577801367163944734472247683992161465814150598904263726"
"-11/5","0.363741386561093798753762088005706149473646622231796384999910979164087785739422471304960707498647794307573799551277593333807270249610052441840533306519614316310371839112261233738787526658993497431811389826205854966629369456674301471713828272660208820193108348445189989574983180590117675"
"-219/100","0.360742478370800437756172731764316076568105836363679769398969207841172275434601035450638842625075614717969970984494119055917753068341451534371341570213775477637697550146057731565039211099605730454843336380486857555513446204622864874613849639599215170334458991574024024263790630992890957"
"-109/50","0.357572881844210441636540250989734678016319733523741220127451071153496797483051213549776433097668905144823202963269631847352445330415788238130695745190000349959713640454889840190677041528289124117930514177300374622344304470758474472312895525668681865023383439906847807855609836531013223"
"-217/100","0.354231822966766463192412097601562498894402578934578619718590491348138999882613392268103637529911386311836313173165680450408878608877508133135616090276063237145957608718052276267105711575186290673034157786002770981903968592278695724258475301757134374367673323788741377715789800908841944"
"-54/25","0.350718580819304419240321761090815102470413812081721470764192912928272954952367584513443484329007596512026571952562772972260125608680893355101173597882557723198603080194870213895272838828684636997232460077117897241510704406913570488558857652277626384662985771351302728543213320534503139"
"-43/20","0.347032488136876767232228025286026038833266056491012243243859798430970564355273641045465124427351352203648919812066133352489435020667653227883488106978261730636221943287965627113993287592711612366968928756905435721035146394053253635771856011865378170858570249446714447794090331406672318"
"-107/50","0.343172931847197621303133609240686382945819097693567974079344871097703899676671009269226856656812065312728668179998485722157542425070247252209247595206982312604263743578573178685429759492735694126816013842836407115961990979884428857359320967374233903205226307290443272602736109167980887"
"-213/100","0.339139353590731934371716807743509210801911065602119208099801675962431903560738901184939985228701261235588040869579956267575890350393097195560325190858444146178801044746318005085322640994873828364604010719402724388500525592391251438211753998418089365660228785766022340044398317964202928"
"-53/25","0.334931250224643816924579102650870407668296299118772057814593229305735371846852895919977358888095725438490152552695589930954180532203608147552064655172457028347695334738975648201018300404630700166165003653893949645636642010102159691127502166925573505084035685444778343710709246536077677"
"-211/100","0.330548174313011382602034783450116343874516328991579453924956929376870411925194296716057035730187334361782718293581833808881087923113799454914712458262028188350358612296332686409536833748892786319354165539492596836279335206076920650956575488422543979445822070958619247709273116772399287"
"-21/10","0.325989734605906779442302328223714325392041746229978770548257026853972272084751136382534615850934835001566482757046830558933892955431531520225925659790487138199833482578355650743820077920083726872841705022174071939485386654060584961780760291497578949171643284684138964260825579692410464"
"-209/100","0.321255596510129773038286221755154581035110507846217289034974690903407346840253219394269667570636077880598685654927672965928875896991032571994291838820609003466230933206357769658341108015606407978613741640611845483167789989779063855917344994726525276677425856614040201239255754868569234"
"-52/25","0.316345482554570906786865754767558445344363491678537577035333724902017370094225699720548000425818032886788544312073300654377499192524126622889304157677102851022829421546055421164625077283478379714334764210304277533194277285103238446973557237977460842943140882943497420781986262257210149"
"-207/100","0.31125917285336542118781917497377644084728380486097607885731472902325308956277187633789255101877118798742396277203098454520705921985736047386933817385030313532941745256948927991789405317534159934262790801044026544774855043593856797360893171124807433312101017502558614311528344897074321"
"-103/50","0.305996505570181361582473602019310094341281210248201356706447276398905559015287104519774397311224825709523984491797958153802778047854730651148680759553451740983776084175649853141409666098086603290230525882543981922093042661870465107635077211594760611802794154817473379546876354522366693"
"-41/20","0.300557377387164298422511204398892314454726179830790451381376193953867303658133316164995756801918266888230942366127860637696397374007652996902204774754236637613780982452870227020850211307605544693447288062486859631702460850861602781859735268473670752729048981788280509399056105399728206"
"-51/25","0.294941743982236569990022809974400889604808061106059967991828535804947687178765366182098931294870275132630245382717908569554856182756949904322395203880395314250025893229688895879953096333933716587764886705770567614768853502860241598225225097361927091738023365675976970871822309106619577"
"-203/100","0.289149620518620797775078093115594943148414192320824310576844333779731195762222765787769838594320051431217902011161190663523054945457823729170776156807748067519232093945860735395247318067773376185918649359524408603018429722023199081523597784107846104763075728901300412100138117068559399"
"-101/50","0.283181082150625647105020800525976795097103245726572143016187816049082128906702701415331036404453755815831309308607379658738979157635432396338954422984212224005649667322470248557724469448673083070832885918025043535974652025509273643108847211017437617435244517430526143924616920608330284"
"-201/100","0.277036264549896665356912525112691514363065907144908946508938017732326032407321153614724488025304560698751595630998148898578194497713875321362333753788836790342421914505869890693098403357207978889593584370560831837089100000633700641204209322627712230982448513414256127676019071430871542"
"-2","0.270715364456497100320349050273977935374213922547054821128867542348464578580114461921110796727938642811033146533446704265194574565816445134673493356852612479570243812977210316387312475244648233730679439545559311939121182342493395602274877663464962677741638374338820470317732803526570475"
"-199/100","0.26421864025934390344120346605478830520682935642791380966289695782652371351093002790838169892759972274580523504245696586312288525520254669741733331317740344416800309529851771529948075813034755478178579887435785154423379586452816846358019997020457773635730006998577839257782610351950808"
"-99/50","0.257546412610684316893475222467199977396770058679724514911539345586969554748521150960985481672868022536862202436599825026341106075041342311663255360014601604588140189302081390493715162936524486096560463416659951410936619030437083444609948926310318440247305540319917099866033560335141732"
"-197/100","0.250699065079461109934171196474691958261424927219682634488558170801961399569390857120774967610890407562110489354168576098158815704464162277767193517719669425354664339399808165858475559591977993190400875481262541916298428877224569489991348052108586754051071272273498276995304399834759585"
"-49/25","0.243677044848583590199869693754528310498194947259525118779929805537704523135726203144242802128381085591078474607618501482782371486261962870484337643704738682297168707846200477709881248372295820723615541920506788084944413193857487052471634515260933096510047264892629887445881718208607466"
"-39/20","0.236480863461302870295070244441860183437227680954479814893107142527775651837590536866731289354359104142959128185256522120518638883269110679813391485186282282250501032457684432431306338741297248715733247450196864057538440846369856662007085610279915373980148076841571157092858029470628784"
"-97/50","0.229111097622092380221276456081942127338402099076333902236414118420695954994425921000355041572366398053829731976033877117275932350062402397041256536677339864255522367607434712772874000654943893645870881822407211118675990537888807830151278801985808891485112344215722495764483774905074404"
"-193/100","0.221568390057671632968187149402749496884016226201377056174076341689962990189491902207811213944136896556675830156231093152240320501052512226022763817427034383969651067533662813125002066820559681146792739543100577615262559041009433299238941506012692500613743358677575413182362162680768651"
"-48/25","0.213853450444103039247975626100799330468053329507751733877037038483553185027385502788303415103832063479161705213431565986443834229101629515677171523602548750869023006012349722625218383999948735779730641215243036018424733822423009990254752958169847631698280612933926295773762260299051747"
"-191/100","0.20596705640626921514311086741440776919552507110015838860863947670704890478271505524286158678384607871626108798891725318184754792775227709267726156913130464057266263897212307686400374094230622867703317231293611209501212905382235751548749315066840479284126786131631722657071825910525068"
"-19/10","0.197910054596550058939011947916287857422277016500266799188102934992668905401007310474643886940429160893804738097940750907860949399138943689310336935801771182484725995017211086682827985990542607853239292524670048770479187737207780035915691795470789586545570796296601025032989587356639576"
"-189/100","0.18968336186024120340895859208286197203419994780210839404850959852721376844299451664201827650137346120236339451441860571734701558637623192437498868248409572885051494435119359050294793783927721725206239927695168603945523063864046035421612280593333205551915929278429067224972961529054873"
"-47/25","0.18128796649631098048384211733510609590460335535278205595022701631313895127840140327857974729681943935199288091145207161037306870682532111420976750734141569112935689708573024358444367796236198895100592888507307313802832720165949083851815263898218506197730875032220826463423554105311192"
"-187/100","0.172724929623683126465777086224972111394068268038439990633696759050060400688981049347030926556363020420234376243974986727808092217166684551667041563351665964370368754691785993385649040818732443029022687222978731859261605366072228743997856424028480415873290953886094164272162885093268555"
"-93/50","0.163995386665695190417004586414117305603159873741508558121812262614973946644855330809437823712062529101847359517656896364708231925252675786976521913537388795584093675115150349052320481650991902171168145712974185734777085088892522848272348012920663136962611173480900677474884239191166755"
"-37/20","0.155100548969300327408752719973422796816313051475461511947990656020146926294146547287351631521455761193722917834110804969068554414666493342929509695666654697723900853814143772062454752677946250725738319654467122295100115401252261370225203460559416388001192770014565917239357110926517376"
"-46/25","0.146041705581985036394672609223772240197441751816595394491714936190876279760844255611684680072587231263989563988553625671616662570224951097830968510268711828601925512196769441626817383978211164881758630194331503663329340924704442260135577941785487719102756276439772496153911625624293106"
"-183/100","0.136820225220156571942423783216329047853801922832896605662815729291766782937481391410905680323966113630680395021367856018248624726784607261997832280278734633579241030193471614774356142562062504027006069049913884297552493401454311540176986138243253942989640091739109670764274279714414722"
"-91/50","0.127437558481496144195431309347369970052402568795578200204987664092296365264003802590180893610131220308277963953327117892115807068451542769559237131596177758991571375862128994816699431978414180103346664267712209339420588317697235764855038789270127949173403495535306567319960159391194508"
"-181/100","0.117895240387565648205684549048033060919983102838883366602409277474446287610870623828134366121216571140387261941225301744997844433909582986428831843106653700352932606576586480796545048295424884602776612148118590155049339858062475721672100282143547448452062087297784926285828513249465862"
"-9/5","0.108194893406484956827877545345914679596596898961564420185010519419672752547639771401989855462409980005261722915850067251232415920273019388518648612838069221073857599337549906363657245524141484706026058923889238700831360851838309470389038232640511408945240026531527875624248401560429029"
"-179/100","0.098338231230902039538516067255467121369588869023083684942042049029192590085087756278600307511847745090318453816467473292574102601736860890853695669905998143560407569163802454546582639868433326265568732424607565006854463720946458528771003096142749428178526200612380878234124539553966489"
"-89/50","0.088327063848698239120198029006923150002278401519016088638461671298086950665485357764448646477914139880004576028248484016230252728704946066800277655169761138076971400729089629149332021655421183622080788790621582709633783730514741675178749000777716741065125610709948846380457237847494007"
"-177/100","0.078163305031388766021601841748177470521887775040348066959066722042169384287610350127507373392808322983265789225298287339624946627398883472429661593505311115828414024746573153712380630505630938613091055935492586140460092818614980384950756555310010528954815809240067503019547483269207804"
"-44/25","0.067848984797665368608538290277958771112156912383666912542257427233121921585170640586225422121521132580263928237731604606603323424025289104079782347135210182342020598556541132860982373045969010338386338056859454396985815072372458236294384206643815874328826059631537784798823171357103741"
"-7/4","0.057386273293332695897817004438135313493042324013327918924453236690352599122677029678636587202929906595955363942759915727119345316167719999963338624911040787233557190956789287249662938086073393790936901586897949516119221373708267789871942575754616336100557081107554318674988430993858425"
"-87/50","0.046777534617536171325969564884757889306360189875812577127471624241260112749977915124799149123921984174796876654552086300759261872827136336342989651009227898768552704235145065377836167374637265412712829562543464769675341762152636057996430389499849597446663284755748296555830751046955648"
"-173/100","0.036025474579687229142452044406586716034462796973858104741277118957957976007466798375570336348609815632523349407361945621963616230865123088387611671500511270624751033075694416645437194064862716025867764732874936884374489211021591719530063289537552721600241930227375027282173548744364048"
"-43/25","0.025133672731651385771316322031746913991633627936584447218771704454502288514988334439718108229307229130968149927695973073324857420104911493416953578662014011779707329863489712173531588847397986479103379889134028954339218777317442398829575093456847575325396416301913052474006754007382702"
"-171/100","0.01410962916676905822326632238977981788954161165632984015429652018517077271060156357139176043991863545251586579317166847103898151641714822022608341099017314282463745748366897396576079813413819788782872706016317821439054171621765450749154390932302316684093532853586555265804670736307263"
"-17/10","0.003036132336966172959760467249619249100027876456436617729939313403927153600575491786489833895013815319445187851361307826544252271776800607496866091980970590906805085980109586329499231507185702750282153246197900760381306987017082633857010638421969849737488958716840108133113589574918867"
"-169/100","0.008439976095959538242741973622696290875984609231633573016913143892217543017747609893165353921477005010907789230492180694056734990675307778015508379380967575167419288060127867905578252872857604720010251466502767677793845781141165068168969543580041247635693833314629358241653892409128965"
"-42/25","0.019852157566863880036830925491184728493292228852404685003060088762951014083425039993469077821674494372350015093209950404362410433657586298319188315192195813832782772926040155982907030701547193657944944316861284075577912074014600458424176601954631448903042566173423041427487693070488126"
"-167/100","0.031411173834971125755107266281046459880287277309229087749366090913436127449597039195901090891696608334257731929917368664420702682876521329327073457650920956901023187421184250847037697527390306401865460156425906139354361173912484283408062915132629346622427694156757352496116977096184079"
"-83/50","0.043099054803486551333195432769506318541346887096781851616558396341271647514851765400903130947495809067259438246560617085709289809290769185287422030602949521855342688021899017208965333532327275249397016043808609167317364039278503875100526010301965272610442397619339108050969332557762996"
"-33/20","0.054910243604750219524142775427297960074752510840472447155016558641161394506575793996030375130203157467638821492708854977611260975010495579071154662476320606764471777484023517228723608599086607547414129851863933776122184347839104658257240236043254184245800264499549360188012936878167336"
"-41/25","0.066840675104340089554980317458005792610628269402505154176611583854087920590368422412864398594253496425794974830001510313994274888289794292740486895090321829542200427861588226759598806994477261521377740451148678921697682273905579712921977631061313162332818523935715285984491776820508988"
"-163/100","0.078886564221021679697173254553047417317461014425482098948211247428188340540554740961374483908131437532543942463939543515082325442859140882540399909404624569439887418070456374515552737241522900672032543880314603328373119416257086270734109284274654676018710536593792999563395656649660443"
"-81/50","0.091044129386684647238504574199948304823355965075062419293537976585601962309274150683342412063766869654897322672552769696230869983454800034028318876504904653150553877098460283148296400853170451617309031551201415541765125648244061080139798644841908624377557676768556930909960611143384776"
"-161/100","0.103309502437565526868586376671666113297963077652973097110914443257198763432277538076083970170737948420794288061703804131784832208706577349954530421326387589253391591478144521767113675954904692487695930637222229166164497302207479324638906959146942448742666944583617753712004240447838697"
"-8/5","0.115678690906432924567464428098039719137275616183812908857199707170991382005817449040556967980476643678166285801617837502609088414352950759543333631169567028137249826146512657444617776476002239870995767224811584547111658113186363172109489090579871681628098284060191998239387209123506547"
"-159/100","0.128147558491486529325588062834306694115593850735186474572743783762636781772005028695155388107616727127926347690968342453777142258237080051428538976643093206782550592912463079402392817415411067380492820552359122202537504370674109784148272181085912299005040980545057759362990193517523743"
"-79/50","0.14071181279747507336941993613272744113698520299363856624929354199084557635131390856033313399914622310210698642768695887693032431076366227137895812670982710490445693070199449373277592594364872823986168339406883110917951255599937892564649556211787401422017926357815052733231467802683266"
"-157/100","0.153366996295522684538093970504296175879493160245482179476091219279678304350102222806143343657591548802380212714238215469806603999907330383506289386233624136726421666300230924592601356929162656945928546460964665610924296013932876089134878173405132615834625254570782078251109351985325015"
"-39/25","0.166108478813285168396957814028404714202642814268759515395647681861216731984804432633438538646612186917252215565893957795941190540165248744071213158691396435143870181981735779150538858362775078254359429077022988251118857262026965287891644940557940963945132761800357711176124292102815143"
"-31/20","0.178931450789003657913973103594045854780457412004127891396839250440065566300005720740163363318607232367136227245981724283009973545934015701745170092128132919988023970907483315442963510897082632831295062533762364706747347882629834176962592668784802199685199163881828520573676354047847014"
"-77/50","0.191830916918515725621539987757223075236311499818794945230220099045220078290896469493682981677305271276288324899111719101325074082057873196588123435291929341654600280890634486131249146765412116600586174344614227420490415377048655676961300484753105443060055756944545049871364070711801351"
"-153/100","0.204801690007774571181391609472708444211425328463933907837355124520967238817511067194329972759549484001353083178508162532506288144872609226987512278202181911158207600933760163461531037820696631136205879454756429720289680932284920796719123929039857849981753189517275394357786788970184645"
"-38/25","0.217838384934415938549245848186294148055292490130819385549821406589893806542188358293127247981278556304806003272624618103854062282242003996477647694396910788479869475206672316678042763548086215212039205384753662466728820046019553298447035326135363611449002361545654088977719077524593453"
"-151/100","0.230935412669764329599291991735584733879764751190220463629028031621201578042779967194894067167163466241741138659302325990377055822378168624390734114796904077010080712153593500444589490838240329791427189980482820384612837106203021875429460727034060733647424382937303707039821385017910765"
"-3/2","0.2440869743392422686374286276597231361758607622805538622891605064076245349103649865529288712210974190138344977077071014720209553227390650408979288068967448977866607289775034169843604399584842537403083382231311117875602752077520379956019555131889101160565123567326064483402522020744285"
"-149/100","0.257287055314702042873906115902273688537432181012027840915916917857486494426703502263578035272961783517673349584683228989113122629548016405647950628271630723193631587873673648260821562558102007550297179252496247843313457120673868641040078911103862006483096275468648551954663060916297308"
"-37/25","0.270529419341806043119960237158269345295666076755606699313038919369696378146522549240051050284585821605250849205676282980534827838014554010908310068219298423331983120618721839186215749314210155417086271244182347721453904816394740586374231088929758825960399136681849542660641968478792059"
"-147/100","0.283807602711852481426798657020505896863645503548039195769780935135919068503454225139981923578741503988262281469815037394352700766284130403832395640117665952661690422835768460942153710171056821987604388777880531878555260139822907079339086389338853635295685177763768409323645552669471704"
"-73/50","0.297114908491776372126027122618260137170815656651210173609081317048340911981424328085564131282261200679987452320477460797239750451401397353719253918605022989413908363097060448365090427478710037635815806066463364188489223350413744572514571824615011754828065136665509067066047896635725501"
"-29/20","0.310444400829223884698098919274366201006010335055985589754862508105443017171182995126952673145766640237004139234523873990370774061073138946004284768694535455903216620815064475192340006452833200891578318759996618727353363985484574095955791047504364871112822029042047352124774212798158164"
"-36/25","0.323788899352039647964935165692157213359271163838272609919882080970745317408035518252832738291738040480923329235842869412837666199550595769512064623274700224419882478157120280894335817382659204502730275248235905935787386540616308803890303412433960599286803049614042416602688144825475452"
"-143/100","0.337140973683474626703788962722739310039122574168633617096926449125960075726610935113665582141550617525188092570199833436016565024926693759530643629460174008779138715001850058240518297592761264791639783667511922743234424310526549995138391844343737989012242139380953407351793150707098716"
"-71/50","0.350492938096064859935743219382383031024847069406014476909246325070076417005932923345295034163503649047423068329488906586994070119007721832313461995335023619559676407748507392469975217850449465757166373520275791885147322371593063623350665773965749600058731429971923794182175615816806818"
"-141/100","0.363836846328535008082986500570878505698133647321964559304856561685158731438992554302707408977106860906410741601204251456642870944887070116315209471181193256670845187793813278300668120391516519338159818453064127961980641339092639402480667997923402713401667384965505731388109566082447686"
"-7/5","0.377164486591294509873133199460909507617144584047313132118509970729291421254665505343172015922881757886621569604178594725052790639326392098572183815916787803011278172246998431297860543100947691723787188213595324924852397578181512529830783626157660347264422530840760289873290335145644332"
"-139/100","0.390467376787144421856893342807336644267850662675555325541600851313508665426645753945631411304891663967832399199693707931423459457020377746499250078121858349653746513357286453783815776769504919773132848371607415494217764935810781315584018083496488298113939090599129118289478754352465398"
"-69/50","0.403736759974711331581114018469805596371607202759264935254334781054291137203502246126689688225690868238770090225750890603612251111192091850234498680520126981715882824732124861398088478543242744991576080165847054378085898959964109862785163592132029831346207212737493775316303908146889002"
"-137/100","0.416963600102873217157690944129651572241353720325896986617150965559243389331356924017335321849983106171161768521625334061874728288093772762259048044862843322770279339113493465427231553942108841123427040208573832913487409314529143855217313944902713364146476001500889625685566932220860302"
"-34/25","0.430138578045036535955379646262175913489519358838925929639908969510919950604831120223932070738526565721556804243517429161944532546338460920108612077663648885693769760853638698863573996221651123116759934877639544073117392400231167272044937152912089590369330993612374409152580425178814471"
"-27/20","0.44325208796255559129286521012777836340272981397643263761243045571097876718508325619374629864204572309462862061947892646935322788306470257068940026382516607128734224009616983792110893035815254979777534788923278744560629355838177169618050152434820936048481090967193328017063560404860899"
"-67/50","0.456294234026842768070682685538000906340946513220615224663278022204441583976822381542655539912750698892199069416238222569947607588305231771345859281750146769945509024536817382127722305402383245925859451641372014331355562878148306864099002495611717339058657081823842897071978754469291306"
"-133/100","0.469254827529787869543845573282217803693291410998844500505715039023694108192805311450888447837851994435730742915042142105655161892889106085284069957214822338726781365859920827820939989080990746405239155924900359713681409092002408810949705783735232174681228542653105201240348402053571535"
"-33/25","0.482123384411971412276387535912615171454330720770117144703488351392507663059763127011068824372301832106975010063092471422724961729225058378717414323951040093784529168199690185440519743041436234941659509467276399902427514273440070621786975513917661317952930139362607731551168132946423446"
"-131/100","0.494889123237804293526852812424661856347186379944106114874729786658598131114856536707082503098911534997463246792345531797871477798330541788674702566256012816411479743440433297902248609705769736443223669408952948497254089448914049497255990333163364704515010899892876022578579783507460889"
"-13/10","0.507540963646138159583985170023080996975436108419263642656914830947651373804444644590411222520803548005007230079495358727750900147217879543617181471686960761843958934762753400586299419361035518642775781768239881153288887308793737115367157643806026264352352871752853708017524809876151657"
"-129/100","0.52006752530405033435271424438627822249026141131558529961539540060178742357300520330592316487574795144469606538861539474864895862606056988986441608577146532815865693956405536969529736331127385221559633092056228921903076422057807848898470790041070265581428953595578045262766657659565123"
"-32/25","0.532457127390397740088887194680051273891097198250025639047937813243608704043179802596524467012083611685504747512794201282572674896451506275092434784756340299026173907838848028449202170213993122684558718883137336972388279917616932692603102337059831368928466221576670201492401773895587571"
"-127/100","0.544697788634339766816472429328537227504236142480750932094517404336726992964802250023531036202880551923450326483756130347485528580493060227204176555483757038082180263530599168994624942515107635282859559824131907397897940186813809923339399261236140336397940737032342457080116285563060523"
"-63/50","0.556777227932335235456493437115116051012076304743854110413457179118020250638933940240778067928212977730640310945786597056341964823029353560501218487199115041393739176875427603070212034072698842602073531188010331871228701239007627192304481186424617281745557233212491810615786694834957761"
"-5/4","0.5686828655651092854312659257265338089595288493109246997582519358822698517861216698086040602871484171921185271088800181657463750435422624282097431407786407996670702325556367579050167290003103980668579148036544048434729639807081565437395006466359422979392126124927992441239692354703347"
"-31/25","0.580401825033749481394974598586833351003761315858822045954702245686660115119913592831126065571054301162954505730774315489135924149063376778754313641937766431304827556699590771183307115674015059049246025108863217342595319188081744234863585962641417665886954844892030929085987062512194617"
"-123/100","0.591920935531415736922305736421236992529990011233049364060537295706001269837426838649406263078349606059199721379018589482179268644391989443599515946542146899056621866092267540829614592229617076025800469372672215574210275276889079805085077830839638547887319552773113581102993870507159452"
"-61/50","0.603226735064126975305772115593145002439034377856677525727059936043405060673951871947038402352047456032292286568534844657015321395037063189394326079176908250950027944120816030492709995947495772265316423958517893671947911142915523028610477783106656893864279849841048959463932496080203909"
"-121/100","0.614305474230712429690494018047175084758996309194509110277136787237584272790456271001989327352546543682960566085232773771163265281027080241442353786514661422058142749244043136169065037948830253336763625519433044066259730041109845719993455662838747543600354328006483545016366349326125531"
"-6/5","0.625143120668283570418124734260971721942780782276117478331475701644176102854745561551554507043748211283174522234490253127393857385328492647711465782980761604912651543255349512577065807560620525069899826315114008184567274275575841270222183873084245521119431689096506932151552814779194105"
"-119/100","0.635725364165493422248794013544130892722694979506929977828918678986970323586950524722384786250778010268988102212530803988043093329593055992320694593039440632731303459276031128636996868442761650792756502896225628434523310348075099721989179761649973649826024975781746398785736360168319226"
"-59/50","0.64603762244140655533723150653145628908587842129769553993758639201442074573184736124921625199318277903255877005878357387144687466812653181027876434159774453813651567412022413955453732004917642655137098637157090576633571420258379693579396146132809879699028199937689759014186141885760104"
"-117/100","0.656065047583012145997841935106844221377698353978112338388053618256823005206301983667326475474756413192987523458713517373524806219847679302547151403647388278476617977420286449055129105045533781913850054654826470445494795024989224327857884856231771567823567102686691148148918882446486541"
"-29/25","0.665792533129285133519911239888714623142570928439318981975738277356639201235734330224790786422949201141824773908793543536567138645633678856986381827818335644533554852192911626078491744462004363486107607981625127127184226882780227715635817282002735307059395567461438118006743100293444967"
"-23/20","0.675204721784251925785034400866750245997122583560020120180039287425116368429510233894256510985486645490524758081656011904440922263472016548704253892476596377225846480610935470511137178282781209699096438288371132475367563101318754712633917407196009142711912650054839831274289405387400563"
"-57/50","0.684286013735767193487004512754454391765886238073825978713072584931743641825080393646043918137731650571293749448416504527199044277720635700409240242191142617529801114538675793743993772516364893759933569149737705531358955099929704697164588090960809240392257403735353060555554370684216399"
"-113/100","0.693020575550681685480389567936885466708988937293584126799985582497448462896692985569109214961899893668598352071638211305002933677109577261299552856743367814491746123352087856846004084017144585494553445387046551991329391849553820142818860436838705834522566367777055557004791255715481986"
"-28/25","0.701392349610807269874287049610728514554539779647434171221176342465723723595356887247711510832878040163286009094487955736978552837647196787123412699601969776310468169737444682595259831228636308541940190244224714289452318806274138040774471334783826517888127347967437712620181718893791146"
"-111/100","0.709385064047599153506370863206035032061743881848337653061079108433988264187819598689609890066344964727427733046773700654516656455108518197264908234786956631414697267824524126123172829972127381568803003657729959536033519489245114745091071618122951474287043767664085080984251359368539448"
"-11/10","0.716982243126816110760638679593692616698916745317927102104078543892437521997671771359978858992369672911341896647647853693234589672150955488994831708409785690347503613805418031587214185387941812435702196837051758336648573411909442439766080897334789823298025753844855930818715473156962702"
"-109/100","0.724167218027632243858123847793160456305838489551146298685656053250138583489564835780269837220372091801174198877627773163080924206928093438512359128169725252698063203686927699137934077432480413085389224223142511200177713097017321283513884294308583624381050831828194417400390444476642578"
"-27/25","0.730923137953807912848242885785677774528886124604784717324476769344063234794114383032092819978933346604353922870939397433569139245636930419181240974662040992352758495871222633974252599229578938696283937965231506572060621367022102085733777614756304895147906354222679168713954882560497356"
"-107/100","0.737232981507637385609792999685204198565240564568324453021996327302701238910752395562546583176926011295467746585174797805228782516385964436539396602579129160963770208144485245074916307201644877571566531725869250357614467468013312700376418849583909519758301872982140808283533059311960308"
"-53/50","0.743079568250535351883510769571287385972406184189099640530506290791930892332833177945734393606654889861038658095114412526702197405114421325710050033065338945393036396044025783627419737855439071620978122025520790440327080266855593704179814573272869248221242614160805258671563551478124411"
"-21/20","0.748445570367366802770788568291569726711168921284500687525212606395085742483454460935325281997624102185303748139494777235424499103390970296647030857210292767602070333813190586972649164262332217294468371317341245806661835848440876869763479594192172042830301074916313536438465693497375974"
"-26/25","0.753313524345031786507166746696184883325139200783849798709816873758142388324348268334611721872523880251625463608581692877613479603189531799852141410851184394286997434743360393517295056887756767060757254965918210370388272904931966790768573117752113115795106602224731525898617596839778664"
"-103/100","0.757665842569458448649067905780103117972785091495978278027288442096617462609823688929450501323268024466516299766690516326772998441260792767286881063914898178092065641156873997386784708151931736261857013706756377141460418332588677953812124332382095934759535815902723237656713578755495083"
"-51/50","0.761484824739107613144645065231753186425727375762390362861028028161291524484985715381832413167448174112173406749898500515374693248578280379900607473732988894305148889095751888721207642723459301050697042527332568479447521931220299117413662128215056017555153732370676931993160141372160364"
"-101/100","0.76475266898742527562906438439707904561275743671828930673542171761947925691992890062435055889113321377767636492959715177946317004492034982084924708736967763974903670088171178050703419697865862484237712447391958608075243796416086340738829181872081239231865749475490844505405186114544122"
"-1","0.767451482601472712002606620506443259543116765872652449183764575420076556667465699363961754456636133561190000431594309577659146797286554524644249990090969531892955058239076044560341093953614989335875151918289505230366675416193426807101304136055015974927879476987798164796778833918847337"
"-99/100","0.76956329221929539131449026807361386219801494365670441115378774995549699292409490383687673386583462694690849695172509430397208571044933149564633550897758365648399019619612729690971187734584344791557174502120389767866870279142315534568290687322831782447125320189888999648547968602497401"
"-49/50","0.771070053384539784565405225670481398593057541893530105596153668360155888712555766443414365068140594781068820923194733855278197003812790685532550772271296495034169205433906495954688011975363690340190992790981414340662998017659604558033276292225383768517649260387073406623244264632138047"
"-97/100","0.771953659333469408976332583112328135640224735600422493443579745635662998096273544501652916237201407043279144189387559064616152840458201167133693029086212837948783461816758332714278512106557455185520458189652824908538999123634048168701252487336689183605133883525647244887479001597087797"
"-24/25","0.772195948886945000470927505236281574127930518260036196388137250019659791545345322401872348213634675717901608548254933323992043885394548912648211301899150364335694412695057279830801661098543977480273984326058152307324989977941761500058487729377354024721404535456636400659004902078264114"
"-19/20","0.771778713318193967061516177888704419507611119916053200699750117442376729052475494879274864561297088900463825714953334523730870069567241380029506621843364528710491300706242585151101623112819714873486344555083812905419614674951711826683465104940031351703597474687812760436185093814022192"
"-47/50","0.770683702066374565069954640951107354842959232692160929759070812268518441719453814330053708094880325420759667807796103782235578026989697629443795311734095126938672749721970030214376038756674028108169759799240778612948480862362901196182797593907514767083559719505358875385468068024240176"
"-93/100","0.768892627166111375996466579659453291907483735080635158526664848808310732050077757370385146920795798650797660660584410368027486143620316244552115752176206193755742859085236193757025806801500478891181123443990233714464038071694204368700960390344731285836053198533934213412580131975725639"
"-23/25","0.766387166264408650405993556664499080392466806264861794199921284268781352505377251778857784202617102293361495895119324155948017454075297264263992168236885915342879313273428845861963658269861622270340694742246334171264093859177297227174638115232213404710130002842386405957007662266940639"
"-91/100","0.763148964098701961831267763854377012735198550006421625020936674602145153610568309607582028016958020626843652314721257762070357750945252306986794988108703704223335654864514792249325818679722874445800336602387989296762941180008828437226907173395581527492064205544725453458626340006245578"
"-9/10","0.759159632313348457299073306664783176592098264587279582734738999588657778458662482432930564376413228822471486554981816979269335626641901522138993981158668006896862824067023807302933256535203598822602704376573086797663836168413712746556198996711622759426274027281083285894106616265373024"
"-89/100","0.754400747496641138056428169041577857509650512151739321735482280264776416832625676182686537285334627218872418961226793489145011041962950327302282391843064842144410765443446333507634631914496247857140022033809290322766127769497894574810062084657404387758229234887369170103741060499167616"
"-22/25","0.748853847326520087659099102838322941521074477491388761794669925099472876093395068992537805659363928351146587464022499119334145110008607406683304296902012227433959680486667175675710878975582684262494364601081180579678259249182219968880837662047072262595492812416672464702738157426243335"
"-87/100","0.742500424720598804039111445591329416749281043616838475306224858386927409358615599359475758803462058007438912456531219164852096817742633087076142745435901482819587824668411006875300393787420117723029520730273935370361636853563407171096916934432032376439419964794898127329065334212896202"
"-43/50","0.735321919894981554308905960862016744051821587066336667277390308691254998491562495999967218644998843609695993051848731228012531950340122559447423769703077785110703740648707973162251675166722620398600661872822224512865429010794443971640399842658699999799100971616356989715776508685068027"
"-17/20","0.72729971024667332492362208027664127802984368520486413606187455193504411601420884308192980621833877969726792658068856519342286661754244958781745639500535137221241647096547825635917797627459092365719536646695772879701679986433855342066893135894215993826277192602781958688594232054043827"
"-21/25","0.718415097986235022738115298142418083542605939239716525936975476919777012886429896951979938459364378324274012512274478200685750075732196071544706972535477365946326475727666101044695708479355837587506208695682273374365204299960057150086566417288938041137351972737448469169832182221376312"
"-83/100","0.708649295460774693380943181738949061674166888956211881773631206924712049397228174143945956744730108842580872821239959633038816722636617821376224503000893278063688213431188001931351928001499116158414654062945271192947100470620892485524972786215172289617591769333932364814410665114369927"
"-41/50","0.697983408122458556458093067631755688964359629112232383516652448321830600851474273167674866991038186027440575789659476671535995807755418068354428572719513375901105165967218550418950812894039079561343610957294869098174970909083074600023741203826174012872120723497242878102098831376277823"
"-81/100","0.686398415114550386827837078984379951849553980035579288344006052516709547153212412000562999060858888284755309772869619459906551570254883515183214629484710453237159265297611746729434985883427602291278423484621350321921836035106613605372645554019947577752475681805744571486417365491985853"
"-4/5","0.673875147465632796939686251063420047169114278596788045473989111663050701337391494311181381540996884979734485764630304671357190879156834879555074116309579236761513959548671385907803984568571275865261780662799914500256905279089103282895331462713546661885141368294467566255024220618059246"
"-79/100","0.660394263903233033626889862588994058192766450259722468381364898677949856669371051785413451706049119058871241797431797765975676551278529067100346838032973436055578817683020554989546448491544802150550486794330965998748595881049874645198810963132638601845978995091487851376893994575464901"
"-39/50","0.645936224320691555980128656743983688541770470523974029398901725380516934847528957538845584729978166358131291259133629357884818484477751963816589878044519467612462087223828955880738172510490554128302120457567095322122992723664692001798407763355599144577694801594458754483319600202041494"
"-77/100","0.630481260955919374158998414508694641312296710587843330256188820560551757387074634892073441351373193892666520052770449661277587007537126290682457868004263660673885493998483105141394584206502606479704173045602203274848901939257429157665255108043179854529073709698873371898879005908247235"
"-19/25","0.614009347367862761013615220174426643163781555536591321569484208075786744442538956510364700408771993289354124118409844167927109982156108561037188401284258550441656997002744195899692428627887584921762196907429070901237726787257059151243698639309048356415320609311111431835675702397280143"
"-3/4","0.596500165326236704267174877251529935738311188841597764228790668824279148528514447100929300555056051875784603243212609144301504488486200411677992027438343123421695708732889660956375796296613613524001502438447650470563664423640709894041492697738383403079135437605760757825536965200503758"
"-37/50","0.577933069762644411026780648765398105829938058695150547138791411884155105660966286814477834166100561610214028142441206486155662420413631770367591913791045046044294765542059950181713975716416901436222506086598379820296150337856577823502431526346822080510215130359431672086806686838061978"
"-73/100","0.558287051966856503724735761834743190566920182290315302402319750295918210367493532464893129700915931370798889884667296312403327978311000934191380106283420980366146391192037584295671734606544268427017898125825026335870313678088573630169711373532142839054270172766469370984381680197479476"
"-18/25","0.537540701251119015088646172280019981856478964805073532853504645237468164218720231249469698449346336204852639631201914185893480198442093604745589534843057488187374402810864286416692631123967630516521403123340392571741082395165040550749383092221755973334537424868487121956441828857270811"
"-71/100","0.515672165348293630400046959589122300187200702745618786691799912633466004240750552707784781404168013325401404822948777052767643516789671853448937071453241623214190276800280499134766823209941230055971395485743401397334255498180159017400463178753175579965740078803845242639859817687407659"
"-7/10","0.492659109856880631042282169776915542378803533056866181453230911012771983602142530154869211119198458644415089640795378458181631421782849401096059864042923856798623539950970903730333156542344089983822458026916943389235625818297491130763080679600549534094559839132091200992022761936673156"
"-69/100","0.46847867709810290298948203665511041911027360224759590090254133007459571035558704067798631570253198716878666314719511490564851126573624087020211370737022762981377841271202881618569161519911954725624434817366450847641536680733656621483775780555474921678110052543786471345150506723397425"
"-17/25","0.44310744480793650098562803426509153999478650571333193952566741866918328388281182195639859754797152207871855339622552744819751074497558989362489501113874470102331681730998452338620344140107434250096895470366830921383034985417296080920589673489299048304649745778378711218697814560161774"
"-67/100","0.41652138515115703819611603014833231565350208009140439339902282422734745522062651661282916367202077144510630617544344266267541714817962395893806409825549392084586181965712850444241833424559631579295511632938532184706406936209214880932382259114093121567994520592016443222816639151481466"
"-33/50","0.388695824616374156668993614042334114978248646454516324312931895885869469056066535830160935509686896539816326936348187663970927971479913033811867559693494078092051636852575766621926956617953928450753181104481086939004351575356379426665572497982975990903657011799475193739520238533012384"
"-13/20","0.359605405432569360206952576107750230335168311428302378506350917485717376825225089795386021464002154917109634051748988029656309610087532380430884653069643529640068108083536152187603508872051473775354375219124698574728971089630463275343851100974533634689179900405446991386472745870624391"
"-16/25","0.329224049242252635917722792164964874101732919859577146580747916445929857292285601835552027108985820331928801161646349543112168819987091155732517935854133317753856863093119640004269534361093925404020540845083603065463605862877514345480606130027448794035647552455402197397181492593608508"
"-63/100","0.297524923881094350404378630192190810798827621477817876727691671908142432752820360474745046298982608658632934012540861021931956755440059138011615029432724222868719659957084811724717806927199431020116904391787853187842165301253480401053537050454568715122700597701172296273022712479226103"
"-31/50","0.26448041426581566628294256906729232669932482009128804385109251450425712894634854375078079554682853584811693454396577612004829949445640711692364109379579626700684740778176613623247683418750371197543796507845137231978661239314213862721031985753136903930490218487818756924783301667704015"
"-61/100","0.230062098628546626241335533947534586428454564316416727733264986775132511895627591444100365558045034208608584139212834947230270178566189758122936041272440070599076438676353053523933897583683580145208371760150495974629064983036728406330846340479047641692907794246913572099907027966810933"
"-3/5","0.194240731809224703963795582638803720987382465672301938345676661848723245361453655287103689428914405073997138448516133689636105781236414744777831055470132115521176514416620048412410463821850169129716650545114337240899007471277652146680305271209003190322379301818303182545282871386979042"
"-59/100","0.156986238613718567694954476513234471432686421893167739314665645502198675123247043249186689388845974768575831103901388563853769654140747352097082218630749748004023895027453614938052395027990345359518413519801466256478585832170567132342295739092386699977319588858053652583601425102754224"
"-29/50","0.11826772521375457413061855046891186499105151425499226374711324971579730342065541541510098021023906409900988473519600196862631607177436262891187540151273202255438681078759043257928296421825552841898276555079219618274597700997563050617742712654564162655049904165054915524867017260541881"
"-57/100","0.078053545074216872846173210198683340078544724582956936252073148013469381574667063223225599439653662564831341351796324944161472805170980759893544068054249151364321674770473583998399890763516459102450832386511652497646554474239741246736911448037755065126480571974102831701699749823865687"
"-14/25","0.03631178768017752538547402232313128407995846485804745514696257070173292794768813245514732661201266460669104736832271747934028886426202953280024575859203163508376716867276350551248484998547276874902094176153015249752229895915419672469804863818773338919800115315941668148073880086115243"
"-11/20","0.007006861145264037016891229994162746535925241215218559118004655479349531997746507277670356075155249470530946572582249409042736604862359343731110250542240207728840422704638330064789922126970475472305940483474350845386710314782124725931688370260564715248188081552331624840631080769314687"
"-27/50","0.051897345120292384132050280315603349890265810787970589651945490820358819688235575068853694696249295395444648955062492498315589866936756326477645778474579744150549619935659566280885117180078949579446864007971780713157817546334489594530648267762698858206619857954171762176346852369837566"
"-53/100","0.098427747182605790816983679678414698690957642082726059677677417417609456780164756262212261482366704761935666155556180879458773837819187205746704939212110471696111567816702990979383941375856717056588780566054031160001830267448624474273392794598454105626827946915452244439434871479134669"
"-13/25","0.146624475661391839036814111126319578836259417168789585438712130180024734803336341894599352368916678886693588651722679449885616200973009361831287507883822381043087678971683429343306733709173123443507526789930649540564708578208387545606720079780974333657024270723073160608045079724766862"
"-51/100","0.196522919727162213568358584304595314152738905282861758787363176937412467980325310622438111587685744722565822806356687479291480575093043286904220232555139200964163340305713985801133676589477338568617943543947472349015986603789959356208121293073830463823718940490096536043569092284319578"
"-1/2","0.248159029645271843806445439056400760757541252099376447845256582322135224799609734068994701738988986050774726463439765184362241487220258831480679080167019689393755928292142568731150676088742980497015286654629250717402490241254782625430053561778351181737552419849629832671809312110079446"
"-49/100","0.301568925223516200994933802955710799495227836583693042167316639701577552635689192699420310479391261465142187887501626374723656924156803707131916472518647228939073567757526532320897944450563023897208998266015884463072794038486034219762523096241681322310424655176003117200577342864031425"
"-12/25","0.356788647682676936754063064186376914446045387392894787605499544665201695364941042939609767589700184028333621677562773778190740639872482431839607618045693197876407410052862374104581297368335955593237527560850813159988230938255013637645341021816324040697950384016705702693792123228570132"
"-47/100","0.413853896780033763019933945056295751016117037466680895945293328734724791999650383413748454416195903578685506692986726689246588807363115680044271668933546148608231685054589006181049415703798888975258163469322867000473831126484076619186037690175080860736872441859098512787986369278512745"
"-23/50","0.472799729045445593445970019523016556645631094701187043824082537818347503703195200363365592833221748914361875706626011294180354990876843938455000064396110155578820880337527568817710787505019961666832322626834771884472828228400806895117244935539776462098149559057814150277679913534049233"
"-9/20","0.533660207988286474334677839380252080298391900669843972751381425112122592760843173506845003066373853342270121039754766227659710548076607862055260592655674643140829569581850000422655134856378936749214934489999400164344098193397339235496653443010781755940825686802658884855459976891690184"
"-11/25","0.596467999785799147880020190593132783191863798583780922091623583590176243300269934119168319982006464521685838054667106375422546936234923718332121643999642022100426810778750638014716966847885583404136261201110852001647285311397643178749621992627006075253655292088249666537286755896384205"
"-43/100","0.661253908453228291897803650512659612537860327772424623634170087667530117149903402238384512023209455162866539582359160303262224008507826422462322139540592877054429808905916400343877756826802596597916470644876396133703939294211947744706378959418555622526572326686072972143290121945265004"
"-21/50","0.728046344510387719330902364560092698184646087226832264380054160502049063215706880520957797354644532346156153129965724468789354278033295369760991901024140245569336441968025641289333750996202127516868625578749455375910459235317147484899121523020097640810252309820658274804303218564204489"
"-41/100","0.796870721093178208902279452742693397502409382341807153762798257828210642523072024310378002220696602837135483217115115261037550939775582880568848682628708365298195074216034283107641304277348874633482450802597830520630673326020302535682451908926029993649673433771509751014373151233511821"
"-2/5","0.867748771441951814978546671973392580423894225800636505553684231675286900383824493390458697224045426973460056578851180049355407675867057957905980468405789602840451341544722671249825434909567101012367022741874813288022783606715971972004404266589044649357954669873416332868826349106135388"
"-39/100","0.94069778179755008585227761044048162746826754322056879290488678826913106263004560981972043839575286367300218868322159872360287317437269929451018261015309292950309108036944949247951472070946008224512690576138283495922225663290177914833285890544182662820145816700894662066191550300731536"
"-19/50","1.015729734001623022520361909012258574160082868848188407340464479706775449376759297361373525426074131295567355352831268043563414029229864525923199667420556690462827627320462351738675396036019041838743696915788640842460501924440718243856033101096755775956942934356889726050097889557069643"
"-37/100","1.092850352581250659298591308719836878014665428929547883426361601334981686277781948409564454148359335426391537925222904066874251095294496312439914346439636736692269881487365686816377028260714805229807219168651177331244902100328499570953541833895141645032717823886446925713303317834512057"
"-9/25","1.172058051853863848094258855080528002883156121255503289027691996309870304124455446799414788515980616626120490675124188591238207983173399751516840593945628121088689387550886949637593518245139922385533914855665396764502328399885839339401840298305554944873501219231250852587626776262619272"
"-7/20","1.253342779677506632896651901742165932323152788299185023839884440931438008982076615969642191052192628267962841591797147355532576139901047398693003921607142160334197502975872895962262551497797361982996436595895725774444318162310586658274638847669957895952111591967974533699046477758736576"
"-17/50","1.336684755959709523041722494311699966134967132843629580955382546242504882024862256184188322915107573171981906237448155902473680983377922096395157090584502988427364110592742065967537152000036849130307072268032963686763337407843167858489702823792125739412280356257965541626086459459795272"
"-33/100","1.422053105996369459505403299859861674229660701900651433398935171350422203129144326923278476333093378490228813152789915186933528799642056964256875580104790360560405564039282542327206349623224305854229493745650581992918658286017691119500477535268974923098456959890733141048504358497589713"
"-8/25","1.50940439121340646983687690550123148936661461578628408774787715296760036782240146407308025129868959351423872440004739945030918157714849681944738097481190034510590513598552223249168435374301202486667244737381497818218618831319832909740059634712528438165313711937613042514177327550775756"
"-31/100","1.598681043001453475115599881269103915706508257090662025457767597983609644347522026073781288813516132521479843175731032794691965412996578028702059898380852461272371097107260133756093175934867110498103441247315112210863542898145329018600281463048088343760773978565169785562842036453320845"
"-3/10","1.689809709135359130181153289438904565929822622017500724413926359140763329454478692939619744590726915022080708066425031564328949887366882475274599591649791847601016124191043433154697566488579740421611869791251897274480398692252216250975779039200901418133532143438465436914457318566012522"
"-29/100","1.782699526812807823825239107998113318555259049005269457757747118383767364509503703129800854208285373035826350660689407442845794224787189918853394030199104908016641272335793862983908829127304757582468303770285378137863469311614526977989259568893658372378412637586745186495452277292244247"
"-7/25","1.877240341668109440795576653874721724761601684968948278979938252126058560060096760351445520019994621715508784167674108772176786043367612167223058807558068252315533626419942653310205613836629458270180202579281003386816059352711605857689684814557403697269267193805733137235473008460678343"
"-27/100","1.973300898228009393933329732129682082170912649737974385664857777609011365536422992279339756953973425935671896844085119721112796766518317942624539581141798303658302469023540464605600593860654437411982552128542115846126969284814664130354590224437967605772739114769919741714089068096060799"
"-13/50","2.070727034146122254072941350604115896614415482345831970869979167880944221878214464034488050817559447796279375507821669614346681612322593731638230781193562605859461920069576865323606812623814646817775534765481084859023772894655691173564601670796498124652103395514697807755830341350453875"
"-1/4","2.169339918098120580503065381678560401206734655394720609812425653162875464096003312087268346931828244130751547906699267313756936276283067544873348699812333154943165726842315709883191532925353787344896060315284996012034191954539736622238230720569638976250003062590936817505815519858323565"
"-6/25","2.268934379290550658259621384157630651160721211861021094665064174005330427754742655271739887795365122343970698529371192307242568904810671436936157139495383642496586980032275377550105959722036722974891322596583251440312855313642933378920069167679033649776243435028987889803167646082031388"
"-23/100","2.369277384899606198527795791022045471249043653705887525516885544765850391908001693392361447444606873296100955573274234219783419681858902803183438684186853465408825174631559550404849091908027550287551127424269132242132643320094855478510203754329189840798453187744783557097583790043934259"
"-11/50","2.470106730084508182809127632276161236634425683302387477826516358397528042111076618324699167438205793882429286738291756564417846937139321231865092331573630135936050159352234467470620900629081308646980758231022144743143010381620496431482693700044572895304099189779933435103726436210825487"
"-21/100","2.571130013079620007626343143650657261733372699111336703370701122096267710217690462805993631758296444985080512216926533070657118467183850533281543486575235336369777654452991539657261098496968636027629205774332673420369552277974807283551986566964077473003385027731370123706305342017297836"
"-1/5","2.6720239747154613466717261523930487368616356803883854783433008483966690822749591921129279041420280396025868692806202134739791177197219765810433027712955265348568392585205475884984149307183054218418311180524427902452211257001707184101117095676701307170459091979440402944058426441889797"
"-19/100","2.772434286899004579654316349972007910874696059019139622464325392752310464363270802499176762182054117276562229835677832809573766338602076256698204437746287549355917386488987633828692119921246650042696969180986218310978076366847624613524543770892060794026032047106811043650252109787362355"
"-9/50","2.871975877352468409278314149251433893506277455351407003962039773816464974263836333473168315149069026145716773408470582528078679041541021152683417445138592262341538825296287139497822988534625938393660587565218749663616539632055542497707840048929040145302423281231309886690739658388424883"
"-17/100","2.970233877457508742972802708932056269754934717330262140026994657965683625112864497445924193911992803104779185329044134194877716923944155110434873790146854020851691372204413958020258871656256076372050450913116496979190564224023650209405779331707700248989339455954132169863916849167517284"
"-4/25","3.066765275550372141642431568582753354933265723352437859012678469103426930870117256015850942016118374415487219207296421239831546998194037545359906680611288747333987956752090994776716971905027466107808167537088536934535569718188916702030916507556692292978778878360393736517053160748758781"
"-3/20","3.161101348681677060438345732800424846625104056903012216517334885905919023052962591252868313532537416947164753818680697035552554015901421849480242943841384510193282808300148951527216561135180843796095656711295259899934205359919018225032715855918659158887185150072092618120527372861994353"
"-7/50","3.252750931039043570497506335828761688121599951465358263459857300566029719321884299050260881541683597855218336504525236258195451105426951483423864863094619434917587351261052314044999570038928207703002977834917720203682644633793525550918659790874306201156581478975829235594751480859853506"
"-13/100","3.341204556504070947818992286205709663182701950734045218581443533750955633036429866752647552067929900712141342582843651122608076329731464807308096556962262086035239196657222436679934452733670500771281102970648736182268941400677823831164755607751131506504894625226130672376004277289441717"
"-3/25","3.425939486079075810291782744811508858864183802004809893718669600889320967972974195343337258828262450783863290515932318251100682835370060974577594814791515029041129643686894177749049186580792333455953029452395282915109241609011546645403635997964716472277787296233677283820020045591588729"
"-11/100","3.506425598506796959752946203553692636820529772140160377291750579252324642133770055072140711381839886789442423134815776798182796905358734491075392387307251472505431452735754679986902385340819181482194634695061082473244398450785645210397711749412697879606589097312519384639543531651350224"
"-1/10","3.582132085167657184462869045540329147670821932772945890616459661519051055329395496974277247179887531999747015121883023823251004617454566941671176345237575986140259855902621259178352611974284176797399038860961727333238714207988681917546025031691593146259002048352947363744418271004095736"
"-9/100","3.652534849692642146839822256641550584384327453067903420980250916865508736660892511841898753076917754547736438888759616043509677408681505372963129980700256544675524882333410841395597808879568264484347147271541212330824267193877715661945009497022322950403579133359992283375810528219981351"
"-2/25","3.717124470665471742082485226375422824051714479145640532112476538013887242651548601545338413907121966567679919663609598812147765911088355036834918207341638836402663147698020030179342969140259038846237788812847033337431764621640173560855886048296340850278027131668416406049136531034163981"
"-7/100","3.7754145448059031957627571287725411232064761346229321199414048787358380562671822865598717569814962064081373917879888630217979062932103387716639152456275005168666283739520744096649714901698434789590258728154795713645841065532437934664139943431266989769033626084817915777659173904890879"
"-3/50","3.826950191003338519797251281190624646255582901141002059599392075018071581564590921496819217671137518028252456649362230021181076491671852257145322964962570379783433470724361559185843540157389495929779782687884008065749823809506048662698461689005692016225955884271437321043324845326750237"
"-1/20","3.871316465552156182613579622738449823827259012317885614109707831594450112667772467288110969053283435689549205609851169680694843925422870198397640440206411238117518442346092181108556260323443450827911556544882512909550527781570663674157838705433416248142648635017373363946215862864777739"
"-1/25","3.908146418873468153907801838653420224573071978353705633947067128169258160299181772763529361961072594681366505472512087195139486146165030188447186352139479624014646109417590494629816142947641566018363366891471002087863347709025638292616895699721726539267676075378240440726012323110925258"
"-3/100","3.937128516432068465229524855774201492037942443612041034359924888113725225625148273878850291488117515906512809033947265626192567118593173683551586224362888064513287962675206193997788814293865234649799632436294249598369252620347483025219406721583380098909027695373842406700147547008636278"
"-1/50","3.958013153295521854283590640703258561037044061043306843158823588140290685554941814934801641448784401758556774255927038202815413295538178601473129982093238814459878717792113206604981101636982628776274977101471196143124291201418740607671817110953296897136539990683383843236923306450613696"
"-1/100","3.970618013670088485748794598272563095095650307931775074039389047919159417465214763415281299386245454793822193665538792960379262480114553121369972438905927673687534965640900014888219595029649102008314551057833220604726155723198061483613146129151390684812147957236442449071599191938284295"
"0","3.974832063443026756142270478514884111501433017166354004939177650179185477337569143845684703183439064354005537451621859534944383826762456498251034154671560753779164938871226311457947232678152494825655699946751837486398913947875514036716920491748457658655883153614101805178503102467365553"
"1/100","3.970618013670088485748794598272563095095650307931775074039389047919159417465214763415281299386245454793822193665538792960379262480114553121369972438905927673687534965640900014888219595029649102008314551057833220604726155723198061483613146129151390684812147957236442449071599191938284295"
"1/50","3.958013153295521854283590640703258561037044061043306843158823588140290685554941814934801641448784401758556774255927038202815413295538178601473129982093238814459878717792113206604981101636982628776274977101471196143124291201418740607671817110953296897136539990683383843236923306450613696"
"3/100","3.937128516432068465229524855774201492037942443612041034359924888113725225625148273878850291488117515906512809033947265626192567118593173683551586224362888064513287962675206193997788814293865234649799632436294249598369252620347483025219406721583380098909027695373842406700147547008636278"
"1/25","3.908146418873468153907801838653420224573071978353705633947067128169258160299181772763529361961072594681366505472512087195139486146165030188447186352139479624014646109417590494629816142947641566018363366891471002087863347709025638292616895699721726539267676075378240440726012323110925258"
"1/20","3.871316465552156182613579622738449823827259012317885614109707831594450112667772467288110969053283435689549205609851169680694843925422870198397640440206411238117518442346092181108556260323443450827911556544882512909550527781570663674157838705433416248142648635017373363946215862864777739"
"3/50","3.826950191003338519797251281190624646255582901141002059599392075018071581564590921496819217671137518028252456649362230021181076491671852257145322964962570379783433470724361559185843540157389495929779782687884008065749823809506048662698461689005692016225955884271437321043324845326750237"
"7/100","3.7754145448059031957627571287725411232064761346229321199414048787358380562671822865598717569814962064081373917879888630217979062932103387716639152456275005168666283739520744096649714901698434789590258728154795713645841065532437934664139943431266989769033626084817915777659173904890879002"
"2/25","3.7171244706654717420824852263754228240517144791456405321124765380138872426515486015453384139071219665676799196636095988121477659110883550368349182073416388364026631476980200301793429691402590388462377888128470333374317646216401735608558860482963408502780271316684164060491365310341639809"
"9/100","3.6525348496926421468398222566415505843843274530679034209802509168655087366608925118418987530769177545477364388887596160435096774086815053729631299807002565446755248823334108413955978088795682644843471472715412123308242671938777156619450094970223229504035791333599922833758105282199813514"
"1/10","3.5821320851676571844628690455403291476708219327729458906164596615190510553293954969742772471798875319997470151218830238232510046174545669416711763452375759861402598559026212591783526119742841767973990388609617273332387142079886819175460250316915931462590020483529473637444182710040957359"
"11/100","3.5064255985067969597529462035536926368205297721401603772917505792523246421337700550721407113818398867894424231348157767981827969053587344910753923873072514725054314527357546799869023853408191814821946346950610824732443984507856452103977117494126978796065890973125193846395435316513502245"
"3/25","3.4259394860790758102917827448115088588641838020048098937186696008893209679729741953433372588282624507838632905159323182511006828353700609745775948147915150290411296436868941777490491865807923334559530294523952829151092416090115466454036359979647164722777872962336772838200200455915887287"
"13/100","3.3412045565040709478189922862057096631827019507340452185814435337509556330364298667526475520679299007121413425828436511226080763297314648073080965569622620860352391966572224366799344527336705007712811029706487361822689414006778238311647556077511315065048946252261306723760042772894417173"
"7/50","3.2527509310390435704975063358287616881215999514653582634598573005660297193218842990502608815416835978552183365045252362581954511054269514834238648630946194349175873512610523140449995700389282077030029778349177202036826446337935255509186597908743062011565814789758292355947514808598535058"
"3/20","3.1611013486816770604383457328004248466251040569030122165173348859059190230529625912528683135325374169471647538186806970355525540159014218494802429438413845101932828083001489515272165611351808437960956567112952598999342053599190182250327158559186591588871851500720926181205273728619943534"
"4/25","3.0667652755503721416424315685827533549332657233524378590126784691034269308701172560158509420161183744154872192072964212398315469981940375453599066806112887473339879567520909947767169719050274661078081675370885369345355697181889167020309165075566922929787788783603937365170531607487587813"
"17/100","2.9702338774575087429728027089320562697549347173302621400269946579656836251128644974459241939119928031047791853290441341948777169239441551104348737901468540208516913722044139580202588716562560763720504509131164969791905642240236502094057793317077002489893394559541321698639168491675172843"
"9/50","2.8719758773524684092783141492514338935062774553514070039620397738164649742638363334731683151490690261457167734084705825280786790415410211526834174451385922623415388252962871394978229885346259383936605875652187496636165396320555424977078400489290401453024232812313098866907396583884248826"
"19/100","2.7724342868990045796543163499720079108746960590191396224643253927523104643632708024991767621820541172765622298356778328095737663386020762566982044377462875493559173864889876338286921199212466500426969691809862183109780763668476246135245437708920607940260320471068110436502521097873623547"
"1/5","2.6720239747154613466717261523930487368616356803883854783433008483966690822749591921129279041420280396025868692806202134739791177197219765810433027712955265348568392585205475884984149307183054218418311180524427902452211257001707184101117095676701307170459091979440402944058426441889796998"
"21/100","2.5711300130796200076263431436506572617333726991113367033707011220962677102176904628059936317582964449850805122169265330706571184671838505332815434865752353363697776544529915396572610984969686360276292057743326734203695522779748072835519865669640774730033850277313701237063053420172978358"
"11/50","2.47010673008450818280912763227616123663442568330238747782651635839752804211107661832469916743820579388242928673829175656441784693713932123186509233157363013593605015935223446747062090062908130864698075823102214474314301038162049643148269370004457289530409918977993343510372643621082548718"
"23/100","2.36927738489960619852779579102204547124904365370588752551688554476585039190800169339236144744460687329610095557327423421978341968185890280318343868418685346540882517463155955040484909190802755028755112742426913224213264332009485547851020375432918984079845318774478355709758379004393425875"
"6/25","2.26893437929055065825962138415763065116072121186102109466506417400533042775474265527173988779536512234397069852937119230724256890481067143693615713949538364249658698003227537755010595972203672297489132259658325144031285531364293337892006916767903364977624343502898788980316764608203138764"
"1/4","2.1693399180981205805030653816785604012067346553947206098124256531628754640960033120872683469318282441307515479066992673137569362762830675448733486998123331549431657268423157098831915329253537873448960603152849960120341919545397366222382307205696389762500030625909368175058155198583235649"
"13/50","2.0707270341461222540729413506041158966144154823458319708699791678809442218782144640344880508175594477962793755078216696143466816123225937316382307811935626058594619200695768653236068126238146468177755347654810848590237728946556911735646016707964981246521033955146978077558303413504538751"
"27/100","1.9733008982280093939333297321296820821709126497379743856648577776090113655364229922793397569539734259356718968440851197211127967665183179426245395811417983036583024690235404646056005938606544374119825521285421158461269692848146641303545902244379676057727391147699197417140890680960607993"
"7/25","1.8772403416681094407955766538747217247616016849689482789799382521260585600600967603514455200199946217155087841676741087721767860433676121672230588075580682523155336264199426533102056138366294582701802025792810033868160593527116058576896848145574036972692671938057331372354730084606783432"
"29/100","1.7826995268128078238252391079981133185552590490052694577577471183837673645095037031298008542082853730358263506606894074428457942247871899188533940301991049080166412723357938629839088291273047575824683037702853781378634693116145269779892595688936583723784126375867451864954522772922442473"
"3/10","1.6898097091353591301811532894389045659298226220175007244139263591407633294544786929396197445907269150220807080664250315643289498873668824752745995916497918476010161241910434331546975664885797404216118697912518972744803986922522162509757790392009014181335321434384654369144573185660125221"
"31/100","1.5986810430014534751155998812691039157065082570906620254577675979836096443475220260737812888135161325214798431757310327946919654129965780287020598983808524612723710971072601337560931759348671104981034412473151122108635428981453290186002814630480883437607739785651697855628420364533208446"
"8/25","1.50940439121340646983687690550123148936661461578628408774787715296760036782240146407308025129868959351423872440004739945030918157714849681944738097481190034510590513598552223249168435374301202486667244737381497818218618831319832909740059634712528438165313711937613042514177327550775756"
"33/100","1.4220531059963694595054032998598616742296607019006514333989351713504222031291443269232784763330933784902288131527899151869335287996420569642568755801047903605604055640392825423272063496232243058542294937456505819929186582860176911195004775352689749230984569598907331410485043584975897134"
"17/50","1.3366847559597095230417224943116999661349671328436295809553825462425048820248622561841883229151075731719819062374481559024736809833779220963951570905845029884273641105927420659675371520000368491303070722680329636867633374078431678584897028237921257394122803562579655416260864594597952723"
"7/20","1.2533427796775066328966519017421659323231527882991850238398844409314380089820766159696421910521926282679628415917971473555325761399010473986930039216071421603341975029758728959622625514977973619829964365958957257744443181623105866582746388476699578959521115919679745336990464777587365759"
"9/25","1.1720580518538638480942588550805280028831561212555032890276919963098703041244554467994147885159806166261204906751241885912382079831733997515168405939456281210886893875508869496375935182451399223855339148556653967645023283998858393394018402983055549448735012192312508525876267762626192723"
"37/100","1.0928503525812506592985913087198368780146654289295478834263616013349816862777819484095644541483593354263915379252229040668742510952944963124399143464396367366922698814873656868163770282607148052298072191686511773312449021003284995709535418338951416450327178238864469257133033178345120574"
"19/50","1.0157297340016230225203619090122585741600828688481884073404644797067754493767592973613735254260741312955673553528312680435634140292298645259231996674205566904628276273204623517386753960360190418387436969157886408424605019244407182438560331010967557759569429343568897260500978895570696434"
"39/100","0.9406977817975500858522776104404816274682675432205687929048867882691310626300456098197204383957528636730021886832215987236028731743726992945101826101530929295030910803694494924795147207094600822451269057613828349592222566329017791483328589054418266282014581670089466206619155030073153596"
"2/5","0.8677487714419518149785466719733925804238942258006365055536842316752869003838244933904586972240454269734600565788511800493554076758670579579059804684057896028404513415447226712498254349095671010123670227418748132880227836067159719720044042665890446493579546698734163328688263491061353878"
"41/100","0.7968707210931782089022794527426933975024093823418071537627982578282106425230720243103780022206966028371354832171151152610375509397755828805688486826287083652981950742160342831076413042773488746334824508025978305206306733260203025356824519089260299936496734337715097510143731512335118208"
"21/50","0.7280463445103877193309023645600926981846460872268322643800541605020490632157068805209577973546445323461561531299657244687893542780332953697609919010241402455693364419680256412893337509962021275168686255787494553759104592353171474848991215230200976408102523098206582748043032185642044887"
"43/100","0.6612539084532282918978036505126596125378603277724246236341700876675301171499034022383845120232094551628665395823591603032622240085078264224623221395405928770544298089059164003438777568268025965979164706448763961337039392942119477447063789594185556225265723266860729721432901219452650039"
"11/25","0.5964679997857991478800201905931327831918637985837809220916235835901762433002699341191683199820064645216858380546671063754225469362349237183321216439996420221004268107787506380147169668478855834041362612011108520016472853113976431787496219926270060752536552920882496665372867558963842052"
"9/20","0.5336602079882864743346778393802520802983919006698439727513814251121225927608431735068450030663738533422701210397547662276597105480766078620552605926556746431408295695818500004226551348563789367492149344899994001643440981933973392354966534430107817559408256868026588848554599768916901836"
"23/50","0.4727997290454455934459700195230165566456310947011870438240825378183475037031952003633655928332217489143618757066260112941803549908768439384550000643961101555788208803375275688177107875050199616668323226268347718844728282284008068951172449355397764620981495590578141502776799135340492333"
"47/100","0.4138538967800337630199339450562957510161170374666808959452933287347247919996503834137484544161959035786855066929867266892465888073631156800442716689335461486082316850545890061810494157037988889752581634693228670004738311264840766191860376901750808607368724418590985127879863692785127448"
"12/25","0.3567886476826769367540630641863769144460453873928947876054995446652016953649410429396097675897001840283336216775627737781907406398724824318396076180456931978764074100528623741045812973683359555932375275608508131599882309382550136376453410218163240406979503840167057026937921232285701323"
"49/100","0.301568925223516200994933802955710799495227836583693042167316639701577552635689192699420310479391261465142187887501626374723656924156803707131916472518647228939073567757526532320897944450563023897208998266015884463072794038486034219762523096241681322310424655176003117200577342864031425"
"1/2","0.2481590296452718438064454390564007607575412520993764478452565823221352247996097340689947017389889860507747264634397651843622414872202588314806790801670196893937559282921425687311506760887429804970152866546292507174024902412547826254300535617783511817375524198496298326718093121100794464"
"51/100","0.1965229197271622135683585843045953141527389052828617587873631769374124679803253106224381115876857447225658228063566874792914805750930432869042202325551392009641633403057139858011336765894773385686179435439474723490159866037899593562081212930738304638237189404900965360435690922843195781"
"13/25","0.1466244756613918390368141111263195788362594171687895854387121301800247348033363418945993523689166788866935886517226794498856162009730093618312875078838223810430876789716834293433067337091731234435075267899306495405647085782083875456067200797809743336570242707230731606080450797247668621"
"53/100","0.0984277471826057908169836796784146986909576420827260596776774174176094567801647562622122614823667047619356661555561808794587738378191872057467049392121104716961115678167029909793839413758567170565887805660540311600018302674486244742733927945984541056268279469154522444394348714791346692"
"27/50","0.0518973451202923841320502803156033498902658107879705896519454908203588196882355750688536946962492953954446489550624924983155898669367563264776457784745797441505496199356595662808851171800789495794468640079717807131578175463344895945306482677626988582066198579541717621763468523698375659"
"11/20","0.0070068611452640370168912299941627465359252412152185591180046554793495319977465072776703560751552494705309465725822494090427366048623593437311102505422402077288404227046383300647899221269704754723059404834743508453867103147821247259316883702605647152481880815523316248406310807693146866"
"14/25","0.0363117876801775253854740223231312840799584648580474551469625707017329279476881324551473266120126646066910473683227174793402888642620295328002457585920316350837671686727635055124848499854727687490209417615301524975222989591541967246980486381877333891980011531594166814807388008611524298"
"57/100","0.078053545074216872846173210198683340078544724582956936252073148013469381574667063223225599439653662564831341351796324944161472805170980759893544068054249151364321674770473583998399890763516459102450832386511652497646554474239741246736911448037755065126480571974102831701699749823865687"
"29/50","0.1182677252137545741306185504689118649910515142549922637471132497157973034206554154151009802102390640990098847351960019686263160717743626289118754015127320225543868107875904325792829642182555284189827655507921961827459770099756305061774271265456416265504990416505491552486701726054188097"
"59/100","0.156986238613718567694954476513234471432686421893167739314665645502198675123247043249186689388845974768575831103901388563853769654140747352097082218630749748004023895027453614938052395027990345359518413519801466256478585832170567132342295739092386699977319588858053652583601425102754224"
"3/5","0.1942407318092247039637955826388037209873824656723019383456766618487232453614536552871036894289144050739971384485161336896361057812364147447778310554701321155211765144166200484124104638218501691297166505451143372408990074712776521466803052712090031903223793018183031825452828713869790417"
"61/100","0.2300620986285466262413355339475345864284545643164167277332649867751325118956275914441003655580450342086085841392128349472302701785661897581229360412724400705990764386763530535239338975836835801452083717601504959746290649830367284063308463404790476416929077942469135720999070279668109332"
"31/50","0.2644804142658156662829425690672923266993248200912880438510925145042571289463485437507807955468285358481169345439657761200482994944564071169236410937957962670068474077817661362324768341875037119754379650784513723197866123931421386272103198575313690393049021848781875692478330166770401505"
"63/100","0.297524923881094350404378630192190810798827621477817876727691671908142432752820360474745046298982608658632934012540861021931956755440059138011615029432724222868719659957084811724717806927199431020116904391787853187842165301253480401053537050454568715122700597701172296273022712479226103"
"16/25","0.329224049242252635917722792164964874101732919859577146580747916445929857292285601835552027108985820331928801161646349543112168819987091155732517935854133317753856863093119640004269534361093925404020540845083603065463605862877514345480606130027448794035647552455402197397181492593608508"
"13/20","0.3596054054325693602069525761077502303351683114283023785063509174857173768252250897953860214640021549171096340517489880296563096100875323804308846530696435296400681080835361521876035088720514737753543752191246985747289710896304632753438511009745336346891799004054469913864727458706243906"
"33/50","0.3886958246163741566689936140423341149782486464545163243129318958858694690560665358301609355096868965398163269363481876639709279714799130338118675596934940780920516368525757666219269566179539284507531811044810869390043515753563794266655724979829759909036570117994751937395202385330123843"
"67/100","0.4165213851511570381961160301483323156535020800914043933990228242273474552206265166128291636720207714451063061754434426626754171481796239589380640982554939208458618196571285044424183342455963157929551163293853218470640693620921488093238225911409312156799452059201644322281663915148146602"
"17/25","0.4431074448079365009856280342650915399947865057133319395256674186691832838828118219563985975479715220787185533962255274481975107449755898936248950111387447010233168173099845233862034414010743425009689547036683092138303498541729608092058967348929904830464974577837871121869781456016177401"
"69/100","0.4684786770981029029894820366551104191102736022475959009025413300745957103555870406779863157025319871687866631471951149056485112657362408702021137073702276298137784127120288161856916151991195472562443481736645084764153668073365662148377578055547492167811005254378647134515050672339742501"
"7/10","0.4926591098568806310422821697769155423788035330568661814532309110127719836021425301548692111191984586444150896407953784581816314217828494010960598640429238567986235399509709037303331565423440899838224580269169433892356258182974911307630806796005495340945598391320912009920227619366731562"
"71/100","0.5156721653482936304000469595891223001872007027456187866917999126334660042407505527077847814041680133254014048229487770527676435167896718534489370714532416232141902768002804991347668232099412300559713954857434013973342554981801590174004631787531755799657400788038452426398598176874076594"
"18/25","0.5375407012511190150886461722800199818564789648050735328535046452374681642187202312494696984493463362048526396312019141858934801984420936047455895348430574881873744028108642864166926311239676305165214031233403925717410823951650405507493830922217559733345374248684871219564418288572708106"
"73/100","0.5582870519668565037247357618347431905669201822903153024023197502959182103674935324648931297009159313707988898846672963124033279783110009341913801062834209803661463911920375842956717346065442684270178981258250263358703136780885736301697113735321428390542701727664693709843816801974794756"
"37/50","0.5779330697626444110267806487653981058299380586951505471387914118841551056609662868144778341661005616102140281424412064861556624204136317703675919137910450460442947655420599501817139757164169014362225060865983798202961503378565778235024315263468220805102151303594316720868066868380619783"
"3/4","0.5965001653262367042671748772515299357383111888415977642287906688242791485285144471009293005550560518757846032432126091443015044884862004116779920274383431234216957087328896609563757962966136135240015024384476504705636644236407098940414926977383834030791354376057607578255369652005037584"
"19/25","0.6140093473678627610136152201744266431637815555365913215694842080757867444425389565103647004087719932893541241184098441679271099821561085610371884012842585504416569970027441958996924286278875849217621969074290709012377267872570591512436986393090483564153206093111114318356757023972801427"
"77/100","0.6304812609559193741589984145086946413122967105878433302561888205605517573870746348920734413513731938926665200527704496612775870075371262906824578680042636606738854939984831051413945842065026064797041730456022032748489019392574291576652551080431798545290737096988733718988790059082472353"
"39/50","0.6459362243206915559801286567439836885417704705239740293989017253805169348475289575388455847299781663581312912591336293578848184844777519638165898780445194676124620872238289558807381725104905541283021204575670953221229927236646920017984077633555991445776948015944587544833196002020414937"
"79/100","0.6603942639032330336268898625889940581927664502597224683813648986779498566693710517854134517060491190588712417974317977659756765512785290671003468380329734360555788176830205549895464484915448021505504867943309659987485958810498746451988109631326386018459789950914878513768939945754649015"
"4/5","0.6738751474656327969396862510634200471691142785967880454739891116630507013373914943111813815409968849797344857646303046713571908791568348795550741163095792367615139595486713859078039845685712758652617806627999145002569052790891032828953314627135466618851413682944675662550242206180592461"
"81/100","0.6863984151145503868278370789843799518495539800355792883440060525167095471532124120005629990608588882847553097728696194599065515702548835151832146294847104532371592652976117467294349858834276022912784234846213503219218360351066136053726455540199475777524756818057445714864173654919858533"
"41/50","0.6979834081224585564580930676317556889643596291122323835166524483218306008514742731676748669910381860274405757896594766715359958077554180683544285727195133759011051659672185504189508128940390795613436109572948690981749709090830746000237412038261740128721207234972428781020988313762778231"
"83/100","0.7086492954607746933809431817389490616741668889562118817736312069247120493972281741439459567447301088425808728212399596330388167226366178213762245030008932780636882134311880019313519280014991161584146540629452711929471004706208924855249727862151722896175917693339323648144106651143699267"
"21/25","0.7184150979862350227381152981424180835426059392397165259369754769197770128864298969519799384593643783242740125122744782006857500757321960715447069725354773659463264757276661010446957084793558375875062086956822733743652042999600571500865664172889380411373519727374484691698321822213763123"
"17/20","0.7272997102466733249236220802766412780298436852048641360618745519350441160142088430819298062183387796972679265806885651934228666175424495878174563950053513722124164709654782563591779762745909236571953664669577287970167998643385534206689313589421599382627719260278195868859423205404382697"
"43/50","0.7353219198949815543089059608620167440518215870663366672773903086912549984915624959999672186449988436096959930518487312280125319503401225594474237697030777851107037406487079731622516751667226203986006618728222245128654290107944439716403998426586999997991009716163569897157765086850680271"
"87/100","0.7425004247205988040391114455913294167492810436168384753062248583869274093586155993594757588034620580074389124565312191648520968177426330870761427454359014828195878246684110068753003937874201177230295207302739353703616368535634071710969169344320323764394199647948981273290653342128962021"
"22/25","0.7488538473265200876590991028383229415210744774913887617946699250994728760933950689925378056593639283511465874640224991193341451100086074066833042969020122274339596804866671756757108789755826842624943646010811805796782592491822199688808376620470722625954928124166724647027381574262433351"
"89/100","0.7544007474966411380564281690415778575096505121517393217354822802647764168326256761826865372853346272188724189612267934891450110419629503273022823918430648421444107654434463335076346319144962478571400220338092903227661277694978945748100620846574043877582292348873691701037410604991676161"
"9/10","0.7591596323133484572990733066647831765920982645872795827347389995886577784586624824329305643764132288224714865549818169792693356266419015221389939811586680068968628240670238073029332565352035988226027043765730867976638361684137127465561989967116227594262740272810832858941066162653730238"
"91/100","0.763148964098701961831267763854377012735198550006421625020936674602145153610568309607582028016958020626843652314721257762070357750945252306986794988108703704223335654864514792249325818679722874445800336602387989296762941180008828437226907173395581527492064205544725453458626340006245578"
"23/25","0.7663871662644086504059935566644990803924668062648617941999212842687813525053772517788577842026171022933614958951193241559480174540752972642639921682368859153428793132734288458619636582698616222703406947422463341712640938591772972271746381152322134047101300028423864059570076622669406395"
"93/100","0.768892627166111375996466579659453291907483735080635158526664848808310732050077757370385146920795798650797660660584410368027486143620316244552115752176206193755742859085236193757025806801500478891181123443990233714464038071694204368700960390344731285836053198533934213412580131975725639"
"47/50","0.7706837020663745650699546409511073548429592326921609297590708122685184417194538143300537080948803254207596678077961037822355780269896976294437953117340951269386727497219700302143760387566740281081697597992407786129484808623629011961827975939075147670835597195053588753854680680242401759"
"19/20","0.7717787133181939670615161778887044195076111199160532006997501174423767290524754948792748645612970889004638257149533345237308700695672413800295066218433645287104913007062425851511016231128197148734863445550838129054196146749517118266834651049400313517035974746878127604361850938140221919"
"24/25","0.7721959488869450004709275052362815741279305182600361963881372500196597915453453224018723482136346757179016085482549333239920438853945489126482113018991503643356944126950572798308016610985439774802739843260581523073249899779417615000584877293773540247214045354566364006590049020782641136"
"97/100","0.7719536593334694089763325831123281356402247356004224934435797456356629980962735445016529162372014070432791441893875590646161528404582011671336930290862128379487834618167583327142785121065574551855204581896528249085389991236340481687012524873366891836051338835256472448874790015970877971"
"49/50","0.7710700533845397845654052256704813985930575418935301055961536683601558887125557664434143650681405947810688209231947338552781970038127906855325507722712964950341692054339064959546880119753636903401909927909814143406629980176596045580332762922253837685176492603870734066232442646321380472"
"99/100","0.7695632922192953913144902680736138621980149436567044111537877499554969929240949038368767338658346269469084969517250943039720857104493314956463355089775836564839901961961272969097118773458434479155717450212038976786687027914231553456829068732283178244712532018988899964854796860249740101"
"1","0.7674514826014727120026066205064432595431167658726524491837645754200765566674656993639617544566361335611900004315943095776591467972865545246442499900909695318929550582390760445603410939536149893358751519182895052303666754161934268071013041360550159749278794769877981647967788339188473371"
"1 1/100","0.7647526689874252756290643843970790456127574367182893067354217176194792569199289006243505588911332137776763649295971517794631700449203498208492470873696776397490367008817117805070341969786586248423771244739195860807524379641608634073882918187208123923186574947549084450540518611454412199"
"1 1/50","0.7614848247391076131446450652317531864257273757623903628610280281612915244849857153818324131674481741121734067498985005153746932485782803799006074737329888943051488890957518887212076427234593010506970425273325684794475219312202991174136621282150560175551537323706769319931601413721603642"
"1 3/100","0.7576658425694584486490679057801031179727850914959782780272884420966174626098236889294505013232680244665162997666905163267729984412607927672868810639148981780920656411568739973867847081519317362618570137067563771414604183325886779538121243323820959347595358159027232376567135787554950834"
"1 1/25","0.7533135243450317865071667466961848833251392007838497987098168737581423883243482683346117218725238802516254636085816928776134796031895317998521414108511843942869974347433603935172950568877567670607572549659182103703882729049319667907685731177521131157951066022247315258986175968397786636"
"1 1/20","0.7484455703673668027707885682915697267111689212845006875252126063950857424834544609353252819976241021853037481394947772354244991033909702966470308572102927676020703338131905869726491642623322172944683713173412458066618358484408768697634795941921720428303010749163135364384656934973759743"
"1 3/50","0.74307956825053535188351076957128738597240618418909964053050629079193089233283317794573439360665488986103865809511441252670219740511442132571005003306533894539303639604402578362741973785543907162097812202552079044032708026685559370417981457327286924822124261416080525867156355147812441067"
"1 7/100","0.73723298150763738560979299968520419856524056456832445302199632730270123891075239556254658317692601129546774658517479780522878251638596443653939660257912916096377020814448524507491630720164487757156653172586925035761446746801331270037641884958390951975830187298214080828353305931196030824"
"1 2/25","0.73092313795380791284824288578567777452888612460478471732447676934406323479411438303209281997893334660435392287093939743356913924563693041918124097466204099235275849587122263397425259922957893869628393796523150657206062136702210208573377761475630489514790635422267916871395488256049735646"
"1 9/100","0.72416721802763224385812384779316045630583848955114629868565605325013858348956483578026983722037209180117419887762777316308092420692809343851235912816972525269806320368692769913793407743248041308538922422314251120017771309701732128351388429430858362438105083182819441740039044447664257773"
"1 1/10","0.71698224312681611076063867959369261669891674531792710210407854389243752199767177135997885899236967291134189664764785369323458967215095548899483170840978569034750361380541803158721418538794181243570219683705175833664857341190944243976608089733478982329802575384485593081871547315696270208"
"1 11/100","0.7093850640475991535063708632060350320617438818483376530610791084339882641878195986896098900663449647274277330467737006545166564551085181972649082347869566314146972678245241261231728299721273815688030036577299595360335194892451147450910716181229514742870437676640850809842513593685394478"
"1 3/25","0.70139234961080726987428704961072851455453977964743417122117634246572372359535688724771151083287804016328600909448795573697855283764719678712341269960196977631046816973744468259525983122863630854194019024422471428945231880627413804077447133478382651788812734796743771262018171889379114599"
"1 13/100","0.69302057555068168548038956793688546670898893729358412679998558249744846289669298556910921496189989366859835207163821130500293367710957726129955285674336781449174612335208785684600408401714458549455344538704655199132939184955382014281886043683870583452256636777705555700479125571548198553"
"1 7/50","0.6842860137357671934870045127544543917658862380738259787130725849317436418250803936460439181377316505712937494484165045271990442777206357004092402421911426175298011145386757937439937725163648937599335691497377055313589550999297046971645880909608092403922574037353530605555543706842163987"
"1 3/20","0.6752047217842519257850344008667502459971225835600201201800392874251163684295102338942565109854866454905247580816560119044409222634720165487042538924765963772258464806109354705111371782827812096990964382883711324753675631013187547126339174071960091427119126500548398312742894053874005627"
"1 4/25","0.6657925331292851335199112398887146231425709284393189819757382773566392012357343302247907864229492011418247739087935435365671386456336788569863818278183356445335548521929116260784917444620043634861076079816251271271842268827802277156358172820027353070593955674614381180067431002934449667"
"1 17/100","0.6560650475830121459978419351068442213776983539781123383880536182568230052063019836673264754747564131929875234587135173735248062198476793025471514036473882784766179774202864490551291050455337819138500546548264704454947950249892243278578848562317715678235671026866911481489188824464865411"
"1 9/50","0.6460376224414065553372315065314562890858784212976955399375863920144207457318473612492162519931827790325587700587835738714468746681265318102787643415977445381365156741202241395545373200491764265513709863715709057663357142025837969357939614613280987969902819993768975901418614188576010402"
"1 19/100","0.6357253641654934222487940135441308927226949795069299778289186789869703235869505247223847862507780102689881022125308039880430933295930559923206945930394406327313034592760311286369968684427616507927565028962256284345233103480750997219891797616499736498260249757817463987857363601683192263"
"1 1/5","0.6251431206682835704181247342609717219427807822761174783314757016441761028547455615515545070437482112831745222344902531273938573853284926477114657829807616049126515432553495125770658075606205250698998263151140081845672742755758412702221838730842455211194316890965069321515528147791941053"
"1 21/100","0.6143054742307124296904940180471750847589963091945091102771367872375842727904562710019893273525465436829605660852327737711632652810270802414423537865146614220581427492440431361690650379488302533367636255194330440662597300411098457199934556628387475436003543280064835450163663493261255307"
"1 11/50","0.6032267350641269753057721155931450024390343778566775257270599360434050606739518719470384023520474560322922865685348446570153213950370631893943260791769082509500279441208160304927099959474957722653164239585178936719479111429155230286104777831066568938642798498410489594639324960802039087"
"1 23/100","0.5919209355314157369223057364212369925299900112330493640605372957060012698374268386494062630783496060591997213790185894821792686443919894435995159465421468990566218660922675408296145922296170760258004693726722155742102752768890798050850778308396385478873195527731135811029938705071594519"
"1 6/25","0.5804018250337494813949745985868333510037613158588220459547022456866601151199135928311260655710543011629545057307743154891359241490633767787543136419377664313048275566995907711833071156740150590492460251088632173425953191880817442348635859626414176658869548448920309290859870625121946173"
"1 1/4","0.5686828655651092854312659257265338089595288493109246997582519358822698517861216698086040602871484171921185271088800181657463750435422624282097431407786407996670702325556367579050167290003103980668579148036544048434729639807081565437395006466359422979392126124927992441239692354703346997"
"1 13/50","0.5567772279323352354564934371151160510120763047438541104134571791180202506389339402407780679282129777306403109457865970563419648230293535605012184871991150413937391768754276030702120340726988426020735311880103318712287012390076271923044811864246172817455572332124918106157866948349577605"
"1 27/100","0.5446977886343397668164724293285372275042361424807509320945174043367269929648022500235310362028805519234503264837561303474855285804930602272041765554837570380821802635305991689946249425151076352828595598241319073978979401868138099233393992612361403363979407370323424570801162855630605234"
"1 7/25","0.5324571273903977400888871946800512738910971982500256390479378132436087040431798025965244670120836116855047475127942012825726748964515062750924347847563402990261739078388480284492021702139931226845587188831373369723882799176169326926031023370598313689284662215766702014924017738955875705"
"1 29/100","0.5200675253040503343527142443862782224902614113155852996153954006017874235730052033059231648757479514446960653886153947486489586260605698898644160857714653281586569395640553696952973633112738522155963309205622892190307642205780784889847079004107026558142895359557804526276665765956512296"
"1 3/10","0.5075409636461381595839851700230809969754361084192636426569148309476513738044446445904112225208035480050072300794953587277509001472178795436171814716869607618439589347627534005862994193610355186427757817682398811532888873087937371153671576438060262643523528717528537080175248098761516566"
"1 31/100","0.494889123237804293526852812424661856347186379944106114874729786658598131114856536707082503098911534997463246792345531797871477798330541788674702566256012816411479743440433297902248609705769736443223669408952948497254089448914049497255990333163364704515010899892876022578579783507460889"
"1 8/25","0.4821233844119714122763875359126151714543307207701171447034883513925076630597631270110688243723018321069750100630924714227249617292250583787174143239510400937845291681996901854405197430414362349416595094672763999024275142734400706217869755139176613179529301393626077315511681329464234458"
"1 33/100","0.4692548275297878695438455732822178036932914109988445005057150390236941081928053114508884478378519944357307429150421421056551618928891060852840699572148223387267813658599208278209399890809907464052391559249003597136814090920024088109497057837352321746812285426531052012403484020535715353"
"1 17/50","0.4562942340268427680706826855380009063409465132206152246632780222044415839768223815426555399127506988921990694162382225699476075883052317713458592817501467699455090245368173821277223054023832459258594516413720143313555628781483068640990024956117173390586570818238428970719787544692913059"
"1 7/20","0.4432520879625555912928652101277783634027298139764326376124304557109787671850832561937462986420457230946286206194789264693532278830647025706894002638251660712873422400961698379211089303581525497977753478892327874456062935583817716961805015243482093604848109096719332801706356040486089904"
"1 9/25","0.4301385780450365359553796462621759134895193588389259296399089695109199506048311202239320707385265657215568042435174291619445325463384609201086120776636488856937697608536386988635739962216511231167599348776395440731173924002311672720449371529120895903693309936123744091525804251788144706"
"1 37/100","0.4169636001028732171576909441296515722413537203258969866171509655592433893313569240173353218499831061711617685216253340618747282880937727622590480448628433227702793391134934654272315539421088411234270402085738329134874093145291438552173139449027133641464760015008896256855669322208603016"
"1 19/50","0.403736759974711331581114018469805596371607202759264935254334781054291137203502246126689688225690868238770090225750890603612251111192091850234498680520126981715882824732124861398088478543242744991576080165847054378085898959964109862785163592132029831346207212737493775316303908146889002"
"1 39/100","0.3904673767871444218568933428073366442678506626755553255416008513135086654266457539456314113048916639678323991996937079314234594570203777464992500781218583496537465133572864537838157767695049197731328483716074154942177649358107813155840180834964882981139390905991291182894787543524653977"
"1 2/5","0.3771644865912945098731331994609095076171445840473131321185099707292914212546655053431720159228817578866215696041785947250527906393263920985721838159167878030112781722469984312978605431009476917237871882135953249248523975781815125298307836261576603472644225308407602898732903351456443323"
"1 41/100","0.3638368463285350080829865005708785056981336473219645593048565616851587314389925543027074089771068609064107416012042514566428709448870701163152094711811932566708451877938132783006681203915165193381598184530641279619806413390926394024806679979234027134016673849655057313881095660824476856"
"1 21/50","0.3504929380960648599357432193823830310248470694060144769092463250700764170059329233452950341635036490474230683294889065869940701190077218323134619953350236195596764077485073924699752178504494657571663735202757918851473223715930636233506657739657496000587314299719237941821756158168068179"
"1 43/100","0.3371409736834746267037889627227393100391225741686336170969264491259600757266109351136655821415506175251880925701998334360165650249266937595306436294601740087791387150018500582405182975927612647916397836675119227432344243105265499951383918443437379890122421393809534073517931507070987156"
"1 11/25","0.3237888993520396479649351656921572133592711638382726099198820809707453174080355182528327382917380404809233292358428694128376661995505957695120646232747002244198824781571202808943358173826592045027302752482359059357873865406163088038903034124339605992868030496140424166026881448254754517"
"1 9/20","0.3104444008292238846980989192743662010060103350559855897548625081054430171711829951269526731457666402370041392345238739903707740610731389460042847686945354559032166208150644751923400064528332008915783187599966187273533639854845740959557910475043648711128220290420473521247742127981581642"
"1 23/50","0.2971149084917763721260271226182601371708156566512101736090813170483409119814243280855641312822612006799874523204774607972397504514013973537192539186050229894139083630970604483650904274787100376358158060664633641884892233504137445725145718246150117548280651366655090670660478966357255014"
"1 47/100","0.2838076027118524814267986570205058968636455035480391957697809351359190685034542251399819235787415039882622814698150373943527007662841304038323956401176659526616904228357684609421537101710568219876043887778805318785552601398229070793390863893388536352956851777637684093236455526694717037"
"1 12/25","0.2705294193418060431199602371582693452956660767556066993130389193696963781465225492400510502845858216052508492056762829805348278380145540109083100682192984233319831206187218391862157493142101554170862712441823477214539048163947405863742310889297588259603991366818495426606419684787920593"
"1 49/100","0.2572870553147020428739061159022736885374321810120278409159169178574864944267035022635780352729617835176733495846832289891131226295480164056479506282716307231936315878736736482608215625581020075502971792524962478433134571206738686410400789111038620064830962754686485519546630609162973077"
"1 1/2","0.2440869743392422686374286276597231361758607622805538622891605064076245349103649865529288712210974190138344977077071014720209553227390650408979288068967448977866607289775034169843604399584842537403083382231311117875602752077520379956019555131889101160565123567326064483402522020744284999"
"1 51/100","0.2309354126697643295992919917355847338797647511902204636290280316212015780427799671948940671671634662417411386593023259903770558223781686243907341147969040770100807121535935004445894908382403297914271899804828203846128371062030218754294607270340607336474243829373037070398213850179107646"
"1 13/25","0.2178383849344159385492458481862941480552924901308193855498214065898938065421883582931272479812785563048060032726246181038540622822420039964776476943969107884798694752066723166780427635480862152120392053847536624667288200460195532984470353261353636114490023615456540889777190775245934531"
"1 53/100","0.2048016900077745711813916094727084442114253284639339078373551245209672388175110671943299727595494840013530831785081625325062881448726092269875122782021819111582076009337601634615310378206966311362058794547564297202896809322849207967191239290398578499817531895172753943577867889701846447"
"1 27/50","0.191830916918515725621539987757223075236311499818794945230220099045220078290896469493682981677305271276288324899111719101325074082057873196588123435291929341654600280890634486131249146765412116600586174344614227420490415377048655676961300484753105443060055756944545049871364070711801351"
"1 11/20","0.1789314507890036579139731035940458547804574120041278913968392504400655663000057207401633633186072323671362272459817242830099735459340157017451700921281329199880239709074833154429635108970826328312950625337623647067473478826298341769625926687848021996851991638818285205736763540478470137"
"1 14/25","0.1661084788132851683969578140284047142026428142687595153956476818612167319848044326334385386466121869172522155658939577959411905401652487440712131586913964351438701819817357791505388583627750782543594290770229882511188572620269652878916449405579409639451327618003577111761242921028151434"
"1 57/100","0.1533669962955226845380939705042961758794931602454821794760912192796783043501022228061433436575915488023802127142382154698066039999073303835062893862336241367264216663002309245926013569291626569459285464609646656109242960139328760891348781734051326158346252545707820782511093519853250152"
"1 29/50","0.1407118127974750733694199361327274411369852029936385662492935419908455763513139085603331339991462231021069864276869588769303243107636622713789581267098271049044569307019944937327759259436487282398616833940688311091795125559993789256464955621178740142201792635781505273323146780268326604"
"1 59/100","0.1281475584914865293255880628343066941155938507351864745727437837626367817720050286951553881076167271279263476909683424537771422582370800514285389766430932067825505929124630794023928174154110673804928205523591222025375043706741097841482721810859122990050409805450577593629901935175237425"
"1 3/5","0.1156786909064329245674644280980397191372756161838129088571997071709913820058174490405569679804766436781662858016178375026090884143529507595433336311695670281372498261465126574446177764760022398709957672248115845471116581131863631721094890905798716816280982840601919982393872091235065466"
"1 61/100","0.1033095024375655268685863766716661132979630776529730971109144432571987634322775380760839701707379484207942880617038041317848322087065773499545304213263875892533915914781445217671136759549046924876959306372222291661644973022074793246389069591469424487426669445836177537120042404478386973"
"1 31/50","0.0910441293866846472385045741999483048233559650750624192935379765856019623092741506833424120637668696548973226725527696962308699834548000340283188765049046531505538770984602831482964008531704516173090315512014155417651256482440610801397986448419086243775576767685569309099606111433847758"
"1 63/100","0.0788865642210216796971732545530474173174610144254820989482112474281883405405547409613744839081314375325439424639395435150823254428591408825403999094046245694398874180704563745155527372415229006720325438803146033283731194162570862707341092842746546760187105365937929995633956566496604425"
"1 16/25","0.0668406751043400895549803174580057926106282694025051541766115838540879205903684224128643985942534964257949748300015103139942748882897942927404868950903218295422004278615882267595988069944772615213777404511486789216976822739055797129219776310613131623328185239357152859844917768205089879"
"1 13/20","0.0549102436047502195241427754272979600747525108404724471550165586411613945065757939960303751302031574676388214927088549776112609750104955790711546624763206067644717774840235172287236085990866075474141298518639337761221843478391046582572402360432541842458002644995493601880129368781673358"
"1 33/50","0.0430990548034865513331954327695063185413468870967818516165583963412716475148517654009031309474958090672594382465606170857092898092907691852874220306029495218553426880218990172089653335323272752493970160438086091673173640392785038751005260103019652726104423976193391080509693325577629961"
"1 67/100","0.0314111738349711257551072662810464598802872773092290877493660909134361274495970391959010908916966083342577319299173686644207026828765213293270734576509209569010231874211842508470376975273903064018654601564259061393543611739124842834080629151326293466224276941567573524961169770961840787"
"1 17/25","0.0198521575668638800368309254911847284932922288524046850030600887629510140834250399934690778216744943723500150932099504043624104336575862983191883151921958138327827729260401559829070307015471936579449443168612840755779120740146004584241766019546314489030425661734230414274876930704881262"
"1 69/100","0.0084399760959595382427419736226962908759846092316335730169131438922175430177476098931653539214770050109077892304921806940567349906753077780155083793809675751674192880601278679055782528728576047200102514665027676777938457811411650681689695435800412476356938333146293582416538924091289651"
"1 7/10","0.0030361323369661729597604672496192491000278764564366177299393134039271536005754917864898338950138153194451878513613078265442522717768006074968660919809705909068050859801095863294992315071857027502821532461979007603813069870170826338570106384219698497374889587168401081331135895749188671"
"1 71/100","0.0141096291667690582232663223897798178895416116563298401542965201851707727106015635713917604399186354525158657931716684710389815164171482202260834109901731428246374574836689739657607981341381978878287270601631782143905417162176545074915439093230231668409353285358655526580467073630726296"
"1 18/25","0.0251336727316513857713163220317469139916336279365844472187717044545022885149883344397181082293072291309681499276959730733248574201049114934169535786620140117797073298634897121735315888473979864791033798891340289543392187773174423988295750934568475753253964163019130524740067540073827021"
"1 73/100","0.0360254745796872291424520444065867160344627969738581047412771189579579760074667983755703363486098156325233494073619456219636162308651230883876116715005112706247510330756944166454371940648627160258677647328749368843744892110215917195300632895375527216002419302273750272821735487443640475"
"1 37/50","0.0467775346175361713259695648847578893063601898758125771274716242412601127499779151247991491239219841747968766545520863007592618728271363363429896510092278987685527042351450653778361673746372654127128295625434647696753417621526360579964303894998495974466632847557482965558307510469556481"
"1 3/4","0.0573862732933326958978170044381353134930423240133279189244532366903525991226770296786365872029299065959553639427599157271193453161677199999633386249110407872335571909567892872496629380860733937909369015868979495161192213737082677898719425757546163361005570811075543186749884309938584249"
"1 19/25","0.0678489847976653686085382902779587711121569123836669125422574272331219215851706405862254221215211325802639282377316046066033234240252891040797823471352101823420205985565411328609823730459690103383863380568594543969858150723724582362943842066438158743288260596315377847988231713571037414"
"1 77/100","0.0781633050313887660216018417481774705218877750403480669590667220421693842876103501275073733928083229832657892252982873396249466273988834724296615935053111158284140247465731537123806305056309386130910559354925861404600928186149803849507565553100105289548158092400675030195474832692078043"
"1 39/50","0.0883270638486982391201980290069231500022784015190160886384616712980869506654853577644486464779141398800045760282484840162302527287049460668002776551697611380769714007290896291493320216554211836220807887906215827096337837305147416751787490007777167410651256107099488463804572378474940074"
"1 79/100","0.0983382312309020395385160672554671213695888690230836849420420490291925900850877562786003075118477450903184538164674732925741026017368608908536956699059981435604075691638024545465826398684333262655687324246075650068544637209464585287710030961427494281785262006123808782341245395539664893"
"1 4/5","0.1081948934064849568278775453459146795965968989615644201850105194196727525476397714019898554624099800052617229158500672512324159202730193885186486128380692210738575993375499063636572455241414847060260589238892387008313608518383094703890382326405114089452400265315278756242484015604290287"
"1 81/100","0.1178952403875656482056845490480330609199831028388833666024092774744462876108706238281343661212165711403872619412253017449978444339095829864288318431066537003529326065765864807965450482954248846027766121481185901550493398580624757216721002821435474484520620872977849262858285132494658619"
"1 41/50","0.1274375584814961441954313093473699700524025687955782002049876640922963652640038025901808936101312203082779639533271178921158070684515427695592371315961777589915713758621289948166994319784141801033466642677122093394205883176972357648550387892701279491734034955353065673199601593911945079"
"1 83/100","0.1368202252201565719424237832163290478538019228328966056628157292917667829374813914109056803239661136306803950213678560182486247267846072619978322802787346335792410301934716147743561425620625040270060690499138842975524934014543115401769861382432539429896400917391096707642742797144147215"
"1 21/25","0.1460417055819850363946726092237722401974417518165953944917149361908762797608442556116846800725872312639895639885536256716166625702249510978309685102687118286019255121967694416268173839782111648817586301943315036633293409247044422601355779417854877191027562764397724961539116256242931065"
"1 17/20","0.1551005489693003274087527199734227968163130514754615119479906560201469262941465472873516315214557611937229178341108049690685544146664933429295096956666546977239008538141437720624547526779462507257383196544671222951001154012522613702252034605594163880011927700145659172393571109265173756"
"1 43/50","0.1639953866656951904170045864141173056031598737415085581218122626149739466448553308094378237120625291018473595176568963647082319252526757869765219135373887955840936751151503490523204816509919021711681457129741857347770850888925228482723480129206631369626111734809006774748842391911667551"
"1 87/100","0.1727249296236831264657770862249721113940682680384399906336967590500604006889810493470309265563630204202343762439749867278080922171666845516670415633516659643703687546917859933856490408187324430290226872229787318592616053660722287439978564240284804158732909538860941642721628850932685548"
"1 22/25","0.1812879664963109804838421173351060959046033553527820559502270163131389512784014032785797472968194393519928809114520716103730687068253211142097675073414156911293568970857302435844436779623619889510059288850730731380283272016594908385181526389821850619773087503222082646342355410531119201"
"1 89/100","0.1896833618602412034089585920828619720341999478021083940485095985272137684429945166420182765013734612023633945144186057173470155863762319243749886824840957288505149443511935905029479378392772172520623992769516860394552306386404603542161228059333320555191592927842906722497296152905487298"
"1 9/10","0.197910054596550058939011947916287857422277016500266799188102934992668905401007310474643886940429160893804738097940750907860949399138943689310336935801771182484725995017211086682827985990542607853239292524670048770479187737207780035915691795470789586545570796296601025032989587356639576"
"1 91/100","0.2059670564062692151431108674144077691955250711001583886086394767070489047827150552428615867838460787162610879889172531818475479277522770926772615691313046405726626389721230768640037409423062286770331723129361120950121290538223575154874931506684047928412678613163172265707182591052506803"
"1 23/25","0.213853450444103039247975626100799330468053329507751733877037038483553185027385502788303415103832063479161705213431565986443834229101629515677171523602548750869023006012349722625218383999948735779730641215243036018424733822423009990254752958169847631698280612933926295773762260299051747"
"1 93/100","0.2215683900576716329681871494027494968840162262013770561740763416899629901894919022078112139441368965566758301562310931522403205010525122260227638174270343839696510675336628131250020668205596811467927395431005776152625590410094332992389415060126925006137433586775754131823621626807686508"
"1 47/50","0.2291110976220923802212764560819421273384020990763339022364141184206959549944259210003550415723663980538297319760338771172759323500624023970412565366773398642555223676074347127728740006549438936458708818224072111186759905378888078301512788019858088914851123442157224957644837749050744037"
"1 19/20","0.2364808634613028702950702444418601834372276809544798148931071425277756518375905368667312893543591041429591281852565221205186388832691106798133914851862822822505010324576844324313063387412972487157332474501968640575384408463698566620070856102799153739801480768415711570928580294706287843"
"1 24/25","0.2436770448485835901998696937545283104981949472595251187799298055377045231357262031442428021283810855910784746076185014827823714862619628704843376437047386822971687078462004777098812483722958207236155419205067880849444131938574870524716345152609330965100472648926298874458817182086074662"
"1 97/100","0.2506990650794611099341711964746919582614249272196826344885581708019613995693908571207749676108904075621104893541685760981588157044641622777671935177196694253546643393998081658584755595919779931904008754812625419162984288772245694899913480521085867540510712722734982769953043998347595853"
"1 49/50","0.2575464126106843168934752224671999773967700586797245149115393455869695547485211509609854816728680225368622024365998250263411060750413423116632553600146016045881401893020813904937151629365244860965604634166599514109366190304370834446099489263103184402473055403199170998660335603351417325"
"1 99/100","0.2642186402593439034412034660547883052068293564279138096628969578265237135109300279083816989275997227458052350424569658631228852552025466974173333131774034441680030952985177152994807581303475547817857988743578515442337958645281684635801999702045777363573000699857783925778261035195080804"
"2","0.270715364456497100320349050273977935374213922547054821128867542348464578580114461921110796727938642811033146533446704265194574565816445134673493356852612479570243812977210316387312475244648233730679439545559311939121182342493395602274877663464962677741638374338820470317732803526570475"
"2 1/100","0.2770362645498966653569125251126915143630659071449089465089380177323260324073211536147244880253045606987515956309981488985781944977138753213623337537888367903424219145058698906930984033572079788895935843705608318370891000006337006412042093226277122309824485134142561276760190714308715418"
"2 1/50","0.2831810821506256471050208005259767950971032457265721430161878160490821289067027014153310364044537558158313093086073796587389791576354323963389544229842122240056496673224702485577244694486730830708328859180250435359746520255092736431088472110174376174352445174305261439246169206083302838"
"2 3/100","0.2891496205186207977750780931155949431484141923208243105768443337797311957622227657877698385943200514312179020111611906635230549454578237291707761568077480675192320939458607353952473180677733761859186493595244086030184297220231990815235977841078461047630757289013004121001381170685593987"
"2 1/25","0.2949417439822365699900228099744008896048080611060599679918285358049476871787653661820989312948702751326302453827179085695548561827569499043223952038803953142500258932296888958799530963339337165877648867057705676147688535028602415982252250973619270917380233656759769708718223091066195769"
"2 1/20","0.3005573773871642984225112043988923144547261798307904513813761939538673036581333161649957568019182668882309423661278606376963973740076529969022047747542366376137809824528702270208502113076055446934472880624868596317024608508616027818597352684736707527290489817882805093990561053997282062"
"2 3/50","0.3059965055701813615824736020193100943412812102482013567064472763989055590152871045197743973112248257095239844917979581538027780478547306511486807595534517409837760841756498531414096660980866032902305258825439819220930426618704651076350772115947606118027941548174733795468763545223666927"
"2 7/100","0.3112591728533654211878191749737764408472838048609760788573147290232530895627718763378925510187711879874239627720309845452070592198573604738693381738503031353294174525694892799178940531753415993426279080104402654477485504359385679736089317112480743331210101750255861431152834489707432096"
"2 2/25","0.3163454825545709067868657547675584453443634916785375770353337249020173700942256997205480004258180328867885443120733006543774991925241266228893041576771028510228294215460554211646250772834783797143347642103042775331942772851032384469735572379774608429431408829434974207819862622572101489"
"2 9/100","0.3212555965101297730382862217551545810351105078462172890349746909034073468402532193942696675706360778805986856549276729659288758969910325719942918388206090034662309332063577696583411080156064079786137416406118454831677899897790638559173449947265252766774258566140402012392557548685692337"
"2 1/10","0.3259897346059067794423023282237143253920417462299787705482570268539722720847511363825346158509348350015664827570468305589338929554315315202259256597904871381998334825783556507438200779200837268728417050221740719394853866540605849617807602914975789491716432846841389642608255796924104635"
"2 11/100","0.330548174313011382602034783450116343874516328991579453924956929376870411925194296716057035730187334361782718293581833808881087923113799454914712458262028188350358612296332686409536833748892786319354165539492596836279335206076920650956575488422543979445822070958619247709273116772399287"
"2 3/25","0.3349312502246438169245791026508704076682962991187720578145932293057353718468528959199773588880957254384901525526955899309541805322036081475520646551724570283476953347389756482010183004046307001661650036538939496456366420101021596911275021669255735050840356854447783437107092465360776771"
"2 13/100","0.3391393535907319343717168077435092108019110656021192080998016759624319035607389011849399852287012612355880408695799562675758903503930971955603251908584441461788010447463180050853226409948738283646040107194027243885005255923912514382117539984180893656602287857660223400443983179642029283"
"2 7/50","0.3431729318471976213031336092406863829458190976935679740793448710977038996766710092692268566568120653127286681799984857221575424250702472522092475952069823126042637435785731786854297594927356941268160138428364071159619909798844288573593209673742339032052263072904432726027361091679808867"
"2 3/20","0.3470324881368767672322280252860260388332660564910122432438597984309705643552736410454651244273513522036489198120661333524894350206676532278834881069782617306362219432879656271139932875927116123669689287569054357210351463940532536357718560118653781708585702494467144477940903314066723181"
"2 4/25","0.3507185808193044192403217610908151024704138120817214707641929129282729549523675845134434843290075965120265719525627729722601256086808933551011735978825577231986030801948702138952728388286846369972324600771178972415107044069135704885588576522776263846629857713513027285432133205345031387"
"2 17/100","0.3542318229667664631924120976015624988944025789345786197185904913481389998826133922681036375299113863118363131731656804504088786088775081331356160902760632371459576087180522762671057115751862906730341577860027709819039685922786957242584753017571343743676733237887413777157898009088419444"
"2 9/50","0.3575728818442104416365402509897346780163197335237412201274510711534967974830512135497764330976689051448232029632696318473524453304157882381306957451900003499597136404548898401906770415282891241179305141773003746223443044707584744723128955256686818650233834399068478078556098365310132228"
"2 19/100","0.3607424783708004377561727317643160765681058363636797693989692078411722754346010354506388426250756147179699709844941190559177530683414515343713415702137754776376975501460577315650392110996057304548433363804868575555134462046228648746138496395992151703344589915740240242637906309928909574"
"2 1/5","0.3637413865610937987537620880057061494736466222317963849999109791640877857394224713049607074986477943075737995512775933338072702496100524418405333065196143163103718391122612337387875266589934974318113898262058549666293694566743014717138282726602088201931083484451899895749831805901176752"
"2 21/100","0.3665704329440103049971735486830514133497737718772288464163173507952343836951228120622163569389708843119661424662850211353100420322558724732477648441183622300178559260531456574810211042268732544003095633603081831555516016813714009435778013671639447344722476839921614658141505989042637257"
"2 11/50","0.3692304959579566734031291379993387020801132212879283395419486195956207196239401880523687533094002762784678974386985766610194609558804688154747991756485850882735558134257162205045686260140112426074367634690467151681092071002817621441663617987147701882518060149789641909788432585166346626"
"2 23/100","0.3717225053206604752899096095942144604714478549599874793518864721463614099698211976973320479199353959593281428849901061740629594960058255794559841197042811548269603485829227030853298652783521679087992467540697196761615232115603724128579870109858486589408887031213368954543324506022429988"
"2 6/25","0.3740474413724571146810534805104227014267575232777494388775245464402541979488650553791490385882577807998479454403498361138085897357919916325632100094247220869998172079314713029981746417178226522876768902617316430373395922489303471409525362012407010826718212207695237343798942699266845978"
"2 1/4","0.37620633439196092442927430024347666568192405906629738336712993971995754934995665018770784826264846857789201246010997687612728730644023119984949917734581979775110929643600956065517701402956383223457843002774427157352057806493749744196229880158111524809036227209429318069295464922196151"
"2 13/50","0.3782002638832361764536810259858365487047644975687778768667343495072064087669343679836791476163925335013294218764772410882047560089172053912545420384634128180669384817977383345496895026550783804227774999055222034733514646939140874904547508216707062409253319362010323836636626809908328293"
"2 27/100","0.3800303578337653637057889564556690622422771699075612002781044417613327187199218827943680368165081611261119782492245754385436043060850053345196188663330452974885997529146698675635492383510105080907061649562061146198443174638424653971038708050349835490892771016386741661310772960984215447"
"2 7/25","0.3816977919426900055174736536076386676444931550251122762148572963125695902281820875046400307186260466625480567198552033021626816908648470635036527079068673828738738229531452867957686705927889869906991877184191097750114232967928736478544786905463818435567852210274848410374901072111178651"
"2 29/100","0.383203788818972982808996783897181798415366224593197517100547541007136568993382074780115016756344085168049491452656645366355890137207223191924642507835931362956760649037739337144052645887488330245128737630882671830729572027816599993767262067381413755842413963119770736576243147446465055"
"2 3/10","0.3845496171493005732045792691669435234343629787589770571870405778906852923185729218033764444252659970704073550998639625421643413020950721187506816972484884721125043407392726865243804567115912583425595967743807873560741833489313502483727430095941930049661302483126942495486613097432779551"
"2 31/100","0.3857365908357064982277841019783323270359319723984152945143062930421796583708388604708980933558061867686291072948274695617048990539143385499823566806543067263645388211826323416059669613661793455494613309843048909748743669384349446433492927404033312953417610881448411607187045979311918655"
"2 8/25","0.386766068103059008907013246115012992766597046008756473359912141056953725947441122246296866355495987100706892020125570283451671694473468466545205237017248972630656427473878143796672768953809370226113300832281712370488384931748851635680853911390796562041548655263662987203307920318776844"
"2 33/100","0.3876394505767049411140947002239044431941396937811032086752302964000784809006349847019786107353586100583327126786206140192851333324373604546067228641825541530925509591492706901301680015724355507047468166343797322375370233635530042355577341371087225174911708780330448189875475697461182284"
"2 17/50","0.3883581823307114134098146932084843098293458407666926732856902125192841114043741761547690101068898716442666419108296852577363252303543742440149974565792611066958413159066280765837475336241152876504091810926720157037574342423575782769926133989991527966633019266252573098356728809252941605"
"2 7/20","0.388923748907286091861806367350525141677849050180729291898628604846156656476800648493150955942839680572435957119889500376928204449466372736148755389082245239150416850741984768449733272119805225746260532417286718968960501421774446187426914022348073838386273503735581457768632554140064761"
"2 9/25","0.389337676308090411344053676797105362296260299229952310427492511346292280156543550355783799544852735539306686891940926672343855219363030313879749059268259279946708905106236382240075423243665983758436579965764993155060881979003096833617770825918022271334276836787961551432929741593248407"
"2 37/100","0.3896015299582865546634074384700511198795396360020440469622448017446838354611889762156301705963783962924250486726648869478373621930844991605159326370857867273803370118988015758935968292613168494701311081629284195628128402890906351102671677013079769705443139992078241981238962545457285228"
"2 19/50","0.3897169136442781140793765494216355705567263391587247650210849039133127688547223542762361765549718645767788678573451289340385321295423164796104642818975412818017395983719076159818615448163872200440008190980483975847906050753561555204306096816864668519163046590959246743651780978971836167"
"2 39/100","0.3896854684262159907793314130120778260822992771924749983963555139683471279602207878964362714867930938055097098532786323450712868304472236129779853528953312345013029841676766643590847791829850855524909282035609014079432280169929935342084027994472831302240960342491443412251982264809964151"
"2 2/5","0.3895088715264450552945574922489986519422715730385468829667553015220408804102046719584110760955149892774601061393584098733234178829947403196841052256468251709520362897247503993826042754559018494051962535818088330732702776110212714597038218486593247351012066301465959683491282048734772065"
"2 41/100","0.3891888351951632568897707643979228254089106216932094684618244370811454600754861420828624314034017619042006387329971929273009716679244186542625959560594697312973716034117559458475536794437848775992537476922561391658957509963270589036132350389523332067098138061127435626462090819728161035"
"2 21/50","0.3887271055546531264696990316578673972706790978840440956899704267498079353843930635661142566391908462371623057128021345103790176745875810835382611234133277594699877485758079114534376101905455307816188974718153293954132631904966477668859148768506230866321354910104338031742797727661265091"
"2 43/100","0.3881254614235258919229931850088975986163315713879112396791284751247697518510249675157124328155620902842960588442481630468094088712864601102436856472491987202476277575944761059440177408694246145603783900241768815916834946865404816885324739341070360951224740969365426196653136761395589176"
"2 11/25","0.3873857131224906757698903923032112061381244606433485741482323883333003800555933067364175274034414763275523856801359555222078868859913197441839371850273168565887582719519263395696850346611047238427695779806816066200299906746689344063508872711788293949110146312633075506554945868585849965"
"2 9/20","0.3865097012632254630673841846275416656073091733372228419428273239012597899850025579840711017546323564715010465474806807836194271285677479268435892540337024454381530841418212691811068844030256226384283042729352956663962183314109832042813138996239723538862865597328105447472691083655007643"
"2 23/50","0.38549929552198273459081915186247661888213932415845468955766588366544802345393566298439720334801777707244998921063996294629709713823837067369986615029169189748240018174526077773194252495827060869223406528688021551126579869220725982463507044229831064770594440548707170062516847545466280964"
"2 47/100","0.38435639339961090869060605986236349382046432938694164246088344090004805719205648485343102550977044656059098802258394079733161994979229724111495742855945772028611356851193271513383215023157667089266732636440338026552997924373584006065693852240857007501733572622966997608471598524842413137"
"2 12/25","0.38308291896971310683521728840717783344435357596110338687424943646526103668805521364828613011450976904480315860084036186796030186543171021685647596978112446102682482313022410584258786678997939420321143186738146484955447512182702285336328019876674479139738966005008123891696026294375357476"
"2 49/100","0.38168082161669736313237739020025652759644970024123969402399027813273343576326278815908840483849939049837716139285733334320907108562635806414159955970266118944371093135664417898653782453602390478976354678083467486372621678625981755018126584665980965715861998509631860726845052186173414775"
"2 1/2","0.38015207476549737482399913344268044403661315720888974407813319873341301416362128121295796080317129972053785536132030028808947277590064187620767988289726358242522082866778662614088744558254042558507363121916606882233438309252056783216679826380763138071290598185085950750482935586650524497"
"2 51/100","0.37849867460476040262815796262598337528665181180530776269054927512285671944942393386821487557783573917140470317337643733965039055397691516139024025997992563404389415856194545869365163493776469588761871104607519141194838754678748244768991711431171660234340174137351057909402636631344558379"
"2 13/25","0.3767226388053091651667279376832080525730593349901056920462574242114193659570794906861543736710685464650799343311064370431403048401155619619743312612546228949884930759342980960289191686893742597021265666071323090009169147207156464318752669719149078563667672268784678325057891214623367847"
"2 53/100","0.37482600523568774191193888963725644975699520205617541629621489314761966667696978117732097514533889340228238504810731845544136734535780166947409212793103701161640718813597947511484261202874931299219279481304819334876427085847740889734428387039674588585998100706445651626555849079249211232"
"2 27/50","0.37281083067659783685826662288493140757547208656780191303155645619564570095909220567617321664138784888884206860475531040827568089647492343322527112923665923425394104918913114848419061500845578926031203069589442687693994682231770830412345240759233634258383381624266368363684991770159624399"
"2 11/20","0.37067918953602151294021816189859877051929288072426333427883922153591623262982107438527095126704869166680638908759761070220879060285572050999429727955660447811343242044014770542735228823942810631797743629565667215083256705896162821769457597065719772394505934658628700169519609170884375209"
"2 14/25","0.36843317256680995549329122548887214944944694995160990008379740658372909410293735407512441700075297778140929705247739355493903053585806361861256076901502305971419768908757712766832321678630083083187488387717100478688438044953428267298340476462235352715146568277052809704136003554181200147"
"2 57/100","0.36607488558849524837476314231816675260701878499810766758239925662378392249430145570551237385255260799508005557095045239482121396562008083227719655577814288205962298324440361291195895336681969071869208592885242613410979835182629340130114133826254025860461717563829219514607804149021371253"
"2 29/50","0.36360644821505384962824371129803592734225892161141931065008781459473719852391342990783144069873210339178189031208098678904643557523191738653702697617087956195928655745885297072094682371038772568719106591484585828025668551641098189094330730654140281783676733341522859780992551812797650302"
"2 59/100","0.36102999259031674816875152623778072015363778653666420571369774295392293617739579438930283180284840329373549504226040180297414289758754183716475108324737362033842788381303178850803113950834853562091365546972537173757381383722610564787050922468548948294953430879005362111436797222865103763"
"2 3/5","0.3583476621326824928745104091284323454354724533017222658174862996598401826901765836448576473651957889556152832088940202661784743344785134063309429956718490983518645841513423570756818096487427706757872721128201674304224923643747901627503037602377638072240340976285494961150798774387443397"
"2 61/100","0.3555616102907457434498125865315556823231875427159263517570383197407094681621782030630980163953477398952899967847261869249204827294768289912025519604146033154837281060997117729069176656863307262105741804441311519407310262134212233659377249163507704321734745653288603179720242809191571572"
"2 31/50","0.3526739993114060381498401574684361319910419900141336474822355080530915001276603236907997883224910997576479664152894164655447260148253731402411986287880139211077787180870478203034794009564709318809452153880743744237687016572523458096249666621342456135795949205645561489908919233636951367"
"2 63/100","0.3496869990219694517378424131704284512860139694760022627449498639755814566521183504587517916557568235868782888877349563245759379568750687038517925003312128601277386251579065771563814346807348479241809616763069545922345086128948906270433339893689776269625452918739249468385758315819594587"
"2 16/25","0.3466027856277000760462621659896051344262938557379023170771236883455867623823122114734481536023556290331846620527960216682140381188032322759354821091541569020583256166180868484959226131242913974991922087746856670488685047652498116189509632084410185582745018881131873156701255781432847788"
"2 13/20","0.3434235405262191450609997515251989863769441290702568084225255478913641762567143800862914881901774770993226664052937961782991677322703967729386872135678165249625097421175834569160965855171623752556164380463131168571167498515534183367089573889765794441745520153500374485225465846159471788"
"2 33/50","0.3401514491400874963769253104466252242615830056743407786990411215665249894637419355822437182515107535931293629039109860436936222224069352097664152540716022480817087287238578345184435305065041479447930749873734389390300801696542717701764224280141284446912717457356986799762073815157647176"
"2 67/100","0.3367886997688422594539483214526756469077080250933815352099081809083289915452234764764534180380798216918145541424181384938488333787402275583164024742464802683977110209146286586925276364012231631610612987013266712116581902340885167368917203964118981266947525148022431456647609438796711244"
"2 17/25","0.3333374824616915335492183888590818275746079304290878324723406004739615571775391684536120840738046950398441284427881373019135394535706156771028315244940863024433748276201405181652314368707129175807418684543771309173251492993363103528423141996101952449131518659968690394498008945923336849"
"2 69/100","0.3297999879120017052605475371370077806681253625946986311080962075662920241435236744232847478256657666843814690919086010630933596752952823240330266383622457066445938891034434125676837351478006985954383847749794844797116320789731362422351604822812748362390424933755508113037025891135363962"
"2 7/10","0.3261784063746412922608333739772438391485104919238641962835361046239438559641936954765728151631850283915300519072461092202251852318568979193186848047992327989612335083222938795363034332760926914568386264432648003927917532557207450967249343723520000343562157883470600551331274532954452453"
"2 71/100","0.3224749266071731140183451357317443685395073876836533553159623502609494528090427962836459985150356537537669453963238130680638733160676608852977140795141153163729847029273523923941442438025805192581717069066736455156696585568417023577322881651305041369175781453652235974456125366358994822"
"2 18/25","0.318691734835813501978401505650992047797878747248662511215237388072578034538489688122892917414491068539457109588791179226847346209691742923255494102195864577486949570594983551227485079721793614980809508642854522959337930592102514570553718182601906406454381660015534803964488846276485205"
"2 73/100","0.3148310137470034816426199260012821766625885231411589062385818024265564870527261774527968933698126834928816652482865645348681566368478154413613278075187129329423751543439473531422095309655871488944723058834965111774293391331412856980705581543165317832308956495351722296004929916852705226"
"2 37/50","0.3108949415053626880831403309824971381310615368561167723400912188074024067473607005081888736494033267674216504256624185865145499326540576882758492265694182356437644808927422087008605616422852244906324220369670969716166680327687090048741749391201062476062318654486394977282194270415630172"
"2 3/4","0.3068856907987225048275906821715199475460119261093444306661538117433965879794867275534402725542993983606841539196261538330818112264967923346346740475691444089439726269268513165293965137001796406201402246194592269848985287395655788962949601834156078358399480391841597975432878738865087987"
"2 19/25","0.3028054279108608225764274618124679391484743805234962281603984699423877954152978935855779086157313403708684312821357963972449034163489714016436325429574303473037109027621878110728341726161529970537938059437136296886229174381112163509904626208742773985170654576877170982426233735511622785"
"2 77/100","0.2986563118224871658832741423941460048400275466598687288473401325024227955205558939649647334604616953580711689981970939741170939900681294551779269610739407249863961985614266305905139057851903730627280518054449048873145297135574627052354326731089594581142366124040320609178455484716664312"
"2 39/50","0.2944404933409539875934687723765308608771837926586177305739762837214120082448168023971954152867804873031296933441376760102406456974172794650169371748848136414785478896346727353263524032417843635354047322954602774923717476918313558399602247945922319635986664546068895183406117245163359407"
"2 79/100","0.2901601142590979249850033891680558204463880846331355629904285961673862542230317631253517572941251240499221433511388050611350213145265285428386187652295370909035847495077090902658269459721676133108147660535672909024862702552595658534863232468872637252739186664170412498719613709274816427"
"2 4/5","0.2858173065435439782714871108282569489996103620695777499099016891693029528304082493139131258749193426235043126153145919478954755883424663349322133462664736050696805508923436496690562306347272341955453504064456465982254814403847827890430155403741759949158200775980479419318291743722176682"
"2 81/100","0.2814141915527361292110032498297100210365618220049144985521303414905881382095221154907954412590913785321071309062208319277646386739953410772177572258811161419252014243725042427766057837383929910997661159456879430075800633059745567006755387215008743764816873037016137281084302326488729489"
"2 41/50","0.2769528792848900708532087198867693366353178349727608240765865007865405467809223899995139104413411522280588690393854387338330894586545825737333489321611868869395770952427543220490846749215683967116623983686706584506205172386131180668926063550047033516827713245305511539249940439438558906"
"2 83/100","0.2724354676559976633384239039418038294072064878390292257444243954572861982343877913492342243196940971684245771510043383724035567666732805421125345698933590276463245667839512525706830326619360559274804928619226824134535400216483783042424316735102468553197676241572971933527016563048364659"
"2 21/25","0.2678640418079486488339336823547751117900064302776120198242609748799782048579537146168053214316119904946113303270969964290694216309991144523908009863885557447931259733483456094475593376991762998523000668998676173529600581995175038707065866906015524599158859966955028445084035185124092854"
"2 17/20","0.2632406734467732251873401981430287663758723341700603401730059322384156040242653168168185022039855466020038838823986023544326693475022847802394211729928377056090257113697779672224126109859967777163044115012956305909917351724283958678124547842370519917564246589575970242929184430420158276"
"2 43/50","0.258567420210949458412501439443822733026023847048539252033194342644482141443865205417726600431724641711500338326634571533312654088225756498576535044480649185527669797973376891913997544366458413505174022280576634811112987957457607964297244315307090877566276727407568251926047282584532111"
"2 87/100","0.2538463250696623678390540551983045874567917973117044562601741845497354768835646787070724919099850175823687610464498706183191882484408812051054042779303458072965283586849941043577996554776129708346899197767858877100663017907666434756854495840923503824787255290052398658451226026163839343"
"2 22/25","0.24907941575084699942143847801342488358543576461679814203868546785566722992077253507345077820942459365155662485760987294241219026897910257151266181419011426729228927289245938169707639191981572697430968804923885229459954015746196994350582365633890383897233914923652779629937076120166827"
"2 89/100","0.2442687041987960655194711090129940220181043846338147811946640746294028403227862275754987455490797142375913619253222557517076754711035344665957999186209413049799187768850002542099181426331587179371886316616522262897848696501215188630961480654094537918706781789368123655238553024001781228"
"2 9/10","0.2394161860610639286116323915523927648442365989438500722928184201422019204871496922735412935943251573615984934545026490993147663954707571056353063401091375648212170753934912446324376571834775460515303753383287694378298352139234107896921521159420949002419088345875484943982750411030329198"
"2 91/100","0.2345238402043530035505488626470942032852194758475552482188201311914928604478018357739154731338486720459948199103682194730084219249676950014654388939151508149482963562334788719820848044187921270101028162824364433013887497604388200586910339257665452473846386873581575290696105541002176409"
"2 23/25","0.2295936282590262220112975166894389202340043749688146686595961199359165132685317725198203643443443831382398616208453241317178717686996195132121600147994455528872164633577672425594867370416316759570148974581833905754935970241101978692736904714958328194794485785753373085291977613480004895"
"2 93/100","0.2246274941918502372021541621328691455237085059298188632654626199018023214053694058501092785667626065047961318569293565027149830831869137979609484829960987142205162751301942418419640671199380674846164823692367976953970340648690338703010839020190179403298634998085292279838226811949467272"
"2 47/50","0.2196273639065387692848986665912569683956643990744361408273155850917928155025009194181179975150112265028095817140785576860483101204012540826663451962796360294256055053100903804588249725863709282140143275360727225550702115392179250792407701531577137640329925796874595994603486378332553527"
"2 19/20","0.2145951448716341663192418932826206786252722717506070314805723115973832063875833423248393136260769080071514196758374425959708290110669290250179741267197549173061059285548550979488053754046070455936357302547503051759301457641730533217665938145400182227587208668665550314956835294451458435"
"2 24/25","0.2095327257752382035685857600599800983131505929663735909384552595892876375289040391831972203091402900386599492727193894216478466633314437771024558673080600618534321644745228565789815998183588494953874732078699458441617406603589151984973002786564771132555049232368963275975783687007475385"
"2 97/100","0.2044419762060807663439290984732708471027673728946277928324291978323438496389388858940957878595972984019962165519009254810568938973862567604869225902019525204858752288178276328024052880667850844695977703060557589604359854466184573160243337844789812688649130806250968938966395012103990698"
"2 49/50","0.1993247463603978663037633082155329868285982432175765275840633908233878877722461744685750443706735341428357566945147072470784013379260278929813946075625335986763748451912292525185689105188363764376527471095891100821477025414840959719194016392647048473401385468726809454947362824112494759"
"2 99/100","0.1941828667740790819104042056969807022324511436263692034210019484096143173492392205046970116256224699532975637025459526298296580780707284715276440748635819474689518848812407768329799511532102367865458151326980609599198626162142997505364869586002396324320389470112858599601191690606990872"
"3","0.1890181480795398413407199917724417218159351542331278651499788386882103496804380502623222032659771059371806454551907121762356591618853649723552803629780233477582673547699105234155967784805768759416226934850410268811084669259248442894655898734624757705251487917163934821687748740666683399"
"3 1/100","0.1838323807867770988186939931240192937637319583981187760424704107340185761321098422677875261738145505971049938903492371177026672658880295366766858393323629939011835553886378170854154086067055486557289326514117830220668132069694476733478102286479978146811531135393899431389209626643838353"
"3 1/50","0.1786273350880793756039237208518821400895908787693684668051742153870595639091217304996144995371488682355818173251124596665271216344804166470785248548077057861717901057392550263329081839864838197339974694112006302319368346546256877743364619119136401966491221648226488521675130021225036374"
"3 3/100","0.1734047606858858258601167695304838171358647341396155643012986101213310104522514747237738298165425358389954140207933971294529930195027831760234038899805890564760119500668140165043340779560793577723037794868711172606075689979339274255736791864423660807451219757712813409735343461364487841"
"3 1/25","0.1681663866433266132274805485657959203844656031086870026234490257785648874326075527866104142600267688214416157868660995989572466648958583694864217645512070761323401130748479083571673001267011170278722067317667610245792622947402180035013632779146590700685174752334648737382801610655034178"
"3 1/20","0.1629139212570320668491107232149828924757816953447640323679507086612219558298031705612249578248884205906105748383850065849051991564047039015622689546102440726412067153470114880220233997712600760416718174521146297010676577289789505321189779194198682655815162949642599787216153826738132375"
"3 3/50","0.1576490519518757793890358087983969980495399581966249698278219193013968477794634046187801518940172621519863134768216195547620414039769154874774117654082394772029827529688897267444981767614432650558230557475838712924156205992604958637431959303382094631321952611287563838285049266662554382"
"3 7/100","0.1523734451974238489388168712879095108019933602697005575353768106753074695861628337649930477308737615505624538720711531915167231452762986538274538149684097120491593683728324621147217633843368411452586880531071510248654740373573750294290673318160989162742748785526782264727482747605456904"
"3 2/25","0.147088746446008367567842583323921251515443807149332131320070501780867369754614944075886118058083078547705534936811923356979145173170802168603549050943383027066822044564795472316638174834918762053139238419078901941811267392698107563139467961913452520243580087180083643516673267550892093"
"3 9/100","0.1417965800925413996053788657081575769564427182485472321413968744032656866756197705058329582766353157795184700234996625251363963730068466864249131646266209106075463714932142671338385150186364459894107692451979564765435576402502396653001994637656396921164290321664956141489510312628711505"
"3 1/10","0.1364985494564550769504640806189412943131223244407654630021961945559939997116221377331310323637492638430116270755785446712627699450177244100589007198276879111842955865556902420074275660688953651706725443086563932180679664320003792972834620082623941917838693402028953580280135905023290316"
"3 11/100","0.1311962367865213685264340441259845263721167002315614852559894748119409711697229922428577743119005019889807543506319893438985899220767349720874150497975883285407954942205362640932856061522190801865611385754540680992435772002703608659985500763540931834326804486506906154773988653935476518"
"3 3/25","0.1258912032898112553620995711708848141612926962459633036494601915755323672815794281038215359519582866216670563046392698830830846034306332578855481058396748285721308195608797419207685874872466022521318799190744489814106649124588736259389676666455600044195035384572877019077373776837448232"
"3 13/100","0.1205849891867559454106858821998624829751243500849759578226607912393538830516189431600651025131044503044157556409317528636941439116951304625252379629490622112339393170024449451203648855861302417474927107296885081453484187905659460410808496620902093067530409102288010980574177622007869039"
"3 7/50","0.115279113795259773512627998607450372760833319994968040662600454156624919115861793168567646091445484405292537393996418493364035715533896094200633472336500926336305871122180750270870876705397964925424889635490178783600525621440831563331862428218961682838009426925556571225905955908718886"
"3 3/20","0.109975075648218113577865975826280190735647474414448276622551715734639885168539800735696001697984983870054483287036714885681200441279574357862989165959931294708894787517341416432840175111424383897387693707584122206367813340889624410169597456211303974236487886799545971986210340995885513"
"3 4/25","0.1046743526508184404183321757686737796487171485647261080835881611114003404837196244293913524867216649678319469720810156322546765481690441644082985937310841309183984314852112611641416119004209239752456519435176028149441912550071062952346948112865401628582329449453247062147206887118598806"
"3 17/100","0.0993784022869696863947515884068841107477833063129275337081442892784748525968589917562923899895944726128056678491339254488658340712705827489188312346991300599054095006937593398940555517632412190590008973946005230529980184640706833635433417001309722526572016625055078351124689268593660993"
"3 9/50","0.0940886618886284064658909317601505195191439720391758206454178534110648547808676574804791307717710458149369856868756091706729415338431556176452389695167397622716671807636909307393039925091199960583070119925913704743155753769356183850049329876037336403414338609198522027955730818700564344"
"3 19/100","0.0888065489885112217987740812648586889767159173203491485826717560044377717549646379111082774979009298066397628265475567013361139181811079698960026584662964674352733796022046306396640814292673684089268977721346803905271897485095134488138402148817758507364063683779322289737182433577624241"
"3 1/5","0.0835334617871106852457618579988534383773697408126186265837791535297112953270212864180822959350017576474374593471124548095950758050402617641600675911469816250331636653383557744763215029806750042190429420422506798823163567102585784823330387150208099917201824857909248207493287776556620798"
"3 21/100","0.0782707797814886365800038271698744809256339009694006521986766538311042815794731395938887729444552216540520600675361936458955480907849943848519016359784267938972528150937273229829111532756419730449195360170245268578619706244989189109626248067645391446985344217976402047873424711066454764"
"3 11/50","0.0730198646302938057040288792352643069002151376483006169680195365888379592558134386412439508716978049857535387896718634964766838156983914718600166606394685424071507015923487200350653399584946250512294169439971992275007371747408924790916441594920630348093310333755052667251767327425566866"
"3 23/100","0.0677820613746714361020421050901884771980804880359753021899472525880787370936839675230398939817900782372701418250429082607679965596666649286582128576946791677407902421721646433883122809043896577357481085887539690540623244431681308975271914075916266672867128189025444740163964228522609227"
"3 6/25","0.0625587002130406479204538572694375625923547849486958655968072328823581316106357593017253630161652620064842918776318062394253747201655128217244946299693629397626540788938686643797820638876413210594323719814172041157675196095542196320546229251047375493956664332839254277004850053852895311"
"3 1/4","0.0573510991683954729660089361764938775551307538279893630081942314023146106035784495166521346948372118302763573405705334491101535877814656620213941437128323729536527802573340810311557254478365955430004483122263346131283458068625599641471711801314106242382206134766822002332767249566156575"
"3 13/50","0.0521605682504014363898560258506345496796472019407728472026496702197176831955483445007806018221795563387049747688793251979101533911935258147002896978719256919795803900152195367214289967723850669273744565627871362515765921415828672838779241081699910897098453774024516485406974341056549817"
"3 27/100","0.0469884162333085568836672338476086673108874675126966559559768113020357019986382002324854331611692967536663948748300302842255985524680857635937947897671763716821967929885501080427754147160493513619004366501018626309027277542120680605860756311613209441574091338086752440319844990575597413"
"3 7/25","0.0418359622519597661332503152560493388666785791178653756225992079615357988190858831856980056975061019143982447185911339484056118165405362002580489964906850864528580104327717359227225736594995929635972720336708689473500042821325212305884323580127683635721572977107444469173959506904176662"
"3 29/100","0.0367045568323415424250371435384014074178413661845604212585975202102108075285771656669295681202804253257783190803155918224628567839958399629178281478176046189823345684554005880315675284918019509225853699937962062396520382104654079409163437687035766527537225031620964410190704142527108354"
"3 3/10","0.031595622834939977817745540534070037293089368895927954008483845923217607024373473234023151729739363270897116270585923502158922070775705933889399130971269599838218219482148833258125652750306521096553153718300923178548004705775923360241339048661396143553676777382616431822357080943299317"
"3 31/100","0.0265107425977784057358079452899076078178587208690691491418222077607972481557825379895424797100879438611546669561202869896241392078326564186042066758324055804278368339052385542675857752704353060654623366995893779988808993618866122027201389987278904133629060874021500590679183283099395025"
"3 8/25","0.0214518664150253467979676495738810289906119356008528708495590556223921633253841514749081473182077276476400333611347364055166621922538446412725554217338363233471703952230414365310269031348674399944421248548778190299866147690197198602954919709826580715287028404842124210459849350510776287"
"3 33/100","0.0164218991809154831247511369110781414764601580692307583022161433635756420448761219134924533036852907091256040751522798419173450043672557704496026302511622628736580215299460657500798254066517479802761246267505054890006268528382441117344877581648118376389622527922739483021014670311922498"
"3 17/50","0.0114268102374411099357660271045004950208924417057450696749054726275914565312544756760295276018910188623594994883368865722044233191842003413996508032700391385144914410551051628418688339159226812992324583422091839171726288734936240111446392495732641264473319439541960602697309014467668499"
"3 7/20","0.0064873356464867228159692996239512225000409088521122222303090079570612414362280854673747412565106977795704917157226614138364012566628047247545333400508948944580006814282345071329264578696148666266534294799252126621254611033140020601973939958644553586178927827864687012042652417223495737"
"3 9/25","0.0018448794977188861329107386668340898322638702468912216055598498250741534618908476361047592938747255644532216651078308670038806660739272883572404163593451101595871839162465013051642568879342350325432747143716728681348961805406025072927513795589472886923522299165997460552445410887974645"
"3 37/100","0.0036976805035383815292554107502676507513507882716927408355434887991614643701856536890509160380084004092036691890404122477362491815412222206495284793766355411335449863764510180485056294022845126044348658214683637739109574418065504899393021667216236212423257485030382464645651265703935134"
"3 19/50","0.0084855168159808565941375367213176788446387572239058756437330084137054337037367396216838264846759255011719851354635742274758679010982831375363068921844353343454558200939575230917001908719756613630384933207288907792612854470260869811619985292798968052444097776515985888527143497356525811"
"3 39/100","0.0133219099609476127038552296543010721449246991792744460410521955673405093029908182311927516505155570335897535151912701848073234119247315350266446096236456424543727546827479035601732377457865383203446340818665818310000951741387873212101180756788772577751136807554961664847808696442745239"
"3 2/5","0.018141776059573645490458549956198372905865070513116100290263071140229556124096242420574293192043240474584126981086885618118748310673334618317759361044232767712883534966000844330290951096495295211271372964377845257401338889547582762887990890375393492285813243011997036959748777244176037"
"3 41/100","0.0229339967233480335797633114544037695589448091489530862260308600103248243264454520170596493196605689522978263909400838511741918309851031989651695181510847519079708037526777502707744417775421335852259816480944251133206080126810928954251914957937203003380292166279647801200192489317422914"
"3 21/50","0.0276945460517619644583762867398322455620871404383343099529338175649826338364572343592974659367137897703832575430238986140605172702556575193501354836123346994097999926910270228817669986996438044777933638171598589673035715653760235609151548506581728808520687570905428967186069556028635149"
"3 43/100","0.0324212403040039567342694796391905407024860295203068773096966177152223813181886860948296594144954300520817064327771683261797368844323339471001111877635238235286023012545019319658797923865837628194238941757067737984397815258727514541155576696839394042545670290121071632491001365648326552"
"3 11/25","0.0371125580296281545677247893956386492015749852152737101088821956361613118102645337877198649343276573281496832205857530413386673936164615612128120418764637395705899795164997298973746801100111489809823388184635370843758018343829627746273312992998365097217128927035353238963724119920017041"
"3 9/20","0.0417672708069905160747422762864168201431521632868568723276912210894370995910467947660613499737796954284981836816353668950034092543336224047067499219357423467128845246909319176705879852284834392311398513238271784504680065452702002547704989840207631609202486400792229561967396515941020551"
"3 23/50","0.046384301646998471912457704095760884033557313097276807762595746520310313257382984942959989296454663175015224131843362765016523877572383473700582040173476065260401669555974772572085800036884574411721702808482398240803312741155438715537744868064195114047998697159344401106741210697411238"
"3 47/100","0.0509626625386629775779564425218789449743349910394903659292919498520765053870993784105130330649547623055699029957632269088726316109114622220530390481730489352921552201851604936555474811677573024366882855980686126603959087506703366539569897246607520289207641007905197090202457657830058811"
"3 12/25","0.0555014238985290536227951476056735029789869383498442796304467211989225927357847652781615833977481002667627440278500140236449034047452369970127972401663043568269764533692952178054244476893653075681106966435041705820746856371703260726571746410240439561575481274899667506782853912201313437"
"3 49/100","0.0599996983760088429428015260344844260638941406611864260597200945308899253196482134589639419265400628082922837563422001266455402275264344038843162325873775260502494318880598358710017785098542497530123553783989633016908670716658838080811148757476664344437554887846843662818323782483369951"
"3 1/2","0.0644566316940021289793033959759100920546323205809201520305703376116658725946967375434451475007869247353585177609086920906126550676603749614827243284039647019825256156899436869710238704297273555780900344384403800249885506018882445127772715727527396520116699106580120451342381875211113948"
"3 51/100","0.0688713971815168288563884027307638856038655219236927232354915939792966486857973764626965565676340699765958086977875596055466135706427737783307995119312971081572529285252359373141163274613461530531573876696719262763986957062317337016609510546781120285705072836708847756638472006191187615"
"3 13/25","0.0732431923560576997672353604701481110833158580979283724026049531023752134910825044769644894221960080085144657184252803804696850836115121848291367251949564514285913455050655810752656163137055729536294475422520104702536848068990204629184569234610988302300951083740765013426930410921183299"
"3 53/100","0.0775712366992039272178811376570895697037272506420990743275164307446423783720941695470434201735787012470121666340384061433072739930037116867720681809652121664672246312221505796626951458888166096410907318933835664991427203216857924894205636861994072233213826547292961325113233016667033291"
"3 27/50","0.0818547701554845800486104290083277840796208344411611840459852349942419023817281411466076296035505183028099685289371051669209871255704065531778291384816143228464079336094793589598355479129973584790786285014994757762802015084483703849753101992758160150082394955159371499047693246172458421"
"3 11/20","0.0860930520854592971494351575001376733270227752726150066583607959390634200463512098535049830501106058682480892993695799153690519854286458461596614522391002778755931303191369318161487713107362555919914419515564579719071847080236761401136610620403610500076917868864366976051192255176022622"
"3 14/25","0.0902853605130691714943071066462955467564105803684574759723636748679153738755113664866804365273552909294573197459796839509171344770026231108152572949365195863931881036583473970695367528624710209310697967402862245215395363720888468043264250104139106054999926626263469061374557944611775826"
"3 57/100","0.094430991569062663496656815913160437665426900703804070774056740560898013402459342791761761170290507662143007567453576055868378783266979871937931574691469861976416591301959058337731981200246951300213496918067273133405716995831753550662587082676827988288839563000021089331895692111358285"
"3 29/50","0.0985292590684532669438804381373986510612975267368608194212703613701390979459867302936455934315552376880641538548686995851895724858605717172454102576881350453763246208630235312115261470324598440815433873627435862445452816905001279810093140006593372053129065653427051059538281324383577756"
"3 59/100","0.1025794941817914983912897840284371057347056673106063187485004809564989450979080837139965531923815001339597325327963658494175329836144341088285320423210139441080765881294746608433292207054551711426874974933202718715973954374606118431485229954167123770585578065384434011755425054564609782"
"3 3/5","0.1065810451735732816005352672057733535111899677109634509856877181749575407151043715811054097341671825759865469585374186985696026698364855886875294049074959764402503553723961191984777645060938330684753506319591467640122237634149374346156885702497555324836198866252604122612158541331346944"
"3 61/100","0.1105332771897122290835694218885172903471828762448559308654466527798009377048741123085391164843103049306483577421911552146757830206082737393980311701484464624694975263760988088904837583374247395094149375264207515370022628795520970827136705999336911423233636130318813327490283000733320728"
"3 31/50","0.1144355720815932986024255905809835909573107322427517851604460366614132956963486129434898701586991259159733612819608452228923864890857905851699147574515254821450865295737671976158337688093571961307876700215701712536418505311722049785826392047734084636205229454010016232858802743936093023"
"3 63/100","0.1182873282579286043239063168300432184039826513103974352665662493606059700878440290920663795852850477058605005392326493288770672836385241309624021155868585678649614866109140531193262258861317530734601730608486431617386449793300076092350168905367852280534955738171504395792788928776956204"
"3 16/25","0.1220879605581336442984425048000112359290207946096481749733691257899249097113080184910622727663882838448730449652636636925722324817624539151534594503586604447146981867634103647477862317258221509057494374572352886975478517089157621016209265597723982296619908983433693417219464470673100575"
"3 13/20","0.1258369001426539477106197239686215451412590551845116635149255588445397094199924851494855000679601128652298624439930896744472156645777536714267542078505481854818019532625712214837592056863741427925754684797964783006342807875310884476723562533414007558740966000141222250160059188321626448"
"3 33/50","0.1295335943968627438888001564384611277829576946113637010616514923766860732519639873823834533890941211759833820095538460163584039210825385655705370790110059466569394380168723119496251862087454670861330402956400010312646828383979165865918182612237220113317909535636510927907669131612284956"
"3 67/100","0.133177506845989560090846740669800390073372553484365368558960230673322032475833495172264898759346225545355648242196323556083973220707353220043233241166313419589575978021851775790604165343254169415224908264489441500521007656058520425774920171755199291204627151766600766311163469801851985"
"3 17/25","0.1367681170791386132083857912300868289248317645461084365022368065116390325573883718543077265670117309220549430085210260527391154375670015441361067515514044435960948335453426469737473836753635114662431661164136080778058569560695692172853572360892706216083762061377340767830883570853882269"
"3 69/100","0.1403049206808881180724417984115135198083629470316066707422215042927748299315880869124780496460789561449078729884048888771232511448847722768072945061027615777123175858363900584886631619480333051023516542304839359264344421302642947617160814315970107458389117856338892266089746455852647042"
"3 7/10","0.1437874291692768122807880492682917908424917883679631085600498172054743874126213635548191718233922353601032776776173148601881801051265801244092390458981557387714868421756993445839665966328751871639506158189641420689822230396477596800465864864304993083461923025849935089161060545800576102"
"3 71/100","0.1472151699392159926095093802680981679957191161084767071944277556635149691622059055718975788629978230779773682495265470570720865130522650126028741659336572079183627918279697204058187121453656651245801162871590854799185239139135748654989920679978277010032658883044583197785474981588728575"
"3 18/25","0.1505876862105376289803297620890261640483478481681906256411867221360559732635238810693691780041986681580449475140931230448451634856950736633704996574453585160369825838326993676553637176630774104603693903348288432806606058082133540216097324941369948931569888889736669383576106955672038986"
"3 73/100","0.1539045369800180979281761540177964008801744970406020576502636507005224554967601057317361262264178047585648903797293190980160725821879616852549698658259186650621830542300415963729184943818261348153374171234890433989472431704383601332143743614621493849376505773618940036918267941514978424"
"3 37/50","0.1571652969768143951691890219107073483549652416317826366255595481411260006361300934993951142740728766603185731412633235698217370641444094185934602298828991455299475083793426003483655389300048882220591075096666229284718146950465910696768303811072361453309985855457022152901675476975333323"
"3 3/4","0.1603695566208236753222340872440155187110639366276979611438867258813151652940380550534463859883107347725924713796185290015369621403198933364079657931374149858089327597994955017494248981390419590562285893456053413157448304038083594496416521889692140112335880217167711917938323857845734084"
"3 19/25","0.1635169219835336467660627662087596337567232802369337988457185592710813761735833767699262750649734963798877386634223567060422525061519796886731518069929216558569768940778194014958748432068825422941480364029456371515875693374767198257450536743629821670712438056704399716936121743366174945"
"3 77/100","0.1666070147509751133632266354319518322986447757582785103924785896086318440586081917622228258989705610448663183367595995204114686118658521748710409019663661357363398817152656310150616972663701594861554851656825716786164761176351343259184195194075451044367921933957999358742800089276378509"
"3 39/50","0.1696394721884220345295660836177695906996924706044411744023315744301532491135775610898084064092249800244395945507319782725136111418280811860337677225994906649995512177435680761629549454652388629683493245686249384256967506462665860677385141279714350111476171638750657615570318121596887047"
"3 79/100","0.1726139471065112685861078693937299112863604915252122311375485645878986922226261066598753552176363664501271629749551052891698035854500823137452833544886137986873279436506190877167471994532435658978176120977214595943733247106258313727718095184496493571736307328426033435854599085531445966"
"3 4/5","0.1755301078284754635916899660759218934701485050232828679541647917818560222576874394500864687629540334173617356630096215453877244690416333463896541614908798152353506416361774232115511150377580831629032707958748207165936575787500645703432725368981124274157636980018627869701976708227774283"
"3 81/100","0.1783876381581997137159137379219332949084884402665678823756770449834022681998688388455057260059505238419951971070262039634216969301525497327454761743127100144754187506827954999038159325127694006946461633719012457191641062910628713768208496881057598455450090491721502998171928498878143464"
"3 41/50","0.181186237348826629339475948928546757669028378163985661672875412441084930847557676164424618554282098158151087476926721326555222655580566372741883981042509409431996380537101531487599606389566767333325159278641775653440101552625750076362855360649178799190549673896203737147669819942414509"
"3 83/100","0.1839256200716461538428520879031511578248825471835164181961302398845571609892506178965505424198053474500462762527718648237948625791768929075358628614386460180369780942363324865941582539203059361104979395837974403421946945805812087835346616599528925248622373649342146553047412596902439349"
"3 21/25","0.1866055163850163955635234799291171313970651723879715550698646464899245760458817050083270472310010859611237947165405696631788090218463768196277612572716780709578594556328428202386185043744876796955083160602238686413061780791639937978792107882479007620453298290434246087567387464846146669"
"3 17/20","0.1892256717030703882129677629748634795866903994062864825878945308907722942514037583401630440437795580992159964584925498035712104260279582709801842627191996873327948661968228107358748159990126339182801299897531516605316883774059111664176256016825558441442145334948531663506682610276723962"
"3 43/50","0.1917858467639714011787703439744076270578287210513427223211490394787089840066420215590114301281815272116503768457417141866922522490976206162895216587768902261554270768218395919745124511519092221592056785406314746536494794432002956892487783921791369072080403290161847686450959541096937788"
"3 87/100","0.1942858175974864666836287928763427897611890219231841843539822197581711074458619511460830041712119422331820504596789209476109619735653977690568973047861648667619548165980369362988877502038120027680438687011199741415959001596024849678974080009859841740855512100933647404743852334330409177"
"3 22/25","0.1967253754916543862794541989420332507484802326921003671150632168515170549032942557213511097063060243656315544725886879161441843568818547730986588173106447822087555025816090003985441759434587938981752952964315889476684772169139069706721093044966551401228383573171038310675149873113105664"
"3 89/100","0.1991043269583307894955775142039651975389182775555743383364592829623521560975744333469519017911037105318146969051574628657270759809605337124471712279281396920350858533497022902470557908109898576854181224350827385211745688573406891224636690312778709278387116378856487686066216695867139534"
"3 9/10","0.2014224936973989703533889350788147878260680530845180539071291245190490791943599267385584775581713532162805156697660119049009310948678863954908076806099053776049995704256703809369860078052925000908844980710653621143239760253692445239110715107588556430986548751970130043254293855324210143"
"3 91/100","0.2036797125594413214916733438782407140158401007584364380335327428467759462165016446809770612374396059315078608535343238760318568375542270725799677453876395215769465332829486531155414309649133596205455840291684299707412154293551170230067337250540540871140545974523846450624698366222434146"
"3 23/25","0.2058758355066722964295660558246624805627122723043848012925894995497844604135360450861462855108746405544394766961364006559806886643412204293115046076061899412506205114607112928023029626147453547476702116815403665523091408239960668810961331688387489350255568231009226483777687214187650787"
"3 93/100","0.2080107295719400154186213918753857906867864326204514263395139069966176549736064657782834610560556135147330148225698007612091609486373073299179531393183696171298703338616132117748697120971080963107277201427369476615985304874927676987582162745332805211962326387257684014127640565510502928"
"3 47/50","0.210084276815609932261535293799539330742633590313577134338748105520922132722310307771779813707102354203395136741674564694795776131848620421466720636997178304942746934866808219948277414045273615316313068749228083702201781426907509899906621807828799598687415172839416230494188898185222679"
"3 19/20","0.2120963742801504296102249530382272937174665300456066226510844895796287907781823391507203989602273308343459688732035647239727065466971987584096457292248403115528450057150430723760489285846653939584269479156718405364736246690197213771689811445069464518956369003849479255856011515729025866"
"3 24/25","0.2140469339422468304161908776818085871087373720629063027435958328425977829567331769735760674300389740468886970009808365939082280460943524123671911206609594584935223116024766097538259380377512029431800783878131948742918440353153573406541641368768734734047678166941721055929318517195550978"
"3 97/100","0.215935882662277117599707785879927443381955818306791900737926354135657034994095509617438259700136736176514718573582799994619275854695884084909205857736729415800118195593748358581989231378125709373321374916533227758797968263094053362830511675083772503122735524648567190452362302227463451"
"3 49/50","0.2177631621309896506484331393915283750315386421154628530660236468632451849718110720254094136039625392226190806586970691969564116761515609578401134312906765929880173471902048966753505106292374704847153960548244419350202006070562114327562267069160674542642064199074861510321127513101302605"
"3 99/100","0.2195287288132303597071614277532103844135302118973879918896880031968728540328486738460556262619760214594270264554813770397021308736475777760526082723346441894956423726365881228769262413839625914095566329674843389338174273171036167375086154555404004516698906691722960672739493049469366552"
"4","0.2212325538885742835836734245718006411359866784862324136229735956423455046640951932380407190017761443792699851526073816952913839453521558519851212861463808669991249889705446613050529360546905166063181551931497099828393956791138134058898919859618569768680171439255914181093662255966945506"
