"-4","0.14767036571061306649859597224172498453329553451901423820748410665939376386597622984542451786117635996238836902065018633701749909774416337028445548012261822855045937266172478202742584699274525634094978865072581172523240558001186109306796287397748500214227374957919621717429023700866"
"-399/100","0.14480703267869317214385162609432655714468011807999433645754153126625786052370106196890672808558425376748210748839884035622306062991458515754367992377393689315848856533165198541540068369155879825567255418226104225263858737865285690899342139803598039995485302244876512741577770231738994"
"-199/50","0.14189838737929206986599993747270154178553737899660192055049462996729362887956428889861523525101381418988462823900212637302209103153541771276505662280050154798230880296472066963650979354742877779339668695821836511627949048660828414583595820382911377828975505423678038186171208992821613"
"-397/100","0.1389447423622667951304558901301115344640778480737048608525609609613760883878234156951162511882481451364994100220267125524326654759986640691569586918823321602792081455247273539640888164837047013216006202054179278204401359083386433980579918251837665253442132952504432004192975219895218"
"-99/25","0.13594642098431848798764441823016057892910718753619889894272862173169324873637918865985173866078170890024221843018615008733248857708716381743747065272077446351412141938263277648857194916552130006532899348351286939628242753862584438872091715973894129957469392149956635018660092210941882"
"-79/20","0.13290375743583025508394772287573215324408454892469509088594408376134988906499132761070928157278450199522938836623128695896362208213714833786809834294769859919578749614511467729605643190969599241046549676943954876101937033880377285400775303306843075521115836171406049695578859120909085"
"-197/50","0.12981709676893557879123656429377755164211658350973415699818111283263234988178250285892680503717870386528199931266769956067438542709478532468055229046907867017097780864239013853690883322514720703953564508227911103481269754094760042984045661085858349762756956994602634439081116916915036"
"-393/100","0.12668679492692640818777868167820425936899030272376273409391248360256787020053875127434269609498606067924949017722441548287747881947572123548607220811303092976843945859256195877027482751690785224144296615933493760412990007000029454283554150767048397506565878727042266466461923756259083"
"-98/25","0.12351321877510839981496086764834623111160113199969681488527179792702812944063298404438436847630359785170411789917325857121058109172611610286156306549508697733037061673875721213363984709643902536865220226215600266399066271817672880094213923583510928334322524354418566779785063456242907"
"-391/100","0.12029674613320916603850186555669845504479023249759362157564220593644921653980624777884008996329342083953769993601341723680707923918563254624427705712942988797247522666309419633975695172306462074825146577754420463990687858563762742823578879442212687222560151284934444024447265031889302"
"-39/10","0.11703776580944394900642218071163674972615648153061954150222195070346944009660625017150528395627899427452597449491632250848209845657465239602638452155150379264075801345905054340929340743374245033802290211983353187719842843908179710345882205277301007432539848760528601226105387647792266"
"-389/100","0.11373667763634202542217025532689181513917181396535723890157764445106180089026473369009800241100397370652852219209572363942353677107764258676987637330035643676344085850568171825100508058867250231747179938126870783951137735797505817204711081003294458570927539639901575480236694482718303"
"-97/25","0.11039389250843657982107731450519798271667612791090117320632204187461844384035395299427767604604188011758583802204549131384506705157524912126192867929864723011599816221262737612315389344420008931418314090448596824989271434231373743893737488143530452755528125668766556163885411135577865"
"-387/100","0.10700983242192106801670149095532158063364276227163342908326591612276275648411322506552430004714916923721572537524304927620422880083312083914245153209283218974082230515997008503007395112618363783650641300092311510908368121692514288754984084131023910540444335977615302928695796134976483"
"-193/50","0.10358493051637666205557777606559615721872973383620137313885567843652555646548929987406792916292655043854926386864763357971199494989681341569667395898137663745331487852439056589952690746512713500819485360555551295636292863943763337940228290933991553598007282204087665124591424769077529"
"-77/20","0.10011963111867884568140114743527099286451055956218254551554056208631566872781311518565856111615341131034689032321358173605886506028962177688100306902980452647232935109422641183892408513528257673050902967038737085078580927142567255772566134452763714500760489454409624704964373756688324"
"-96/25","0.09661438978919751758065480642276817438699709328676474870935532124322178946929184738441763202516390040347456579341239463074331125458323345972922046838152489777000657095351003992680088529932392109565583065861135828966063513609302653965774626977840472087858712507511857554147662399326297"
"-383/100","0.0930696733704153848491115420714741419224240422431752222669816453849418013520716932817764170177452131394576048411727931193341508246546728781986233695043332202252477962550592984518348174328854851915400737070957477828904621711131537189144977918337437162178624252048703121731818201782732"
"-191/50","0.08948596003810596753680192752579394871746437514437329241504014376097980365911122081865575679295554573363136189633704137177699998095185374988749343118836003117032080446677856276457623910827882314813515094199606800591602226654113330139279503821182405102753025791742102208120621675970066"
"-381/100","0.08586373935523817689335208115950162969996777862242023759744812024221432022383749594249057377981308694635743695286338709891136115284642576678968932720560666416864306178341607905927045060715105021699869916527122000213240355442806245671017102623584732181098367547870954611655784560086771"
"-19/5","0.08220351232881377386686219974305253373764451998132110161428797110057227042466651135561930885142989824832316817114363172824053911815838280515243731268244114117482302359101402951301249317057868128133690432455400672133933238420968036585226992402973507282860067326915714187678555430104685"
"-379/100","0.07850579146990426093842502048065253787088500325656153836632555209193573963270452340248608208218107048376600994879314228653735060272939522481897557400343590786503420425540468997858503716451647502966836719682324317299327040344987127380899470298901971569283908364294801438742218731907091"
"-189/50","0.07477110085724640443787782993374066602766966345879089064643983921829424316478648774029547059575932707924680071196053348877375000246475026472339201985208761539486175589671034302561990227976746553308713555390493553274519259175639620263171528321640111639690940290570328004438724552639647"
"-377/100","0.07099997620489937040822318484414244241977462271205958691579903474165938637440002566515727461465342227812990204282722051061839246827661048066686270909033995685043532940283950451552983417012776500618422891042980157129501011236843388113891509856876937514720055275427284713024024787781278"
"-94/25","0.0671929649346926701982026547602505709031631807703073938383471674403019665631280342396030017005247697579125111551291661465332754936570923587403998798170067299989172404471542608703240294811940312769131397397896476697197321086069445906687893152872185570432390128866307879074960266047291"
"-15/4","0.06335062625455632592637022428424669243917122553740802234483046310673811134637648956002128599274249096786230740129911522504762899390569992797208988830259190611941684375208679372744791019417966451778463903006322850994425343248433822028655652586260716848370064937028356926213253691897734"
"-187/50","0.05947353124441726605235096905275965412968283025620658987808816820198362971880844393815557786314537467161311863430687315690801254550620378833915131182260312848260387274917102825587975587776101008899558817204017003658582748363969652506964746146322730595259563698548354966038752514506794"
"-373/100","0.05556226295234058602689290000987200834098294305428271375921211201286090780139093202184073967579690554680007999159107054106625423766154961875872162248413459505400586119556144365306788156395440808183197411633087772379478344949577528723142056886564176921579721208915473935184853146621289"
"-93/25","0.05161741650531437716979738773489035758536902606910894253249678350825937520013993414297926410117905770329511853588873834411216170564031213885585041698505643908734717592699439735372770714195416971947655067825789928758413479205187363229182861707876387029296328827424870148722224837639658"
"-371/100","0.04763959924215676244630954908406874169589643344468778109751327035212487034554051445430114690932595025129105580082100623938631634407509317358593282742833158391739975650548219989690172597708391941849807686786861287739514491716070931404645779274339596898932895746846102814865344882297187"
"-37/10","0.04362943088176652298705157814342439101649878576295154639320936958582046732987778870730810250065398287894434230642461443986689068815045064253140140852146600952600515148830573740360627921821009067041554686849698261185060543530514440229810307740505203767806176617560846410762171874171894"
"-369/100","0.03958754375116562001778798069586047592948334405819361131330213274603081220444005226712343784952786807200336906060990991315948783754438056190978755098314523104755867621691846618884013869772270925794422890337202981281905885561317148233465546034313064453245331423962564102012655179840592"
"-92/25","0.03551458312099195951699880932685424427727689872905401905975424088075538559134165557297228693036603145372564287737448610382397895888398098778377763069237133447382319772087106761198493050577291100352228741547256476928547320401179461185740868601210738291952795700597659465689962873774799"
"-367/100","0.03141120774740280486677986888489923483168091646629523189551637770878908217741957926281608601102851250162594619078440094063009007007979199096995704469762080479629197763052219089928031450885567559961094785851602682303687853354494834771397946339252035663310465744282459996948742651193069"
"-183/50","0.02727809084237152240709921039893427610763382614783269419794925860651684156966448306276853978478624677562921499182780121491005297712311945909513661297087897631031769858711355776916912507727339180235593235050870484230055760480108859633231478317945623807047305876155552171258718333187656"
"-73/20","0.02311592202096473446924361783889026861090563200302434463229273778259459805368489007955875520191240156550354939077280458193185041770945403330311818545748525633730383292345726106597400453172920692610736422425424730916017138936228876228454174642322454405549043193304469579445384902130106"
"-91/25","0.01892541176298307849184631417175039783154318496121352445249290530263626562785185472450888984421185103043518805602532491641064885120021823402043701499022267417145518771258594708966952622616482263462066454433642228522641003939724931338890147278502299860482125008407797437843352331917797"
"-363/100","0.01470730350275749778528185467020315579886757742563232921011259623652337443235980374918378460316445542878785631944150518276480079990076092825734636670840344232982827761260316552478190873771556874202695464877537791106037463028441300024338303115605201976615074820655164814313985182690255"
"-181/50","0.0104624152327690927072971654460118245299848877228792170880967336980928494682457195373220719287950474841265947791828395531107042004725065028462641900502616869982318802280622593112862573869848510515368184116965363214619670343163803420005962071584284623866418770641056977740127133254435"
"-361/100","0.0061918541363272774456094022497556961526950493926414487094861630758724922014757665175747189016018275681598960545645843376585966619987628880914588713071965669865655804325697158571548660371538443512246456705737557149105753567637591311813262861634057893148999714080424573199354168701768"
"-18/5","0.00190015507754926551781766702239042280524991219032473119146224257049656920479934665990943098883298596686560241761707875519623990206729366051622691731591267037878323681999866886663660067249021623421358611360760084359837601129581119510718067575982477469354249927988784387877414570514804"
"-359/100","0.00243517631523887221396653595521357715824132582879687871094045129016121365780562457425499180297826562831716463225375726428411774282688020936680989985628093469211294154611542943354319721122159187180994552189741405289019238863620219460008658662683040281220884757227802732405791885407217"
"-179/50","0.00677704002210525398766546227026738778912129626635762609771995245371341840530412965586800430993758972384735460749465272014963437758415274824825522503212597499908034786678655271538689031044799723379639204001453013332900561389416328838821529633854339269796948319823927449687022269573403"
"-357/100","0.01114505767644046917078060874362918843924067750082442805651207372908180306372984223093853588390561962470516616581451876584114218690522051531166758934703055019593361155772991567957121489506838255421593452949950933823534477459479741796415494298979783682726604467417934952293414206287864"
"-89/25","0.01553592084100939319752212193168435195074327899962555918818917839771945474572274899793764880067543607563950488034517828275353807823800862664517404928816536419396493494821700232699971981739179965325304143865211778865097606175474824011748811736474458446052964477827935656076566618022439"
"-71/20","0.01994850894695454556016871533375071829688395256266572189786567733007219972599708120745625973150215543478078478085551110755940751014613840812532879541931961960172886796506308201763980179669766477750597093301153708851187493871385665577975308988773474026881933363537341390503681175717815"
"-177/50","0.02438191053245655383137719412644885959298422472435607866943130320689655191127405786206260596879281496563230377398928490643399704877528578371399304707022509635327265299916295233326304070942283033068944274684571768436191565876940213445131194353114147675597633519508572826345584588580176"
"-353/100","0.02883525345575106898090624982743025546359691900805992831642882346311332356733319723978576890669024827169049907499007728983471682332830746652984414921881089033337997815954451919536736679361895105865072223850800506967817482732083984359309335846202869262528741331227966220855604883891111"
"-88/25","0.03330766974038311753807164987177312755092165152203649346211915856393759820088240858441822471875888941825269335629493180810126039412170805321727131752564749815323241741799095278848672476711645724182808537503130628475566592458978943176502219224276411733691799140446706416941706249603387"
"-351/100","0.03779828498508732955923747241679054671209400217082683333124807273256961430125304505828795653232482576837336802388393745368985502513463506772578970221217900344423127771978760221623569224315403675811518152327164532599655708124705511585169010479445261207500757708005137220129753651818395"
"-7/2","0.04230621435594111803394475275925229407731313042458951405762976775943791567973535915881404858056769850002060124584494657671424172391955600550764704455181375031456882630075286384873190216787575317627794900713792421486213943543074308655233152557652758136533400915331540372860236559235747"
"-349/100","0.04683056079899915787308994540437415652225463021082974326050903028314249695650263711709075943773176927420379505693513608925254518396999995513947060070636526115206193857971527295475711177571596126166385795798532461519550853680530667882958764403572619845804471849193932996653203117988116"
"-87/25","0.05137041412985148959297011797624485364485937987469341580473037246655050637935847560465973068657897752998457521856296330118417399953558251091627945629030890558673390098100545029126835253261993991735106293245677927220566700691018212321552488368899470241552963268557696156123985997189035"
"-347/100","0.05592485051237969569029140007340311699749748134640729663714344939283227756836299890772407567870639451183962776787499535909454223582530457266336346303033162862215929428396280773314495556663560812916675761208869374938672416019413593647346211044564970754141550487503163530506997854874393"
"-173/50","0.06049293212687376135673189842373609980197858631478929379892923677301040038190632025899881549393146113695100758657840810734162455704861240270017390243254157430169678045628080819764910435137281803119633575695771148856859275178283028142951988034894918760088475223220272312346758411900753"
"-69/20","0.06507370693763670933929310184722578086148677720885444295851146350095554576559359716244601431543462610073404259477814433654654162161200608754554748311976060256003386604374799965546168732903469785395768754657281094172612980807076510971207171557576475563977332447968469165494462174456124"
"-86/25","0.06966620851657806012791721950342365757327295935438401781613589066460473383382887536135094013506936420809798666794363966926644694545580323335117874691751001102522421459391706955971511967320203272988403668541605505624901660339371962266430605963022983946526780718233403618185753663624787"
"-343/100","0.07426945590047638257867487033873916609757648591060427212806987225517492738625722582664182394703441000449697943061182229460639850992523722135248579655717182930852822334512403592118649643266509929621045147382294477057290065966665189724064222009012639007436948743398181109745264582460763"
"-171/50","0.07888245346992189019526567465591787041342116553122341505234883919606172533552244356971511391367799515396515941782828567937637377763388725884905649699930891050382308354924005907217658958915598386393154811198092431633450841052671348735116118188584743575942687894254135603265816161523356"
"-341/100","0.08350419084327661479199006763665181340942958582453039856045964310852958752335647769644603258845823404446802696385543505306000567598046793602589812819374871509494385666735676620105848261924605274580486337264664246751541404725010162669094861734172759273796557639048035201197785311928907"
"-17/5","0.08813364278187010433169329097725544395602655803071007585811042858863407708933813778946201802366984405886548845044258307192626804308051994032238093425622278127531311594499968792284008973576489144099519510697369258603435874336604423167382153703836261912351962441089003625648389460516099"
"-339/100","0.0927697691042723400618569711264177993914553427470087424972183566999380346758851505194117768546366023339898992485408768543680638017235153324783202056412459027625910252273020950253082916037455916515385924085759033082960899746037966301187894625141149990540316572535550290851551220079359"
"-169/50","0.09741151460843528943899072676005351729861118075272902143317780407636983143550658096706373581449988296369807013368486073698383690614287318070200707824374669389978845212503914026683665038213659848676074636838717094928526224985494957895738200679776215760644231182205471950483569576748147"
"-337/100","0.10205780900106876068913283640078992252124505115741815628461169663333111107729258373453740079768368550248868539212937534323900714118318100721650515934955070630401367024952186564071129595905855422500171435981403335822061155614224664284399802743048670987969964715084805490026216627081114"
"-84/25","0.10670756683397415661139598351577173710471088536372412209985611830412837216061334196064520085161565794067470427538001347878783107824825144935759789196212666387499580714220231602097349862766885198538718802456088645317547002985334719578170842565279817668788150003231670827879985112478085"
"-67/20","0.11135968744728919921496652709153740778220261910192158934050490987645866653171263179513483837459018415109887089936116418515426777896393024765299247034403485095189183544140080153490753478681362238288795812132849723132430048915011630139958823080164679908106304774489867625036012604103049"
"-167/50","0.11601305491974774732753529857104087136926256765262442807582194702412442418817869248042881031277013785183824220379416825228765620839107198996599919671476157039859330685641944226848306725216993618935380127898748410281274606807692503394434004227124920040427785419132328495275190891193997"
"-333/100","0.12066653802616075374076234571566482987747096760808000037446181355509246383755761562518543705041488572595493983222300987161940985049550175418003070848433281936126208287827273912890664262720075841334738467130055913091695443609183217160393505712305683861295373084228489137462159036821744"
"-83/25","0.12531899020239479544775417389957793151229031152627010348844459794266576100180308795708481571673812046983059974432788237604754379257071242399369146007708782490362903784177206977088192074383915919679984053877682238141754613809923266463214962273136830174818877177136258622366427353079229"
"-331/100","0.12996924951817425923260573064363477022153906816115560400062545977831532253580541591897946211652828162872166843928536853106869495131022625805115026429690174625860273092640025910644438455086974175540677684050846878938315843769319643201064233710649636403936612639908894377461567135585081"
"-33/10","0.13461613865806894084707021089935656642042200286066849271526649446931148367898957466942092070114056678165718294158207006205289064493259328927457306484953030157074402447099844448323800429938285623649536468097170247034396968154583532955736303250832792632339259034821288813568346412107043"
"-329/100","0.13925846491105483489411815973545914283973288299557319986951484217768285372696259009994619512212150529114622677936240141988996017706511772806304488646013731240454001930486991112954848588294696503635280360403936180315292425016978780746085967170964879260516622853630376994314128869034084"
"-82/25","0.14389502016905505148375471731357404550624620566559472452265700635461359979978582948742985600263811735727799137161670708402452242991589628095032130726167859359927631684508671680832216657832408507627508195645724989379316327919969684558810804367922749198692900845748230867091818626794555"
"-327/100","0.14852458093488193300801883550199773251322817158159012428972781277975614098798996591366710495756756340723513373972435787562572676784318398356433741222361101796278934153364409885213393958950759644495843242288279969009228291162517753211926569674429217491425385029237692650303594044813642"
"-163/50","0.15314590834001178230084256986575087435635867946444357692267590724883138379792266373743403243047397470959411883697200857358023580072398038119277054689550381072291615844359104305262850745026255743067119009096846004245730789999066146336881237440904841832050248549275360030897807363307912"
"-13/4","0.15775774817263097231189012308499438373068898537626866991684614357621570438602603629540151241998751228192716801125513255672601222923226684655003572698341061794457822770217169374364222718167809294570300985620901789793478513535558089933976521151453749252234478966796135528300154219660241"
"-81/25","0.16235883091639714136152092461450589218465942807889549470057094437444123672894189399593559541692420659584636598836828376597171911610028583732839341824228766470324315197980185816438680370257996339318844957318856205758389753253844510071936803555307201550175779460869404553492236838485437"
"-323/100","0.16694787180036206259524124282094645384931486099843230012512618037377999133852007105420243400606926323979382057062414499118195725132850010246877965725971968333535923431857513410133862468083910182513609457877755389604551228553754396929471054777315007868184521648097963877092039280348397"
"-161/50","0.1715235708605038657041880510269178356530572900546493501076441371191452834362598361017091572703467093782688308491845652874483297162455847181127296724605030165896231785991560133314429376604818625140435941597342121405329422790446639443725503022386499825222642520632761988051845086725335"
"-321/100","0.17608461301331575442471555749863142592837428010754326885426456878762980942892845503986679643968964430989675078667056419876452273095387030809240168090744648630949143269139920265993179085555908158496112357993503531845075744253716368841814912854662924665015392437331828013045631346938024"
"-16/5","0.18062966814189631832300034047169592998185143648553536579360248929297741043866664459411636165784181235702644718616744748484505812400412834747370139544340797781624345109050773983824114810128475866487080819002315964028023380334018599453937747209359957820051488044860816680148091427061536"
"-319/100","0.1851573911949830553878015819728413840220002315509127547588578286630976015242971321385729806452188653030358449985433887408283624140624870631431535483148553542687334679192779430813943591930646350293660522127591170974560234684618843722043509398511940011596193484171567968804761417933729"
"-159/50","0.18966642229936584848898457699640411940717629151467854150321584288949378222391554468685827997500960954137232458342135510251345984250834802048584243299375861337483338784117624211029521544492438864683747588467895763026858678343050263324540604384123830945769706227041612202989829444248713"
"-317/100","0.19415538688611089978328923341454250832532845080219764134675025347164465016977975823000764685089224172479421074071677606161711015402413175850186913819787669392725122596398314099969024597883692869162041375946283857931304182378692466542584650200459200746887416529899701547575149709777414"
"-79/25","0.19862289583101803512356779274120131707801162169939628977434114810399942780017049389260411169725306617240179082084465656954802643473662236113496753725138853160914525217033582026049709281358348109670502488166059322187388600106311673417497532473292523676610597401657563691547898194709743"
"-63/20","0.203067545609725348732918280222064938082979141744718462457728611516738177585124317803942017644257397350664700698193117784045137786894932179689730187365934430913609890207539887609526192382922282963148908370010832299571644009268987180918312224587352034854465173559119104680618542787708"
"-157/50","0.20748791846786486410444699518613877662142576197551246329902530286033025400888140491945473128211287995664396955848164553502887921264202852357614773867524546238845981505288536700468604729365153359973594573512315761591329462697812526475423902856924599781713785297621865709025375992296593"
"-313/100","0.21188258260666123388262413578835292198451832960040423335763178855634728735744660700087292271156563396310548186402824135142090774312315783116716800585916785327006525596848128360151089361165798586984748986001779357499284119503233213390912316081605378915075508853272362088741705297572222"
"-78/25","0.2162500923843524810956779486628680692950577392781917121126516750817541222419163837983124997102127584351003399664730597363411317828781986714086108199234841644069858015323968671069267959310192661349667226949084192998553730311957921412220505144577378260211228729875447320280666102288995"
"-311/100","0.22058898853379738775911169413051083715747284292752224300547687313612627667759056026222261442621605679998410536295853167334072947972102015919349438762889362034303959495692873424505291282489592063198325709083922638162667935454417772634772502441342816125718632565053775844517636184607552"
"-31/10","0.22489779839661835635858006191969352764232900189534870547846698621923240013457244707541523630287750949665921689055508470509237114665373997353853931671318702392016882789130073174770437484899413448424972324600958737761752383173279195572453753527983982974989460158128959199934559485574303"
"-309/100","0.22917503617421139830201424502043641051344970764092527037910359930848105928800433905184301887055410266041380826785127399392990672173634210876676712448042185856983250060445057812568335237271996278446340920160329832687078426166834179198863303656737184462485606073783545281455048503468219"
"-77/25","0.23341920319593633653782273808736626057760721801382361999440820815880948880660830028411788812360705330467295725067906624884603923213722678009755290524173529986744672354380528046268586834755363294752089951699210092482145790563047666970129301695370241931206016879289543544246304449287365"
"-307/100","0.23762878820478034538200768182330178721702168690523726248440915722477019778448307288842023588585832813143864140530719665550203327775055545922553383747364026096359387122059151593459947573805434686829049140448179902932131845100868465786225406501897041040236524987983569183316997672704191"
"-153/50","0.24180226766076659069853715506578901679308651888357904121836001455610354911968132513962815430920607744266768064146747096133500090394693430955239563333382587357149609528697599947648991967443008023604048679435787002577632070769250884852603697252885101366435697824902120420114114025663409"
"-61/20","0.24593810606235698320846332081800697393089161492437442077563379463880654397934262173743511696890142619095603301151289589942494246500537438959071808101365179762656894575915452438106138493344254058359217103187560405425962743226600906387205077982556012272396394458482449240810740079328586"
"-76/25","0.25003475628607392629979042502968867707522662925045275071593811860483035409569177948644047732311491613661065512296308515238491878977906915779080290259124073958069598226522577071405386583991200999613395627701320980329117367832082856605630018788519668261280116056671608921454063075471135"
"-303/100","0.25409065994454044123164495711342017900115896677177912038853156253261981142835334977251853530402505924598190657705638770899641994180884699664386283472431994775748291750610817864876279636477965398741344331684421901155076928954926413419731806941337340430739086437365336644134385439463292"
"-151/50","0.25810424776311120588431440095414476565093173554243519642547617878999437107430786642629809604549283232072934201343699865507845229806522110214382962739744981136633692962108103466251069868283093746767482586829990151570727215359226420644009886432235132805663630073568045349931447379869848"
"-301/100","0.26207393997523887216216265890580751475342711258813393597345996553023738732405976252566030389448567635893081907830922831648660222365043674471973887245301336387527849160524674592392049187067225007142444113476407837477648224760782394664629562695209702754204000953816958599237596228113441"
"-3","0.26599814673669056119040475815400427010438881985264387264431411987920695275294939891347428090905041723723402504276252753214586885638508720255279837316089637234727739999752591186059898848482710691656992697483076106500014994072509973586954236266532858695418062129169704983289007018103615"
"-299/100","0.26987526855869870960559057047084346584183013711706918450867210383734615712943848113777093815640794244901364714000122274041190479073610103433221868368478545374808574887936011443894687276423511178012323513557612889456162482972433096382248316314367303971797473558803131568089564419442269"
"-149/50","0.27370369676009849545536530556436334442153534803541538353664377200087243245001910551059091268255042612548803149408824246676327816860922072235195275316770904405368408572680212203850546361290376645003509180808523715765312540331050893287925563197974808849667922612403886943719227372049847"
"-297/100","0.27748181393847095550883347085004450344102535473342170405986411412133002952785390574728002754771654577986636923216909266300743119984674890355519286601163172002410266510574882511132518541983720952651131128617035622029014312718093765745105720844985788737288627044758726167487722509731506"
"-74/25","0.28120799446027667039954766106659163039841158901714490854369447517947829823549437274564168649637130299420870651374994392012979170336066907330971634637431306080152475992364086087735750211683786953669066026198264493934158218340532701448541020650615230625870696946312292129081647716877723"
"-59/20","0.28488060496992959963986819233732411881100054544568481712931723371574363501833872117455577048998036409590242922586365666238259554882174214211305610283643275409299737403232554336784722584576053354899574882195920097574702848491077913124989878706509557486602129536475132273503136782943957"
"-147/50","0.28849800491772436133291958357660045662549306498571363753109287525487226464431183745281258162286043664470699683864423342940573619378582510104937163358538678943449968728913267072058009573835640820055281577143491910808603938107194774545798514138069851357169425156295719965704234627090164"
"-293/100","0.29205854710649304414406298482785041377651210647181032423035693114764381591624612188694413299189056425995850032036312434637210975677610147814146418952127102327196099759661791751085034101442806573800795615886848361701221154066998382835184483848804664896694994182350158035337509250574029"
"-73/25","0.29556057825682959121728666287903485268074342013535895221977642677194772726352991491238666711387730477948059639743166609231068628693569894551543362999024604132903614636028632333347106576598379665923074688549365737383046713516174637573059438081197726450621520665304011339122289417848489"
"-291/100","0.29900243959068099336311134000556376654951225225429245086178617445198024574131872796019126187503385828796573552951100569929878390248535652794207868697483767804336471616526519914355051156625121646470317692516314187621135920034849672197646860703278463136881229121399987391226291731398145"
"-29/10","0.30238246743306506481938425981830731460662322350385973808475363917499932461106587815619929932058275638060067458681493960754238011173319537199776742823889367801512699909332014742994663611155327291380928692790917744871728024569111218667640841400184516680051169336420764681748604021846325"
"-289/100","0.30569899383163454865806095838657338367365527511484739884828145047663235398254655947170692359603359675733622417450071859977638151829029471529124931029229143979224764449114347455564369959605116040115198149559648035045075328239168031269919674708896891108404506474443359212303693445567977"
"-72/25","0.30895034719376681651671990145174151668097799900487082955765957658629653505932923558809606240797809877377262673943034693838744541651276586191218777669590587345898273158784420773259231565577564867533207290432298157003562779646551927974316875079570319316451130592963988133073739417857058"
"-287/100","0.31213485294081760127309928509866120622878146955881058605124740974536586073470436019471318605458548093385694288828525798877083033012433571486260754934959848672445429549064675419049383752005734238569756990936817539716521150736186281524307892629434421280689516369353078283345825870729504"
"-143/50","0.31525083417913615036888776200831333174196083232964026452810079154896076679079795714235688356682315888905455343943866174924012419599964806240256700234602073599323798156684458080583345591027754078543967978612801576494789264419316134661345706137731498402229161045987046095620524326102683"
"-57/20","0.31829661238739803666699681020598455076570798789325251347788147815571769250826737518451461251043638209635314048356734102138440072762065339619922394614691970266679789415668700435177042493836038504451810790020230685443297517168413846965689088126270560075809618641174357904126454726282181"
"-71/25","0.32127050811977074383630705180277272607180434619903664856773360164375040422493904006241614748008971293979512028554106375153047727652624775014480346187355570036809839741476299690710625354292487419932098558288490740770681921049323937214165852674511246622228662850523857578606050390949227"
"-283/100","0.32417084172438619077372772929983435358560943539777992424443825366970183983581587251507771986449176319157617339805031585524486963971410668040683045836641082951707635748704006647045879502078129069279019713366343804622586010307591199514992484256247339422083582449492516908114014576389632"
"-141/50","0.32699593407655371629399990799172598463325236951524425049717424867616519219619813978120229232493748724291202988348920875139944204260158887081423293236935058041078834758404525745431883736539657775770594378844601686038822148313680600572710866210165481185917233044136182204917958839811131"
"-281/100","0.32974410732610685801679820449700614867702823127619531061978885456533084829329423547372264381701509764474935150550803617570898738247478775497048915487480322983029204747837882329699148863704802930902405491419593508283482112586126296627879720510079886161854859069023177277672272420654086"
"-14/5","0.33241368565823767941713597233155846142239020366904128102044405197501459882825409137458670352991767763558401756336250256187722977960479007213157628571246640505761605404314992056808575227885870343455600002847922961924996081450167452674785720558975262533261974919914019150512722836722846"
"-279/100","0.33500299606713358189197662786934694331811656274638141708120615680854591959227846391698518030743934426739205809775231174134705778172627304197205886321539079026239879766347308014688612210451443363504903315076104145953820336588619619995612138296266400843808160320911003846534475971120814"
"-139/50","0.33751036914169364363015090909558682548848212638965911412699305480535776057739105672008153961678564611763330467589356392810669409745398350059236605246199458522540924831693826582625829337597536279689815129342571341209851790711408809086198971817429194251179428643971767919999762049292629"
"-277/100","0.33993413986256471642516638709551907973551779176556448890745720659296349283604883975958067366576078056433148642563507844469758281654599529493997686882308797776389302385235513657926815489247437825754268081348206695397358329728475636334601963704393439608618256949163265775904329073678601"
"-69/25","0.34227264840970195033905259856051577546854220650934606667285921036288995799246474054875220081369626902902125402901102558318978236094776399359769595626407306717846686580676838207666638101976158332954212080178704847510968628700975415769080255154545428297009212004989993648402774964035411"
"-11/4","0.34452424097962427135103394581563711809125581312944296414956457361742201210406925550939098335815304397962996608224482978226598239447514279768358224999319757469710420158963960748010722306384099697153120826855741176997271843336917616311600822722447340838142069189634279144530205037871732"
"-137/50","0.34668727061150277727394041631878184257435277637323138143526255870874166048757021753347602061840623985157249841682991544090289698154809967485142721796837976722333352355272007622424964471945711380815406464047042162572031825674960669954787256000250161867304041992503667125546201393933425"
"-273/100","0.34876009802118921153556053083917736131083510998033134171356756794987250640149325734353017125313105478846979397992747727275005431333630042950298470967830805435425065246721640478773151377701032354948718331421632962798936929597184484501865956530629773678717127307710544139811123693379152"
"-68/25","0.35074109244226279223898923186322108862011786035590034375903604203519177715018128120309728549772498782598166806506927905114815073327480038755582876084205951264782748596789474045152576132675672592659824864327914563439096927103186504494958474833197403359993194048638617830288678482829184"
"-271/100","0.35262863247314688396200216614963433751135471407385697658495633949910436875965420397916909568407479887763067156753042755109753815705327519985245178338784917333773425680992317631965490509798273899454792815989369719908708351313039014040431488445183581924333993577033943776875174794434563"
"-27/10","0.35442110692932246941621700032422406574723854028526059109786805845836238859515375629911514732759095508135726149001257843929118263775791180104643613124452726347469631643628016155823484212841729140689722411020859410920759574660087066619981513750782673022123576504956276194832536033492018"
"-269/100","0.35611691569964327265652616833728377208571877232520639495174467270505102040300072042063817404495599555019922112936457270639451406049724471552823518107862163365781349478410297137793723546916318856058945763762311642466120107704358344507103001502280441153365443333799622696430009263050408"
"-67/25","0.35771447060573786744588752757971388001704817670226463593336440689327476407213884812364354410646599141754801271811035854832683970301324723097815574570444966259205264029707636135719522442078938293946415015251373334010297759601705963728348581574410681817444606443574952641272841456245234"
"-267/100","0.35921219626346733243797201566748138334726727459927380009307014962905133535204142722808494552189388495767970692651910703936587377610534485411598622630554653039772663066335224443360900964044759144941623718224278063268308863455361150896863447283559859337497122043581492073419351684771368"
"-133/50","0.36060853094539314341236985496147142251443377871109909445496607494221953846107857300794161114014966589485325534257289301963271579444632007834874867801534322689674676140699520681282148044705649916542620042831322115731816755733375796311388071807681985447108047934168003365603352636221658"
"-53/20","0.36190192744319917103807273856694375760863005354027708197063578338501567720737926873199532559580018799387335997157154987353276995157512883406135804845277005728544505067061283947122284254986125189939955908786967371521556606003646339737772149663202418937385301114783178696794736491650561"
"-66/25","0.36309085392900402369543517536694865345640275916636215491461216944581303638731894085063601634925993143816818153796235448200805490482690409550796602285005353122473290850368136606320828113778702919241705969645584514678328349757617954112642087547551153356528060906834032626038909041384927"
"-263/100","0.36417379481449567510398777952989429041144521309476401558255566700458471637680739523919822023046010398276510527536963407727928091704453693595234276708756313125382168134299477143381499607742896546857592029932689671223601010912735576162173426747931720363210137118692431806754475323378528"
"-131/50","0.36514925160681947466122356825060175618854905645314193796012608506193355089668456405732262011362098711927041139943436671567485716597444663431286301641464144935835413271069546866689166943340482768558934155955238621341324675361879738062111545166818802202457442023871999673289788064917698"
"-261/100","0.36601574376015337494164478729909669047891747454552593100350921737310524387164072643294571785270718537204864522808131760886688532957958748553335438978495393013284555340193934440340292738399867199674141145865822212303946782713466264234305795353502096688586838348164300638277439356954918"
"-13/5","0.36677180952191063710911344413906415911164528477214202960582399854298859556165896375494468235566750897237332287057485810077870404591628343153157370187681134510512876649874992183036441591631648300942105811840396333723826254700082954754235321479245576705609297621111761154844531296717326"
"-259/100","0.36741600677252049264388605084147495490427161160642947429340702948231571081757639476351838484606955715664830510320069884727592379582244021529118405519052571189080805072191216676563796062889301558247269401579214669052140691328777223958122230366769544504912261646982927924109299111873193"
"-129/50","0.36794691385775133988997318049674394846354091705143489959250726724858173752222322525253825021101381033261011431267813687007540774259983335876783498425304532560745782126979965336221551635103739831620561429104797376752804818912915469769324558435170107458410719374267733684992419629624576"
"-257/100","0.36836313041255911647574460528978605219186471715180598160787579351712379716345072940287766250340546244421231759718364000727523553896010671096653848124033768873452470978877644996168524328514408949279845290342098107870943516679650106072700725755952520352930086677646243466878234321516899"
"-64/25","0.3686632781754655819028476441226784257739618451215192073128961849334551600323433441946908202697461210037663299460527842833455033662251193680457783779502249139678184271792381708867411616787999507974766151771056373152619264400148919023563481909878673679209707651675801255877334011862091"
"-51/20","0.36884600179249742448521569562602508218499079892718696407788850206821214168871016847424276206327136985053567485677774444829133603492614460007227045981945066944515071681482017269896304511301066035375963119881830708008723395140150959814343247817076724945355331688487857968305476761868467"
"-127/50","0.36890996960974741648025675540689654662826062991060361068434521014406361383729451796184872529218222301775945439617036145487688082844450691709138824319602403205900689095498763481191104693867316070977728863474392678961105684020282331934605224770395741084567420493548780173733665010873202"
"-253/100","0.36885387445365331053051815574380721604271260604897882479766161466295170761237624910259175971457281838781242782596656030559243689990871032552145380189492158226563852022111875128210072179481820738240137898740936618712193171297450732674539303515177789017640361402933100093137909699525392"
"-63/25","0.36867643439812881557176325001417845346075946975494255661554499133818921360337548485488451157586454213800607505843611042369733747164294494978822658828771483913021828094452783280969433001497291388339151850578270128104381946311061037349230584621313176590168203877130213547138284779873372"
"-251/100","0.36837639351772381326067396919400131592739587394747368363731546752682849534822992832141038408040748801232610541132864984966924758775429768494917782622923597704465587209247095284777232146144906322563886935606608677513603675796761494623450641394242897228172875446711685636638243517646152"
"-5/2","0.36795252262603796449492673706470264397535231836417397857437799821571655365416249252852826424829887701690548842818434004592612251536958528825525873015584124713489795573449086518411132284971491031983650198975986384319246359938896672879928540035443580986300859260473740973532460939890427"
"-249/100","0.36740361999866298294373972310043418091810305507013653013419050608954594502518315709463277633708151352627953376610211906562644943599251831662043848281962268470491891518766305330981928221098089843543483705344790501257672465850706025858627032098746926223869044276974879343569498131674422"
"-62/25","0.36672851207998407716596212470795987209243044163049218925136140693282991990227770412954124171028856058534811437948257512293785674159666699676307468148267108813823492516422294068669859691145470878677267044551258683538727723747671265204578356486471740060156834327281625766757223614641476"
"-247/100","0.36592605417323032854893994348491382051098313378072177227137341983652956878289838491552267502651734141067577591647269461441830351359149064060189418273291435572384722304478395646387732107212049010506231876563040720711464284541431636713349592435046259656203135768735860059041898709247738"
"-123/50","0.36499513111322700781472879987130903186341778135289646260040175690936291770913008835367312245179931517961088694118681670932115537165510347451616015038867918961973380266518847828970020793067747753581993551584262889645628657428299250764102372101370228474979763004942747198068628445963638"
"-49/20","0.36393465792136995229723899246459957602165083923423195263878874711082058622259435980985693221586874954116165409128776821220237137952601050231053154161693071623462906783848821939057224675234637341954656329871665165501638919348792802954886489851791318390811146364714413473494214665824102"
"-61/25","0.36274358044241302902694054249154694936545148041829112877223951594172328554766040508569485984707792208334698019316417873118429166119644438837739930094019802085398608124956163440871580988395221903593447832511435797763620219253825279460661447704333219206724526738786401008476881580001747"
"-243/100","0.36142087596273427983467561155595237882635978243917870467724916292080748239157383145032291384288652204720022620614938017659436348260269710068780099408805892079914413784904907407664587326803493101200768350724549919921603419654705089412082602710142508078141494479302922656153254912603694"
"-121/50","0.35996555380982445495678371931923097439843558146308944342277829749222307005431332845334967453583203209276086647692549337554824618725477840675401523063993765510709816453618897822563303570018298018876815180298251982826114504194514441011732230756772956750724433926378181033917265804168916"
"-241/100","0.35837665593282314785127730759604834718284859698195993699823283807373715654510003285991734621527474683967902474364452573973640400728490100340910019394660853802907766569356131526294563331063174394474925600117531779675558800403958920921591878214574304452475760457645993903572247130445183"
"-12/5","0.35665325746401248946891049744374505162025783279098485150967506918647585389827106266292939137529506460211981772530198697477454838521816290240324589635020158602186180345219410743019607306326673527240647562445282819525253289534616557758164526407996489925069062752634687105860416887796601"
"-239/100","0.35479446726126617534190629579362832202883599606431031991771592958840058411139431610133309811086626653579157470294532894592412483440823449218142369479246101776696474513269659284226958744103258816733460144455188587843828564234831951819458017633843654279041797310155497821926699814680648"
"-119/50","0.3527994284315423012583793364266953261597968371178602488107348792211187156617641071973950349173789929407351358619963650578498885265177255515353648265202038618076258174063009920415776980601724923206960809843775616663315795672504324458474721533631837347636101539913731288573733202551634"
"-237/100","0.35066731883560187865193298813174098720594396058996682579695371424141759318374629170743345167856735810193689022180441381632493623287357802700619735793641448734078490446112810367326668228014281339763231401537174687932952766871589167405111475328386785994532687036474093966368244315879407"
"-59/25","0.34839735157423078338183131088957443391948588536525181346472102394099896002803962846923784296259121331608490626057531307629601128093784470449496297553608100832383832978468350002304140237790869738711039045402593514755954247021306879424032226165557336407439630790529281060696510299903574"
"-47/20","0.34598877545634104472617896110085098486436510749046211233834025416369289445239676136393670568010122919469102719151320726922170863955430865002466727611199328141477109050866451988693346862364983545722162095641272164020153396215904552228035781847999677284786211062603809499317576295520063"
"-117/50","0.34344087544942757842705071798471002221631591177658740564160868220458776962512343514937525715928371452404904943900642427740972792061888874326714028807793817031562417179252052523202466447979098429672665207786811744374076352696001648990230101581286256064529927311322236594129137938031424"
"-233/100","0.34075297311295847232310652424288200557455112526499764821486260822028782290568624564473817601457765682723334738674123263789908752722650755564635636038625107309168868887005494767693746066213067433790686869213486390843575915279585898599070329725189201605586108282615817173935074905185548"
"-58/25","0.33792442701538050054550291177815101059824122211142318946090293917360555186785553214551545717951084327724697719240069679636582992805071391244579057558444428711753949394528381857447893912165949808532365077427898848179833331733181472009358354172408858134454718875978536070805047565035473"
"-231/100","0.33495463313552641947721950077810834041591300488790678839931514495310697693088224991548593006562110925959518542793174393725331675969152099099660353318544090977699728819490997465615808818828141297791298934338274640630280007891303964038344129788353176665921170463313884175421682159449137"
"-23/10","0.33184302524931652543070012676679456731844109845882785607366933346521657211561492536939094464143810591600500752606604395442032792330470071769960463119144648884620100635931381264834876607390805705986955099764605042963978301961749692683837324720629756517698072760474443557282094301837977"
"-229/100","0.32858907530275366346370017033673128943749459357211335351692534709100679152774415229376794683203306238330222134831504011382353782620598320401787582076312809368759109921771307239825280740256387090444513975994440087951611727543917763999784177586618957222882910858335758865680816517401644"
"-57/25","0.3251922937723180962587348720900977194975175645334915107212162414304468420414480741316151844213400874015720994682803408064492890859217664362302987580050415449731016318060169046735878404090563021247540925292628231309420531871422241029580935841783070575357169816821639502974418713911542"
"-227/100","0.32165223001397609371781971342004545641157670847500533913886549588583988567868040454247747322340134886050181980897696646499104600747337897952729408770987558347352077188313846119476180537461080388670846636579056484294613073177490750485315521623406129050974965535469898347376132226959314"
"-113/50","0.31796847260212350557522263661742996053593710826263762980044926963187068044337892146215250947272643673354695030399191280838567699769322136254350771573877199783005287105557929988727607589412188561309366740051783838335755867701744781010405134237585945295924486144599177490725217757201002"
"-9/4","0.31414064965989264477440870005922882925779385168478722668701691571047404494952590180133616018558901964763454043829683445361126856772003192326407919123034372687515135882400906479072641836807855095839928117001057566383021468235835687117977310259174439175218601509370525799175579328094937"
"-56/25","0.31016842918235724922156133259165347449874566232432291469773084758373951849728524772689400668306949616298147752744161189089611747204723796903892562695361548499218398280737466947845745064955665266564517430337349639125018468313274034947116402483750095512584782394671904400995857028331045"
"-223/100","0.30605151935427581176007496018476359501947478945987821470908363930268615019290806070507225686650565578601068826056316072788294571760274385195129049380383482393348377468662198457635959596631877830715409927079976704236458387212381634128683043957902882573440330940929144992127770981176549"
"-111/50","0.30178966886411787855833211732664509036336459698874455698897206736747593218282335869156479284801630395274225576694932276824064534432223077686587387985086022839701709189982329794760201429779909367716272178925257912787133556062678057750929316289417699824143485863186516070959835104434676"
"-221/100","0.29738266721622071855569213339019689805431477766273756591750347977964482386050331786938353351099511379150451685184769378844795651804287768556801894663236153787148786993587708807538177790269561038175184138811781235626757483592178614606812458692591735156218911021889048696168337707679951"
"-11/5","0.2928303450430247637591088189930069780842960932452301329395174895850717133443508453249329557439152657438146481236178567920124930271742688849420475421687403024138645080133235180837501046770725977322495833279045238903069175539625633510071446294662408251746358241733700114933142208362551"
"-219/100","0.28813257441943511350471782065171323722440885376157766242720247092687837746968216032887321119127165034592832419038293937420894865477407120670178333773005382004674859893287818899659110334825757402761432927694057885224725873743299431878969557268227083143985203853894969725859232664294425"
"-109/50","0.28328926918145288587211892505624496329378052215826707229385114576108422755277914047017819407169444414160105924742580653460123724756241562745559969040208065682080010246741005305775640008775648504272103120723727214628850459990279791025884961721084062113947427045577185108223353394619194"
"-217/100","0.27830038525131398606215904504116148542000522259767731674347989240981803451937276436816617435694593317702299593245767422455379093956326809915232945552510293476635469204157540157916353026354152700814252218420412906882595010686743608860650149061809745985510695910229955752155883524035828"
"-54/25","0.27316592097146364377690071798879582074421663584401411283458593736446703710783440781290887704134576948363140778034488163885347727457502095839343384386065357543235894229581347621658312893460824262195946435920439783222275233536697562957247571539119300191343711326032266981560969097017839"
"-43/20","0.26788591744978254772983174449052528024804096368887671013832918284273337138152119851660857654338371397179650013564457003883729694059439057521480613459327942393526547355632216786780349715821807088746698311897350970678513126011936985144871718741602434042253223024502875690473878677950087"
"-107/50","0.26246045891856427267534785435105623656090649633197285627588708676248247419434531409740665159940393669697587544827190043570971828666414747515443289761313024614433138598172972572205301335566218616549287510932981575463726322975154887654716122269236325408412725772824116776135858406330536"
"-213/100","0.25688967310982364890064093182704728340838450264855798881530409964770472340037995007478325861458285924811144834566308682935562487834932090365635845875745209776768524052634178382719359408451041564026735561231927022971271349285189916600654085934244526900277390285783163465777247574256153"
"-53/25","0.25117373164959146056753779196213345442295648716700966179123254368463235612035819642237698209322375381774324693611617651628605690534551263992355774025427277261586524773498988597427949034403346044516579176218837418615184356979193239237452835472228346539121069658169359748561169163462803"
"-211/100","0.24531285047392207027125283187552255780530526681673673122116438600922814145229914041173350906685211888890607981788619920790423611016923376479899947773140670164456350305319321398920429422991022250453490822618251087156845968073665022400872419320453693803357712890213437831476250963746414"
"-21/10","0.23930729026940694287162852251230376816353779959663587404730071293776393588354205531668043821543451348635056184769558123034355616252683792648510353675243609434922619610999225034695421925617692650389986124589754601971194076249919725412166942091819931751857802990385540896807114654530015"
"-209/100","0.23315735694104826915003390680538956987212203365460592432279695650567300401876319727238450930629236905520819768943207136390640042508787797362896908574509272893634146156413382481738983527799774664455150194625241749108666001530060907763247577866442329233360336263223882152936627245284653"
"-52/25","0.22686340211040265249287959068180088646645280525564036943290041597511029706899711546385919158091573054314634725266230319768333059271202424286992878489817370270713369975845629385895453763025709431659308619390330839894996756803616665837264331075363062655687711617368139705231684659009949"
"-207/100","0.22042582364695479842619992244804450300954412875782737544644615639589818508479199654114936481331894162497315984092079120370699128344522015334525863440455936445923955767182988667922047614104718069215739422101612520125522034214652520885870000137390909787846619763112221525271544379145654"
"-103/50","0.2138450662357250109143407265391558845951741038459572558982863362892357976529507194675250084478162304852738421351663932039940057826319193155571934996978129689923046697668131868984753658865818934142770836997536656259481966975965520920549111053941686961074714406401135494010345401774965"
"-41/20","0.20712162198415171817139859664015089640908480803741929951200163872808958665629725406723077840648023269146336985701925999773091287444586742893037185805907148023737046035614517336138179624207022832802553298264354729275037631936481123988353452592805464010739366380789041002682596845703655"
"-51/25","0.2002560310713208844850537149862505999137389694823139288434598555674653611531145590273028256089107802386253470088532777752206714065345561898951753505278586054941891133884683330692967393306794015469124355822404658972087938235746089697152337653602791879673326669418306861036146428532133"
"-203/100","0.19324888244263766535445429989850071295389382207845803847572470384269456907025061464552847082006175295238993890212226027882136391174771584792399874430853165513796026830785881854043879009883554201551258616647788780695591110094815524274448056116419787640315487257523329947850217487537077"
"-101/50","0.1861008145530516742975745340586036844590258219799617126830401414313426412942784993981288028919853912358680149148828447643616112185096361303746629519003138623257196586585955629039340908338155429220311311234452234439508860542707883119280922130119334760614394615044157146072494661111893"
"-201/100","0.17881251616195538441361208571573620559402428268358764567914092722620213875684711727183152993826544383192382494146148659186410209428627298921901037472566363276903805251967637302888011197101021197183422847502854015247941637631910655589538158287239503117757633533603870826610256190317723"
"-2","0.171384727182875109128745694563763174642708697388672105024074089843916362785536242074352831913239823313991511206336603090967406960460393813420550995754043112336245652864098098132914943434496209180821376791407171686718837080437181850329756236947138563577998390268860406158202846492359"
"-199/100","0.16381823959106530648446154137048864114538159291407891056854142844979688541073581439656442121418701194391954273356016653603111444611958891864036702929932652902731226163468713345068093434792380947213043518162788497818692793897614003196538855438895338817438428198489631560967947935537032"
"-99/50","0.15611389839209923082149757032919188915248801618203476567300399869353859655897562127723245329185736269410894778195395165460533750097302256719014680352778250748344175685157162635560443464759891506828224103646644980968423963382789944349132429613334880097299098981794787451398027083513057"
"-197/100","0.14827260265452180548609445308017681745914203745840432597023864580880905761427362132802702623446777559042739229744466171155850305436067838915672454187485409274845423182937158528323672615725752460990052922504905159001672835119117911991117527178860733865275362548146588783792720607624308"
"-49/25","0.14029530660959359289281908581160062853624286210473357684851000075879642812308104384109153415303348917952214086071149550291861453525276950339020335534713914517486239301420005967845246448483248382699498015748373366716107484602012925028062087522130973541596090927997793510852958033833384"
"-39/20","0.1321830208211074734981068487328821699758422503786478941326106624273637354683862480168385614345696311817998918289245475870519992272922438872658157832545312019414805976248978669986828289489435111877193628684340402325548112633163200044932701158663498844792812779532729425487992224253129"
"-97/50","0.12393681342820170005062264629867292159031295520218222945312667872596909237239508128261233994207172301424748040416472587619463346910957404925017435498029816961913140148218395425614787790638965458579331789660464503658236120908516913983425318237549534514516212067697366810172061326821024"
"-193/100","0.11555781146402398475819638527737738215280764900450352037010824433275539999981077848628869148691870761826347273277452731354484610599240504316884604126582462542733015521690456005496218714456277611896760706175582322443749996516542399679208651898933754831440478454924236171874010236399591"
"-48/25","0.10704720225302089946197277690158528411106393929008868316651760858999530901941025394675209090291601085925099289164493305235934160649059753271334980791473328131401104358791597720316933081628961998319120120692882644402357372074431252984305127488992234348381292074159308920771395648724606"
"-191/100","0.09840623488953500298177556172308932587125231028859850187216831082109260871726682663058651495710707667201482131412483917276481977858306359503683063061070586897541485173815850978536294957550408059617225979917114863044838134706372188409528696448207938969159323588132019638149364810831739"
"-19/10","0.08963622180028907706806034992086681290839596427938550074771787734094931231294837824153931518744353513718269384232900577795682387418672208147724252572256798733983012789168839980115140904575108198781397048037022819116811175253795375346505548449477714559932866374331139273769402212491249"
"-189/100","0.08073854039322406054103062231127310739984826889497439126410239276938258929347573372025872250722527921855447274980074915224704598588976701851682139840864231490105629575347836740600380386939584265548559810791032258845722895033296492743683618010725932361884055522484350125550399561904562"
"-47/25","0.07171463479503897347822096508744505185332168352749280978050212462838991064373207523027456746347299974336433208613073013818312502606458679209108189762824733984416070291305384252260311071906044615701882695756595406960040108738200772310998452808346600918975191140769989703743881854743666"
"-187/100","0.06256601767966968584490815468177089439833577568650517736203829542515399606012503383631420311182629410231417711388771430472275124786807454088362740009282782694444833175312408250783801481198788514336409730640025933530064512532109886356898411888740668656502990271889003220904319785024819"
"-93/50","0.05329427218987696108523810350117150069550385176415721962977983101049651202768974600253474460875014429518288565596364023774070429436007641747262570588290109882990505890674750312311262183409721229756732878901667392470544715772496166323165372992885151941996957720269064743561169805858007"
"-37/20","0.04390105395422526424352600957574121674880226446671526306978223930281387185136776862574523731932021363425328810689655353067224272803952118203826350416695111132358246255758662790428174827735025759471175004853742961174335199576731518875884337239717456593566932758399639279482810211189819"
"-46/25","0.03438809320257092681583852894537199168839382661456366236812931201736027643866874213139579383521243917547120261186710450879257080426831690455568445576019121336382990604394699424936958960223559390983254794241570371852824381038003065852146990659449146895561944776330521626303514347581304"
"-183/100","0.02475719698768928674268990248022918146837797966541078386538754466625030287065711264872611674844115869124188271468732197483378343867538757695666631416003130123531057560899874679098147967803972146233906754183797150313436888143699463534530990542028632710957216380226130883293444175081178"
"-91/50","0.01501025155317326490222562343404079309555129049223418979320057783221288398014134232043465075664060326243338865517504266526879840827485996030836536567925782655376665913360888093490393893607150877046691754424823689523053972096491591447455806936893272894525103835079470211542860950012924"
"-181/100","0.00514922548926087586648925979918257121261878026428300951997789025881968237578352746164489030453858896303639228859560626832794453580919382886268468185563884530266418735085987294740566425919053623328570473024035543274399131530864631824030969894688334463282229857946203960647516130766118"
"-9/5","0.0048238363097394904158387701712723931074983897239943178932784898513629396699467290818894656963147500797378162422361138458145001107236865427809478432649054786869287494068747073956435781230270747579151501332550527595339020034703353637642663880534209844960758574065017354608474373056153"
"-179/100","0.01490678397289409374106557846298208640807406120747030029658906767627844900982265540652473897748313187199546888327566797349165088998957366959960351530455989854427889591369578078616557816224701361817843200716599639755140341141281686273394993038081285837056222955862799032064694809427057"
"-89/50","0.02509739687592130138860446247722586028430082941015473105705962869998822479346722590342239961016717786375448688435918016564235656204455313935534869578547710883548258049134816003559185303334754395074013084821745191093004630165633476823375885357729092582899511392208733681643264725890622"
"-177/100","0.03539335412642768656107380416541583010457243107365572679321828081206194317850877268695004383959904709906909984791869185340748327477707004089144439969834439482546091385051874637369365719286819514924710602991058838805214821858655609011463807680975882013498247815487866992280685534342994"
"-44/25","0.04579224069401400673576799465846481809641483607648267906966803318873000145292800761807259932555839519622877926425710148205391964463305986437749278069711865846159669476211819379703368139372885917254193231854942604617924450745512906338506436054208595282931607140688310705266728820921662"
"-7/4","0.0562915435456502987402263618666216367621951092838218756251582483232696135061105472778973756383601450310289354804423933774337292438066075351591986381060314627299633908612557030371169452229845353863097310937390729521823687752015906921431359472343879252426233491609309355160871291894789"
"-87/50","0.06688864847350433854808962474125379411850504002009243289809736510571781452204001820076036675613030435703571583828347555327013610842866856031752489474478285669431173599059620566336839305676126155530747808267169445832359602968600191541675367269812967921077900145884423668741237189304407"
"-173/100","0.07758083687762454014290637382812901975793417462081978870782330551449571518034493558186092613163886770562727045553840509008603816647738557118359207185448789082937229995552975630717025105983104521656201837150666339432479040985600601096683801638632503301960305983410683656040510397226894"
"-43/25","0.08836528246362875957600119678763973133556497178977012775249661991931916773135030848406247331883303872829285703257024253641699024321884032035805440982566184336154696440184741674505651326069936147569684004508878567000084119277939638598722435778950428541873178850271701535427043968940373"
"-171/100","0.09923904785147366532713084650433748866883004333476892142967339431275447162378172015345464004194917116511106191721580927483010248395681714321294028166119246399198810898225710325330299218088456501981061466398040912289663079610045004498853325902085173113150097539248710774650068049198231"
"-17/10","0.11019908109687255299512572609143514878721744871960901088755772573154346680350979806040227694046244428075921025378206071467848728710822540506048270687722079725951930072516687375609572667452449812089194181894440716959791877503590018787057797514726256805706215793387287017191886401455165"
"-169/100","0.12124221212851354324462420563165668009646403683714255936028892378531624284388418093249265580258275606560964616312909686304501086758474214862653694621328369676065676944938400185151100425685261579590486759978062715887404483524150643874262499091432112701937925466133289021729582568158775"
"-42/25","0.13236514910505414948951199602318321340057267162347976502357914468785075699783792346507789856129850696442879315208835605168265849776413399800702307334915421587001964126026291644712105657360433023859919837287412211838585698299332864756621564986223463877460787482647032265796520991331965"
"-167/100","0.14356447469651165837941706710845893280518311089831679343650245137780981591464738242289929896294719257717942051979537037894386673896054360034967835963152842551097910425776800260068217725372041251617160062825068306487033336825757890387242897407550650010558798002734238824243184844437308"
"-83/50","0.154836642295270447704542505166712162938714303249139346764276592668536599489502609750428622327597024914079938085763498407533357333789264321344429914394671747128076746892741270766975003156314467173553044406527936896873548517351813103473118547474869965583883769663115290518883222336985"
"-33/20","0.16617797216252683018091067650137658531349537071600535053219642795207737453641365101569894818711267981209120751402489277827540464306262622899440343334866531838343595871867633556180816390658049127325537994391023781745100973862979719163736764059859400711835108513551639307817232123340292"
"-41/25","0.17758464751660165929148269723400521802030845362976466187126049296388984494366153505088811983737267667456598689943466521577346978158537128369362094231648155727043790670678659710529698660023208948411579789373707663748686245215280265778017629279957421738529299364445565477671288657907245"
"-163/100","0.18905271057017448226084470654760698144605702362602123152881730849642447617984934885263793621997187937993089438766555234686074006737632028834017392143822157740683049167955654697885484706914144495435944098318656213467131217316231935729527300055000608596600785653675867296748106998536636"
"-81/50","0.2005780585241309730744645295933411248304554599018024398419859985961151985405116790878052411374265595184958410035436241247440474521592485969180582920908050578804432988015308992710924094948539751061210580218050385871679670635514163892079345807435473497381649319786459096316986699793828"
"-161/100","0.21215643952636680781256667808497443989434176561998334581024798749956692606257737751478354189911758162372554922418849061133773892474110741698352721640977163192795523187634404511306858459299519514270799827466073989560588197985123981835052588797073322567231026044427294816213407449952841"
"-8/5","0.22378344860455436897168610027630381992670578968215527775644207310125336289554785515471779906490719320542512376410153072904548453188120248397638933348585771118559762582745223671785647236956976362700740697560518261581495449191196387192327559093802775667804304982520677812659695533193104"
"-159/100","0.23545452358255147215774361252682933826071033506119269876029789843641580845952118549321923372888083131729336644335266383605040214082234982484108923587261169939209132537365972872191022098120582452118391064406980930483131453185880988380656983512101550859692912311890334550029609427555297"
"-79/50","0.24716494099081104962854363655992656529450755640190621736334234274902728227572254971429322138073662010464651911691552001735327922639413217774956861865424968562235391030339533416198255231062796860692563273572822720744950534562885242922819268014296944780002632799147071671723068167960548"
"-157/100","0.25890981198183434788394337663025259723258049050239213285322384065252606760350723471179005669247182239971132953266349097890304853635471085334290642618818257937684560421252533806393290242333865597993679443461043115812842291161042006529915933513422863940989772429769895711086247101972758"
"-39/25","0.27068407826239424838286363569173867681381132327248306406908030360125925361503650608011741122206258693054295773639576178733817138010873980379697784407525221076368869536785232186769891619214689795276402134600721541811699757871538424862193978874302116412947011849404180112758690221188244"
"-31/20","0.28248250805493594404791594628667475015130588863061911512889359594580750215924915439971395137268977159957391383995665813488205006731058951426741504254836837491041304966285762821477836107440587819353967163473740270386048893514667449435411145255350791589092988494665178810939137687788376"
"-77/50","0.29429969210123512801984044747925836413525482281857145340770992100623096098310196794591533016291906344572156624855303945330246757703463261639992927200621282093714465179413284357598301012762137989819894378551231893741001212574866970229204569607439506980812131560562885872514509366055"
"-153/100","0.3061300397220543801552090346279624934075138092325755892550375111087417060845587377546148552875414069510870093368401526695724270925575898992425856760806662156356163935429333256014743409284698679293882235271225708150962439777691295482563208439532211519264992215440367484411256260053185"
"-38/25","0.31796777494718144438648195808304169707800471221880625237198930654831697497201309546500820724182810883328020582027542466301570802649498084282639976977158788015874373593410355298566484676248759224297061478359056426808308484845904737874946165100082845269080174648194419665163533072408337"
"-151/100","0.32980693273085301237563249220256426959467176693430407657734148553705971803465662367393447090617683491350505323513045226040558147182623246914295990034198334483097668226846570033337931043172999182108174007219930474862027001430114011941454750801965092093131393851991125963046805259829339"
"-3/2","0.3416413552681584624526858035922351763306595793096009529082919488068368321416517826973775288756567041872241844745514675951955040379715726164489756630299640973378796525141260236769957567588087174489114458479978826534682300904978373998531528307136314241098538652965721191308414463880085"
"-149/100","0.35346468842857330650243123067993884608300152788739719523188523902409355476503433864559441096127184661542749229436222885040717263855752090758392758403370330255727454393454871591261357594964890420876869627166905018249777160337450985901713969612524618733688681064653272622686754363673434"
"-37/25","0.36527037832328499899541182921232218936250179093352404922733461776986968583710976266786486680232464503706069879718410808490043970986199372574819455460217936305896128712646463659913675968342177784070349301288197599734581385981710368658083023169324256015807481583044411933190266042909879"
"-147/100","0.37705166802343697034947267436367762237347664709823610643321230135788513249206463848526577595720583376907109344929300371647614292788169146583484750289939787171321244407415793366692348268602589176078550696378240530682689226309253360671976763374040480648590805249233810878821320754430182"
"-73/50","0.3888015944468225686499585845468666765175063786489904927034407345606609648125408871643879998685010901208374048664234370837601189099797031054845379115920926186088898408393502181934372592582774025435197010823552547385046580651518248213723390369484800533604475912982229956263825486291126"
"-29/20","0.40051298543090096017453304810625421176124351057117714406601349406346614994463392693027144377426721763224006233122559557812654542585116943289117773736210677372525112487298270798363352465912459758319956873670056930967779611845408289477788579144838255114346703946443468940409694949516519"
"-36/25","0.41217845701027353590187208248180688133529927604585019208316717092608947674670889705032361392422916573547077557756853200692523858771756839355568144882753204455115001056135579991813470873303689848884133221118617096485491724477903229151105831996823343018815340876317845058222246185112043"
"-143/100","0.42379041091694327836401086671975309332735573869626853080527606392059938910875440960797145676237542692729918872918148850958189622383862273055940705867403928768379081731922333551830938879359138261460965266779331050519278971976664064629623396112669156068849272260923677330040187915997029"
"-71/50","0.43534103232177188292334035165209920754875388511936597081533998816928351901848822342492623248592987707279163239911004288368809143065670994410509690145498313003091214060830808485823377281359834821215270305672468011411455072716980094507927074456086158327592651485240108455408110018603327"
"-141/100","0.4468222878355410200763890234594203724020047990182634707062390046929871289682480297793356247614230001983195258415027966143647603240714968724472110966813042073952180835396788590293072924211276384628622629618599277645360281630626201285894469265399030912079497579538359701213496250070644"
"-7/5","0.45822592378790565434556366564869981106440788179758089019649661691925297814075877940577520639000022535625246621556960686003101884835630089347399561371595278907586853954926836983191965797466974384702882554743178406868611793551369235080618556102705966471363673900320241779384000886894648"
"-139/100","0.46954346480228942224344519288380788847883300144857097424038527818723867598851940553142669032697920674163554137247064578295367812986655065066948578176129670009597539575529724997496115435936640618122917500830040145351877016671964325377773884071390616695767370795138899937656316614844977"
"-69/50","0.48076621268440536008863038837410686867370440564233491034237482388466103569481543390639359515770948059129245198750311545849359171219256877468678797882133718852056820004813050708944970121488212603627099073548990562322495476192185903571078014046944969749127715371546899534283965313535615"
"-137/100","0.49188524564158052094235645121861202086143706206027562710621353696482676875532109434220436883918093449732114552401884485220141195262984014963136804992225782309371033927580731055967884622900107152586565273675948434197927146944118804594082736030895888330209046160101533575578193477610897"
"-34/25","0.50289141784941120587565537897711053308891367922533385869249569555938883611598745078542587132491337977887440019502710285954092196642689544263624330617037283817251783920866519461893941253563968277216324279435606590492082608406317081906409579249777765570508798568786859084370018794395811"
"-27/20","0.51377535938146796610637034292108838759568983947637946217221118408542175018281778245573777831728792408783781117508152296694436830182999446602072765497157442978498366460311735602868880900263362533145064143035292693242587207874982875616512796817659759423010757560845978043478354078175869"
"-67/50","0.52452747651679796898327997478960673221075745706529139108109934766952103035514777136316453419119984714930778081316175681454644369485139061123307289989005178587503785690899011935869244952584905313342666188332713535566770781743565003691547396358699312179828849745055614176060097409489923"
"-133/100","0.53513795243882910318635424314663741714461397224200114654258459730426787379417169127941885743575077688595742250330016739665997699052527596603939384487210613239706887135636797496992563755302032759429926583790240781605989790494728671373292813235905886984973510749509707394447137004646267"
"-33/25","0.54559674833795838563068979952998973802559454830421853624510759838755153604304276695755822132594900680643576698760091123176423857063914445227689705361477274147429364330221336343207753268737716928494890093393769616392871709272509945795934229423773009163579211458463951670807330290762371"
"-131/100","0.55589360492860074435380861788529040543896175915931732349250374977061187436497411358917911322719877223919716112168779357565456960249641942197542981710563992080456823482011034269518135965593999857758087367563128351848601833175811045601858442006216898879063405139379395877181824528435433"
"-13/10","0.56601804438977801771115917603121599723662169368439880317397534653665356288001399655764636225076069925557247431035685526521195605753261732515466664514270651616678740972209357092549407948065584305755992227777249892543054034571939984685868168205680606533062298521798285882008467262866342"
"-129/100","0.57595937273643812192242366905093963510867231306344847826418371405379045908697460985473209046328866902770678484605012769224665478893317208126058407791584992728825280011101459819892647596434043175828978250248622882329208974406722071270194044807553984873885670220862783465346373866002469"
"-32/25","0.58570668262660820392525575996667172852268407955582424377256819985348383667055486733231540327630037204064912913370170421068080619350097117397751433776860431286484092714963519567071441537521861578794731005802585038160980511290289771141133386919395582738631493086922404933850293555472469"
"-127/100","0.59524885660720209263264564928241405079623278715152591379168572255931138795544070807849502252978342023216415165582583349565182861848452879763774294311358963778477037084589444034679589030532872935133998073843174320629878668830621191599931114600034336924120514806540031923666841164144872"
"-63/50","0.60457457079882198999536230882477512896809014741627600301320421713698180402154281258396197948281420044470701938149009343084099902848761139028967649411342831359160865643595700233775733224150171913517340507783997414130272808151712568466689394351527595571103310657237809925257012699072123"
"-5/4","0.613672299017219375668434910237955086097946431692631485435391710466588129605637876395227266444538542251904165913829418973705811814782477807799627586035626952605627694231927281142436375486889706608287398701270723929705869449983046423068192413360814744523442341076900021936775081637393"
"-31/25","0.62253031732621471972071354069754398814224613686909008795554050003053658101807504046778275854736842107170600130216118952090277175247510833933129212740894183462122030793448330140076753205169800448981245821765134057950994736984834193637445028379292149020772763751291007412300257181076567"
"-123/100","0.63113670901382603482871245433689551714616168776337983106540432756136309861033744946739043695165200346650220428303459996943132734321842958705010900436937315174019466464882155545005400581329053334257543510942741543133339202626629720072648197268864790621484095090503515114902883927500907"
"-61/50","0.63947936998013094434302601239483573238476432853215328928740077598161804612886939392710709546122231896012926808713799501705485142030905059399265644786222150327046697809978176427896121633437123388919751955847116891358664267194883969012382915944099466397442115259386117587635966253487833"
"-121/100","0.64754601452199645497721575997276332360532028289866482344793545451383215309289260762892329765599247299497739379788836543329055690227842004761854296810321675212052447522929532241587196732261667008547835506966275346449794192152816502865048025969543772596089734353018874696928791240154587"
"-6/5","0.65532418149626801652949658162453975198962032777685849298037574744552326616990530780668739694309728606017258009801390991419296639935171105524114040403412636566116153751790778007993676652434027597984052389332356852547756442758153416174438079979612191286047088171719022546432876028822523"
"-119/100","0.66280124083933016016951485010606783284198392860720420445370870430200105296016836760800609013614479160798971820083142887426908796480973805487029213982675677808907187863654773751926142230545192377998051789248671490243582679819287911382799799966985365762907950640394571612036848691939278"
"-59/50","0.66996440041715292840253140184260380862611085691443181341921106496607564225905423703525724495502482606855519225619225634701432565162541956959860383428490752419446444606846479119751566470411817347274283854099748549373154910951886269224346331032922529875213895604651367341932414800459205"
"-117/100","0.67680071317604182049399565032424268667560984962359465933102251865371630355277489452480557725370618850493609850617454197042074460956299749562019346241944695238392695558289524308768703047076942375681089123535289710301915337059784501655384786967179245786742535654527770821225951394868191"
"-29/25","0.68329708456033692205082061024278109566147508776292594943611009570636675871543699710159357806950780016352122263727003593910143779558459388462126246391192580034982242122522169091543511780597887009298942608306911887101935370289947992609480805894938518862463849934907080663734519526986855"
"-23/20","0.68944028015928453944381434574683697127306301030563716626754120821813785697606094208168467330069872847134642276435293919110419899667078152765080851660607374388671874146236923927232289637972987621399920906664272337314442266543952419670164627866854629952558777686272084446008785285972095"
"-57/50","0.6952169335412596474132285261661476132378953515811374216723323790679354212546682580515557692948987049496414900149019385371791657827127585457105222161736733302771731492782305455764465472945474321237248423195323528369787082729690516536429035962961931378083091171694350153391217255122722"
"-113/100","0.70061355422947966206360714446131636829900324500590883495345308713083556271367874329092049954996687236426309677479667569150688256241536340937780523090475958626418998187949114093495193214880929850112129839503670042566341602253279194615381710299678320612172096754376398252557727755199408"
"-28/25","0.70561653576935146807704170394665462337574792264892415590379024517263404971883755746842886678195104144791732004225004522676525631310378602171998211214958613916289444369630731703310624397110539917625871151212820104694977958273838678649064745569220711591471524494745613315562714176985104"
"-111/100","0.71021216383366820337360441460387603536196924686865662395635011737119057607723133440091050328235478761965271881825201399474988434031096756464997981788965736530999361172665051537745697787726739124697243415006882578868370949264048359719721958330184483226253955866208176783378926062423254"
"-11/10","0.71438662430805573219493939763052057515220843540113070721362304748902428417090627358753293042289498986657848430410270653629775444247079383096493174759458272376196457255478444923092740385601536470060586480632197363839424169466800003677964645711745216961068804600516014626405275297935768"
"-109/100","0.71812601129539823861317610056553870703467909452515254124025081643205370229307799710800845335213590605016042232178220203706029696772379295735439499864062251146881897301533335072994519457269361502575665597025020353974033090345682445206158921444581222164057062879673971161257895205033064"
"-27/25","0.72141633497448643956085711411871678936386959113753084433718254493169770407053983411640252763526155464135371757334610121131037993701566974414179544968064772204093315823382479589978467038293558261319491932961665164943088687114508050166389185407441696139909971531845622386671465092918647"
"-107/100","0.72424352924487004235408784827397228787633539306637831897364439441932885035817129597245111079662819693971196759961940074049814722241698480548117440273042990075643655385327540641422825024460718113746319683465506040143080762792317368996622100771390217972128515075203026245409582419638886"
"-53/50","0.726593459086898459452501190906062443822872702441224773208423201182566388483156446285488812049255894584133380303067137316298232100320181435078188037957303198157085058660251322663975396298374038679225437476577602260400508894345703843194837990982321022965750126857863777773638436280666"
"-21/20","0.72845192756324105600760917831079238029347506102849381261164312864245835115599238970338205992944895264094118201882254293493706731954698162406672683864532039779429450528560157574395189014563936500083428620983978122672284849338846360530873543888949356887082920592773015512034341158006292"
"-26/25","0.72980468238583106225564280054629512542504312563754103184954245590719841581064986234503539485357158823132541789574127687390047330155200119001424169966631526224178003588007424675454397458054872783010420380718259170872014257720716609428199650664217095440895296048934478708756397301739569"
"-103/100","0.73063742197021625610972366014624196164404878690081212929252473278275858283484972581581673152596552907099392634863740281957853250329126448719956768217378029442829667983867857467446786934480555813613380456687826358348306086006423530789457364814621722476887587814601233653375624316802364"
"-51/50","0.73093580089776464968824680032999486048275667370019191757589887288257713235212374509697004738671186178667678620176862362877594119598008970051273260187706856870267209538260866615894662126567565899745738105783405224082396376208778993018209547610477843349179546672634062994338721273838143"
"-101/100","0.73068543470510398219981187183944994457354752986381811287088702329534081129606255952741440464277951767458901310517356243889869206774071670918305773810694754562079945050428797739390713143365078703039517298660584954802066740559159269013340317224971020614687601574413053387436135288768754"
"-1","0.72987190391960812525419585727942707010419476659259497943846200272976626549681742493642130208009465134502332089879631050563786607279926206947502426217600640515767246601213295437838112447414594306615110650830555636660978620831759267925847309347386155260162106891356005772705922295733104"
"-99/100","0.72848075725971865301253524096869979284218548014090938472944591033285756749822164741302569872066529829248182118644781168642339528587102360741992847448309399184529217302732168215120746318787717811301922585678132036173353778515849902948775757636005741468669206564356911175673926736018563"
"-49/50","0.72649751391944159485292916020573751008922128938049155960123114866885902981921310121478531384424838684331033637366152750549113906540499374558800713014670107682074285484297620441127391730980130218806976060063833641243069312614327566566712278610053231555547390605590795251998048441810558"
"-97/100","0.72390766485752213532682347450939919380376129173638980599302937978295224995155374006101850134280806631986338448254978357484902055876067430557134265226042478109309843758609987572185223693537333820058262349702047602164307516889125356928513747452339482219251718408643192210378241404349996"
"-24/25","0.72069667301360669671505418152154653931116074234067408205161321466456154320743996199005065335331580988126075072375991964916310184821002134419460601746741975056773052631955342259184337983126190861063146031211964335984719176226064500411767649816672297641307609084819104170399010655793672"
"-19/20","0.71684997237618403046242110851244442989652084796528206510710145800310235485578075154398869031035654840570221118321319747783308837059815414049296004388316385801717311262041162875408662082998627200455362859245920245008979702035995250979115218042941107589709988666882788986423167580930563"
"-47/50","0.71235296583028507971318878473334724388412830943693804271353513848393293758147066689332176161665156500031571926414727356029739191145792919426782881576648173126341531624666885022172801181494946379175061409837723875949624201893512459669477028384759292592077983279751527123192090374794284"
"-93/100","0.707191021716844985940443661413943776270929991916798541570115528605007462472952803008605679763871709653331552151029593741316462768354336090701058541793083391461672966372715746114360912454140293695997013728737371052884349555658986060376450173790334059978385084623567896307597711393465"
"-23/25","0.70134946904031872650042125924554409611807496037396229919103646005727678308151864499933017654356470600858292285884781038045370012492629355629772913990278923423924242729897689040525054610350493118292535698068200709172378688622163198738456425563774032008698227207303286733437632724192631"
"-91/100","0.69481359126662353071208092368510852187173439931685066187280113390799553201859870304371679053159364218966768660940707095570077473542394329160311233486370638214095840155027584811251817025265344768668904482518957382375330843525357063595286675635218724987690582658312472843379319528813188"
"-9/10","0.68756861865978613860892462378219635790235276237397266977177912091019165634654691656708164254090721946778928514891002605960551723905568546748098745508498202802269563670149707239176743402707904737564844552823039784736407058691735054570738221494180848434022983122649085971360021367229613"
"-89/100","0.67959971911283230105379944997915511751540016319319990395891596193969316239431362679362751882736948990210049296461520526591844140131989717180704983972745630527656341968872784299289327151062660570317457296665865038514000721408407478266673457576454953835025880134069993275159413584537284"
"-22/25","0.67089198743650322117603202315107230904093436279474928413517789193685810033827719681773497242858006935315072212826167563175466560942600744766683821690776266953062883479413633222159743502165807993089499574615289331171793924429884606656539218166516885703789520724949856891309394545806344"
"-87/100","0.66143043307835592260767620203106482721343725326021938162880309073032216022913205858824573471155688484715881055662491829707681387984370006281130438212149149516463948807989861260049950262897944375706043211962952384127606659646606443641547992037201937872385527468011422554164803226017419"
"-43/50","0.65119996625474352049866837779777905828275124740750751032629786360466547251967722198291645933820103111701671156491557159117928957941243168509283773640932471286558733657555426864600925891573477090060786833478323007848251686124103846759072389039024928331208610871164512949476216144692847"
"-17/20","0.6401853824891248786983619017105863349901192638032380794828711603033359345168313146146595717474132973187314978048380202460035938914836482769976360029886557566290878426469247356051939207192718686342163432433496300916128447975334905537355994804940929523698457869718092090071412517035046"
"-21/25","0.62837134556217660516185732317871133619915223240048576388427325194615130370782183937045950049656785119770897563278508291469765967480773747001137660205871037307411713382045515397094827121482306121954490429271534803992493724925570228765308242138207472583487616203825084714295716090966751"
"-83/100","0.61574236889233853679933068020719993200824046218418658088286123241604739617810875637461616617562632405480811351685875503888996523165269697457239166233749639245074347046802548926003663231516903731081522433570629428335072854606961317496361911808678445782954170468526284754888935349702213"
"-41/50","0.60228279537979272814943444491258565591570775455935736528215860517532932516169181627193067978719210840011014384122024879699913217514313186524999167162718064428614358686901143934641821610354197806417602739500556788310805849744441482534630087602616031040460924891069303829983105832700868"
"-81/100","0.58797677576254456313821491314251851862902183044483081786418317650345835339822795220187164120482990557441373838525046554617285145950641191019722500535448532068331914637076310833903201099135836864839043298352992062123503197768124202103886308721557177826562044407666018692238434213455144"
"-4/5","0.57280824555034728890950935983450112883261376358031507581402374082838739132941014689992892738211470783963805800363582072615271412401069497848668349843205888143516677928660342826081222588259143058849755707922929307652182534011786005649734310301088773625146939811294534773739873504333223"
"-79/100","0.55676090062080984399211088082078320866355262179900554165634679635621630248023243030001740379029550420127509572199591671571553560126363717464266955468647551717928882269472875937702923414660865223446103279268987953777146783526771227357764607532379374087031034121879837968559906271906623"
"-39/50","0.53981817158229395723695606202255205983427444962191718272033620791388987744023861979963726227974894217061339147399951624858088009632287450330981913632403124478978003634133723251398860327853747555624626886930902221460393300072520713154439506772831083776692159876535490451170458601631985"
"-77/100","0.52196319703030400029111830391185103814594569200076698207805331238474172501800670497522786582588375748051053332109890202912455570750488658377235082953976699106665460290298382268187564346842506390583129770292154757978837819554496967262828606231598253069751657152468363667677401561015251"
"-19/25","0.50317879584819056174719717657505243801284664289883175203072221527187588746479739615097558398186612308905236176026963129164578540955630070067344717159912773501625285979348633155850158399558147276343614546728658584239106699214782259158565621645495199717122026771478812588361740804853392"
"-3/4","0.48344743872934195376742422911357972951428039050114260476584661908941676642843456089838229851801030212574051717564194495364908609353298091768895300437005125740382242359404970182654124652605110556100496580192318707881052750791290221573480338238412366866559500534268586873811272245805244"
"-37/50","0.4627512191268723223702655832826310456343937902638623813298828461800319694193324132807243946813707679394763155790261773622070986311523227456926425966118686965759974423590710672806497408629612680731986103044782434802540204022686997989358736225747685585649447533843717697902519305667498"
"-73/100","0.4410718238684082734859411168296977908451770501013494318757219419311696758656695138384929496566830848427860340909903663107345744016752720836120786555088445953207366086342112331434256562104675926426484311614163790662528541221336075859660257866668811522665800495420779756783402788719398"
"-18/25","0.41839050370823992397790117403808144412861639487463238526899134487445421985393451825757312493635405705269009525884946089403325057975596386614100444164856215453124888891639779545542905701236554422447844072676226329877882331826694228131716549218584725092235741480467929281266318928093404"
"-71/100","0.39468804412718558761692578358890320124636852174266794511741476900968174318799608040314006243224119595238263603944316012858158735004620052273274391394922266737584022779490757418270171155750111038469876638652808946890037804509080223425569425669691546462588812514780038703111925315078654"
"-7/10","0.36994473673240903413316597314320958883870479308598909380089776642385250327509381310030405626102264684736883618809452797673707455273620189057492089539258363325683195535287040765339071260728048501644058926476823366945081171559233564964798116130839707138209339811383598664777313820995985"
"-69/100","0.34414035165555208611086116943165453815786076004621414475870548643545317081496973661448315756633520461815704238852036834897423233600922611930066358695727810291607603549057300464767228246167519436588114666035742095823550504571374865858044089636998767542195953165868982303846760659510272"
"-17/25","0.31725411139837389760147172454556284443968787243603503690792051829910608896021387874220185929408904101390589702318838882760681988583656139842246897696783753412970189132301418409476563144005472872627407992626164570979831903681483752843564570411456447902618499048986850851133766702415872"
"-67/100","0.28926466663113975226954537901434572850214977903507303753748215308146610823852987172908983558803295222346367506438823768087997181762416879333175537080000164385161095917707585509732676818422306784268055231976849841120415323818133699929076607380110765886502968166846021633387555274259677"
"-33/50","0.26015007451085413027257010251165116797214304671741559051800299472876542224352790115255769706450114509059545048640187839828343530347082163190892255674813989463075237061404967410013639207369745359143828631124655778547561564405956062155807001444520119302583012362139708953321569356918105"
"-13/20","0.22988778015475873604502521911048404589955371693713824004679014938984722377588939522897922746777459789863067382299916994148779462639878612482731705330003537245079997143733677141303723981519370940669093411958542436203608769415695400820809392542148180459457620573412650452429872409571622"
"-16/25","0.19845460198021333748390096348450432926501930000434113118861546287015553276319869493404878724676444437572224643078126708582742481974387693943059936196271122176412302630537947854664036197884611213867795374491583712125202838683488156764399994406853026159626956099910552226459056220682922"
"-63/100","0.16582672170676632883806712768863097562754005037356374144582696293858836508667717147471082837517766894964490982526870765540432290335083971187964094554300506424585912215504996288574733339143517959928841467020591005777701964983905733756237602939567088874343714389233102064595264736562573"
"-31/50","0.13197967991458033509113166975079088949428438000337629402794169028900438017415113745481294479063488987287810164459566463670035123319145879854557653215235965530203535336472105139055100727281331666166015269551475941547999599221200646020107072450531783069473414478288398682197348275268252"
"-61/100","0.09688837818722850753418857475880885417194140280815195482095354344978795931897775387996168006005807722764260297476513464128413640928280376166346027974140203733182691482874288643694848226951757684048844503066979223247544760150035259285899088656814486996780601861085781534089855799624211"
"-3/5","0.06052708920451214611806374823288984598843362096560336168987160287940144531618850754368411818309351405415641670655453357315086903674989174929741682318835737541578233942364581560809925904531492018783528133520421142080216263464762605307882032714013103098612980889586212804008152350322043"
"-59/100","0.02286947998237275898877417185662938695479293788228383245000856746330514663682831825677650924187408629583870042510349511966092295429321206010048957150859741856683097254538028889843943230896630620639068663913339249575434779707203865806962028760684853983561833292169258987535762219862429"
"-29/50","0.01611142436047504618272982318507320688004477371388754200253083804684428961451715392982938890355239004300593056190129740561482046470353458419613860520398477490211961922103791762535883976165539859080334351219520006943474554619418458742813603868783220225747890073370450881927909009164385"
"-57/100","0.05644298890884376296349107828552069230510175794234641360715811053900369618836643534466595611446012670276256031205981888040208882778739044366738007839195566445527570359957806231579015889104439815488300326830914942093745188157167738276101521308804491207730730762243642978843365121796955"
"-14/25","0.09815323045794916763356397864696158112955402248668336702253360207871142880971327077392642119439834958266186401933779293750739447954815838003971432417911335748562282833508276034465900903863471250908729416451273291203636775415534948673580239376240237480754797541580215899843183174608727"
"-11/20","0.14127050941987975852370284359178272626610003458748582229698026390709752093073353891916065594336797826843834608367501260265639263058076188923150895423508566874669253501860367905089390716710075684541123257072018480565141737287082464868610456564136255306454421706246795677602290278250828"
"-27/50","0.18582353053545415467484557186252972955152850979770907799642630639885461547581313586516316642202234096305441253858000637146784378615045229828312575234156274646017498757439542470250118626510526384482903546667969181059380214968835251144489653641032950808722513131770093259540830529012063"
"-53/100","0.23184122856728195279968402593858924509485704354543918013284194358036148026715652436760420487593968133183249922339479774737085707617832383191289382662508800279337245429725030177028310084597392790147897118835698535715924247447929446912064095497927443809595726413314733073539056237919069"
"-13/25","0.27935264129449310289711898021627267245075174018486090796171559083537009424719375813015984538573220615619218463503188634843518275278811042885505917210357591366628536101908530925280031955742285964443295596670134526590703774721990309353680465321210120327755135897929530772612982516248193"
"-51/100","0.3283867589191568221477827109236467800036962281667980201645763856906409892893504474534924489569397420705721402897787300898748121672852604472482168115077813810223657184806695269791928353709183617745762517303557186847516796837886161110910180416642115059806588122454823219899389477920659"
"-1/2","0.37897234672994707735140465449681734067790550564211721514167276594072154818658119574110198451887936693429844564116060174611133958082861646374579149982461774417501044319585235544750731457974357630113044762547534172399184373551302904198250841241472340529589018294468172125906808495972271"
"-49/100","0.43113773800792885975538679207318837752041077503357727199004578130935540558449538122335020381879504560766456515990045546960956319192514136053702807434887700622314339014376520286109863423251050165100913906362859481627998243247882080662290176256747023089848553975838999960482934825396037"
"-12/25","0.48491059400333191777549207626124239066556552393064854779292897675644504631887676329904211638869231031692234726956849742637097047105035739295170428641810961159623873963569945157096702968339001000907250557328339550248918717422511478441498171930117087944764363330335185852211559933371106"
"-47/100","0.54031762762840387084804906801647313363183252083172535499428860796848947594947988075326727362339795063053404052706520747458610906481491279161056603221853157088862688001224608041046789912455727037626708575860866233506624400562927069243257463990670715583584663927920502490151230441114407"
"-23/50","0.59738428733708143217274796173129700020877851746971440141542669392313007921970473013463931347015913406852868670698110116939540229450149621027952986003206613681570789766236686986663835441663225825846731437251870815123361944533282859886155035314496764673972122443810586260912923969437258"
"-9/20","0.65613439751195577848874218925828907470909158259197183656521715864658490397162280325392904327225545623088489662340247342229890913674908088458527282354169086528918614564624879167653404804736625242949173525571119751533037711440832321583701932192042051532653835062089076255850431847578837"
"-11/25","0.71658975156557514310528833623517703222316430510757576428056448305410762132670107307052343842970899836864592971969097970277200046719718023434807319218295019355793806693194950982740666434646339278102617277263756854312459826124475169387178441100146516044441080954026950454499761840716758"
"-43/100","0.77876965390080876275673423659893478941852672194426815798427874451781460848529611566513433765996049560174719119706688257901524953921114258703347146504791501696702715701546604407622270346311381176752225584828178364417412179384743340099935582850504666345689978549936556880094286895218381"
"-21/50","0.84269040688058035601729707280224570884488535227971647767413575632712833242701424616984829855504451370494511471700579449724373508210839357973334446903025931652468093737483671378193526676301104518728927600068270458969266794951093839475808237244916605825087291283830953200652695983306636"
"-41/100","0.90836473905050902674639809877515811295674566990555928352741847230070780300460769581862294452471680448983474576986206739445765321938286808593090427549418125487816159221202433817441712122532083625726193992847484161108876639139952944645395824890604088824784298225356583581642661372302517"
"-2/5","0.97580117106185574101171358668729229369635477184090909059752017045183937813821364047680508400613991002010346923679466125912108886297622996988311190794423550398207247232274664959181446029296157485337661569652404388568514054172216812678831770375690381547594526492167577401589629127718855"
"-39/100","1.04500331608307172311369613346825329894124709341463071165532131749859983202389766130653710562152469995325317512944723240638316082900797325961720675249100636834801571800846482760461645486265701167841072018352081081968187281292267065334009739047247271804428703435767660867971838811676098"
"-19/50","1.11596911199606336008157450108124096336538749592401433703944201552317123356050599430452503995964736472611404417549379913546568775041315098486583456930706891344898594642272601637945936928433795670737546491021378282433575099872140930289990088051034517161440503838135302385939768882446736"
"-37/100","1.18868998338126026085116849348039107803965699068834189089508438677762312327090605038735665547275654584031287597896190866838979065838202869533914432309485514646741900094871275858355907647115619338629420677398226811418265975423474335165519687670216493182516299505435398815152801871506456"
"-9/25","1.26314993223992233054513195996421924802590287765797636971737593341147801618354262679792366916815342599172587832640607452508505939677911796333804028617689698389524341757843051696928017264897762335377791611087830406979692339552637194091012719738406988942827768563896483594181008558820948"
"-7/20","1.33932455762138195572040057391756781431259920633942190642173797242948306231785748615517725496277438833563809311563831503767462571620570072835322171861961797377316309158036067403105317055893232535035327394133065081676138612597253627778696012664390504974583451382618184409871582464715741"
"-17/50","1.41718000585684663238166684974934881510363259987300238056459802681712075749325520278196316281186383553924100707461185250923739131821624556987890568909788289859410632144294610067020135533136383971883962160591072963447667668858478998735700510318001090028091885223038329759692197902312014"
"-33/100","1.49667185498937380644850230272550275369981097478820226761167911096492106780969600344693122576857193279522423008774945293240000834864907419148473991023768201509536887316895919796883440490873876912220243681914009969486015694622707657167938459168063393335739028172970931358973232726727193"
"-8/25","1.57774393926848527260057188809655623460022585238867825145942117572759794171074375479229866791537442434750057591178609108301928130678587722102067854532705212223867381089902895070669492598175072737485102600864051048288000774409038518720331640761811107427285731675287144962994906677873898"
"-31/100","1.66032712227892757659751536032321446861625661542032663723373560995497438519738421448622531209567951916967486846587744088893556558390538677668678364267218221996636662110551315310559416883101058679481688283058642553075966148009775628117504391469097418825990218864478900684548892846773659"
"-3/10","1.74433803041840072210649715337612753967965578333762308569333922226418547923719623578711004609179907908234758360279659337688021267870035385537689678274755415474048892132157289982470784583007646534168184879787738601238549914201080489019192946762211532237720764251071890072449186550240698"
"-29/100","1.82967776203695996375265806317133585156299198161191548735437850167118678015037129820796956098477244119536971836045423144647198916778210266275311844803653994344097506991355067230736552784998426526304355720976584908230292274924130691056082662615576687461788140520033205916365020896207109"
"-7/25","1.91623059159028694665386978864932133496140089030131628999228805969496670905903986730666947875799947421884078838762819119324543969861132558102335717327153762782315134774842962486982830707921546825891999755054978134637283999297527238031396507425252582727005041370503324797411882521818558"
"-27/100","2.00386269260369263477522692855542271625081481986714701675230456758911549667199044522536458284309562433360398328980194013845502766655662545638201742294771502880413133623400594755803976845217879959244164780812215196473837477843404054295165615636446753565501867851711575323455546152590046"
"-13/50","2.09242090802481902761268819506255677199801634546877066073401427888351096581073269068415124578532932390616413467830264206761949788603700810688797283931412009005720510851265491723768313763188846888846654879784193521495393722710721567655408214286672838454385751340623468593599715584397911"
"-1/4","2.18173160155242504798861528542609713852742368944198909164677798905154480533661908278869670837042402767787720931558343313341914446228391350501881803531995644370423885099693169512984906701238625490723679315478104183180932114332116028649903957425833931236272475523075620418672064149889179"
"-6/25","2.27159962861203004552720108817666973064217620271971756378428717089656417330444221765179245258898349779299794276509965051513003172709467901992457651231824771401756315335613627690152575030743607090405610086668530845148124389308699799666042212806279937350111535555952821109719762729053541"
"-23/100","2.36180747060012899242171423423255761610477249526528681611756481055270408318265975907602520142118098005863962409424799350373912613572913692143415816820132536298960110819606520495783292119304625674169609560005107074754756854775654595673552409598349629437213672918323802880478723628296682"
"-11/50","2.45211458057476507061773614372932130244140548000436314171381705304297615884913743458883212425776279171308963509064592770159476336484122307944473619247592926539119068579249316086600799655748303138557738998204436818680183306923839554690405109593037750681192027182064041167499948601481417"
"-21/100","2.54225699241216541394207973135153247406337829097280435224070977942052790432207633324676941701526600038848746590375957463249631909443671737176774507337812991632171603990598237845048736172173433462024682976093705200844324790336921816638717367072022644752275521622929485155159903103113976"
"-1/5","2.63194724820430446905506285745294972960088371648789668935030328129457998250604501399713537777164793974056034493404444297131708158020429272461737377319584849809704186689927268711180089029812969838642674461675582190901771437883355949012041014235406268904607990818592903837756901818287266"
"-19/100","2.72087469992402576376101172860226667905665322707387259598678899239989558360905500867714225847257982233336052102421170440120920375747503552341987502746922633483721538864240272298992909037435988309616110872701133546874603762582184574794008757419233285838234926152618666546655927653092113"
"-9/50","2.80870624068844957281460291141889033625582133593212716027910055801264197116410066516259547384803620597541413238052669729104927968470522395519603562224350125443223649779524954913588655151491001166106144100506481704638242269391582048597035481140857859246110310134774761421433923916287172"
"-17/100","2.8950875178603386181717594816076385536397831450111370480069263887050824987385877306287296242868285427729623174902852113161660350138848036876359963985468205288106456268392729109816938417118250176990750300629055238800275196842065529884840006832803120671683594062896739878755415561016537"
"-4/25","2.97964467432313442499716381113096294748453249502362308162209959129852807279197213888840814705655852945049753289966922106794042932109154265197726539793817035116749272429520362301538913744003038649266577117483634730186950084099063549229356030609954467791858353655963063002844139671707028"
"-3/20","3.06198665520147630566846626685792497289038354097615390755760600688247873056126738105000160817496096348672930677933479108091544737189198144705375756428594769227817249549060808996608114049526340664700111920772659919930042845718944606921806625750587647792362962440208930886101073747424946"
"-7/50","3.14170810484626468012829202790473637113849785044200728173571598955137873364726946761549172110350591239794671943984898837484294356549159373801665851147898942821166559907344587524604991103846452124949647018835198413213362541285482156197575172577443331120672795039026830164913692994801224"
"-13/100","3.21839286300175378888200110267331791212808040699179359103265664210135843596263705633402326876736261126825928543292433365031225436686354793113905402770615530984402229564197270621958880127121372620243789029281391065961318873702502812532722668168470463558525031418685424021780999217016208"
"-3/25","3.29161804988033793940620411350817070956593049518010206156041370331762839070463107880337487521456520120059502464643365046956345531718682344656672271199394933499006272785833742419279933280854116861883651656959487298783580936713285299954753089648981321604258281666808672661079855789964691"
"-11/100","3.36095870780823339904304818131914370682644638418070185408046868872500271654581234763489667935255580770415972539080626798665896864319816971924311204229104700030878414881075548682633264749390311963890410905210060266846414233309941316554859139174989776503359583360650954073312068404363262"
"-1/10","3.42599294288105339266581525239476758509766324674095003312265915280348605969716320525093603444328906646631597819245129489507951017470761307635159136462598359311694765885287445747779154984968434093938229703752944723001665732761155839435228745876766666711862218701723588804698503371876655"
"-9/100","3.48630748468726688968344258569696056707916292241126833714027213429132865268855083648641150434448562651150674748637636158533222832866198920084331379027412577712229848833670234716645135085534635868426109698066858864495319316597788207833810847182375246087627657967662861394648159954514538"
"-2/25","3.54150355689929944770290331460800959580461081018023438253087901676919314076715402865417344303466347144713734271030761605712733614774690983211787916480960070354926498560983979516353440507686370583909604196136757627772281756332507589104696186569041895924250989372702130482883021051784551"
"-7/100","3.59120292789657876340657039312517269412520320166216136583691367302385384015420267619972151759449615348756187921900555833127797991840669118372192074294320398460365892632564853998249514065287892549130824709027397301636623323182715550624926010999155579302807499639954649806538005595654057"
"-3/50","3.63505399020420035665183480831609220294508174231604584673370206716543749680263789398339195118064751941947734632896563316484856519052158710774210329907005505836146525332646970978099190627092764618485032173841954754360880906684130848680788708674522359142666967522267706522685840925786898"
"-1/20","3.6727377020496942482857302141826667949371330053741798132504037268792872745172392011770977387557526849174735529459284140002299407348562892732585870806070015645768606636135038342621879290092863445055519603885327306954824421290868561787534083434885476652447449371613254690509481128756134"
"-1/25","3.70397321527325015987177470582272115692581065864032154059539795487674728378258426894798317397028324743378538297094376283909881535736019554945769874116555552952182782017691568981675620154818488486581790725165442761207799538670253373579640936025967071423961610081376392387455056348470336"
"-3/100","3.72852301240587682553003757629543661528818623957192594242426295063415882086027200159079798613565006216427911019294917175602982306233552902806859145298669729731911057576523556414974823392679050588402965327263210472128005832889956292327350792254342305069453008382530910191006187855138048"
"-1/50","3.74619738275948341034682542620194002203762126639165961467700665371747368858742902536574820078280931721395771580773791239968945052886471415775348927249660437700478934752073731077163305123519295931589711374860789563275160855139437118123127607118285432531684816115494051434717550058410349"
"-1/100","3.75685808310917941757734095489814181683251925829635027889047970157277950241239939687170813484977537988666878284641532664208287355966879083562239691813431414791951194560842754929471827767841778185693389848898894291516532591855097865966293561090411541914301368806211871291475911285009993"
"0","3.76042105262399328047431139517694424535364987098940911883030267266230500678732949125711354954471064154639163617869788993948321247287463547053049745439362923276155287744650739800747150798004032781215647773065847419732041510815400292554444963298347826672703493907672343530335155844951137"
"1/100","3.75685808310917941757734095489814181683251925829635027889047970157277950241239939687170813484977537988666878284641532664208287355966879083562239691813431414791951194560842754929471827767841778185693389848898894291516532591855097865966293561090411541914301368806211871291475911285005013"
"1/50","3.74619738275948341034682542620194002203762126639165961467700665371747368858742902536574820078280931721395771580773791239968945052886471415775348927249660437700478934752073731077163305123519295931589711374860789563275160855139437118123127607118285432531684816115494051434717550058398568"
"3/100","3.72852301240587682553003757629543661528818623957192594242426295063415882086027200159079798613565006216427911019294917175602982306233552902806859145298669729731911057576523556414974823392679050588402965327263210472128005832889956292327350792254342305069453008382530910191006187855145239"
"1/25","3.70397321527325015987177470582272115692581065864032154059539795487674728378258426894798317397028324743378538297094376283909881535736019554945769874116555552952182782017691568981675620154818488486581790725165442761207799538670253373579640936025967071423961610081376392387455056348477304"
"1/20","3.67273770204969424828573021418266679493713300537417981325040372687928727451723920117709773875575268491747355294592841400022994073485628927325858708060700156457686066361350383426218792900928634450555196038853273069548244212908685617875340834348854766524474493716132546905094811287564548"
"3/50","3.63505399020420035665183480831609220294508174231604584673370206716543749680263789398339195118064751941947734632896563316484856519052158710774210329907005505836146525332646970978099190627092764618485032173841954754360880906684130848680788708674522359142666967522267706522685840925778683"
"7/100","3.59120292789657876340657039312517269412520320166216136583691367302385384015420267619972151759449615348756187921900555833127797991840669118372192074294320398460365892632564853998249514065287892549130824709027397301636623323182715550624926010999155579302807499639954649806538005595648014"
"2/25","3.54150355689929944770290331460800959580461081018023438253087901676919314076715402865417344303466347144713734271030761605712733614774690983211787916480960070354926498560983979516353440507686370583909604196136757627772281756332507589104696186569041895924250989372702130482883021051802057"
"9/100","3.48630748468726688968344258569696056707916292241126833714027213429132865268855083648641150434448562651150674748637636158533222832866198920084331379027412577712229848833670234716645135085534635868426109698066858864495319316597788207833810847182375246087627657967662861394648159954512067"
"1/10","3.42599294288105339266581525239476758509766324674095003312265915280348605969716320525093603444328906646631597819245129489507951017470761307635159136462598359311694765885287445747779154984968434093938229703752944723001665732761155839435228745876766666711862218701723588804698503371874062"
"11/100","3.36095870780823339904304818131914370682644638418070185408046868872500271654581234763489667935255580770415972539080626798665896864319816971924311204229104700030878414881075548682633264749390311963890410905210060266846414233309941316554859139174989776503359583360650954073312068404369304"
"3/25","3.29161804988033793940620411350817070956593049518010206156041370331762839070463107880337487521456520120059502464643365046956345531718682344656672271199394933499006272785833742419279933280854116861883651656959487298783580936713285299954753089648981321604258281666808672661079855789956371"
"13/100","3.21839286300175378888200110267331791212808040699179359103265664210135843596263705633402326876736261126825928543292433365031225436686354793113905402770615530984402229564197270621958880127121372620243789029281391065961318873702502812532722668168470463558525031418685424021780999217010219"
"7/50","3.14170810484626468012829202790473637113849785044200728173571598955137873364726946761549172110350591239794671943984898837484294356549159373801665851147898942821166559907344587524604991103846452124949647018835198413213362541285482156197575172577443331120672795039026830164913692994807564"
"3/20","3.06198665520147630566846626685792497289038354097615390755760600688247873056126738105000160817496096348672930677933479108091544737189198144705375756428594769227817249549060808996608114049526340664700111920772659919930042845718944606921806625750587647792362962440208930886101073747427702"
"4/25","2.97964467432313442499716381113096294748453249502362308162209959129852807279197213888840814705655852945049753289966922106794042932109154265197726539793817035116749272429520362301538913744003038649266577117483634730186950084099063549229356030609954467791858353655963063002844139671703041"
"17/100","2.89508751786033861817175948160763855363978314501113704800692638870508249873858773062872962428682854277296231749028521131616603501388480368763599639854682052881064562683927291098169384171182501769907503006290552388002751968420655298848400068328031206716835940628967398787554155610169685"
"9/50","2.80870624068844957281460291141889033625582133593212716027910055801264197116410066516259547384803620597541413238052669729104927968470522395519603562224350125443223649779524954913588655151491001166106144100506481704638242269391582048597035481140857859246110310134774761421433923916288755"
"19/100","2.720874699924025763761011728602266679056653227073872595986788992399895583609055008677142258472579822333360521024211704401209203757475035523419875027469226334837215388642402722989929090374359883096161108727011335468746037625821845747940087574192332858382349261526186665466559276530952015"
"1/5","2.631947248204304469055062857452949729600883716487896689350303281294579982506045013997135377771647939740560344934044442971317081580204292724617373773195848498097041866899272687111800890298129698386426744616755821909017714378833559490120410142354062689046079908185929038377569018182926274"
"21/100","2.542256992412165413942079731351532474063378290972804352240709779420527904322076333246769417015266000388487465903759574632496319094436717371767745073378129916321716039905982378450487361721734334620246829760937052008443247903369218166387173670720226447522755216229294851551599031031170475"
"11/50","2.45211458057476507061773614372932130244140548000436314171381705304297615884913743458883212425776279171308963509064592770159476336484122307944473619247592926539119068579249316086600799655748303138557738998204436818680183306923839554690405109593037750681192027182064041167499948601479695"
"23/100","2.361807470600128992421714234232557616104772495265286816117564810552704083182659759076025201421180980058639624094247993503739126135729136921434158168201325362989601108196065204957832921193046256741696095600051070747547568547756545956735524095983496294372136729183238028804787236282974515"
"6/25","2.271599628612030045527201088176669730642176202719717563784287170896564173304442217651792452588983497792997942765099650515130031727094679019924576512318247714017563153356136276901525750307436070904056100866685308451481243893086997996660422128062799373501115355559528211097197627290539341"
"1/4","2.1817316015524250479886152854260971385274236894419890916467779890515448053366190827886967083704240276778772093155834331334191444622839135050188180353199564437042388509969316951298490670123862549072367931547810418318093211433211602864990395742583393123627247552307562041867206414988918964"
"13/50","2.092420908024819027612688195062556771998016345468770660734014278883510965810732690684151245785329323906164134678302642067619497886037008106887972839314120090057205108512654917237683137631888468888466548797841935214953937227107215676554082142866728384543857513406234685935997155843981811"
"27/100","2.003862692603692634775226928555422716250814819867147016752304567589115496671990445225364582843095624333603983289801940138455027666556625456382017422947715028804131336234005947558039768452178799592441647808122151964738374778434040542951656156364467535655018678517115753234555461525904936"
"7/25","1.916230591590286946653869788649321334961400890301316289992288059694966709059039867306669478757999474218840788387628191193245439698611325581023357173271537627823151347748429624869828307079215468258919997550549781346372839992975272380313965074252525827270050413705033247974118825218170336"
"29/100","1.829677762036959963752658063171335851562991981611915487354378501671186780150371298207969560984772441195369718360454231446471989167782102662753118448036539943440975069913550672307365527849984265263043557209765849082302922749241306910560826626155766874617881405200332059163650208962054065"
"3/10","1.744338030418400722106497153376127539679655783337623085693339222264185479237196235787110046091799079082347583602796593376880212678700353855376896782747554154740488921321572899824707845830076465341681848797877386012385499142010804890191929467622115322377207642510718900724491865502389193"
"31/100","1.660327122278927576597515360323214468616256615420326637233735609954974385197384214486225312095679519169674868465877440888935565583905386776686783642672182219966366621105513153105594168831010586794816882830586425530759661480097756281175043914690974188259902188644789006845488928467746109"
"8/25","1.577743939268485272600571888096556234600225852388678251459421175727597941710743754792298667915374424347500575911786091083019281306785877221020678545327052122238673810899028950706694925981750727374851026008640510482880007744090385187203316407618111074272857316752871449629949066778713011"
"33/100","1.496671854989373806448502302725502753699810974788202267611679110964921067809696003446931225768571932795224230087749452932400008348649074191484739910237682015095368873168959197968834404908738769122202436819140099694860156946227076571679384591680633933357390281729709313589732327267209588"
"17/50","1.41718000585684663238166684974934881510363259987300238056459802681712075749325520278196316281186383553924100707461185250923739131821624556987890568909788289859410632144294610067020135533136383971883962160591072963447667668858478998735700510318001090028091885223038329759692197902314333"
"7/20","1.33932455762138195572040057391756781431259920633942190642173797242948306231785748615517725496277438833563809311563831503767462571620570072835322171861961797377316309158036067403105317055893232535035327394133065081676138612597253627778696012664390504974583451382618184409871582464714282"
"9/25","1.26314993223992233054513195996421924802590287765797636971737593341147801618354262679792366916815342599172587832640607452508505939677911796333804028617689698389524341757843051696928017264897762335377791611087830406979692339552637194091012719738406988942827768563896483594181008558816743"
"37/100","1.18868998338126026085116849348039107803965699068834189089508438677762312327090605038735665547275654584031287597896190866838979065838202869533914432309485514646741900094871275858355907647115619338629420677398226811418265975423474335165519687670216493182516299505435398815152801871504326"
"19/50","1.1159691119960633600815745010812409633653874959240143370394420155231712335605059943045250399596473647261140441754937991354656877504131509848658345693070689134489859464227260163794593692843379567073754649102137828243357509987214093028999008805103451716144050383813530238593976888244807"
"39/100","1.04500331608307172311369613346825329894124709341463071165532131749859983202389766130653710562152469995325317512944723240638316082900797325961720675249100636834801571800846482760461645486265701167841072018352081081968187281292267065334009739047247271804428703435767660867971838811679088"
"2/5","0.97580117106185574101171358668729229369635477184090909059752017045183937813821364047680508400613991002010346923679466125912108886297622996988311190794423550398207247232274664959181446029296157485337661569652404388568514054172216812678831770375690381547594526492167577401589629127710825"
"41/100","0.90836473905050902674639809877515811295674566990555928352741847230070780300460769581862294452471680448983474576986206739445765321938286808593090427549418125487816159221202433817441712122532083625726193992847484161108876639139952944645395824890604088824784298225356583581642661372297365"
"21/50","0.84269040688058035601729707280224570884488535227971647767413575632712833242701424616984829855504451370494511471700579449724373508210839357973334446903025931652468093737483671378193526676301104518728927600068270458969266794951093839475808237244916605825087291283830953200652695983307401"
"43/100","0.77876965390080876275673423659893478941852672194426815798427874451781460848529611566513433765996049560174719119706688257901524953921114258703347146504791501696702715701546604407622270346311381176752225584828178364417412179384743340099935582850504666345689978549936556880094286895218995"
"11/25","0.71658975156557514310528833623517703222316430510757576428056448305410762132670107307052343842970899836864592971969097970277200046719718023434807319218295019355793806693194950982740666434646339278102617277263756854312459826124475169387178441100146516044441080954026950454499761840719311"
"9/20","0.65613439751195577848874218925828907470909158259197183656521715864658490397162280325392904327225545623088489662340247342229890913674908088458527282354169086528918614564624879167653404804736625242949173525571119751533037711440832321583701932192042051532653835062089076255850431847570488"
"23/50","0.59738428733708143217274796173129700020877851746971440141542669392313007921970473013463931347015913406852868670698110116939540229450149621027952986003206613681570789766236686986663835441663225825846731437251870815123361944533282859886155035314496764673972122443810586260912923969431069"
"47/100","0.54031762762840387084804906801647313363183252083172535499428860796848947594947988075326727362339795063053404052706520747458610906481491279161056603221853157088862688001224608041046789912455727037626708575860866233506624400562927069243257463990670715583584663927920502490151230441111992"
"12/25","0.48491059400333191777549207626124239066556552393064854779292897675644504631887676329904211638869231031692234726956849742637097047105035739295170428641810961159623873963569945157096702968339001000907250557328339550248918717422511478441498171930117087944764363330335185852211559933369425"
"49/100","0.43113773800792885975538679207318837752041077503357727199004578130935540558449538122335020381879504560766456515990045546960956319192514136053702807434887700622314339014376520286109863423251050165100913906362859481627998243247882080662290176256747023089848553975838999960482934825392829"
"1/2","0.3789723467299470773514046544968173406779055056421172151416727659407215481865811957411019845188793669342984456411606017461113395808286164637457914998246177441750104431958523554475073145797435763011304476254753417239918437355130290419825084124147234052958901829446817212590680849597347"
"51/100","0.3283867589191568221477827109236467800036962281667980201645763856906409892893504474534924489569397420705721402897787300898748121672852604472482168115077813810223657184806695269791928353709183617745762517303557186847516796837886161110910180416642115059806588122454823219899389477920279"
"13/25","0.27935264129449310289711898021627267245075174018486090796171559083537009424719375813015984538573220615619218463503188634843518275278811042885505917210357591366628536101908530925280031955742285964443295596670134526590703774721990309353680465321210120327755135897929530772612982516240639"
"53/100","0.23184122856728195279968402593858924509485704354543918013284194358036148026715652436760420487593968133183249922339479774737085707617832383191289382662508800279337245429725030177028310084597392790147897118835698535715924247447929446912064095497927443809595726413314733073539056237919744"
"27/50","0.18582353053545415467484557186252972955152850979770907799642630639885461547581313586516316642202234096305441253858000637146784378615045229828312575234156274646017498757439542470250118626510526384482903546667969181059380214968835251144489653641032950808722513131770093259540830529004791"
"11/20","0.14127050941987975852370284359178272626610003458748582229698026390709752093073353891916065594336797826843834608367501260265639263058076188923150895423508566874669253501860367905089390716710075684541123257072018480565141737287082464868610456564136255306454421706246795677602290278247016"
"14/25","0.09815323045794916763356397864696158112955402248668336702253360207871142880971327077392642119439834958266186401933779293750739447954815838003971432417911335748562282833508276034465900903863471250908729416451273291203636775415534948673580239376240237480754797541580215899843183174599727"
"57/100","0.05644298890884376296349107828552069230510175794234641360715811053900369618836643534466595611446012670276256031205981888040208882778739044366738007839195566445527570359957806231579015889104439815488300326830914942093745188157167738276101521308804491207730730762243642978843365121799654"
"29/50","0.01611142436047504618272982318507320688004477371388754200253083804684428961451715392982938890355239004300593056190129740561482046470353458419613860520398477490211961922103791762535883976165539859080334351219520006943474554619418458742813603868783220225747890073370450881927909009150355"
"59/100","0.02286947998237275898877417185662938695479293788228383245000856746330514663682831825677650924187408629583870042510349511966092295429321206010048957150859741856683097254538028889843943230896630620639068663913339249575434779707203865806962028760684853983561833292169258987535762219864076"
"3/5","0.06052708920451214611806374823288984598843362096560336168987160287940144531618850754368411818309351405415641670655453357315086903674989174929741682318835737541578233942364581560809925904531492018783528133520421142080216263464762605307882032714013103098612980889586212804008152350327028"
"61/100","0.09688837818722850753418857475880885417194140280815195482095354344978795931897775387996168006005807722764260297476513464128413640928280376166346027974140203733182691482874288643694848226951757684048844503066979223247544760150035259285899088656814486996780601861085781534089855799633846"
"31/50","0.13197967991458033509113166975079088949428438000337629402794169028900438017415113745481294479063488987287810164459566463670035123319145879854557653215235965530203535336472105139055100727281331666166015269551475941547999599221200646020107072450531783069473414478288398682197348275269999"
"63/100","0.16582672170676632883806712768863097562754005037356374144582696293858836508667717147471082837517766894964490982526870765540432290335083971187964094554300506424585912215504996288574733339143517959928841467020591005777701964983905733756237602939567088874343714389233102064595264736567599"
"16/25","0.19845460198021333748390096348450432926501930000434113118861546287015553276319869493404878724676444437572224643078126708582742481974387693943059936196271122176412302630537947854664036197884611213867795374491583712125202838683488156764399994406853026159626956099910552226459056220685922"
"13/20","0.229887780154758736045025219110484045899553716937138240046790149389847223775889395228979227467774597898630673822999169941487794626398786124827317053300035372450799971437336771413037239815193709406690934119585424362036087694156954008208093925421481804594576205734126504524298724095777"
"33/50","0.26015007451085413027257010251165116797214304671741559051800299472876542224352790115255769706450114509059545048640187839828343530347082163190892255674813989463075237061404967410013639207369745359143828631124655778547561564405956062155807001444520119302583012362139708953321569356928244"
"67/100","0.28926466663113975226954537901434572850214977903507303753748215308146610823852987172908983558803295222346367506438823768087997181762416879333175537080000164385161095917707585509732676818422306784268055231976849841120415323818133699929076607380110765886502968166846021633387555274272529"
"17/25","0.31725411139837389760147172454556284443968787243603503690792051829910608896021387874220185929408904101390589702318838882760681988583656139842246897696783753412970189132301418409476563144005472872627407992626164570979831903681483752843564570411456447902618499048986850851133766702418553"
"69/100","0.34414035165555208611086116943165453815786076004621414475870548643545317081496973661448315756633520461815704238852036834897423233600922611930066358695727810291607603549057300464767228246167519436588114666035742095823550504571374865858044089636998767542195953165868982303846760659518142"
"7/10","0.36994473673240903413316597314320958883870479308598909380089776642385250327509381310030405626102264684736883618809452797673707455273620189057492089539258363325683195535287040765339071260728048501644058926476823366945081171559233564964798116130839707138209339811383598664777313821001746"
"71/100","0.39468804412718558761692578358890320124636852174266794511741476900968174318799608040314006243224119595238263603944316012858158735004620052273274391394922266737584022779490757418270171155750111038469876638652808946890037804509080223425569425669691546462588812514780038703111925315086288"
"18/25","0.41839050370823992397790117403808144412861639487463238526899134487445421985393451825757312493635405705269009525884946089403325057975596386614100444164856215453124888891639779545542905701236554422447844072676226329877882331826694228131716549218584725092235741480467929281266318928099518"
"73/100","0.44107182386840827348594111682969779084517705010134943187572194193116967586566951383849294965668308484278603409099036631073457440167527208361207865550884459532073660863421123314342565621046759264264843116141637906625285412213360758596602578666688115226658004954207797567834027887200833"
"37/50","0.4627512191268723223702655832826310456343937902638623813298828461800319694193324132807243946813707679394763155790261773622070986311523227456926425966118686965759974423590710672806497408629612680731986103044782434802540204022686997989358736225747685585649447533843717697902519305667912"
"3/4","0.48344743872934195376742422911357972951428039050114260476584661908941676642843456089838229851801030212574051717564194495364908609353298091768895300437005125740382242359404970182654124652605110556100496580192318707881052750791290221573480338238412366866559500534268586873811272245806622"
"19/25","0.50317879584819056174719717657505243801284664289883175203072221527187588746479739615097558398186612308905236176026963129164578540955630070067344717159912773501625285979348633155850158399558147276343614546728658584239106699214782259158565621645495199717122026771478812588361740804854761"
"77/100","0.5219631970303040002911183039118510381459456920007669820780533123847417250180067049752278658258837574805105333210989020291245557075048865837723508295397669910666546029029838226818756434684250639058312977029215475797883781955449696726282860623159825306975165715246836366767740156101683"
"39/50","0.53981817158229395723695606202255205983427444962191718272033620791388987744023861979963726227974894217061339147399951624858088009632287450330981913632403124478978003634133723251398860327853747555624626886930902221460393300072520713154439506772831083776692159876535490451170458601640115"
"79/100","0.55676090062080984399211088082078320866355262179900554165634679635621630248023243030001740379029550420127509572199591671571553560126363717464266955468647551717928882269472875937702923414660865223446103279268987953777146783526771227357764607532379374087031034121879837968559906271917137"
"4/5","0.57280824555034728890950935983450112883261376358031507581402374082838739132941014689992892738211470783963805800363582072615271412401069497848668349843205888143516677928660342826081222588259143058849755707922929307652182534011786005649734310301088773625146939811294534773739873504337118"
"81/100","0.58797677576254456313821491314251851862902183044483081786418317650345835339822795220187164120482990557441373838525046554617285145950641191019722500535448532068331914637076310833903201099135836864839043298352992062123503197768124202103886308721557177826562044407666018692238434213467027"
"41/50","0.60228279537979272814943444491258565591570775455935736528215860517532932516169181627193067978719210840011014384122024879699913217514313186524999167162718064428614358686901143934641821610354197806417602739500556788310805849744441482534630087602616031040460924891069303829983105832709334"
"83/100","0.61574236889233853679933068020719993200824046218418658088286123241604739617810875637461616617562632405480811351685875503888996523165269697457239166233749639245074347046802548926003663231516903731081522433570629428335072854606961317496361911808678445782954170468526284754888935349701154"
"21/25","0.62837134556217660516185732317871133619915223240048576388427325194615130370782183937045950049656785119770897563278508291469765967480773747001137660205871037307411713382045515397094827121482306121954490429271534803992493724925570228765308242138207472583487616203825084714295716090970741"
"17/20","0.64018538248912487869836190171058633499011926380323807948287116030333593451683131461465957174741329731873149780483802024600359389148364827699763600298865575662908784264692473560519392071927186863421634324334963009161284479753349055373559948049409295236984578697180920900714125170359225"
"43/50","0.65119996625474352049866837779777905828275124740750751032629786360466547251967722198291645933820103111701671156491557159117928957941243168509283773640932471286558733657555426864600925891573477090060786833478323007848251686124103846759072389039024928331208610871164512949476216144694239"
"87/100","0.66143043307835592260767620203106482721343725326021938162880309073032216022913205858824573471155688484715881055662491829707681387984370006281130438212149149516463948807989861260049950262897944375706043211962952384127606659646606443641547992037201937872385527468011422554164803226024738"
"22/25","0.67089198743650322117603202315107230904093436279474928413517789193685810033827719681773497242858006935315072212826167563175466560942600744766683821690776266953062883479413633222159743502165807993089499574615289331171793924429884606656539218166516885703789520724949856891309394545813905"
"89/100","0.67959971911283230105379944997915511751540016319319990395891596193969316239431362679362751882736948990210049296461520526591844140131989717180704983972745630527656341968872784299289327151062660570317457296665865038514000721408407478266673457576454953835025880134069993275159413584543871"
"9/10","0.68756861865978613860892462378219635790235276237397266977177912091019165634654691656708164254090721946778928514891002605960551723905568546748098745508498202802269563670149707239176743402707904737564844552823039784736407058691735054570738221494180848434022983122649085971360021367234398"
"91/100","0.69481359126662353071208092368510852187173439931685066187280113390799553201859870304371679053159364218966768660940707095570077473542394329160311233486370638214095840155027584811251817025265344768668904482518957382375330843525357063595286675635218724987690582658312472843379319528819478"
"23/25","0.70134946904031872650042125924554409611807496037396229919103646005727678308151864499933017654356470600858292285884781038045370012492629355629772913990278923423924242729897689040525054610350493118292535698068200709172378688622163198738456425563774032008698227207303286733437632724193434"
"93/100","0.70719102171684498594044366141394377627092999191679854157011552860500746247295280300860567976387170965333155215102959374131646276835433609070105854179308339146167296637271574611436091245414029369599701372873737105288434955565898606037645017379033405997838508462356789630759771139352989"
"47/50","0.71235296583028507971318878473334724388412830943693804271353513848393293758147066689332176161665156500031571926414727356029739191145792919426782881576648173126341531624666885022172801181494946379175061409837723875949624201893512459669477028384759292592077983279751527123192090374798215"
"19/20","0.71684997237618403046242110851244442989652084796528206510710145800310235485578075154398869031035654840570221118321319747783308837059815414049296004388316385801717311262041162875408662082998627200455362859245920245008979702035995250979115218042941107589709988666882788986423167580931659"
"24/25","0.720696673013606696715054181521546539311160742340674082051613214664561543207439961990050653353315809881260750723759919649163101848210021344194606017467419750567730526319553422591843379831261908610631460312119643359847191762260645004117676498166722976413076090848191041703990106558015131"
"97/100","0.723907664857522135326823474509399193803761291736389805993029379782952249951553740061018501342808066319863384482549783574849020558760674305571342652260424781093098437586099875721852236935373338200582623497020476021643075168891253569285137474523394822192517184086431922103782414043556269"
"49/50","0.726497513919441594852929160205737510089221289380491559601231148668859029819213101214785313844248386843310336373661527505491139065404993745588007130146701076820742854842976204411273917309801302188069760600638336412430693126143275665667122786100532315555473906055907952519980484418165157"
"99/100","0.728480757259718653012535240968699792842185480140909384729445910332857567498221647413025698720665298292481821186447811686423395285871023607419928474483093991845292173027321682151207463187877178113019225856781320361733537785158499029487757576360057414686692065643569111756739267360209011"
"1","0.729871903919608125254195857279427070104194766592594979438462002729766265496817424936421302080094651345023320898796310505637866072799262069475024262176006405157672466012132954378381124474145943066151106508305556366609786208317592679258473093473861552601621068913560057727059222957369685"
"1 1/100","0.730685434705103982199811871839449944573547529863818112870887023295340811296062559527414404642779517674589013105173562438898692067740716709183057738106947545620799450504287977393907131433650787030395172986605849548020667405591592690133403172249710206146876015744130533874361352887725923"
"1 1/50","0.730935800897764649688246800329994860482756673700191917575898872882577132352123745096970047386711861786676786201768623628775941195980089700512732601877068568702672095382608666158946621265675658997457381057834052240823963762087789930182095476104778433491795466726340629943387212738373112"
"1 3/100","0.73063742197021625610972366014624196164404878690081212929252473278275858283484972581581673152596552907099392634863740281957853250329126448719956768217378029442829667983867857467446786934480555813613380456687826358348306086006423530789457364814621722476887587814601233653375624316804992"
"1 1/25","0.729804682385831062255642800546295125425043125637541031849542455907198415810649862345035394853571588231325417895741276873900473301552001190014241699666315262241780035880074246754543974580548727830104203807182591708720142577207166094281996506642170954408952960489344787087563973017421499"
"1 1/20","0.728451927563241056007609178310792380293475061028493812611643128642458351155992389703382059929448952640941182018822542934937067319546981624066726838645320397794294505285601575743951890145639365000834286209839781226722848493388463605308735438889493568870829205927730155120343411580091058"
"1 3/50","0.726593459086898459452501190906062443822872702441224773208423201182566388483156446285488812049255894584133380303067137316298232100320181435078188037957303198157085058660251322663975396298374038679225437476577602260400508894345703843194837990982321022965750126857863777773638436280705446"
"1 7/100","0.724243529244870042354087848273972287876335393066378318973644394419328850358171295972451110796628196939711967599619400740498147222416984805481174402730429900756436553853275406414228250244607181137463196834655060401430807627923173689966221007713902179721285150752030262454095824196399957"
"1 2/25","0.721416334974486439560857114118716789363869591137530844337182544931697704070539834116402527635261554641353717573346101211310379937015669744141795449680647722040933158233824795899784670382935582613194919329616651649430886871145080501663891854074416961399099715318456223866714650929200475"
"1 9/100","0.718126011295398238613176100565538707034679094525152541240250816432053702293077997108008453352135906050160422321782202037060296967723792957354394998640622511468818973015333350729945194572693615025756655970250203539740330903456824452061589214445812221640570628796739711612578952050331934"
"1 1/10","0.714386624308055732194939397630520575152208435401130707213623047489024284170906273587532930422894989866578484304102706536297754442470793830964931747594582723761964572554784449230927403856015364700605864806321973638394241694668000036779646457117452169610688046005160146264052752979365093"
"1 11/100","0.710212163833668203373604414603876035361969246868656623956350117371190576077231334400910503282354787619652718818252013994749884340310967564649979817889657365309993611726650515377456977877267391246972434150068825788683709492640483597197219583301844832262539558662081767833789260624242015"
"1 3/25","0.705616535769351468077041703946654623375747922648924155903790245172634049718837557468428866781951041447917320042250045226765256313103786021719982112149586139162894443696307317033106243971105399176258711512128201046949779582738386786490647455692207115914715244947456133155627141769865892"
"1 13/100","0.700613554229479662063607144461316368299003245005908834953453087130835562713678743290920499549966872364263096774796675691506882562415363409377805230904759586264189981879491140934951932148809298501121298395036700425663416022532791946153817102996783206121720967543763982525577277552002596"
"1 7/50","0.695216933541259647413228526166147613237895351581137421672332379067935421254668258051555769294898704949641490014901938537179165782712758545710522216173673330277173149278230545576446547294547432123724842319532352836978708272969051653642903596296193137808309117169435015339121725512282381"
"1 3/20","0.6894402801592845394438143457468369712730630103056371662675412082181378569760609420816846733006987284713464227643529391911041989966707815276508085166060737438867187414623692392723228963797298762139992090666427233731444226654395241967016462786685462995255877768627208444600878528597207117"
"1 4/25","0.683297084560336922050820610242781095661475087762925949436110095706366758715436997101593578069507800163521222637270035939101437795584593884621262463911925800349822421225221690915435117805978870092989426083069118871019353702899479926094808058949385188624638499349070806637345195269870119"
"1 17/100","0.6768007131760418204939956503242426866756098496235946593310225186537163035527748945248055772537061885049360985061745419704207446095629974956201934624194469523839269555828952430876870304707694237568108912353528971030191533705978450165538478696717924578674253565452777082122595139486815279"
"1 9/50","0.6699644004171529284025314018426038086261108569144318134192110649660756422590542370352572449550248260685551922561922563470143256516254195695986038342849075241944644460684647911975156647041181734727428385409974854937315491095188626922434633103292252987521389560465136734193241480045881505"
"1 19/100","0.662801240839330160169514850106067832841983928607204204453708704302001052960168367608006090136144791607989718200831428874269087964809738054870292139826756778089071878636547737519261422305451923779980517892486714902435826798192879113827997999669853657629079506403945716120368486919387874"
"1 1/5","0.655324181496268016529496581624539751989620327776858492980375747445523266169905307806687396943097286060172580098013909914192966399351711055241140404034126365661161537517907780079936766524340275979840523893323568525477564427581534161744380799796121912860470881717190225464328760288218518"
"1 21/100","0.647546014521996454977215759972763323605320282898664823447935454513832153092892607628923297655992472994977393797888365433290556902278420047618542968103216752120524475229295322415871967322616670085478355069662753464497941921528165028650480259695437725960897343530188746969287912401530683"
"1 11/50","0.63947936998013094434302601239483573238476432853215328928740077598161804612886939392710709546122231896012926808713799501705485142030905059399265644786222150327046697809978176427896121633437123388919751955847116891358664267194883969012382915944099466397442115259386117587635966253487515"
"1 23/100","0.631136709013826034828712454336895517146161687763379831065404327561363098610337449467390436951652003466502204283034599969431327343218429587050109004369373151740194664648821555450054005813290533342575435109427415431333392026266297200726481972688647906214840950905035151149028839275001673"
"1 6/25","0.622530317326214719720713540697543988142246136869090087955540500030536581018075040467782758547368421071706001302161189520902771752475108339331292127408941834621220307934483301400767532051698004489812458217651340579509947369848341936374450283792921490207727637512910074123002571810742594"
"1 1/4","0.613672299017219375668434910237955086097946431692631485435391710466588129605637876395227266444538542251904165913829418973705811814782477807799627586035626952605627694231927281142436375486889706608287398701270723929705869449983046423068192413360814744523442341076900021936775081637376497"
"1 13/50","0.604574570798821989995362308824775128968090147416276003013204217136981804021542812583961979482814200444707019381490093430840999028487611390289676494113428313591608656435957002337757332241501719135173405077839974141302728081517125684666893943515275955711033106572378099252570126990711873"
"1 27/100","0.595248856607202092632645649282414050796232787151525913791685722559311387955440708078495022529783420232164151655825833495651828618484528797637742943113589637784770370845894440346795890305328729351339980738431743206298786688306211915999311146000343369241205148065400319236668411641448312"
"1 7/25","0.585706682626608203925255759966671728522684079555824243772568199853483836670554867332315403276300372040649129133701704210680806193500971173977514337768604312864840927149635195670714415375218615787947310058025850381609805112902897711411333869193955827386314930869224049338502935554706684"
"1 29/100","0.575959372736438121922423669050939635108672313063448478264183714053790459086974609854732090463288669027706784846050127692246654788933172081260584077915849927288252800111014598198926475964340431758289782502486228823292089744067220712701940448075539848738856702208627834653463738659938533"
"1 3/10","0.566018044389778017711159176031215997236621693684398803173975346536653562880013996557646362250760699255572474310356855265211956057532617325154666645142706516166787409722093570925494079480655843057559922277772498925430540345719399846858681682056806065330622985217982858820084672628580177"
"1 31/100","0.555893604928600744353808617885290405438961759159317323492503749770611874364974113589179113227198772239197161121687793575654569602496419421975429817105639920804568234820110342695181359655939998577580873675631283518486018331758110456018584420062168988790634051393793958771818245284269323"
"1 8/25","0.545596748337958385630689799529989738025594548304218536245107598387551536043042766957558221325949006806435766987600911231764238570639144452276897053614772741474293643302213363432077532687377169284948900933937696163928717092725099457959342294237730091635792114584639516708073302907510157"
"1 33/100","0.53513795243882910318635424314663741714461397224200114654258459730426787379417169127941885743575077688595742250330016739665997699052527596603939384487210613239706887135636797496992563755302032759429926583790240781605989790494728671373292813235905886984973510749509707394447137004641204"
"1 17/50","0.524527476516797968983279974789606732210757457065291391081099347669521030355147771363164534191199847149307780813161756814546443694851390611233072899890051785875037856908990119358692449525849053133426661883327135355667707817435650036915473963586993121798288497450556141760600974094818099"
"1 7/20","0.51377535938146796610637034292108838759568983947637946217221118408542175018281778245573777831728792408783781117508152296694436830182999446602072765497157442978498366460311735602868880900263362533145064143035292693242587207874982875616512796817659759423010757560845978043478354078174402"
"1 9/25","0.502891417849411205875655378977110533088913679225333858692495695559388836115987450785425871324913379778874400195027102859540921966426895442636243306170372838172517839208665194618939412535639682772163242794356065904920826084063170819064095792497777655705087985687868590843700187943838861"
"1 37/100","0.491885245641580520942356451218612020861437062060275627106213536964826768755321094342204368839180934497321145524018844852201411952629840149631368049922257823093710339275807310559678846229001071525865652736759484341979271469441188045940827360308958883302090461601015335755781934775974447"
"1 19/50","0.480766212684405360088630388374106868673704405642334910342374823884661035694815433906393595157709480591292451987503115458493591712192568774686787978821337188520568200048130507089449701214882126036270990735489905623224954761921859035710780140469449697491277153715468995342839653135346994"
"1 39/100","0.469543464802289422243445192883807888478833001448570974240385278187238675988519405531426690326979206741635541372470645782953678129866550650669485781761296700095975395755297249974961154359366406181229175008300401453518770166719643253777738840713906166957673707951388999376563166148264331"
"1 2/5","0.458225923787905654345563665648699811064407881797580890196496616919252978140758779405775206390000225356252466215569606860031018848356300893473995613715952789075868539549268369831919657974669743847028825547431784068686117935513692350806185561027059664713636739003202417793840008868771351"
"1 41/100","0.446822287835541020076389023459420372402004799018263470706239004692987128968248029779335624761423000198319525841502796614364760324071496872447211096681304207395218083539678859029307292421127638462862262961859927764536028163062620128589446926539903091207949757953835970121349625006930833"
"1 21/50","0.435341032321771882923340351652099207548753885119365970815339988169283519018488223424926232485929877072791632399110042883688091430656709944105096901454983130030912140608308084858233772813598348212152703056724680114114550727169800945079270744560861583275926514852401084554081100185876171"
"1 43/100","0.42379041091694327836401086671975309332735573869626853080527606392059938910875440960797145676237542692729918872918148850958189622383862273055940705867403928768379081731922333551830938879359138261460965266779331050519278971976664064629623396112669156068849272260923677330040187915979634"
"1 11/25","0.41217845701027353590187208248180688133529927604585019208316717092608947674670889705032361392422916573547077557756853200692523858771756839355568144882753204455115001056135579991813470873303689848884133221118617096485491724477903229151105831996823343018815340876317845058222246185105757"
"1 9/20","0.40051298543090096017453304810625421176124351057117714406601349406346614994463392693027144377426721763224006233122559557812654542585116943289117773736210677372525112487298270798363352465912459758319956873670056930967779611845408289477788579144838255114346703946443468940409694949508767"
"1 23/50","0.38880159444682256864995858454686667651750637864899049270344073456066096481254088716438799986850109012083740486642343708376011890997970310548453791159209261860888984083935021819343725925827740254351970108235525473850465806515182482137233903694848005336044759129822299562638254862911162"
"1 47/100","0.37705166802343697034947267436367762237347664709823610643321230135788513249206463848526577595720583376907109344929300371647614292788169146583484750289939787171321244407415793366692348268602589176078550696378240530682689226309253360671976763374040480648590805249233810878821320754408378"
"1 12/25","0.36527037832328499899541182921232218936250179093352404922733461776986968583710976266786486680232464503706069879718410808490043970986199372574819455460217936305896128712646463659913675968342177784070349301288197599734581385981710368658083023169324256015807481583044411933190266042893658"
"1 49/100","0.35346468842857330650243123067993884608300152788739719523188523902409355476503433864559441096127184661542749229436222885040717263855752090758392758403370330255727454393454871591261357594964890420876869627166905018249777160337450985901713969612524618733688681064653272622686754363662066"
"1 1/2","0.34164135526815846245268580359223517633065957930960095290829194880683683214165178269737752887565670418722418447455146759519550403797157261644897566302996409733787965251412602367699575675880871744891144584799788265346823009049783739985315283071363142410985386529657211913084144638775424"
"1 51/100","0.32980693273085301237563249220256426959467176693430407657734148553705971803465662367393447090617683491350505323513045226040558147182623246914295990034198334483097668226846570033337931043172999182108174007219930474862027001430114011941454750801965092093131393851991125963046805259817358"
"1 13/25","0.31796777494718144438648195808304169707800471221880625237198930654831697497201309546500820724182810883328020582027542466301570802649498084282639976977158788015874373593410355298566484676248759224297061478359056426808308484845904737874946165100082845269080174648194419665163533072392526"
"1 53/100","0.30613003972205438015520903462796249340751380923257558925503751110874170608455873775461485528754140695108700933684015266957242709255758989924258567608066621563561639354293332560147434092846986792938822352712257081509624397776912954825632084395322115192649922154403674844112562600516752"
"1 27/50","0.29429969210123512801984044747925836413525482281857145340770992100623096098310196794591533016291906344572156624855303945330246757703463261639992927200621282093714465179413284357598301012762137989819894378551231893741001212574866970229204569607439506980812131560562885872514509366042374"
"1 11/20","0.28248250805493594404791594628667475015130588863061911512889359594580750215924915439971395137268977159957391383995665813488205006731058951426741504254836837491041304966285762821477836107440587819353967163473740270386048893514667449435411145255350791589092988494665178810939137687782627"
"1 14/25","0.27068407826239424838286363569173867681381132327248306406908030360125925361503650608011741122206258693054295773639576178733817138010873980379697784407525221076368869536785232186769891619214689795276402134600721541811699757871538424862193978874302116412947011849404180112758690221174459"
"1 57/100","0.25890981198183434788394337663025259723258049050239213285322384065252606760350723471179005669247182239971132953266349097890304853635471085334290642618818257937684560421252533806393290242333865597993679443461043115812842291161042006529915933513422863940989772429769895711086247101961388"
"1 29/50","0.24716494099081104962854363655992656529450755640190621736334234274902728227572254971429322138073662010464651911691552001735327922639413217774956861865424968562235391030339533416198255231062796860692563273572822720744950534562885242922819268014296944780002632799147071671723068167947146"
"1 59/100","0.23545452358255147215774361252682933826071033506119269876029789843641580845952118549321923372888083131729336644335266383605040214082234982484108923587261169939209132537365972872191022098120582452118391064406980930483131453185880988380656983512101550859692912311890334550029609427539134"
"1 3/5","0.22378344860455436897168610027630381992670578968215527775644207310125336289554785515471779906490719320542512376410153072904548453188120248397638933348585771118559762582745223671785647236956976362700740697560518261581495449191196387192327559093802775667804304982520677812659695533186115"
"1 61/100","0.21215643952636680781256667808497443989434176561998334581024798749956692606257737751478354189911758162372554922418849061133773892474110741698352721640977163192795523187634404511306858459299519514270799827466073989560588197985123981835052588797073322567231026044427294816213407449936305"
"1 31/50","0.20057805852413097307446452959334112483045545990180243984198599859611519854051167908780524113742655951849584100354362412474404745215924859691805829209080505788044329880153089927109240949485397510612105802180503858716796706355141638920793458074354734973816493197864590963169866997923215"
"1 63/100","0.18905271057017448226084470654760698144605702362602123152881730849642447617984934885263793621997187937993089438766555234686074006737632028834017392143822157740683049167955654697885484706914144495435944098318656213467131217316231935729527300055000608596600785653675867296748106998532693"
"1 16/25","0.17758464751660165929148269723400521802030845362976466187126049296388984494366153505088811983737267667456598689943466521577346978158537128369362094231648155727043790670678659710529698660023208948411579789373707663748686245215280265778017629279957421738529299364445565477671288657872489"
"1 13/20","0.16617797216252683018091067650137658531349537071600535053219642795207737453641365101569894818711267981209120751402489277827540464306262622899440343334866531838343595871867633556180816390658049127325537994391023781745100973862979719163736764059859400711835108513551639307817232123336299"
"1 33/50","0.15483664229527044770454250516671216293871430324913934676427659266853659948950260975042862232759702491407993808576349840753335733378926432134442991439467174712807674689274127076697500315631446717355304440652793689687354851735181310347311854747486996558388376966311529051888322233692759"
"1 67/100","0.14356447469651165837941706710845893280518311089831679343650245137780981591464738242289929896294719257717942051979537037894386673896054360034967835963152842551097910425776800260068217725372041251617160062825068306487033336825757890387242897407550650010558798002734238824243184844425378"
"1 17/25","0.13236514910505414948951199602318321340057267162347976502357914468785075699783792346507789856129850696442879315208835605168265849776413399800702307334915421587001964126026291644712105657360433023859919837287412211838585698299332864756621564986223463877460787482647032265796520991315903"
"1 69/100","0.12124221212851354324462420563165668009646403683714255936028892378531624284388418093249265580258275606560964616312909686304501086758474214862653694621328369676065676944938400185151100425685261579590486759978062715887404483524150643874262499091432112701937925466133289021729582568139099"
"1 7/10","0.11019908109687255299512572609143514878721744871960901088755772573154346680350979806040227694046244428075921025378206071467848728710822540506048270687722079725951930072516687375609572667452449812089194181894440716959791877503590018787057797514726256805706215793387287017191886401442885"
"1 71/100","0.09923904785147366532713084650433748866883004333476892142967339431275447162378172015345464004194917116511106191721580927483010248395681714321294028166119246399198810898225710325330299218088456501981061466398040912289663079610045004498853325902085173113150097539248710774650068049175822"
"1 18/25","0.08836528246362875957600119678763973133556497178977012775249661991931916773135030848406247331883303872829285703257024253641699024321884032035805440982566184336154696440184741674505651326069936147569684004508878567000084119277939638598722435778950428541873178850271701535427043968919154"
"1 73/100","0.07758083687762454014290637382812901975793417462081978870782330551449571518034493558186092613163886770562727045553840509008603816647738557118359207185448789082937229995552975630717025105983104521656201837150666339432479040985600601096683801638632503301960305983410683656040510397206927"
"1 37/50","0.06688864847350433854808962474125379411850504002009243289809736510571781452204001820076036675613030435703571583828347555327013610842866856031752489474478285669431173599059620566336839305676126155530747808267169445832359602968600191541675367269812967921077900145884423668741237189284304"
"1 3/4","0.05629154354565029874022636186662163676219510928382187562515824832326961350611054727789737563836014503102893548044239337743372924380660753515919863810603146272996339086125570303711694522298453538630973109373907295218236877520159069214313594723438792524262334916093093551608712918913162"
"1 19/25","0.04579224069401400673576799465846481809641483607648267906966803318873000145292800761807259932555839519622877926425710148205391964463305986437749278069711865846159669476211819379703368139372885917254193231854942604617924450745512906338506436054208595282931607140688310705266728820905932"
"1 77/100","0.03539335412642768656107380416541583010457243107365572679321828081206194317850877268695004383959904709906909984791869185340748327477707004089144439969834439482546091385051874637369365719286819514924710602991058838805214821858655609011463807680975882013498247815487866992280685534330914"
"1 39/50","0.02509739687592130138860446247722586028430082941015473105705962869998822479346722590342239961016717786375448688435918016564235656204455313935534869578547710883548258049134816003559185303334754395074013084821745191093004630165633476823375885357729092582899511392208733681643264725869061"
"1 79/100","0.01490678397289409374106557846298208640807406120747030029658906767627844900982265540652473897748313187199546888327566797349165088998957366959960351530455989854427889591369578078616557816224701361817843200716599639755140341141281686273394993038081285837056222955862799032064694809409184"
"1 4/5","0.00482383630973949041583877017127239310749838972399431789327848985136293966994672908188946569631475007973781624223611384581450011072368654278094784326490547868692874940687470739564357812302707475791515013325505275953390200347033536376426638805342098449607585740650173546084743730524925"
"1 81/100","0.00514922548926087586648925979918257121261878026428300951997789025881968237578352746164489030453858896303639228859560626832794453580919382886268468185563884530266418735085987294740566425919053623328570473024035543274399131530864631824030969894688334463282229857946203960647516130781608"
"1 41/50","0.0150102515531732649022256234340407930955512904922341897932005778322128839801413423204346507566406032624333886551750426652687984082748599603083653656792578265537666591336088809349039389360715087704669175442482368952305397209649159144745580693689327289452510383507947021154286095003237"
"1 83/100","0.02475719698768928674268990248022918146837797966541078386538754466625030287065711264872611674844115869124188271468732197483378343867538757695666631416003130123531057560899874679098147967803972146233906754183797150313436888143699463534530990542028632710957216380226130883293444175091336"
"1 21/25","0.03438809320257092681583852894537199168839382661456366236812931201736027643866874213139579383521243917547120261186710450879257080426831690455568445576019121336382990604394699424936958960223559390983254794241570371852824381038003065852146990659449146895561944776330521626303514347616967"
"1 17/20","0.04390105395422526424352600957574121674880226446671526306978223930281387185136776862574523731932021363425328810689655353067224272803952118203826350416695111132358246255758662790428174827735025759471175004853742961174335199576731518875884337239717456593566932758399639279482810211214112"
"1 43/50","0.05329427218987696108523810350117150069550385176415721962977983101049651202768974600253474460875014429518288565596364023774070429436007641747262570588290109882990505890674750312311262183409721229756732878901667392470544715772496166323165372992885151941996957720269064743561169805878281"
"1 87/100","0.06256601767966968584490815468177089439833577568650517736203829542515399606012503383631420311182629410231417711388771430472275124786807454088362740009282782694444833175312408250783801481198788514336409730640025933530064512532109886356898411888740668656502990271889003220904319785036987"
"1 22/25","0.07171463479503897347822096508744505185332168352749280978050212462838991064373207523027456746347299974336433208613073013818312502606458679209108189762824733984416070291305384252260311071906044615701882695756595406960040108738200772310998452808346600918975191140769989703743881854765382"
"1 89/100","0.08073854039322406054103062231127310739984826889497439126410239276938258929347573372025872250722527921855447274980074915224704598588976701851682139840864231490105629575347836740600380386939584265548559810791032258845722895033296492743683618010725932361884055522484350125550399561917856"
"1 9/10","0.08963622180028907706806034992086681290839596427938550074771787734094931231294837824153931518744353513718269384232900577795682387418672208147724252572256798733983012789168839980115140904575108198781397048037022819116811175253795375346505548449477714559932866374331139273769402212506789"
"1 91/100","0.09840623488953500298177556172308932587125231028859850187216831082109260871726682663058651495710707667201482131412483917276481977858306359503683063061070586897541485173815850978536294957550408059617225979917114863044838134706372188409528696448207938969159323588132019638149364810851058"
"1 23/25","0.10704720225302089946197277690158528411106393929008868316651760858999530901941025394675209090291601085925099289164493305235934160649059753271334980791473328131401104358791597720316933081628961998319120120692882644402357372074431252984305127488992234348381292074159308920771395648733781"
"1 93/100","0.11555781146402398475819638527737738215280764900450352037010824433275539999981077848628869148691870761826347273277452731354484610599240504316884604126582462542733015521690456005496218714456277611896760706175582322443749996516542399679208651898933754831440478454924236171874010236430636"
"1 47/50","0.12393681342820170005062264629867292159031295520218222945312667872596909237239508128261233994207172301424748040416472587619463346910957404925017435498029816961913140148218395425614787790638965458579331789660464503658236120908516913983425318237549534514516212067697366810172061326842897"
"1 19/20","0.13218302082110747349810684873288216997584225037864789413261066242736373546838624801683856143456963118179989182892454758705199922729224388726581578325453120194148059762489786699868282894894351118771936286843404023255481126331632000449327011586634988447928127795327294254879922242542182"
"1 24/25","0.14029530660959359289281908581160062853624286210473357684851000075879642812308104384109153415303348917952214086071149550291861453525276950339020335534713914517486239301420005967845246448483248382699498015748373366716107484602012925028062087522130973541596090927997793510852958033859053"
"1 97/100","0.14827260265452180548609445308017681745914203745840432597023864580880905761427362132802702623446777559042739229744466171155850305436067838915672454187485409274845423182937158528323672615725752460990052922504905159001672835119117911991117527178860733865275362548146588783792720607639533"
"1 49/50","0.15611389839209923082149757032919188915248801618203476567300399869353859655897562127723245329185736269410894778195395165460533750097302256719014680352778250748344175685157162635560443464759891506828224103646644980968423963382789944349132429613334880097299098981794787451398027083535602"
"1 99/100","0.16381823959106530648446154137048864114538159291407891056854142844979688541073581439656442121418701194391954273356016653603111444611958891864036702929932652902731226163468713345068093434792380947213043518162788497818692793897614003196538855438895338817438428198489631560967947935551337"
"2","0.17138472718287510912874569456376317464270869738867210502407408984391636278553624207435283191323982331399151120633660309096740696046039381342055099575404311233624565286409809813291494343449620918082137679140717168671883708043718185032975623694713856357799839026886040615820284649243069"
"2 1/100","0.17881251616195538441361208571573620559402428268358764567914092722620213875684711727183152993826544383192382494146148659186410209428627298921901037472566363276903805251967637302888011197101021197183422847502854015247941637631910655589538158287239503117757633533603870826610256190329697"
"2 1/50","0.18610081455305167429757453405860368445902582197996171268304014143134264129427849939812880289198539123586801491488284476436161121850963613037466295190031386232571965865859556290393409083381554292203113112344522344395088605427078831192809221301193347606143946150441571460724946611144334"
"2 3/100","0.19324888244263766535445429989850071295389382207845803847572470384269456907025061464552847082006175295238993890212226027882136391174771584792399874430853165513796026830785881854043879009883554201551258616647788780695591110094815524274448056116419787640315487257523329947850217487562789"
"2 1/25","0.20025603107132088448505371498625059991373896948231392884345985556746536115311455902730282560891078023862534700885327777522067140653455618989517535052785860549418911338846833306929673933067940154691243558224046589720879382357460896971523376536027918796733266694183068610361464285349142"
"2 1/20","0.20712162198415171817139859664015089640908480803741929951200163872808958665629725406723077840648023269146336985701925999773091287444586742893037185805907148023737046035614517336138179624207022832802553298264354729275037631936481123988353452592805464010739366380789041002682596845708784"
"2 3/50","0.21384506623572501091434072653915588459517410384595725589828633628923579765295071946752500844781623048527384213516639320399400578263191931555719349969781296899230466976681318689847536588658189341427708369975366562594819669759655209205491110539416869610747144064011354940103454017753363"
"2 7/100","0.22042582364695479842619992244804450300954412875782737544644615639589818508479199654114936481331894162497315984092079120370699128344522015334525863440455936445923955767182988667922047614104718069215739422101612520125522034214652520885870000137390909787846619763112221525271544379170114"
"2 2/25","0.22686340211040265249287959068180088646645280525564036943290041597511029706899711546385919158091573054314634725266230319768333059271202424286992878489817370270713369975845629385895453763025709431659308619390330839894996756803616665837264331075363062655687711617368139705231684659040196"
"2 9/100","0.23315735694104826915003390680538956987212203365460592432279695650567300401876319727238450930629236905520819768943207136390640042508787797362896908574509272893634146156413382481738983527799774664455150194625241749108666001530060907763247577866442329233360336263223882152936627245309235"
"2 1/10","0.2393072902694069428716285225123037681635377995966358740473007129377639358835420553166804382154345134863505618476955812303435561625268379264851035367524360943492261961099922503469542192561769265038998612458975460197119407624991972541216694209181993175185780299038554089680711465455324"
"2 11/100","0.24531285047392207027125283187552255780530526681673673122116438600922814145229914041173350906685211888890607981788619920790423611016923376479899947773140670164456350305319321398920429422991022250453490822618251087156845968073665022400872419320453693803357712890213437831476250963781067"
"2 3/25","0.25117373164959146056753779196213345442295648716700966179123254368463235612035819642237698209322375381774324693611617651628605690534551263992355774025427277261586524773498988597427949034403346044516579176218837418615184356979193239237452835472228346539121069658169359748561169163485571"
"2 13/100","0.25688967310982364890064093182704728340838450264855798881530409964770472340037995007478325861458285924811144834566308682935562487834932090365635845875745209776768524052634178382719359408451041564026735561231927022971271349285189916600654085934244526900277390285783163465777247574272519"
"2 7/50","0.26246045891856427267534785435105623656090649633197285627588708676248247419434531409740665159940393669697587544827190043570971828666414747515443289761313024614433138598172972572205301335566218616549287510932981575463726322975154887654716122269236325408412725772824116776135858406346652"
"2 3/20","0.26788591744978254772983174449052528024804096368887671013832918284273337138152119851660857654338371397179650013564457003883729694059439057521480613459327942393526547355632216786780349715821807088746698311897350970678513126011936985144871718741602434042253223024502875690473878677957687"
"2 4/25","0.27316592097146364377690071798879582074421663584401411283458593736446703710783440781290887704134576948363140778034488163885347727457502095839343384386065357543235894229581347621658312893460824262195946435920439783222275233536697562957247571539119300191343711326032266981560969097028677"
"2 17/100","0.27830038525131398606215904504116148542000522259767731674347989240981803451937276436816617435694593317702299593245767422455379093956326809915232945552510293476635469204157540157916353026354152700814252218420412906882595010686743608860650149061809745985510695910229955752155883524048264"
"2 9/50","0.28328926918145288587211892505624496329378052215826707229385114576108422755277914047017819407169444414160105924742580653460123724756241562745559969040208065682080010246741005305775640008775648504272103120723727214628850459990279791025884961721084062113947427045577185108223353394636851"
"2 19/100","0.28813257441943511350471782065171323722440885376157766242720247092687837746968216032887321119127165034592832419038293937420894865477407120670178333773005382004674859893287818899659110334825757402761432927694057885224725873743299431878969557268227083143985203853894969725859232664314563"
"2 1/5","0.29283034504302476375910881899300697808429609324523013293951748958507171334435084532493295574391526574381464812361785679201249302717426888494204754216874030241386450801332351808375010467707259773224958332790452389030691755396256335100714462946624082517463582417337001149331422083636882"
"2 21/100","0.2973826672162207185556921333901968980543147776627375659175034797796448238605033178693835335109951137915045168518476937884479565180428776855680189466323615378714878699358770880753817779026956103817518413881178123562675748359217861460681245869259173515621891102188904869616833770769095"
"2 11/50","0.30178966886411787855833211732664509036336459698874455698897206736747593218282335869156479284801630395274225576694932276824064534432223077686587387985086022839701709189982329794760201429779909367716272178925257912787133556062678057750929316289417699824143485863186516070959835104450666"
"2 23/100","0.30605151935427581176007496018476359501947478945987821470908363930268615019290806070507225686650565578601068826056316072788294571760274385195129049380383482393348377468662198457635959596631877830715409927079976704236458387212381634128683043957902882573440330940929144992127770981195265"
"2 6/25","0.310168429182357249221561332591653474498745662324322914697730847583739518497285247726894006683069496162981477527441611890896117472047237969038925626953615484992183982807374669478457450649556652665645174303373496391250184683132740349471164024837500955125847823946719044009958570283408451"
"2 1/4","0.314140649659892644774408700059228829257793851684787226687016915710474044949525901801336160185589019647634540438296834453611268567720031923264079191230343726875151358824009064790726418368078550958399281170010575663830214682358356871179773102591744391752186015093705257991755793281145262"
"2 13/50","0.317968472602123505575222636617429960535937108262637629800449269631870680443378921462152509472726436733546950303991912808385676997693221362543507715738771997830052871055579299887276075894121885613093667400517838383357558677017447810104051342375859452959244861445991774907252177572146322"
"2 27/100","0.321652230013976093717819713420045456411576708475005339138865495885839885678680404542477473223401348860501819808976966464991046007473378979527294087709875583473520771883138461194761805374610803886708466365790564842946130731774907504853155216234061290509749655354698983473761322269782057"
"2 7/25","0.325192293772318096258734872090097719497517564533491510721216241430446842041448074131615184421340087401572099468280340806449289085921766436230298758005041544973101631806016904673587840409056302124754092529262823130942053187142224102958093584178307057535716981682163950297441871391292469"
"2 29/100","0.328589075302753663463700170336731289437494593572113353516925347091006791527744152293767946832033062383302221348315040113823537826205983204017875820763128093687591099217713072398252807402563870904445139759944400879516117275439177639997841775866189572228829108583357588656808165174153136"
"2 3/10","0.331843025249316525430700126766794567318441098458827856073669333465216572115614925369390944641438105916005007526066043954420327923304700717699604631191446488846201006359313812648348766073908057059869550997646050429639783019617496926838373247206297565176980727604744435572820943018538228"
"2 31/100","0.334954633135526419477219500778108340415913004887906788399315144953106976930882249915485930065621109259595185427931743937253316759691520990996603533185440909776997288194909974656158088188281412977912989343382746406302800078913039640383441297883531766659211704633138841754216821594508156"
"2 8/25","0.337924427015380500545502911778151010598241222111423189460902939173605551867855532145515457179510843277246977192400696796365829928050713912445790575584444287117539493945283818574478939121659498085323650774278988481798333317331814720093583541724088581344547188759785360708050475650516552"
"2 33/100","0.340752973112958472323106524242882005574551125264997648214862608220287822905686245644738176014577656827233347386741232637899087527226507555646356360386251073091688688870054947676937460662130674337906868692134863908435759152795858985990703297251892016055861082826158171739350749052001386"
"2 17/50","0.343440875449427578427050717984710022216315911776587405641608682204587769625123435149375257159283714524049049439006424277409727920618888743267140288077938170315624171792520525232024664479790984296726652077868117443740763526960016489902301015812862560645299273113222365941291379380414691"
"2 7/20","0.345988775456341044726178961100850984864365107490462112338340254163692894452396761363936705680101229194691027191513207269221708639554308650024667276111993281414771090508664519886933468623649835457221620956412721640201533962159045522280357818479996772847862110626038094993175762955361952"
"2 9/25","0.348397351574230783381831310889574433919485885365251813464721023940998960028039628469237842962591213316084906260575313076296011280937844704494962975536081008323838329784683500023041402377908697387110390454025935147559542470213068794240322261655573364074396307905292810606965102999157431"
"2 37/100","0.350667318835601878651932988131740987205943960589966825796953714241417593183746291707433451678567358101936890221804413816324936232873578027006197357936414487340784904461128103673266682280142813397632314015371746879329527668715891674051114753283867859945326870364740939663682443158898403"
"2 19/50","0.352799428431542301258379336426695326159796837117860248810734879221118715661764107197395034917378992940735135861996365057849888526517725551535364826520203861807625817406300992041577698060172492320696080984377561666331579567250432445847472153363183734763610153991373128857373320255304356"
"2 39/100","0.354794467261266175341906295793628322028835996064310319917715929588400584111394316101333098110866266535791574702945328945924124834408234492181423694792461017766964745132696592842269587441032588167334601444551885878438285642348319518194580176338436542790417973101554978219266998146892808"
"2 2/5","0.35665325746401248946891049744374505162025783279098485150967506918647585389827106266292939137529506460211981772530198697477454838521816290240324589635020158602186180345219410743019607306326673527240647562445282819525253289534616557758164526407996489925069062752634687105860416887811724"
"2 41/100","0.358376655932823147851277307596048347182848596981959936998232838073737156545100032859917346215274746839679024743644525739736404007284901003409100193946608538029077665693561315262945633310631743944749256001175317796755588004039589209215918782145743044524757604576459939035722471304557208"
"2 21/50","0.35996555380982445495678371931923097439843558146308944342277829749222307005431332845334967453583203209276086647692549337554824618725477840675401523063993765510709816453618897822563303570018298018876815180298251982826114504194514441011732230756772956750724433926378181033917265804177561"
"2 43/100","0.361420875962734279834675611555952378826359782439178704677249162920807482391573831450322913842886522047200226206149380176594363482602697100687800994088058920799144137849049074076645873268034931012007683507245499199216034196547050894120826027101425080781414944793029226561532549126099833"
"2 11/25","0.362743580442413029026940542491546949365451480418291128772239515941723285547660405085694859847077922083346980193164178731184291661196444388377399300940198020853986081249561634408715809883952219035934478325114357977636202192538252794606614477043332192067245267387864010084768815800155651"
"2 9/20","0.363934657921369952297238992464599576021650839234231952638788747110820586222594359809856932215868749541161654091287768212202371379526010502310531541616930716234629067838488219390572246752346373419546563298716651655016389193487928029548864898517913183908111463647144134734942146658290764"
"2 23/50","0.364995131113227007814728799871309031863417781352896462600401756909362917709130088353673122451799315179610886941186816709321155371655103474516160150388679189619733802665188478289700207930677477535819935515842628896456286574282992507641023721013702284749797630049427471980686284459693213"
"2 47/100","0.365926054173230328548939943484913820510983133780721772271373419836529568782898384915522675026517341410675775916472694614418303513591490640601894182732914355723847223044783956463877321072120490105062318765630407207114642845414316367133495924350462596562031357687358600590418987092573518"
"2 12/25","0.366728512079984077165962124707959872092430441630492189251361406932829919902277704129541241710288560585348114379482575122937856741596666996763074681482671088138234925164222940686698596911454708786772670445512586835387277237476712652045783564864717400601568343272816257667572236146437644"
"2 49/100","0.367403619998662982943739723100434180918103055070136530134190506089545945025183157094632776337081513526279533766102119065626449435992518316620438482819622684704918915187663053309819282210980898435434837053447905012576724658507060258586270320987469262238690442769748793435694981316829298"
"2 1/2","0.36795252262603796449492673706470264397535231836417397857437799821571655365416249252852826424829887701690548842818434004592612251536958528825525873015584124713489795573449086518411132284971491031983650198975986384319246359938896672879928540035443580986300859260473740973532460939900657"
"2 51/100","0.368376393517723813260673969194001315927395873947473683637315467526828495348229928321410384080407488012326105411328649849669247587754297684949177826229235977044655872092470952847772321461449063225638869356066086775136036757967614946234506413942428972281728754467116856366382435176560861"
"2 13/25","0.368676434398128815571763250014178453460759469754942556615544991338189213603375484854884511575864542138006075058436110423697337471642944949788226588287714839130218280944527832809694330014972913883391518505782701281043819463110610373492305846213131765901682038771302135471382847798812762"
"2 53/100","0.368853874453653310530518155743807216042712606048978824797661614662951707612376249102591759714572818387812427825966560305592436899908710325521453801894921582265638520221118751282100721794818207382401378987409366187121931712974507326745393035151777890176403614029331000931379096995319535"
"2 27/50","0.368909969609747416480256755406896546628260629910603610684345210144063613837294517961848725292182223017759454396170361454876880828444506917091388243196024032059006890954987634811911046938673160709777288634743926789611056840202823319346052247703957410845674204935487801737336650108778821"
"2 11/20","0.368846001792497424485215695626025082184990798927186964077888502068212141688710168474242762063271369850535674856777744448291336034926144600072270459819450669445150716814820172698963045113010660353759631198818307080087233951401509598143432478170767249453553316884878579683054767618715122"
"2 14/25","0.368663278175465581902847644122678425773961845121519207312896184933455160032343344194690820269746121003766329946052784283345503366225119368045778377950224913967818427179238170886741161678799950797476615177105637315261926440014891902356348190987867367920970765167580125587733401186248532"
"2 57/100","0.368363130412559116475744605289786052191864717151805981607875793517123797163450729402877662503405462444212317597183640007275235538960106710966538481240337688734524709788776449961685243285144089492798452903420981078709435166796501060727007257559525203529300866776462434668782343215188725"
"2 29/50","0.367946913857751339889973180496743948463540917051434899592507267248581737522223225252538250211013810332610114312678136870075407742599833358767834984253045325607457821269799653362215516351037398316205614291047973767528048189129154697693245584351701074584107193742677336849924196296282737"
"2 59/100","0.367416006772520492643886050841474954904271611606429474293407029482315710817576394763518384846069557156648305103200698847275923795822440215291184055190525711890808050721912166765637960628893015582472694015792146690521406913287772239581222303667695445049122616469829279241092991118779049"
"2 3/5","0.366771809521910637109113444139064159111645284772142029605823998542988595561658963754944682355667508972373322870574858100778704045916283431531573701876811345105128766498749921830364415916316483009421058118403963337238262547000829547542353214792455767056092976211117611548445312967202223"
"2 61/100","0.366015743760153374941644787299096690478917474545525931003509217373105243871640726432945717852707185372048645228081317608866885329579587485533354389784953930132845553401939344403402927383998671996741411458658222123039467827134662642343057953535020966885868383481643006382774393569565926"
"2 31/50","0.365149251606819474661223568250601756188549056453141937960126085061933550896684564057322620113620987119270411399434366715674857165974446634312863016414641449358354132710695468666891669433404827685589341559552386213413246753618797380621115451668188022024574420238719996732897880649203392"
"2 63/100","0.364173794814495675103987779529894290411445213094764015582555667004584716376807395239198220230460103982765105275369634077279280917044536935952342767087563131253821681342994771433814996077428965468575920299326896712236010109127355761621734267479317203632101371186924318067544753233803702"
"2 16/25","0.363090853929004023695435175366948653456402759166362154914612169445813036387318940850636016349259931438168181537962354482008054904826904095507966022850053531224732908503681366063208281137787029192417059696455845146783283497576179541126420875475511533565280609068340326260389090413874123"
"2 13/20","0.361901927443199171038072738566943757608630053540277081970635783385015677207379268731995325595800187993873359971571549873532769951575128834061358048452770057285445050670612839471222842549861251899399559087869673715215566060036463397377721496632024189373853011147831786967947364916523401"
"2 33/50","0.360608530945393143412369854961471422514433778711099094454966074942219538461078573007941611140149665894853255342572893019632715794446320078348748678015343226896746761406995206812821480447056499165426200428313221157318167557333757963113880718076819854471080479341680033656033526362228352"
"2 67/100","0.3592121962634673324379720156674813833472672745992738000930701496290513353520414272280849455218938849576797069265191070393658737761053448541159862263055465303977266306633522444336090096404475914494162371822427806326830886345536115089686344728355985933749712204358149207341935168477256124"
"2 17/25","0.3577144706057378674458875275797138800170481767022646359333644068932747640721388481236435441064659914175480127181103585483268397030132472309781557457044496625920526402970763613571952244207893829394641501525137333401029775960170596372834858157441068181744460644357495264127284145624572171"
"2 69/100","0.3561169156996432726565261683372837720857187723252063949517446727050510204030007204206381740449559955501992211293645727063945140604972447155282351810786216336578134947841029713779372354691631885605894576376231164246612010770435834450710300150228044115336544333379962269643000926305054063"
"2 7/10","0.3544211069293224694162170003242240657472385402852605910978680584583623885951537562991151473275909550813572614900125784392911826377579118010464361312445272634746963164362801615582348421284172914068972241102085941092075957466008706661998151375078267302212357650495627619483253603349178836"
"2 71/100","0.352628632473146883962002166149634337511354714073856976584956339499104368759654203979169095684074798877630671567530427551097538157053275199852451783387849173337734256809923176319654905097982738994547928159893697199087083513130390140404314884451835819243339935770339437768751747944341451"
"2 18/25","0.3507410924422627922389892318632210886201178603559003437590360420351917771501812812030972854977249878259816680650692790511481507332748003875558287608420595126478274859678947404515257613267567259265982486432791456343909692710318650449495847483319740335999319404863861783028867848282796626"
"2 73/100","0.348760098021189211535560530839177361310835109980331341713567567949872506401493257343530171253131054788469793979927477272750054313336300429502984709678308054354250652467216404787731513777010323549487183314216329627989369295971844845018659565306297736787171273077105441398111236933780325"
"2 37/50","0.346687270611502777273940416318781842574352776373231381435262558708741660487570217533476020618406239851572498416829915440902896981548099674851427217968379767223333523552720076224249644719457113808154064640470421625720318256749606699547872560002501618673040419925036671255462013939310296"
"2 3/4","0.344524240979624271351033945815637118091255813129442964149564573617422012104069255509390983358153043979629966082244829782265982394475142797683582249993197574697104201589639607480107223063840996971531208268557411769972718433369176163116008227224473408381420691896342791445302050378695278"
"2 19/25","0.342272648409701950339052598560515775468542206509346066672859210362889957992464740548752200813696269029021254029011025583189782360947763993597695956264073067178466865806768382076666381019761583329542120801787048475109686287009754157690802551545454282970092120049899936484027749640330153"
"2 77/100","0.339934139862564716425166387095519079735517791765564488907457206592963492836048839759580673665760780564331486425635078444697582816545995294939976868823087977763893023852355136579268154892474378257542680813482066953973583297284756363346019637043934396086182569491632657759043290736779359"
"2 39/50","0.337510369141693643630150909095586825488482126389659114126993054805357760577391056720081539616785646117633304675893563928106694097453983500592366052461994585225409248316938265826258293375975362796898151293425713412098517907114088090861989718174291942511794286439717679199997620492916293"
"2 79/100","0.335002996067133581891976627869346943318116562746381417081206156808545919592278463916985180307439344267392058097752311741347057781726273041972058863215390790262398797663473080146886122104514433635049033150761041459538203365886196199956121382962664008438081603209110038465344759711159424"
"2 4/5","0.332413685658237679417135972331558461422390203669041281020444051975014598828254091374586703529917677635584017563362502561877229779604790072131576285712466405057616054043149920568085752278858703434556000028479229619249960814501674526747857205589752625332619749199140191505127228367184912"
"2 81/100","0.329744107326106858016798204497006148677028231276195310619788854565330848293294235473722643817015097644749351505508036175708987382474787754970489154874803229830292047478378823296991488637048029309024054914195935082834821125861262966278797205100798861618548590690231772776722724206507694"
"2 41/50","0.32699593407655371629399990799172598463325236951524425049717424867616519219619813978120229232493748724291202988348920875139944204260158887081423293236935058041078834758404525745431883736539657775770594378844601686038822148313680600572710866210165481185917233044136182204917958839804429"
"2 83/100","0.324170841724386190773727729299834353585609435397779924244438253669701839835815872515077719864491763191576173398050315855244869639714106680406830458366410829517076357487040066470458795020781290692790197133663438046225860103075911995149924842562473394220835824494925169081140145763853848"
"2 21/25","0.321270508119770743836307051802772726071804346199036648567733601643750404224939040062416147480089712939795120285541063751530477276526247750144803461873555700368098397414762996907106253542924874199320985582884907407706819210493239372141658526745112466222286628505238575786060503909422171"
"2 17/20","0.318296612387398036666996810205984550765707987893252513477881478155717692508267375184514612510436382096353140483567341021384400727620653396199223946146919702666797894156687004351770424938360385044518107900202306854432975171684138469656890881262705600758096186411743579041264547262760783"
"2 43/50","0.315250834179136150368887762008313331741960832329640264528100791548960766790797957142356883566823158889054553439438661749240124195999648062402567002346020735993237981566844580805833455910277540785439679786128015764947892644193161346613457061377314984022291610459870460956205243260963512"
"2 87/100","0.312134852940817601273099285098661206228781469558810586051247409745365860734704360194713186054585480933856942888285257988770830330124335714862607549349598486724454295490646754190493837520057342385697569909368175397165211507361862815243078926294344212806895163693530782833458258707244482"
"2 22/25","0.308950347193766816516719901451741516680977999004870829557659576586296535059329235588096062407978098773772626739430346938387445416512765861912187776695905873458982731587844207732592315655775648675332072904322981570035627796465519279743168750795703193164511305929639881330737394178494514"
"2 89/100","0.305698993831634548658060958386573383673655275114847398848281450476632353982546559471706923596033596757336224174500718599776381518290294715291249310292291439792247644491143474555643699596051160401151981495596480350450753282391680312699196747088968911084045064744433592123036934455633376"
"2 9/10","0.302382467433065064819384259818307314606623223503859738084753639174999324611065878156199299320582756380600674586814939607542380111733195371997767428238893678015126999093320147429946636111553272913809286927909177448717280245691112186676408414001845166800511693364207646817486040218401202"
"2 91/100","0.299002439590680993363111340005563766549512252254292450861786174451980245741318727960191261875033858287965735529511005699298783902485356527942078686974837678043364716165265199143550511566251216464703176925163141876211359200348496721976468607032784631368812291213999873912262917313924535"
"2 23/25","0.295560578256829591217286662879034852680743420135358952219776426771947727263529914912386667113877304779480596397431666092310686286935698945515433629990246041329036146360286323333471065765983796659230746885493657373830467135161746375730594380811977264506215206653040113391222894178409137"
"2 93/100","0.292058547106493044144062984827850413776512106471810324230356931147643815916246121886944132991890564259958500320363124346372109756776101478141464189521271023271960997596617917510850341014428065738007956158868483617012211540669983828351844838488046648966949941823501580353375092505660915"
"2 47/50","0.288498004917724361332919583576600456625493064985713637531092875254872264644311837452812581622860436644706996838644233429405736193785825101049371633585386789434499687289132670720580095738356408200552815771434919108086039381071947745457985141380698513571694251562957199657042346270840161"
"2 19/20","0.284880604969929599639868192337324118811000545445684817129317233715743635018338721174555770489980364095902429225863656662382595548821742142113056102836432754092997374032325543367847225845760533548995748821959200975747028484910779131249898787065095574866021295364751322735031367829364085"
"2 24/25","0.28120799446027667039954766106659163039841158901714490854369447517947829823549437274564168649637130299420870651374994392012979170336066907330971634637431306080152475992364086087735750211683786953669066026198264493934158218340532701448541020650615230625870696946312292129081647716873386"
"2 97/100","0.2774818139384709555088334708500445034410253547334217040598641141213300295278539057472800275477165457798663692321690926630074311998467489035551928660116317200241026651057488251113251854198372095265113112861703562202901431271809376574510572084498578873728862704475872616748772250972296"
"2 49/50","0.273703696760098495455365305564363344421535348035415383536643772000872432450019105510590912682550426125488031494088242466763278168609220722351952753167709044053684085726802122038505463612903766450035091808085237157653125403310508932879255631979748088496679226124038869437192273720346968"
"2 99/100","0.269875268558698709605590570470843465841830137117069184508672103837346157129438481137770938156407942449013647140001222740411904790736101034332218683684785453748085748879360114438946872764235111780123235135576128894561624829724330963822483163143673039717974735588031315680895644194383878"
"3","0.265998146736690561190404758154004270104388819852643872644314119879206952752949398913474280909050417237234025042762527532145868856385087202552798373160896372347277399997525911860598988484827106916569926974830761065000149940725099735869542362665328586954180621291697049832890070180903244"
"3 1/100","0.26207393997523887216216265890580751475342711258813393597345996553023738732405976252566030389448567635893081907830922831648660222365043674471973887245301336387527849160524674592392049187067225007142444113476407837477648224760782394664629562695209702754204000953816958599237596228100965"
"3 1/50","0.258104247763111205884314400954144765650931735542435196425476178789994371074307866426298096045492832320729342013436998655078452298065221102143829627397449811366336929621081034662510698682830937467674825868299901515707272153592264206440098864322351328056636300735680453499314473798579628"
"3 3/100","0.254090659944540441231644957113420179001158966771779120388531562532619811428353349772518535304025059245981906577056387708996419941808846996643862834724319947757482917506108178648762796364779653987413443316844219011550769289549264134197318069413373404307390864373653366441343854394614015"
"3 1/25","0.250034756286073926299790425029688677075226629250452750715938118604830354095691779486440477323114916136610655122963085152384918789779069157790802902591240739580695982265225770714053865839912009996133956277013209803291173678320828566056300187885196682612801160566716089214540630754584366"
"3 1/20","0.245938106062356983208463320818006973930891614924374420775633794638806543979342621737435116968901426190956033011512895899424942465005374389590718081013651797626568945759154524381061384933442540583592171031875604054259627432266009063872050779825560122723963944584824492408107400793177591"
"3 3/50","0.24180226766076659069853715506578901679308651888357904121836001455610354911968132513962815430920607744266768064146747096133500090394693430955239563333382587357149609528697599947648991967443008023604048679435787002577632070769250884852603697252885101366435697824902120420114114025648679"
"3 7/100","0.237628788204780345382007681823301787217021686905237262484409157224770197784483072888420235885858328131438641405307196655502033277750555459225533837473640260963593871220591515934599475738054346868290491404481799029321318451008684657862254065018970410402365249879835691833169976726893535"
"3 2/25","0.233419203195936336537822738087366260577607218013823619994408208158809488806608300284117888123607053304672957250679066248846039232137226780097552905241735299867446723543805280462685868347553632947520899516992100924821457905630476669701293016953702419312060168792895435442463044492775791"
"3 9/100","0.229175036174211398302014245020436410513449707640925270379103599308481059288004339051843018870554102660413808267851273993929906721736342108766767124480421858569832500604450578125683352372719962784463409201603298326870784261668341791988633036567371844624856060737835452814550485034624766"
"3 1/10","0.22489779839661835635858006191969352764232900189534870547846698621923240013457244707541523630287750949665921689055508470509237114665373997353853931671318702392016882789130073174770437484899413448424972324600958737761752383173279195572453753527983982974989460158128959199934559485570014"
"3 11/100","0.220588988533797387759111694130510837157472842927522243005476873136126276677590560262222614426216056799984105362958531673340729479721020159193494387628893620343039594956928734245052912824895920631983257090839226381626679354544177726347725024413428161257186325650537758445176361845989695"
"3 3/25","0.216250092384352481095677948662868069295057739278191712112651675081754122241916383798312499710212758435100339966473059736341131782878198671408610819923484164406985801532396867106926795931019266134966722694908419299855373031195792141222050514457737826021122872987544732028066610228717634"
"3 13/100","0.21188258260666123388262413578835292198451832960040423335763178855634728735744660700087292271156563396310548186402824135142090774312315783116716800585916785327006525596848128360151089361165798586984748986001779357499284119503233213390912316081605378915075508853272362088741705297560077"
"3 7/50","0.207487918467864864104446995186138776621425761975512463299025302860330254008881404919454731282112879956643969558481645535028879212642028523576147738675245462388459815052885367004686047293651533599735945735123157615913294626978125264754239028569245997817137852976218657090253759922829964"
"3 3/20","0.203067545609725348732918280222064938082979141744718462457728611516738177585124317803942017644257397350664700698193117784045137786894932179689730187365934430913609890207539887609526192382922282963148908370010832299571644009268987180918312224587352034854465173559119104680618542787654439"
"3 4/25","0.198622895831018035123567792741201317078011621699396289774341148103999427800170493892604111697253066172401790820844656569548026434736622361134967537251388531609145252170335820260497092813583481096705024881660593221873886001063116734174975324732925236766105974016575636915478981946966983"
"3 17/100","0.194155386886110899783289233414542508325328450802197641346750253471644650169779758230007646850892241724794210740716776061617110154024131758501869138197876693927251225963983140999690245978836928691620413759462838579313041823786924665425846502004592007468874165298997015475751497097674956"
"3 9/50","0.18966642229936584848898457699640411940717629151467854150321584288949378222391554468685827997500960954137232458342135510251345984250834802048584243299375861337483338784117624211029521544492438864683747588467895763026858678343050263324540604384123830945769706227041612202989829444236316"
"3 19/100","0.185157391194983055387801581972841384022000231550912754758857828663097601524297132138572980645218865303035844998543388740828362414062487063143153548314855354268733467919277943081394359193064635029366052212759117097456023468461884372204350939851194001159619348417156796880476141793208878"
"3 1/5","0.180629668141896318323000340471695929981851436485535365793602489292977410438666644594116361657841812357026447186167447484845058124004128347473701395443407977816243451090507739838241148101284758664870808190023159640280233803340185994539377472093599578200514880448608166801480914270463184"
"3 21/100","0.176084613013315754424715557498631425928374280107543268854264568787629809428928455039866796439689644309896750786670564198764522730953870308092401680907446486309491432691399202659931790855559081584961123579935035318450757442537163688418149128546629246650153924373318280130456313469299039"
"3 11/50","0.171523570860503865704188051026917835653057290054649350107644137119145283436259836101709157270346709378268830849184565287448329716245584718112729672460503016589623178599156013331442937660481862514043594159734212140532942279044663944372550302238649982522264252063276198805184508672285076"
"3 23/100","0.16694787180036206259524124282094645384931486099843230012512618037377999133852007105420243400606926323979382057062414499118195725132850010246877965725971968333535923431857513410133862468083910182513609457877755389604551228553754396929471054777315007868184521648097963877092039280332606"
"3 6/25","0.162358830916397141361520924614505892184659428078895494700570944374441236728941893995935595416924206595846365988368283765971719116100285837328393418242287664703243151979801858164386803702579963393188449573188562057583897532538445100719368035553072015501757794608694045534922368384692068"
"3 1/4","0.157757748172630972311890123084994383730688985376268669916846143576215704386026036295401512419987512281927168011255132556726012229232266846550035726983410617944578227702171693743642227181678092945703009856209017897934785135355580899339765211514537492522344789667961355283001542196364173"
"3 13/50","0.153145908340011782300842569865750874356358679464443576922675907248831383797922663737434032430473974709594118836972008573580235800723980381192770546895503810722916158443591043052628507450262557430671190090968460042457307899990661463368812374409048418320502485492753600308978073632915577"
"3 27/100","0.148524580934881933008018835501997732513228171581590124289727812779756140987989965913667104957567563407235133739724357875625726767843183983564337412223611017962789341533644098852133939589507596444958432422882799690092282911625177532119265696744292174914253850292376926503035940448005922"
"3 7/25","0.143895020169055051483754717313574045506246205665594724522657006354613599799785829487429856002638117357277991371616707084024522429915896280950321307261678593599276316845086716808322166578324085076275081956457249893793163279199696845588108043679227491986929008457482308670918186267833243"
"3 29/100","0.13925846491105483489411815973545914283973288299557319986951484217768285372696259009994619512212150529114622677936240141988996017706511772806304488646013731240454001930486991112954848588294696503635280360403936180315292425016978780746085967170964879260516622853630376994314128869015858"
"3 3/10","0.13461613865806894084707021089935656642042200286066849271526649446931148367898957466942092070114056678165718294158207006205289064493259328927457306484953030157074402447099844448323800429938285623649536468097170247034396968154583532955736303250832792632339259034821288813568346412094807"
"3 31/100","0.12996924951817425923260573064363477022153906816115560400062545977831532253580541591897946211652828162872166843928536853106869495131022625805115026429690174625860273092640025910644438455086974175540677684050846878938315843769319643201064233710649636403936612639908894377461567135569694"
"3 8/25","0.12531899020239479544775417389957793151229031152627010348844459794266576100180308795708481571673812046983059974432788237604754379257071242399369146007708782490362903784177206977088192074383915919679984053877682238141754613809923266463214962273136830174818877177136258622366427353054773"
"3 33/100","0.12066653802616075374076234571566482987747096760808000037446181355509246383755761562518543705041488572595493983222300987161940985049550175418003070848433281936126208287827273912890664262720075841334738467130055913091695443609183217160393505712305683861295373084228489137462159036797896"
"3 17/50","0.1160130549197477473275352985710408713692625676526244280758219470241244241881786924804288103127701378518382422037941682522876562083910719899659991967147615703985933068564194422684830672521699361893538012789874841028127460680769250339443400422712492004042778541913232849527519089117191"
"3 7/20","0.11135968744728919921496652709153740778220261910192158934050490987645866653171263179513483837459018415109887089936116418515426777896393024765299247034403485095189183544140080153490753478681362238288795812132849723132430048915011630139958823080164679908106304774489867625036012604086454"
"3 9/25","0.10670756683397415661139598351577173710471088536372412209985611830412837216061334196064520085161565794067470427538001347878783107824825144935759789196212666387499580714220231602097349862766885198538718802456088645317547002985334719578170842565279817668788150003231670827879985112464106"
"3 37/100","0.10205780900106876068913283640078992252124505115741815628461169663333111107729258373453740079768368550248868539212937534323900714118318100721650515934955070630401367024952186564071129595905855422500171435981403335822061155614224664284399802743048670987969964715084805490026216627072049"
"3 19/50","0.09741151460843528943899072676005351729861118075272902143317780407636983143550658096706373581449988296369807013368486073698383690614287318070200707824374669389978845212503914026683665038213659848676074636838717094928526224985494957895738200679776215760644231182205471950483569576726348"
"3 39/100","0.0927697691042723400618569711264177993914553427470087424972183566999380346758851505194117768546366023339898992485408768543680638017235153324783202056412459027625910252273020950253082916037455916515385924085759033082960899746037966301187894625141149990540316572535550290851551220077464"
"3 2/5","0.08813364278187010433169329097725544395602655803071007585811042858863407708933813778946201802366984405886548845044258307192626804308051994032238093425622278127531311594499968792284008973576489144099519510697369258603435874336604423167382153703836261912351962441089003625648389460495916"
"3 41/100","0.08350419084327661479199006763665181340942958582453039856045964310852958752335647769644603258845823404446802696385543505306000567598046793602589812819374871509494385666735676620105848261924605274580486337264664246751541404725010162669094861734172759273796557639048035201197785311905849"
"3 21/50","0.07888245346992189019526567465591787041342116553122341505234883919606172533552244356971511391367799515396515941782828567937637377763388725884905649699930891050382308354924005907217658958915598386393154811198092431633450841052671348735116118188584743575942687894254135603265816161507448"
"3 43/100","0.07426945590047638257867487033873916609757648591060427212806987225517492738625722582664182394703441000449697943061182229460639850992523722135248579655717182930852822334512403592118649643266509929621045147382294477057290065966665189724064222009012639007436948743398181109745264582434745"
"3 11/25","0.06966620851657806012791721950342365757327295935438401781613589066460473383382887536135094013506936420809798666794363966926644694545580323335117874691751001102522421459391706955971511967320203272988403668541605505624901660339371962266430605963022983946526780718233403618185753663605572"
"3 9/20","0.06507370693763670933929310184722578086148677720885444295851146350095554576559359716244601431543462610073404259477814433654654162161200608754554748311976060256003386604374799965546168732903469785395768754657281094172612980807076510971207171557576475563977332447968469165494462174440505"
"3 23/50","0.06049293212687376135673189842373609980197858631478929379892923677301040038190632025899881549393146113695100758657840810734162455704861240270017390243254157430169678045628080819764910435137281803119633575695771148856859275178283028142951988034894918760088475223220272312346758411879435"
"3 47/100","0.05592485051237969569029140007340311699749748134640729663714344939283227756836299890772407567870639451183962776787499535909454223582530457266336346303033162862215929428396280773314495556663560812916675761208869374938672416019413593647346211044564970754141550487503163530506997854857594"
"3 12/25","0.05137041412985148959297011797624485364485937987469341580473037246655050637935847560465973068657897752998457521856296330118417399953558251091627945629030890558673390098100545029126835253261993991735106293245677927220566700691018212321552488368899470241552963268557696156123985997175746"
"3 49/100","0.04683056079899915787308994540437415652225463021082974326050903028314249695650263711709075943773176927420379505693513608925254518396999995513947060070636526115206193857971527295475711177571596126166385795798532461519550853680530667882958764403572619845804471849193932996653203117981855"
"3 1/2","0.04230621435594111803394475275925229407731313042458951405762976775943791567973535915881404858056769850002060124584494657671424172391955600550764704455181375031456882630075286384873190216787575317627794900713792421486213943543074308655233152557652758136533400915331540372860236559218985"
"3 51/100","0.03779828498508732955923747241679054671209400217082683333124807273256961430125304505828795653232482576837336802388393745368985502513463506772578970221217900344423127771978760221623569224315403675811518152327164532599655708124705511585169010479445261207500757708005137220129753651792685"
"3 13/25","0.03330766974038311753807164987177312755092165152203649346211915856393759820088240858441822471875888941825269335629493180810126039412170805321727131752564749815323241741799095278848672476711645724182808537503130628475566592458978943176502219224276411733691799140446706416941706249585169"
"3 53/100","0.02883525345575106898090624982743025546359691900805992831642882346311332356733319723978576890669024827169049907499007728983471682332830746652984414921881089033337997815954451919536736679361895105865072223850800506967817482732083984359309335846202869262528741331227966220855604883877042"
"3 27/50","0.02438191053245655383137719412644885959298422472435607866943130320689655191127405786206260596879281496563230377398928490643399704877528578371399304707022509635327265299916295233326304070942283033068944274684571768436191565876940213445131194353114147675597633519508572826345584588552839"
"3 11/20","0.01994850894695454556016871533375071829688395256266572189786567733007219972599708120745625973150215543478078478085551110755940751014613840812532879541931961960172886796506308201763980179669766477750597093301153708851187493871385665577975308988773474026881933363537341390503681175700183"
"3 14/25","0.01553592084100939319752212193168435195074327899962555918818917839771945474572274899793764880067543607563950488034517828275353807823800862664517404928816536419396493494821700232699971981739179965325304143865211778865097606175474824011748811736474458446052964477827935656076566618007666"
"3 57/100","0.01114505767644046917078060874362918843924067750082442805651207372908180306372984223093853588390561962470516616581451876584114218690522051531166758934703055019593361155772991567957121489506838255421593452949950933823534477459479741796415494298979783682726604467417934952293414206277603"
"3 29/50","0.00677704002210525398766546227026738778912129626635762609771995245371341840530412965586800430993758972384735460749465272014963437758415274824825522503212597499908034786678655271538689031044799723379639204001453013332900561389416328838821529633854339269796948319823927449687022269564262"
"3 59/100","0.0024351763152388722139665359552135771582413258287968787109404512901612136578056245742549918029782656283171646322537572642841177428268802093668098998562809346921129415461154294335431972112215918718099455218974140528901923886362021946000865866268304028122088475722780273240579188539811"
"3 3/5","0.00190015507754926551781766702239042280524991219032473119146224257049656920479934665990943098883298596686560241761707875519623990206729366051622691731591267037878323681999866886663660067249021623421358611360760084359837601129581119510718067575982477469354249927988784387877414570535438"
"3 61/100","0.00619185413632727744560940224975569615269504939264144870948616307587249220147576651757471890160182756815989605456458433765859666199876288809145887130719656698656558043256971585715486603715384435122464567057375571491057535676375913118132628616340578931489997140804245731993541687028548"
"3 31/50","0.01046241523276909270729716544601182452998488772287921708809673369809284946824571953732207192879504748412659477918283955311070420047250650284626419005026168699823188022806225931128625738698485105153681841169653632146196703431638034200059620715842846238664187706410569777401271332573227"
"3 63/100","0.01470730350275749778528185467020315579886757742563232921011259623652337443235980374918378460316445542878785631944150518276480079990076092825734636670840344232982827761260316552478190873771556874202695464877537791106037463028441300024338303115605201976615074820655164814313985182710914"
"3 16/25","0.01892541176298307849184631417175039783154318496121352445249290530263626562785185472450888984421185103043518805602532491641064885120021823402043701499022267417145518771258594708966952622616482263462066454433642228522641003939724931338890147278502299860482125008407797437843352331943169"
"3 13/20","0.02311592202096473446924361783889026861090563200302434463229273778259459805368489007955875520191240156550354939077280458193185041770945403330311818545748525633730383292345726106597400453172920692610736422425424730916017138936228876228454174642322454405549043193304469579445384902154653"
"3 33/50","0.02727809084237152240709921039893427610763382614783269419794925860651684156966448306276853978478624677562921499182780121491005297712311945909513661297087897631031769858711355776916912507727339180235593235050870484230055760480108859633231478317945623807047305876155552171258718333209727"
"3 67/100","0.03141120774740280486677986888489923483168091646629523189551637770878908217741957926281608601102851250162594619078440094063009007007979199096995704469762080479629197763052219089928031450885567559961094785851602682303687853354494834771397946339252035663310465744282459996948742651210343"
"3 17/25","0.03551458312099195951699880932685424427727689872905401905975424088075538559134165557297228693036603145372564287737448610382397895888398098778377763069237133447382319772087106761198493050577291100352228741547256476928547320401179461185740868601210738291952795700597659465689962873806374"
"3 69/100","0.03958754375116562001778798069586047592948334405819361131330213274603081220444005226712343784952786807200336906060990991315948783754438056190978755098314523104755867621691846618884013869772270925794422890337202981281905885561317148233465546034313064453245331423962564102012655179862996"
"3 7/10","0.04362943088176652298705157814342439101649878576295154639320936958582046732987778870730810250065398287894434230642461443986689068815045064253140140852146600952600515148830573740360627921821009067041554686849698261185060543530514440229810307740505203767806176617560846410762171874189114"
"3 71/100","0.04763959924215676244630954908406874169589643344468778109751327035212487034554051445430114690932595025129105580082100623938631634407509317358593282742833158391739975650548219989690172597708391941849807686786861287739514491716070931404645779274339596898932895746846102814865344882325532"
"3 18/25","0.05161741650531437716979738773489035758536902606910894253249678350825937520013993414297926410117905770329511853588873834411216170564031213885585041698505643908734717592699439735372770714195416971947655067825789928758413479205187363229182861707876387029296328827424870148722224837682794"
"3 73/100","0.05556226295234058602689290000987200834098294305428271375921211201286090780139093202184073967579690554680007999159107054106625423766154961875872162248413459505400586119556144365306788156395440808183197411633087772379478344949577528723142056886564176921579721208915473935184853146647976"
"3 37/50","0.05947353124441726605235096905275965412968283025620658987808816820198362971880844393815557786314537467161311863430687315690801254550620378833915131182260312848260387274917102825587975587776101008899558817204017003658582748363969652506964746146322730595259563698548354966038752514531882"
"3 3/4","0.0633506262545563259263702242842466924391712255374080223448304631067381113463764895600212859927424909678623074012991152250476289939056999279720898883025919061194168437520867937274479101941796645177846390300632285099442534324843382202865565258626071684837006493702835692621325369192086"
"3 19/25","0.06719296493469267019820265476025057090316318077030739383834716744030196656312803423960300170052476975791251115512916614653327549365709235874039987981700672999891724044715426087032402948119403127691313973978964766971973210860694459066878931528721855704323901288663078790749602660513375"
"3 77/100","0.07099997620489937040822318484414244241977462271205958691579903474165938637440002566515727461465342227812990204282722051061839246827661048066686270909033995685043532940283950451552983417012776500618422891042980157129501011236843388113891509856876937514720055275427284713024024787791222"
"3 39/50","0.07477110085724640443787782993374066602766966345879089064643983921829424316478648774029547059575932707924680071196053348877375000246475026472339201985208761539486175589671034302561990227976746553308713555390493553274519259175639620263171528321640111639690940290570328004438724552677004"
"3 79/100","0.07850579146990426093842502048065253787088500325656153836632555209193573963270452340248608208218107048376600994879314228653735060272939522481897557400343590786503420425540468997858503716451647502966836719682324317299327040344987127380899470298901971569283908364294801438742218731930133"
"3 4/5","0.08220351232881377386686219974305253373764451998132110161428797110057227042466651135561930885142989824832316817114363172824053911815838280515243731268244114117482302359101402951301249317057868128133690432455400672133933238420968036585226992402973507282860067326915714187678555430135835"
"3 81/100","0.08586373935523817689335208115950162969996777862242023759744812024221432022383749594249057377981308694635743695286338709891136115284642576678968932720560666416864306178341607905927045060715105021699869916527122000213240355442806245671017102623584732181098367547870954611655784560108729"
"3 41/50","0.08948596003810596753680192752579394871746437514437329241504014376097980365911122081865575679295554573363136189633704137177699998095185374988749343118836003117032080446677856276457623910827882314813515094199606800591602226654113330139279503821182405102753025791742102208120621675995656"
"3 83/100","0.09306967337041538484911154207147414192242404224317522226698164538494180135207169328177641701774521313945760484117279311933415082465467287819862336950433322022524779625505929845183481743288548519154007370709574778289046217111315371891449779183374371621786242520487031217318182017860031"
"3 21/25","0.09661438978919751758065480642276817438699709328676474870935532124322178946929184738441763202516390040347456579341239463074331125458323345972922046838152489777000657095351003992680088529932392109565583065861135828966063513609302653965774626977840472087858712507511857554147662399362469"
"3 17/20","0.10011963111867884568140114743527099286451055956218254551554056208631566872781311518565856111615341131034689032321358173605886506028962177688100306902980452647232935109422641183892408513528257673050902967038737085078580927142567255772566134452763714500760489454409624704964373756726073"
"3 43/50","0.10358493051637666205557777606559615721872973383620137313885567843652555646548929987406792916292655043854926386864763357971199494989681341569667395898137663745331487852439056589952690746512713500819485360555551295636292863943763337940228290933991553598007282204087665124591424769098617"
"3 87/100","0.10700983242192106801670149095532158063364276227163342908326591612276275648411322506552430004714916923721572537524304927620422880083312083914245153209283218974082230515997008503007395112618363783650641300092311510908368121692514288754984084131023910540444335977615302928695796134985435"
"3 22/25","0.11039389250843657982107731450519798271667612791090117320632204187461844384035395299427767604604188011758583802204549131384506705157524912126192867929864723011599816221262737612315389344420008931418314090448596824989271434231373743893737488143530452755528125668766556163885411135600734"
"3 89/100","0.11373667763634202542217025532689181513917181396535723890157764445106180089026473369009800241100397370652852219209572363942353677107764258676987637330035643676344085850568171825100508058867250231747179938126870783951137735797505817204711081003294458570927539639901575480236694482749331"
"3 9/10","0.11703776580944394900642218071163674972615648153061954150222195070346944009660625017150528395627899427452597449491632250848209845657465239602638452155150379264075801345905054340929340743374245033802290211983353187719842843908179710345882205277301007432539848760528601226105387647810647"
"3 91/100","0.1202967461332091660385018655566984550447902324975936215756422059364492165398062477788400899632934208395376999360134172368070792391856325462442770571294298879724752266630941963397569517230646207482514657775442046399068785856376274282357887944221268722256015128493444402444726503190244"
"3 23/25","0.12351321877510839981496086764834623111160113199969681488527179792702812944063298404438436847630359785170411789917325857121058109172611610286156306549508697733037061673875721213363984709643902536865220226215600266399066271817672880094213923583510928334322524354418566779785063456267037"
"3 93/100","0.12668679492692640818777868167820425936899030272376273409391248360256787020053875127434269609498606067924949017722441548287747881947572123548607220811303092976843945859256195877027482751690785224144296615933493760412990007000029454283554150767048397506565878727042266466461923756279378"
"3 47/50","0.12981709676893557879123656429377755164211658350973415699818111283263234988178250285892680503717870386528199931266769956067438542709478532468055229046907867017097780864239013853690883322514720703953564508227911103481269754094760042984045661085858349762756956994602634439081116916920907"
"3 19/20","0.13290375743583025508394772287573215324408454892469509088594408376134988906499132761070928157278450199522938836623128695896362208213714833786809834294769859919578749614511467729605643190969599241046549676943954876101937033880377285400775303306843075521115836171406049695578859120928758"
"3 24/25","0.13594642098431848798764441823016057892910718753619889894272862173169324873637918865985173866078170890024221843018615008733248857708716381743747065272077446351412141938263277648857194916552130006532899348351286939628242753862584438872091715973894129957469392149956635018660092210976457"
"3 97/100","0.13894474236226679513045589013011153446407784807370486085256096096137608838782341569511625118824814513649941002202671255243266547599866406915695869188233216027920814552472735396408881648370470132160062020541792782044013590833864339805799182518376652534421329525044320041929752198977255"
"3 49/50","0.14189838737929206986599993747270154178553737899660192055049462996729362887956428889861523525101381418988462823900212637302209103153541771276505662280050154798230880296472066963650979354742877779339668695821836511627949048660828414583595820382911377828975505423678038186171208992846027"
"3 99/100","0.14480703267869317214385162609432655714468011807999433645754153126625786052370106196890672808558425376748210748839884035622306062991458515754367992377393689315848856533165198541540068369155879825567255418226104225263858737865285690899342139803598039995485302244876512741577770231750873"
"4","0.1476703657106130664985959722417249845332955345190142382074841066593937638659762298454245178611763599623883690206501863370174990977441633702844554801226182285504593726617247820274258469927452563409497886507258117252324055800118610930679628739774850021422737495791962171742902370088512"
