"-4","0.05922305016709444542310198810016198633058750002079467197226078356883889976670908368963251833512023255502334576152726410879407137990401684729096138913726106630908552506376903271573755302472935375040574463417300698071591851347784141164910416568820587874755186233171880296244147867846141"
"-399/100","0.05593306228097549084042074891704264188683368050407250808509856278695445733064102796001306983429804473840046141594015285813746319211271891079719337147312340970480525355572040305170000759617400056092998989762341414803549139246649262558483308744424098691122054260251879637834544081845199"
"-199/50","0.05261687540908676142343127222926401937125704361224735725642012873869167435189115890078531038675025295623071748611373447800181580102779721121765691310492646584284372775173524384924081157467823220702822979495448862056859127228469159002318472566430947986955535470267210177813844185824498"
"-397/100","0.04927564367066090079234769304745060221311220323095916117625196911634045170310566984931082724690843292316879185642588923009474487363688188556731070792745087151123860370857084578391401073610061097362874782688704230453700604620746456876007026518881060232225781460994900716401247564680861"
"-99/25","0.04591073890031579031320248374880543710380225315760184527570064690923906213540010940451378218406798469991698949977791276841383281119635391315028533341973326485092024058196171086016526070149249473962756892689005049825908011483785028362488621612735806757695260727461542067482452182604402"
"-79/20","0.0425238370461446241286955912229231087898366702204140821188626149253443270148494383205477629816062848919706430385687266754848850863510067292321570552192882237099994288987751730360649338231023658772510521410483713847281377072396218761836583299377815432700400136856546548968311162026213"
"-197/50","0.03911705106472086939460012167427452260954155087294694819960667539239242909884451316988725229015499537119090247045929284974299277569408777819609572549858981096512786499966350653866094345779808704518046995546040475011322832090640825513521144117150860228910941757875821775697564357698647"
"-393/100","0.03569314210607617419092332693834284534039610130848980883859799145407816245138940116696365508576436073605300325562517184609680869507155288658386969367373022601963502568940139454520099596317058952228046125305705726230687677500629015834644066450888911069518728410169277427659369983591363"
"-98/25","0.03225586799627501638818563803776740537515107290109419199561614443506605798030251124080648634049513992738680131838864145688328525993247740165914355582272501722985148275488885340723537644975141630226592916658282433089360917891880528018135209471280535472302259305917324828956878501968343"
"-391/100","0.02881058413483015712520223216761257708462519068379356620553943009241595546659380279509990987537775142612551693791283185309495464175137405033290062831204198326523043854915973233494872567092916301112154932383717371677213428250295922163173093768510608527492663618064754201473290767152188"
"-39/10","0.02536533474842407855719256616469870107822807411822519239735372015428602804681191176322132419548673966287176954099678634655718115117579543045906637926536685701371058154308723794626060866304289739447917705914810531499151249389082860687163453278776182014996816422891763584486509371352671"
"-389/100","0.02193296046243104603227392012975736156090068991081446143257920992768681891794200926034038069880110027978973998581777039993437514333592129085288995183057485480883348632235877004306493771442151609731288131865271819302226459211400833029815013533486222367205595350446270978191465151641907"
"-97/25","0.01853547837045595552518178620561259863115050213914529823240772590747942610068230317765304622146356475863666202951597271000234784312435348408383874860353827515118415760054803821786092234614581091939424410457858770288220353985717191257227630843168347664418367341502649797098074139095086"
"-387/100","0.01521400409852812370532198329515693832493378704201175695954846793050530205864108226155140936430451322825907209617809681930708911545467647813279934034241705678451385737301844721776375423445484977471805509943226988096724375937607047089986228025313218535418701619375487661290889862477456"
"-193/50","0.01205345027771689027221350535290034762734311149655856020659162161131936644716522417760866106541762178386280851723827426319398821972200782819851745779196851511143642508995683956657027025037291313372013869893862765415161845531796753229072715908665434448705166101513289830758500894982838"
"-77/20","0.00924848638742988516985189176477389647304984880269849129743391942259839177274339815897968418386615671499005582749304212112916376776029368478340882728862101571019563694468262113987695249114261795700177815708476599122455217123050769000752283476257748556235195281490777125708350941416054"
"-96/25","0.00726012434793802517557317241465779107914166903551693331761464951321240933904923074463339450473742964920262897643240435306599818339641382852450399167868244451420704294486229591633227972980303958764273836064888024801250940643400722384756858277777257648729644782159895972484675004397466"
"-383/100","0.0068769456755032950687023008384205970598454405450556880881523890410687006811680553288258428119838632727036044562587944157218743281401529805723557847830366779915922618597490396822244349478812019632963564228680240247519900717035480208042114282074001298314169265066727248784053928906006"
"-191/50","0.00835163620859567582977628822234718787789007503081300124518356241454332070059057718017498438441776437908017144621339701146189981269715146523127171684015306183059377852913034643801744542714153881582331384192007434706473251022648552384432592214308271609934674382181301019963223431272865"
"-381/100","0.01097870214106307661117952961596556763773356580907747754830831697348316988862913059433921804035327208415911612572603280725302702583560206320499875762250168544114514482819279425875563652746333419149886959285371090081215182065808355523583033298998979470322410996598427577867034298152526"
"-19/5","0.01414467693329938634208549795841315886880452938354033978711579994415896449356534600720998510945264801268117427795855088955509762258311654246126880407648778097909668835125319942337872483230344941509678323644822095504264999220636866421490970412894413957865576353902186906164514057898009"
"-379/100","0.01757229510227773807245635739697055175160228007736449005855729246227910063371658185910761899821401822382941868103779192246618350775045590132773543620936840839303752577910633986294747604719888311471191428875396995340274803205697626422693396994686022027666011495514926438116607786532883"
"-189/50","0.0211440425871706983087572125582180904259280100621512757279801580651390046836037966055541586860237790787245090063397705113433637407922958619522361866162814901808386532862707587276671149273670656475999731692724982615634407385409540257642147498924027336967629430188877956779702454128564"
"-377/100","0.02480535582244540629457423186881107221348760382150897320439940464582503559859165596695205939137355303641088222448924672394383626490394470776929732091530870871192236432372332076399965196294732047857897927548282481816471022430979678815418748708249106288947629085995538478075432441414401"
"-94/25","0.02852806353137505154188466478594533180804138658005334669330704572874125171096918639539812198051248485638803679039742450038690863053329685355876501839797996990185132794313294864353425752997722852867378850465979985993459414146985959548785583195074776782778867911714641325633530269906173"
"-15/4","0.03229619352424692143806667743470136492184483103932222499768517492388727732703452158103638377719981346370211668362086386323486554179383630280136204342800276614918356509369813284446079502531473420622032739977039053821402347134010353648584885480049099377946893221985243232790854217581548"
"-187/50","0.03609993777342474283238998848081891639640872797834427702436744087324197597253868093851961644985970009568678101179670883883555617448517465573266401735636842915147495190878619698636213910938281675419453098871537120841016068320188812926023384661851585453061024395764656546971328995545393"
"-373/100","0.03993284343611984838732582265777312085063302284689996994910582108793082123124633444625613859012964624546996930403021711663621160415067998361042654141864105830634421093056334873541088599504303248196568861907070054357897159945084647558514010585490525387344785086057938174427375115655698"
"-93/25","0.04379039874268584742358944619532331026872121620750240249633519482705317462949873741508593197558486566101468274439253038300229424051412547406452783713061087856035852654097620188778796011877384299766502383563413181564570448044733286239643564322240974495883145881925280318365338799207421"
"-371/100","0.04766927249988597983709685316562898862040307208507052179831389262088789782876532369036829229395052446566920212076284611687492302595147516844899985213022266924550616432225449435003390188697989033425497597053138897554400728768971533119806699657086195411544661757346115636934310289068983"
"-37/10","0.05156688176384634814912312439029096508587783485294263415643652457745511650627942763599136282230525094977717482080842755006672053085582726858603654486893700649673014348236147100750046381789259898070300814569272840701219016865075333773393407331581112920088361252525344366249513922533284"
"-369/100","0.05548113425887256658777094285344705427414801563557909613714797422295735542894779244090534760348929980286420645542187408473267425833430243985944537881033973455242693551739488358270295180044233805019614373137517861309289566221847252246271738025506787216915669869510450892847119220534669"
"-92/25","0.05941026863680101408222257792233107426048257067194091742768438845751342140834266174455126256523744958848809472421668594419954836379458558011429370265206556341123525915692271468372783542509887899707309726113855354364595360769059519044557391392024866751836837012545546776003605217622672"
"-367/100","0.06335275193393996902477995341006860617759096226149798981938694401030593280810680034625369007708965990253948617596103297564279768115896691876720649428795781362031919397722826260239525611176589110268090399827830325426436552634678569126152393888224292830368494866986438421723941359281703"
"-183/50","0.06730721174035661476030000002375316322342643046112214490168768759884707020295540380967851549082507998926881845104032769036482511918932037606870705546114438451665587683177913335735137438576942219700626617594326936394367050559056536388036689253723541647125230251490483515242011197652056"
"-73/20","0.0712723901354326212506000695292013390232140064999196012117948962315362816544758672200567247999677988916061365228017701904177131352891310463218079259226316901588466457920501982060275165393585776452172798540175476059149336150826003571347555895648824786624147591265166325659385560076833"
"-91/25","0.0752471116702688274249741496311581036704480928218923462602381580184127745774911091065144749517448218507082682132094169711627419640355669694223446238898245465265491107000214238577645246189445976667523830232743496207582313388010114486956008048272611258108927270689642082392651719551395"
"-363/100","0.07923026064943935267867889487896846530648644162865226481484974100269176772606414512937913463556325781844654473365799108023750902429781168557226957513017382498852120944116488365704584671888949634146607740867455848327395090613377637783555865009519092000009238258795741245993266487861329"
"-181/50","0.08322076471093470286284577980969796572790014197802558106407187461899638282825581904234912700610272589365209390531448884101860757402301861031514833124690771059484143261152539906199573228987789719685416299418543426702217770228076547253113337397572059707578243603265990409628819683110867"
"-361/100","0.08721758275985048777652606661211795744004936992402566911463637995494615132454361337808644202446507980727138773937341153458365311758387913793986510904375326815661905227542049244220172089288903220444054094278439743577950759585105423127070424550534508529712029905457690225450594802054775"
"-18/5","0.09121969596785136200956196313656296691251731437455946996738524953630497228546564218540457343004873699099561303370206060568624297525653744983904869381855033469789579195511130890411902889553953167962712924273168680842749649416553789870588128082438038309756508642228317890273916451678543"
"-359/100","0.095226100968059014811952309736953831090155688980027278170313998597063350857306211922129664771289124290174100780034340969930784408525509643701573518141792510879549743383486461902557978794227467694022271939724378172216429153378924013164219050860634664447155652102122381126919267577825"
"-179/50","0.09923580464645797143244843667252690271026032237331695740243237326215464666039433423558564720732524629016488009863437610550043883570649107669826648685251942701369854118481103944128284815489371378852973397166555269197026950040212519127106789497916559411023461330193968600806224895858045"
"-357/100","0.10324782011083369374996772960828453900299974508254742353609708569799150864385486404393487649720077954633086794963747183719464841050610807266195424842971504934063529123729783105572179316512233048738620305419313713503222566749912083202665759861392620182154842178831451960295879552584808"
"-89/25","0.10726116353966519682496869485262807835558833648446034322932228509785633960683438779857506509590754163421470059423342543629304641947403733693328275372239113818650066129788006402761243712393282926480207812418940946609819762085717324039356087985687444134851612696247906446149932139833853"
"-71/20","0.11127485169667320827741172005025821310282076634695040569880241130641945549771888029912802441359598813256963702192252436273471315538574423996546821476982641325088681192219007799301603518635566000256934636553954383650705674195114407030024110137412391048964649746750842758087515446495308"
"-177/50","0.11528789995471834369697531985522491727541622945631561767704230048485688783829879989473891334532550530186911434210673286334876245795500987695377068498748256839427519465790864961903840817147929206144245339579270862292300852438905726237322031271542125593108465009479265339360214435384706"
"-353/100","0.11929932071369596265918097141069906180929929507277733617901335203007279702217422889510832139810738845699347482867481762636123443392348047416879638048159730864546435915997517915762718356512595531081151887920320949241758616783693980476024090481707297350720844674769975101799098310841515"
"-88/25","0.12330812212636857673150374973375102680139571815930223746735268513230175017435402456864747482360898549033450436015215357190350524965978336958104342006250637833150430471488242738993145715169467783317938461328161581449716127237247905194044087410297625637055766741262088086962204584150286"
"-351/100","0.12731330706728432057807525107746592670629068866679956306324056986035087025653209874312241134625257933445702418966768309782563956870167169812595419624303821067525041018605539190673434191665489667913025641043129458249762082669793305534959024529457152837863107041849366809775603237843174"
"-7/2","0.13131387229545561965815537656581818294674403682336574239913158332968361052772763328544806345623344650203527882092024050340266237890473050399511143941774047690766420513551073887481504765687755483224938929554650365818491175529697286994138518154305957285070678706027105303240076844191833"
"-349/100","0.13530880777295707495272859475466958848968499233517366889284663000256962256372441754677497414908994436224489775409602049686358554386523833190883720885531219184738002057263443380018753626468316006969688772517579487702492029623801603622272471716723606858691869803187621563626264009362058"
"-87/25","0.13929709611018046126484799258658866715452025106025010952235486070297390293408120553677308134016570802301648262675543632047659843922934278012302901947472955915680946334289935978030730336057811805065140759010953609385047509023095828991892261075200609170132700010750435465772315621879019"
"-347/100","0.14327771211495155563972931962236438119686575529014141896278842380024014315370710282698917326991868863965135234932754355036272124337318313627064402484393757189401217395869901564995848275277587215612101196601759858674727393456607876065741981849301116409854186029111819377535931125055326"
"-173/50","0.14724962242763006461935376575372411120768252465412577208684990854337568813375791873797789827321175614055004499234198956026173289010758742863556819025336625197619112030520982888053763761215456961777689619098874270771209179788032271012990717198666394926405926794987240448469467571019376"
"-69/20","0.1512117852280819244697591619172170995756065705664250289934675004906115216960799345761170718657868184193123009613935417896259834138803650297737553150453279035944776723979026496698497130703559672828948203914778238495982467788495958935390563584832489092663329670764690586257127079307872"
"-86/25","0.15516315000332282945709920671017259204064146230313307371532780212328368401252138233068080440233298546040472199127924004550626845815947763211296207585340722577106652047421146587565159537867279642917698951299013736271601301992294162209973350221082868525604253986372614597389722779959297"
"-343/100","0.15910265736689449199701488935468687088678035456829096988798475208041357631038721973922617892392883851671062009579939346908615641589699119691811485968630253696860172204029890728120638162712555435190424917412241718080797119436843778606796001590162032998978105826374384401967935224560115"
"-171/50","0.16302923892280639371447845123879434489076615663881169240711745944413821032179143005131974311436539866024151722922221666233386066497823547621957351958665906958544468736595717454811201367056215030924270782090149428912446677239956762578833388572883745661821341185785631771872267389027926"
"-341/100","0.1669418171682709945169093908931553022078728575689643016645705412000141527134576301475749991998890408221648666136304377470540755552402507384610534746129496876911705161620644984869335106814572695817067842844178228855501482297001327432236467582514761614964699497402495054997625827190716"
"-17/5","0.17083930543056574604295437832174555541095412509010866571223936707449871175638363542212183132961486286590709624013750392198067216029973257555154750729928715697813017790221409343517723179175826141073935615317033909418287744660725441439719879623993954907968457587533274518166665537507915"
"-339/100","0.17472060783423573673600815646739542706905329291837155843807994284681543986386591086798177710561752617131991807371555273637845774759572276684566620673782598019228829086543200326509055583211463039613752645848670260256947630318855649823313200456477263877560666733657173400858240738043773"
"-169/50","0.17858461929555562605630325307575244914932376582024126731217482196427603708864028647651343340886399866232284941744004134968346629207182294734368186117675307231779770784768619662613934564609649406188498778979035339146908774700969973574761199775771217160135059554502057157770317527795635"
"-337/100","0.1824302255417363114765027131600754341369251552458538271679317841302355276797795372452004376116256672605178237866048781830580356325890020189575862080726730937053465137761331398337269382760959521376862135354989236237967455089139824258983745111026503290342833862589957724465261976901626"
"-84/25","0.18625630315281941654969324066439205676926234964079316279314874238220392605304169979436824964669741905061755137441046550006107555533929545953507812912219882095431492852569443526157992620616007134206313511555654825078387185589582451583483216081411008849353698169068473524425268035376227"
"-67/20","0.19006171962457354170810618190160412577453463479348526493390568189074599124263168900791771665857221632144872700066614624801827248867895222586382857177804602666955251562167214478752441606042688732521727110460082910047333817583360484994998730318510177227588189670275173291056944363618006"
"-167/50","0.19384533345100766658584783792744551597019908333789972400542083625532155691011969205080693372313933651433064652173810695280595409575685186877747621365735148501500574568647932538639835054157194807247205935599160381512044733850204701293987641605181089259120369740159373469046981168882792"
"-333/100","0.19760599422536273265761585513252097578639603405892696225988109211165864219665289026526337556022260867574374999610503272089315964848466750564100909861435614551296958398575995845523994331680649206027412871529962101682668341485070714530023924996380287497232412157126615759810959919420966"
"-83/25","0.20134254275864296294452369903995912278675402039463632439084842961836296278229858026701833361430367979813352531842988228830269777493889548565849754991615695337546786210285578164516829882636940602535553040601520076271406674239199322574019058604151587782534726721082251251983656129538506"
"-331/100","0.2050538112149123463634588173287017483014915224656744689627381796492062092180381436537524052325529632548297096502785494430196641925108453877255217918683331754521732975570823844384415042716827613053498506974429522033424230970588285921352312235267912390774627006794650654728557734592335"
"-33/10","0.20873862326271564538789561960519146107784705109365576146289036052416232565311553716243998106714957463908205657204809343856003769440613671264664718076218359751033235024565428955631158179231532202386669188809449048747134715111541478848706289943372136888538107640711134537839663845453429"
"-329/100","0.21239579424209263984041081173193285711524973673820639098446309423847062831313391746022491144581557516819925943307284167866482814748722527490924697571685558298063775656589653175070098166241005114975017688552038168547107689747210530253546177070123106844777911266522146839062495295121768"
"-82/25","0.21602413134674339833795782517199015310458246584970461356612076340712164451884955279156107091718946493624086814857219450586346727802541576245972936808485238231923730919589133028342435815386913102670832821287511226165720510120954241149283760202356974669044083779126847199963109603512557"
"-327/100","0.21962243382097463821778063283620794308481189720001045846091841157119794018986095687709522967400356462331123243479808722017400195052905188257657687827294366964567673043902541053444553562338879585697855094880716841098679880199277930699889667428615970688337220544171928929751329216593832"
"-163/50","0.22318949317111550016831479379350667589366262693176887867852949494999770771396880748636085606346315826272355944398693198329182296455705075595487768728262425252341680842593480500317792671414518879725138775703798356997395226933736887637479956463844588204884680934804676430800740663029275"
"-13/4","0.22672409339113760622072570519405985336653346295466176636471938832568896982878710772092401297199091092290827211667999426469388794224259412031237544727453717538451590457933670951625949340086092402467792900725159417539601344898592755893280800233768804256670012482842698596686983400947138"
"-81/25","0.23022501120225095197142330278214246316301838848014970896047830758246729962246108087375949178983094107678898129098338091011875178182822608109103347669495654827840670450135936922758858469027241076583108830162366898275154774380835945597843910260025036137724747901825031069623476224402783"
"-323/100","0.23369101630627553396998626898022317710632870313782219219924334661576861068983437207820988241384565641970746359033564050931629548677953795349450948007459491195172735240533906811271742752135308574873255418588549910105405173183145194502584197119006671448426139389700702706465533850784453"
"-161/50","0.23712087165260989038276834667693144176415188472830024963663662552474104439265539444005783139774776455049825096975902829880873951014761075709098162960589769341657331983711248265770600918051093458533778683732248415739763997438487865777544333633559833711865470999083474022759391998226558"
"-321/100","0.24051333371863297997926327781808120537948865578215545569171191051365026836445687111718475316789231826254144628883811197749277108280501347785978353304591061661569776729898931453200533410272001762535972908049829407519228934721501026521495851096830922574273996841392887454283392453594314"
"-16/5","0.24386715280338590873939208082892680097277376557046070187333939685308384119326992287547581667284806031488469616030749438621069182188522814693630671223001828295886833708776848174160793520851421118378949394212420060483423584018368795817834815023583787308062902133517325435721221203539947"
"-319/100","0.24718107333438566056056677327234555607050566451242605447740591010840508180445038888193943664984789965858336275047531283347975446329560993415179281038864115830033478052628296359266890224679241381537788602692363820370852222596109063077371348119325078439811986510182168369429169548723988"
"-159/50","0.25045383418742480891372858788580938537919035648140081901020511272872839302487219420625900033556889277332558650107232361311748463341153787108961598546531700596869706386262908997399412012278465070779150942409126704896111951684783790492331442423392825886023314211192801884574310504159766"
"-317/100","0.25368416901920969615159288166987302674810030294914687834524122666043441250803182826040542738785830000026402468056274334951601342720505284476894015040192035792008658331211985263866082649342765917175616092443898390163506045916247643530317381444838712616253518156775040864396250321536503"
"-79/25","0.25687080661268520610845414673252551535525743443712995577322480487764472306317160358928886917363615889678883325973294543594731347409985704066742989586365147877005058006758551728585868970389548800723266831269620501828674953284903368523722633514923522105354745121722309314096400747311879"
"-63/20","0.26001247123488740054254964875844982335388479074953532291476361568643660233826773948413354518990015492597239451332217041471073317264446586911331997004330872256257026316509471356282569809787237022993283858400195261612435170166629283903627899570612421985911306608689244354412992898854309"
"-157/50","0.26310788300715626641657347849516493944789158600051676134546993942949490892788904995616216615170522459565089799772305944286497734155486394506782440964883282022216382674759313178467523426704963522171164582558389018074294661868498131235813426507732651828348881885947365824839858109108458"
"-313/100","0.26615575828752991247595873864550976500109594622081960003550875198115092669350407366414850979848928672374917929669757499295424936667709996959533629497033964248994443067682078768236963211701619437795471766195281732296411590265117671702411076732433170759550034953749266227776433933040629"
"-78/25","0.26915481006512900905385385195692442132576773821184426339880754620863661765857474226403761275437664585327728497563585519840509760541281462115798554935279044289578991199196264527596667121460867667512843475130355083687692487163938889632530071625824706613868322442521887678740684124638034"
"-311/100","0.27210374836632630519142136318502835195660954766805648174600777182769528945416895063886159667077816000709974497447144971044545320316992269287231413782181931351345381036047872445324346639670958599587865220323381539836416299355902940183592698091427781506252027532725951829130030760369637"
"-31/10","0.27500128067248087948411873723359122531962113737640612022078813443843945057439027653499857206800147269043192773746944013286636040686816313978924051840159796475639808514646840738742782327614451278823107873600886365480800589064573976734870786868595674553956373005388178918317001048253867"
"-309/100","0.27784611234900056398899326521961699187569418700096461606564908553222654700402216339496496386650522508900756390252101776083542406947759341742023616036114150113700078543834724456553360177485606153021112598154302410602220482591903659543683370672376419236248595666173733517730058636431103"
"-77/25","0.28063694708547888690281127040409283785438992425570062703052109729783551655318623342732571631837154099875398401180076775457792666144303498297044980132100382471482251685579975728442816331576179010806287372028723134755845941117805603178998592833688761184714549382376780547147523467114205"
"-307/100","0.28337248734663505963351783522122444808766612106322239694057817792314689703331372217406383612463777428835463086939730635110542622206851992179128712782354510933567849452320317603559679113833690271924237434568805605563683308497255243950579526961781052781177500333737213229414175924842132"
"-153/50","0.28605143483376712699457695917691232724110850121943039909476260101933064580790732912089664261933824388453330366079098555978715732643936833497004868942974366906054566099369334958041796323938354204846809811878442843719718970748421780938298239939346535552836020719048610821582172568197672"
"-61/20","0.28867249095640953669306608359844343142865000691139601219878286304571791467111838026677994783383861418232157180283048913711008681879831858041548629675144606764699672861078330969070653575788174323193289925708350323189601068284486737967835670342327132914368406841993267665704346682542599"
"-76/25","0.29123435731386719025061930703137465593312249592548974001569627456011375749330905916876430084690594563633993705414467306726979547809817327309484921097853595557909762070561563514218507440268368420125853482139215884663755642190181772538813331819851146278777496600859583057726915611561485"
"-303/100","0.29373573618627863051819675385598559229704427162151912924352038341206916690614043992729220726978714074165733544734072792844165261893623096083846093469681769762835538511288573320287079738092292661422726029395051965145615360221442457598709384987878261425854170911777401546690523162096713"
"-151/50","0.29617533103484151492226290906783679538408551523727128117775458467069843782959559885041125712371983350960777082971809902247671208751930305013456628804129880052311564214426045474471197326585156738203717965252187053520103788594668241561572335538062164606226344261806989071888243119458338"
"-301/100","0.29855184701081402862379259178503996642827175971717401712263357201410620744791024913560264644363224425261924440698297892854908915564249399212108663618189063721224449837695983318546419174842561295140051836697268655335454125128559967975879419939798447985733877929808145832830151771175152"
"-3","0.30086399147288651487218556055115460684577607935331273463182829370067971624541960443600640452663961904787878754666889766880805757959533295731203252820003056242013476617387252326291426243044771470693761068365069800052199679429182822711532153188840949560289576022601565564906753487630831"
"-299/100","0.30311047451249844538047355631432762900942304369125661260127401556480599730065157751798902756400303505413161692883186282077277974385370689298507144323955651380341681716731541294873479677686155328090156763022265098947560941236487310584106321270948873227209164496315653583676316501533128"
"-149/50","0.30529000948665702371638472750681989678907416507755256049987865495620512358772368812502754244753716317901989758942506058709806524138625593687356432664365119901217392485552617617068858517295598598083729441389608351058807253674407773731924519475703299453434391131025367030874895075893639"
"-297/100","0.30740131355779530975983229385711885683425954788209564495560861005001594052144713426850095652621078315521797998006186585206765592716471214432306405283626345705465787690649848369620887578074459465503940598493368951257368472311465104199062685791508665285743422512382482556652645906319642"
"-74/25","0.30944310824018987176831335140732546919507702389256403052877522849473944383216376002688510882348526577471798893464887295685678524997042693526988911631606766581001197965275686226236838119843699303247888771296370324882864178984071177020802240454681480179912565866152663722977251363121738"
"-59/20","0.31141411995244071146914202288365662380856139821108947003615786742605767577811339821884554095575571910941353850934266176941302320045620197227254609587793791306411742973554503546193589411282288973306226069832841489215569343832871079335014787546316667576910410824945902053325049047332902"
"-147/50","0.31331308057549966227157842560454558484462375896833302732707230966014016667803191550796671581799852783846736213997110238085675688473638470239944330535801598236474319315261452793650706840777279058589069353754736306378205240012927546652290425642363440901361358711171762268780767838540312"
"-293/100","0.3151387280157177250275598998106614396854769080965747282746355620331577586326685969416065742214147757396200252181345028823290903378859622239803872597672887717852419547829282072578019820349401385198985026268956561362826358370943804780553254666236027812180395449700700808090369572144187"
"-73/25","0.31688980677236697203235559336077185293234513796194035364534110846831472062665156430173469664778623059877098239256638206546205312319258530507240154533775654274681773352410303743958548567528783914628380793332201584451160108123074424676707171768172238983324154379791117072615888707509256"
"-291/100","0.31856506850907880871512548676976066136718283521192390762209696456246750964941884581526133358002911795469238186549697576750910437363544261204270415643051011062257179796269732549520065885985748184078430262304339037224776735910824627682440327877202714036552476453307457636904359282456468"
"-29/10","0.32016327262862762246278238142752500255248967990846189009313195535331552627129369703530004810053240239613659319577951173744801582669606409978977655988585060453339207163978518037304800122399831229268537561679636032612877342417961625681348700096178673580947009875702049981798875455076666"
"-289/100","0.32168318685047725599160928622382890050686442917847866740803393376362724279557927988129417547560326898305716327118733993251687262818731547947997918423971993970776046087110724647481652788112394688293647153664643115892460740011477735460543181530174845690240596941172062593455319574591668"
"-72/25","0.32312358779049740318475049987150933956913765247010536100973590603494445183938465542848592979195945845661391710212154932079185789609816287993093355491548015272164037801314618765117380235463991489051434111099789661513368213007555855956483731551174578263921276925418621699697773146630901"
"-287/100","0.32448326154224802050281361029724329186346612935904400978292341429883361203070691873993979580754965549606609557444547768305142573984281069463581324187256998702042997952730990694850903427049357685063376393122719277594909285389417555776805330701156156067735549430234367111782837971552497"
"-143/50","0.32576100425922225646777994327157847690810411092919944297435681774769569357377130645758091339260627238897297426300176523960954117411787359814560271826719134982632352520068613591256621986343582100875328474580863494917999750103489111855591873764806206016449349118387830592714271463837339"
"-57/20","0.32695562273743230195452402742436732262792337586992110304983042013624712176609914918091374940603274236290334741952518411699078362405527160282553756535461315965649676133228329147159753410634235727262540299993021229454809118277215260997638471749440699590347883867881633898046215260187289"
"-71/25","0.32806593499771802859827708645373354909851929932069714596745974660235859271387345410013437819373952883838587384263791320218035514501486774964599049776861707686430914134870915365684394311109433116255533883200746870920536672422982844697566903181493595869156890985007230927693349266245034"
"-283/100","0.32909077086715538163571341324312350148130048832019887744347616741447760182349913644982702410988327982513142055521901362590355606237412737420106930228196370350759007358754530254098402110954758087216292126325744669393365154850515016514634039115951815246194058757534096962936430506244745"
"-141/50","0.33002897255894029336473561595734001356602070770187819241212773155452755906019543937873819922614221168766234768968506456667932381223392877376465549604716610487015615857809712904708943901053431281380033893896871993716954247286033833565320593162738747151552283744420098950901534256284631"
"-281/100","0.330879395250124446613046670867654021896738061501325991850168183874043343028737195790530703625605631089958700981269432380051333501908593573293744092000808103534383864689423170349876880535858122041377285831819268782621901717749307875333050688232418643531663116440151445011848629792852"
"-14/5","0.33164090765658160241560286136335602722303596167484422263946235417906825738742452571030830596810935888564841807474027186825198702540349372656810944220623849491903153016724171308197813711752728587244629056607353928989433059819658216492313809494510940925261159475061444500823616031694686"
"-279/100","0.33231239260458746630654868743533693045747573978587409689298720147895403321683068739475452951140010589708362849543614305207126627023853584070062032298433135415102232915123930178565042460432737924986454253804668843050079269375502153491143317883814171531345379145375515973009118229083604"
"-139/50","0.33289274759840225228815340360829157343319582083554197308531907549530491190253953305165308134130581987974733140818417521412181322654926495235648216494922104090688245037019767055057632986612008357692551205066220215128233482903474226485739030515363032064428124378671096849966015782371372"
"-277/100","0.33338088538325325672072098675862288758088671125085068190677893185312525127707448565840591819185073046735943086508082079342672156356084645394355996359506724312016498044380256707413607220118702314986247852833168046847026146569659842192307124186810858393792831507702073244804412990579538"
"-69/25","0.33377573450312491493757494371707696883517963612206952918395481935503209166317368181459731899994429665421899414419328248025304721692788211834682168771808433862748345380746555248009269054589328234292114199565412567655202719431090665371463440908530099217622290578640556474823043051839041"
"-11/4","0.33407623985277601474139234813362871522510910911872487612047993297065603763828508362888582257491319336919613296325227603878890251545699056737690771598732862069822112016603999677654543204223696034253016608329913008957904622731351205704679965104741634860113141506659870946411376108281563"
"-137/50","0.33428136322341801084985748831947297674350098959735834717588560825059998962642349905295485828413488833815551568650119301462091236684633448428184158750937425709764905484585866272278356890674898355514892113932445380900345982050636400824619773291739533003081126691001724792421399132174178"
"-273/100","0.3343900838415047447652218995111991899987011151521804779331360372714202465464123882538764550734055205737582662695473295467134987290992969927181947450906309444269006139412774302255800996826910765891675971173058259347502062687249587551232574106157595127345626407897139004992196646522491"
"-68/25","0.3344013989001023413820684141093298440055344191959736127604091598507831499976869242257600716700188386112240757898902492047782954334319827092713544333173265640889604014542028880101243673103685050823919302675639139508826356033293140029726729586300902332761834450482273020829543113017552"
"-271/100","0.33431432408232863671931634321272669190252899243202865986707109346324307046887733332519112076789105344250138991552081927767955442923918939733633544736756451098268064103263639813141061055278776435699247162640225701937701784505184760743093096622344687406510526199643314086337475850568577"
"-27/10","0.33412789407637419400907890980938182324258006932559236434731811981297107712882620740060714558452318266268167234159672885967396028676544455487771029847682601574997928724895709846560174175796470420263195723102910904045773689554166786500221397835641231773100198102928728991527190390355472"
"-269/100","0.33384116308164178519325912205165651063842144287006614874825217792501926158962680491815660354566058539645626268913113257617527026898354208275556738673885399546575752004101035135949902975729339887549126871462484642672570465232531517132632086446987116701041436439367680164219698647515404"
"-67/25","0.33345320530556814245884913838619953874056646804391568305174404314703736067809477992224013941841759264010932448846563615642515087868967739683261960196521199949236179070302543914421546790169225001964391178390870271618434638266233232463805383663381258088167637559168592273778743509086669"
"-267/100","0.33296311545072080413817364015517942561378010621666549597083761505620669484069073540726147008571946601013760349832869096267826615116857812413389060854018306910839693987823932177917417322771895344342553097826660468761961657263624993524048483284922869300376007524082759032779209055984581"
"-133/50","0.33237000919179396903030769961381444331254111060807936847986016704057580475174682671028694107677670586772576290202675267231758872967954240499343715082863355573869436173549293496396725671917530361988362285673420750913896630136431303693021260631063975035611569724100122564670874915676616"
"-53/20","0.33167302364216040448781637944090727138158161233293841537624077025582158379672474267262905354147567636201628248163497175901181675602105612752873557169804666475255357681828892010176414128700026963879186224846229626994572753979661507576607929143052346306030329685046478527134688403739471"
"-66/25","0.33087131780967159166007137820482321670593164202449031680912483556561386231136282009833709188675180585370830096637932242899260426971938984833411579352438119801791902890689152512976458132846937849740182006689146198175857618796212291121897178779388783987883436557604835120902306445743531"
"-263/100","0.32996407304143539508338531451567366411666884277479064150497249969517956592412048453066066257401018198002935163471779023198670619577604247268438466300869676340231748540473864346985877653662308469126598226703302101712398884394415125738286931281934044834097567979814139540487198291442855"
"-131/50","0.32895049345733956629803044240188742924032521252438407147526026835787456526071517306888604725945125697351744786538931617564120384242920584845600613897855847277017006925495884522370975452661222337611811597446814757732517458367920147218171313147928133007477435966455800861818991565986627"
"-261/100","0.3278298063721302794373021736325206152910007026004581883883857905775982641140686113454521639189440441997827970783473887897499782484455949249312221670302170974292381610484318306811967630171351226667364371172183495074729214444944767382277163460135288956903011289734152297543297921115051"
"-13/5","0.32660126270589759225089785652628532401572844178585667155470743774030832755617632088070922875853759678459896362016683114230715017736209277847449809066445343661763378058657222801884236483778871916427042900282765314220002221325280387945500008769973486850890585244271693277160232673896149"
"-259/100","0.32526413738286416496164765321356380801624548791891900414436939054394568884016383270435376276141576680310636562648641281111471895135042381015411188136091498243013115030020922226947084395756346218408937569038786176895645266361759125246765232179404215517405094048640948155609600420526503"
"-129/50","0.32381772971841968292481423799474258496820870809899387609853250561535971412341763823756503928249494549566306410594485858033268868265802312452509574332184433118937522161164773591650202573141326446251074071970567290767639011832814251438193974060306399280830310246103764029627360705333498"
"-257/100","0.32226136379439114394069354188155711740478186529217030089361569328094158700230090273772201752786187022042126003544510617993716936713409952194120658191589115595548854236448118419595789959889080064887667332271627380491574868092614868170127368481535502176447725296750282659319380950689258"
"-64/25","0.32059438882258840989480749888798475730228111666354811310687762835502542031841406114337457212221912347573761366855588158884778804743344087598020199819086296036166741767629319487741749506585912347975676482513336628944753332888377847139132628343572035008676572546482957672030501232515288"
"-51/20","0.31881617949671510431809347407849696142251129214918937240798639412611051373921179076176345492757327943009608500285986878508484666500317409284580166442630415045995197555000794702244142461814127857849569155541207790535446080763416790040435023182271983187125590723336632797869047186521897"
"-127/50","0.31692613633278697880841770740687956496105448635885199922412883214406217847944578152710659849093516236705893378949525284426523573677196943897152429801786847061975904713730306776361365771198977204748739853163035835992904327517862542531230396905717858435004945993578033646458882841662111"
"-253/100","0.31492368599825318632534526251194797169993705161412525536622562490725924996889045024416055603904234119951236590465992045981676386742621482118631076450355648458662473873278905466426842647273211068473310159452028079518476716995693078472978038806583350180921633020490537601771249796123053"
"-63/25","0.31280828163007040130825590681005344492694695350661471106052640948369124555033373587088987460128607253966120207327405828780318570928138980375250317749060427073667123001823027355492199155151136381646869610762790898032301750925580706753797786137067611535419822911262112946885905414552735"
"-251/100","0.31057940314203532843079402378721929534125347676408679158235390382120586044713118114735649663210759305421829004895962886636444757843368381976563854429583669312608502283380990856599758643855279963952141139975202219870339563721081058325946272659849144646916712043441062893911659813347506"
"-5/2","0.30823655752173775780717221585177768445555910825136639483230192629585700700195480408944370672806926044831895720520297435166606407264132545015355015418007942598736388951001448383234731387856875320019201685053111243049034012746181411026410910537397913493389362892138629528632508355542276"
"-249/100","0.30577927911755387146111893427861170527186301938323497452744614231614469342606408695445385624892349315447969323132117546030118770150732343403904191921013637185928158788971286349198929829063736402868223054528072523971662637232684276702795472543609120923831756830298911159301001323457993"
"-62/25","0.30320712991615790511933738097701024529775308113146164492220209640887175765652017120356838569340948920660886589913913441305074620106928160757168494802803356298908517701719545324257050131164640159792077677546148719947742778319249097057006782419254662694096261043247201294556029256470019"
"-247/100","0.30051969981108944870838744334369752271043640646236367779235647117641080288096657408648825422663214109295083866800077901859691503184721622266094299509768058134100544708103778800448343567497928265138403326214882833775855805026572199718038782701387414239841818057437969012246109971986943"
"-123/50","0.29771660686297356527327394969694748953190325521306350810116046745149603052312883594222089259950614741506849760263408559515004065639981715127787985183651514147211146015028170031932250835920193658428469966020459285154115309132134721501170156058415589203347357725597466800295455627231132"
"-49/20","0.29479749755205147068754410962227157198081250628856159739575746615434870049944275869979313747625362281727896141456287350010856891659623814667230656405802501744757468883359353042525295735233828004779085586272077947827368066240192661534325992234128896819793347723979122993249317966905742"
"-61/25","0.29176204702374071105251769220770592447523392755323964064819909133236260615150040624173964202208253984143326095456496238953932785188313024976691805898592304307759977200942852049172327852980938990546171280700529464049321954513823582637914505193290039772642489642266227770295375335888617"
"-243/100","0.2886099593280055878381043389050215649301529750890955063897424392314390405404539150977884412378188581936208630408926320039746447103583940582310492136676129051376121094164849068444525628067409930510918715032951242595322070005585688057616419739157584940091061640423966048638185520284242"
"-121/50","0.28534096765338102670811844505211918256532444393953085400065118453388930709033677408059311624648960673028506894573034789457927409039460129998915197269010489846635156225098387412960601402315295270944251444140284414411159588445627432371608532865293431454171791660258771060390401938111096"
"-241/100","0.28195483455655621387810916878270183590466641428003785965038043990085964022339301797919474178511682378133969261071780194623963318206897332611806195187510394774167752648219828822010648518173030332459714927700840718070595762491185450953957126119422673850276923706017033462066964363295325"
"-12/5","0.2784513521884882281861849587070310750059949084971892665679643374068992990796261161505988345752002448063572425414741346136834724567583532290789418998269291385396612832455815881029218689167370295138342820227251732805292349360984323172875021084918893491716031669395145568598244663209395"
"-239/100","0.27483034251808073016083438654100997161895435784856071212977001019653094520555257849531614705109015045947763135250839017547500066950644843465082839081921323885395385839126427622247040344154503736449170304914617335241137750837375783462652763361503657769185877279224421454870579928444241"
"-119/50","0.27109165755452875807162063175610798918479149683549136869008015547014631242933356728271510922513671683743425242212561451279395689148372555021737111221093749970707265130722254540364218870558454344882593260882012243716458005747659988636502750290353639380870702225891868829067316571916538"
"-237/100","0.26723517956949814811672700092560730406800660904619545213810267396639263482018045666275851992475927777787913315472759016083957826702901880913009767907569427841033592028803591761861874683443429434367550304434443143173976265154303933540072926637677197438315863801378710895728850004778755"
"-59/25","0.26326082132037748870971823916423077396252152822789919217018717112393988263631152098725783200277263824525801025822675106917224203928325629857288721931777297059074262416921589268378578953675909608135545156464200499651006078789639131335595850523225325935219652401313331736805980747756288"
"-47/20","0.25916852627591244607110554476267193508351042404780361282746093152689493727034528227299197920981581299162862891327634358708288235984098343066558303018213962111668785928404171677445309454690686371287175402237598703554669964544612338070211043043788704746601839984303745192970008318392577"
"-117/50","0.25495826884560758002131755521866324654737199727793132033581995878710260001746034749514770502419607058360046810167675256300008955623835562584702818279099003080140782469526206589934987428569623754223093610240130385918838605103748196345867849953377209993895998549712334786645086672082917"
"-233/100","0.25063005461436050262733828501199879753107157831942794118194764034766015722155829120613179377338843771103477046317572636377738008520301616585808645420647128875784130619750128330269748076119974410851486397361470811786187849694663735722038002308443861733410447415428881977700439088348743"
"-58/25","0.24618392058387888288708591516515004408165207800525693295444511846436461730346641812506997343760497726633403561569117829386270979161032963093557156592027078720610243588471227349309825957930480165659385654779580962427579507055548116626741963352667812518782537747692458487802177937323674"
"-231/100","0.24161993542252432127733529509055902948637482106094493228652914685200261363924158235060327296302611135939948816052042226736862404796134586546067522639644388738317654321416601974671270712615342212375357869721837515771759780004245749289575476020487300493216131230239652264363319924081838"
"-23/10","0.23693819972533111699430936947548814882415130217263091032206479350239588761511916966897786802274503475660411860618141315709423525336577052706407909352528403335727084171589278412692648051495931876856749721388908774307609768987920635883179678061107486600734866372759795138627144472843107"
"-229/100","0.23213884628606592061927443298061709308344256939612493715954957829132091575158494482358610515435291699801249658786689643862216040418752326602433014007163153262352034616852336419564273201566011274809046477085634515114989422038416889531533338446609878955914948970969071902235585579930602"
"-57/25","0.22722204038333090157058477123964388960314055284033939867436643887128677412642032525185795985960383757021357958816041045513114320089006380908881578138034909422230187984133841735644527096414302377779448562924222353828948854608486112189955484832388818076936680869317218486593308262285252"
"-227/100","0.22218798008287470971260724233033068108901881368275145331163540352283491382346654819229179310077333187355175087614399538575446453391308466264487835073956189321114982822854692279924912371438179777013066992974942712294289108358542294775494718005256427992845341255317054147218775895108931"
"-113/50","0.21703689655847080501456870472522400417845079067051392267952278597367158978294765780536911328295629564263724762677199072590227579504361798004339723886768795095541196375578996969796421586158629588965175420283610275470202959733827741773327814556456193842300146514694901710675606708148923"
"-9/4","0.21176905443396348967080568898568496940336249018696911798987352554930796921254871790215142419618327511739600164044671702673464450313057629302890946259834778063210046113679117600329724907053428704839144341345968448533774763529417932191385591644374775197532498745859603681796234260271268"
"-56/25","0.20638475214938452376081342490935360019968719816031119214063094911855138366724630477186384614232649118865302140435510779344777291476943016308878237461698354138614108114755332391173541692251223377896319613419622245742205972296762670645275022218917663269992915382358539425849854963485962"
"-223/100","0.20088432235443026728832788910055580738411893520547931183646476693558344028340576132586771641995743294251351290329608837552555455851831431183557436420236668844675144299306669373994976302550289314543391852396796722775172394467269191882725276387802654619635604080590036111374157886169542"
"-111/50","0.19526813233309282696393870955344192292063168411306939695196530872881328083380516206221915109560348236142325487578811940463119970367193346769367533243006338916506525895088116771114385178479449426996730983302712258057961523903822321143972832322011371885628160885308109214433847918868845"
"-221/100","0.18953658446390410099206386286157425128809724478624064997724101859549133067154554827101313592331831713419438476868015786398847112303142455918714105715990198941862686190325291773077824534590937199867103114979448255449368874453330347213960049241409828134255830976103379535176193943407441"
"-11/5","0.18369011672114414908622439482612622118338243647633991250724839098743008833799446454428484311357353867843045783054682004674087800757214768298921402317395901014360219583026119735390081000386195172791090073816894887864256545819487176453149841344953668911954478343561058610771797514231583"
"-219/100","0.1777292032235798507072632967149682787458579516112993638216032418203437158106619168872539186427255951716583337290595628070255727797067817325063477083467346874807875463044256910669482658005367662576533096862636268463600971048541588764309593387535748154995273306505618246505942243779627"
"-109/50","0.17165435483897616751817209180649918844420978559871994538777207096164583760960929945863455033188697850814143893522182049884535622057553956731361964192342628367066145016319771000322226501631991319319639872883432375480416198193566027136713093303487630799527839250874903040342074935950816"
"-217/100","0.16546611985496946040496681259538339851130703583733172364459967368945428535696939390312198257287956677095460916504801963860366423602482155465114691816739693206310050073558755043232553688088265471566478096016562791229359966743981810018699880125869831591927407687159874409897983583980585"
"-54/25","0.15916508473022735818125729605679096623560121764321632094603325064791816893026078341627605491900741631058502583907937811429793235919495157875006599461911628629055598988528165417187891203384030454171078433216430263253916330186757538627511259647396507925873249049236888874114842892814774"
"-43/20","0.15275187494463197671987617364328882427937197695835048835205933438339705118180524165829265168339491380831670986212067291034908080746579041284921422817575856387363172694157655822399953022305578037671442201573788258261456834689062972865496918831602697755429069467027413901109194272870182"
"-107/50","0.14622715597428165086629444907207692003713404531330019556367224255123905581207324222301528556775594008719440975700162980058367901361626141511330441026862582535356861638763656144092937675959762965306330933644971273552047935720996798330775846078437011477758622135549478644369333681088759"
"-213/100","0.13959163442764261146748143636135881534940102161531093478956665923449326872206172185654184177447930494358315453141552308867855348718578858813527607353744464669047976886360553366334100044079030188353884361977614866496778193359902249979180736729118262654391336346762405067379530643047293"
"-53/25","0.13284605939521285680988512700404227733027541072046132150435628392901583052451591423346466338868624454512854455987723354848414866165602800711343239509809295490877562842251410631123028936078365864538976249070766692424300249886497634230878060680755771690789791221187942146307180514262134"
"-211/100","0.12599122408996611340154725356679144380483604184957811328521965389236907267783103809794508505267248750118660815450097129005508648455771054106814883521116807373702318146473737248936023604190660722975442950841793235281805910367017843506053640245849379435811292906783022337553637252345538"
"-21/10","0.11902796789543978831461485036484253684638836923408005457636389228964467885813265854352560954882139665277005701962364293028999398860158432429582663132458563043134281031642012807890230584267100829435562237403656498698556214097847174000459157565876246585069918070970264006262548239624907"
"-209/100","0.1119571790029157078449545215700722583204193660284224876178963993652835332492061226165878132402476517153529846106239239771357639313104378897519580500484926815708739229188616159913595804677516182370669655959724553202223220788278500023545454024952263340599572103575786678969152931840906"
"-52/25","0.10477979792755118654121550668376441519796962395927265717598150416792809941372379960147222203737659167586798958491376425832508942516542282143701667373143922610252238317967330262273231089781741524258887587814988158249283032449546067642379140858795901071127088943357382823541799906890633"
"-207/100","0.09749682238126894699594554368028343700962301315635217737114516315938554358393027294648866597906074691298957849689217905943426292838289225553018441385467098387150884399817548535017642463961695064320288759523635910069573342914273652296257558185406942469793872040010711887630154926652021"
"-103/50","0.09010931431828102403176325496843229053856651729143231430079499093009652406494314929229718901238130914548950319386843471904335920136972576730655660971632708706960915205887011179640751493004943734350006993268214014070508869116497147481260941414270094690980261125015585213115375011856686"
"-41/20","0.08261841060344138794058203855072781649019520482348495672522047135670864922034210495430683013451991773288643773100778464462060790442407714596942526972887504512313318382146496764418592130807170982273377721084041762014733296073361902774109394285386196637339470705333572592858367297709255"
"-51/25","0.07502534000365369160172458725087211156859171458212020514104883333282336934923939430607070043132670178519121949686108117957580199335414521499304147404690806985173032426522322118923276622624882293498908411250139544163166379164794092282522607103803600950296248925041985075413751400748331"
"-203/100","0.06733145181236413084846819637644199221047450448706286459236723836918042638781733456113433850231974068618895222377293602942066691256972127472034863061780138993927537285813437246114077310731248351355879980867600554649843994385699845510818251064015561818295580469224026591868414127746616"
"-101/50","0.05953826725541020161730702850297915046859330888809652131428080558382238286091584661815112192301703573045649667241421306979497700829971022694264815859376706325263665535811249514348027137727837359854618408802562331182769327397659225084719278939465683163048614670890287084684417789494765"
"-201/100","0.05164757903505470005680608804623593224578862432097452351453443300535788319932863625164571593500405505445177713291782354121299672757593092152532698161969727157908220559567804907889255598816868039998307093366273446692535368793009024375817136840417599087610236906683110869633585484875256"
"-2","0.0436616627970931354022842538946036948087412848583348752361248158533352772639152636794729159495386583746502014536692488217496476029252470107350369393110440621809073555605830121687209004995118034220726436449555263903358434408833709511868920065667396361170704276384890584304358481253545"
"-199/100","0.03558378348107918988851181101755825794056597643823572790838259007984889112036382397705033207345076848522992222600561628858185458988709097450518378157784545093825579119057339778170462019434374180516698710628876419071965224976774853698405027333804137195204380863422005673607039270618714"
"-99/50","0.02741962492845454045382518963816931778276014617556453174799233679498504417994575112515257482693663512710219695925749379502702040646704402836263400575171528095276360672326283953428335241214088568074824769178135695625852682303257797487208556618126499310771311467589367032094944963830132"
"-197/100","0.01918246342429412082757720670549179749311412958892263046489768621342620757442486871923621766552521548238856381412886237451154427232953613467871218718226661767591680337044700516976234477256453167648129564462335908535880615382826740639925773227951749382521946091633306041184640569832732"
"-49/25","0.01092217529185287028279238966491515585621767028526089943457259873790288410533788680315698517748052757858214053075708059808300551166763465261913181653946044218146713214374994099567617281503868731287152519810195038223353681010629223767242981686705597831514953161538528063002985885576071"
"-39/20","0.00323480508742535687629371434241674612616126149050908247901550637085698182331711053270977037266311936875309845342220430759021849963527261222228694342514640227077255580693687026784436457514490617514978745954786021531931753491703982546047722168744654887043882972233079727662927133547732"
"-97/50","0.00678737763914621223559935101388624632733006171924881542879943538045887136276377668087102773072989186207227123659045312415959889680351978796853168949844406860362921387043869708780338083670316745790990886263641081859494720131192499079626329263667196688018154666030702477717481012065222"
"-193/100","0.01518668152927667655469847882056840340425171808381297764417055565551778202402228374402131457811230750807859868063898904331137303042475678795305140178985684541944322231798123813169295626359652690416053300526128907182600508899343958587616111782376364458347547640831909475097019521806468"
"-48/25","0.02384575930522619048137464044615087523378854349454690302866132646673102670632570405038835735640546815233274471129054871766551710456041403240382716624554081351101800788538676707228481743969334276921047236195107279152987672462796062505008244295649245734487614090868422438551406525551783"
"-191/100","0.0326251240328903171702322108116962999330728198850645789508371695343524068391542232492739998837100620704345137855342971473104702414063902994626909700119276390591010130677219136405432538822974101180476385126094967162125142995241366587914049365343595903955770248177401408335071617156642"
"-19/10","0.04150008223064489543621254546972844830696915304790103157230408408429852639463139185917997815304216909739402392584947692032946142174210410974595864711948294517531695152282904780051116341613289174754624039729003752584260622828551149366655689704261655868902674253087122126491102540088516"
"-189/100","0.0504616903061170400563271097675086815476025195571324652368658571614443563838451616686092780077405371557938797167439113350807205178393362691288551845034690392731009252048992219641392850232147914351975453215047932772974104460341839392870543890640896301950650582789954044232215095172318"
"-47/25","0.05950507998529247892318970947038883841957671659641232710907406672637006760339266747758562244096698347159688108817254562228533007119890871207091734339613261991856012894284286611543774336674302206850196786748162146203239273315845137947902368993555639706622105170307016219364311028884716"
"-187/100","0.06862678768044148652324669246416008808243726784256937369568951337003427135059561153367024520982647489692988264831155159741004321556224072316619131166932186900774988583474809127589694769370305124612506333293535607869516175025462284412271464101808418975569468831433288417025908782033107"
"-93/50","0.07782390970225341426547093635926017808789205472779657660951000656970116040679166548956769431009535576302841637077462646884051098610546010856003170387289866766180341757612220563942954735308977277631206648259509861335344691997614494019624734138529632812967815207967200483617484443247745"
"-37/20","0.08709377528573617687554023621718132851192395089617977392963107673679937739170991010250779398111844507360829412125297262376947089146951934129524339803771828834246962072681433780057515305891919572534904814610453691740888729321264707159305430861586253858394249836792299093874755836245037"
"-46/25","0.09643380072065789851712479720863368741486980731527746968443137466362853190878442282506883063756799627273076749225385508502340555368568630119509110647436291461832176581611450127425819105271444797507930215930996551817605553398688648706891225474879695066508826815910164063818941418950931"
"-183/100","0.10584141678173721565794077130036605933570018230798817959220660135233874182539413257244023600520273733528656058965824713486938526671376609541185497876021177717789628040772397297393983244382114905099642874739698433247181294543581851588389380390692673813941813917460127349770947093786181"
"-91/50","0.11531402922297710085079248502365104297529760430602314445060738475558786219324512786798832016997286795744037531417840875606251383057137107696523763508379224244156061585269811971535806197047548848071767933878630322051485361764814892891071016439024046273069764059458934111730332397226619"
"-181/100","0.12484899549258079531743820136203818748550933454263268039755898996623812315108320368308025378440953037422834091568878049218113275711133674767391941353387793451470417236454603725571877595384981338283649447350509296773981268013921822210685447861521522387776080420769358840167891341063434"
"-9/5","0.13444360995627649360157006680780875877687264287503105728801040620745553829700846576461986094094956193786058622805781225486080373253065945290814104260356169312392460192082687393753951378082989220889940320623201297418674468966596134567618849281770890442186012717391500458191365287711101"
"-179/100","0.14409509383399055893951328991300531517173327311904586816136228493380629337610949473233587294143766630995154578981597513527593812840119742416377847782520801300243098420835136244701397418901542560900676003290979522898020488301199682675160124194462891724867838742196702572785470772709152"
"-89/50","0.15380058786847695799807533069671827766106828625224200286151126849670645503606955060474909610095913416859201825020200449590389022870384730190816926965337812967375388198421729122826802213811293166970684958986350834489619202616097558044553723673204369258459591429767918909819811330626006"
"-177/100","0.16355714663911517574200299939368403702919836661145330298678034687830121991171549100261017163042292484744226663569895692323489248196347340605048149573938113791860057054955523068058049034496870104943743225308486211186518698751269382702448012693498085044399971974081296707725123344932619"
"-44/25","0.17336173389958015208601224919899912392615544480494519324339430414691407452293570960893929500261768731201511340859542254221328704240407568758284043030780009730341420830152767401101815119418498117343892298856151808821297850942075056818044466827629365729720724822362764161425786665245105"
"-7/4","0.18321121857166202560642957689188647260593257277577281517730854075709101711442962694918942574040137650249819796206854545228973873563405196938184000628656987708367273184568975238191062389737487507036623352922055336131941513718312333120405373906903015630627632571723462199805348576201775"
"-87/50","0.19310237117127139787892907332272883754020092909811665144419938325468326153168156291149570240272383887631814037423872870938975559036053803087384132488133453974721591776209222736726975819830813488098436165801350477850378338612085683983862796705615884740710859533035530939773972410662332"
"-173/100","0.20303186052708716944222131128362072716079343134256665660176272518277911145158440137570364902927849504622692884238282479817880111128285622870800023700783150245696532844452302368368755927357672375679773285406225104106045358376515896277272289593654462970440464180982626222232452852617251"
"-43/25","0.21299625070346661159695501950764578302376488082173728407436249014144884297394390503527915001196409029463321759706592698112170838385851999086489430115052061596221261039543178671115317690168179466575974518391383320569368024870449631844937754365054864053198853265970376335430800739586899"
"-171/100","0.22299199807114294101714129913163527203458722668804559124693340743798277186254577457958126634780039477393623879260131701008380571975117954799588772936121156970376772173676407463449476822451316790740290143793579236834891638001565233717470479946876002886722142279097660600584117408023474"
"-17/10","0.23301544848966342275978097824120917892538815287523534085565974346245435542515853567292167487879025592001298527910317338747778656256734193890628098715454195751527463587629958521376887639132169034537641582824208203014193704796496417706856232016763284163425912485762620372960724581100763"
"-169/100","0.24306283457892672379225023016605652077475123126550916202676744950661440025720234213397464121742307837714006384654827471710297581672672237290536500786793138990659670875139249312970058077437335585248163308857925995620213219665012515337302466789493385783767317290670911786107246911256129"
"-42/25","0.25313027306618480867672968231301178225428617595446106701454397733478955697657043523329604414709437890981141121216515380317793225406592035622497437976318566838469021128599195454446062316352013144507466364320245834288611229343004070058764113924948325853360615737293387152042695317999615"
"-167/100","0.26321376220106459791102561621501756342843592100442422561992292648186445207978710087016635422264033246309853331921257642614590092694909437145610132973909525822213661993485816085808156734595574866819399799795927098133994326346220492955084095983907731812667595783693496099200612936697175"
"-83/50","0.27330917923551408808316722056779342580513647143823509198049207443462683719594135933230722750277007606414405041303744199586415181856880648176523056817022933928825279876156820671487601442338301118012487461319750608507693936152418076007968542020879055694180075998399945339168141069674204"
"-33/20","0.28341227796870101999708493686234139255284428336038866795460435434218294626146342015645500589803467966654827886967545912649655922758354791647027131894751407211137753432275479085976224619422872868323009048006122804888922486189567439924140516107210628484977275865594102301070781992151935"
"-41/25","0.29351868635918312787644213293141612142741700205445468439001522183528838580971441379125000636132201929211714867137647555996443573344290000238756597442058996578100561332398492138202773675569903132003404745398956048680993692855664843336923029134749080478632826077151809972674523324024768"
"-163/100","0.30362390420838380181433203296197125856911737292855022105160090905005441385054780234535278730367273150155937767046742134195276183554465920704687073079080354190384959779165396489085668895321251687383844802801364389146144496513768103213144239022644457686380211552292602902430593410373957"
"-81/50","0.31372330092071484626283988130836539007268353039447989923022493205372519424249754804184857953657828268220488205619416199256675310299144205659384800307550923215050883955420772995360355737993069730822415673390528952107319270124426111909783437985446394915758584858219329863245743598652104"
"-161/100","0.3238121133467019341492153114195060191094811914080023963535640373098862694574007166967352165597775891679483103480382995580889213577388198438598795459044519604068686828039911185103280951250951825549491204416453281657274437780478462350080746988077068848136153304153113539251841862394059"
"-8/5","0.33388544371626451734399791867059103119644988307378165795097038351785323380904518792149779114876025756075987166049327335140613595130591694827348761391984349482703388077310650716601400902604283364607058835256860214500417881336567029508545261407479335635714125399193529421662985746926267"
"-159/100","0.3439382576699320178021434682579869831062477436427598212661539036505915494513788158889709358115667170661486244968968321494866075639436962528986618065962355090041519009924871548471582088234793665172995052584724582256092808689344326533990857812910042933449724075498347307525495088288961"
"-79/50","0.35396538239627719173047674829741149382684887110457319777986980069496274364284000683024608959014763854994484307088607354592196251905152421180728162249026906908716239089457015247930095363459513274838247984262613490766732223446029926267667518486700474672621142748120029736093650924430656"
"-157/100","0.36396150488423940400335261073633263093836614022886321021538383211339295976548269472541890033482908747834268822287970987691376128554266007992361809288085418015301583807211980464467784990566943907224100320186686788554287754227715377862640716319296839638077378176635797609755862328544969"
"-39/25","0.37392117029931109369419459355678541635008182771791645692260514076017468309040658151208460488018750559540414662195085493056091554366956355544426896643298834645709136174419592631469031314409398415846310939218059692985513373545991602261951441115996389639611050190143716426121128480041051"
"-31/20","0.38383878049278037364155522881493090978811599667851406073915810967836587237938119458467473850344346204208401927489169155789194279070127414619516968750662900248642347221865885295475950466299269709587545228407623753857557936748411662675365366230636902176631705495751377613675073200429846"
"-77/50","0.39370859265336801150177954476245297524755074311576357761791539525785347085755848468595277060115409676164749906867284908067365089819781678688381056230027957613315833506864222611575344313525839246286971166378410805328573949934918424045161656590195044054583087536557514929103035191672851"
"-153/100","0.40352471811067173031850646283465828911395755430705957882021783345424841917563697234326967157179033241953650660508637400530485089693625375891431917569438796343726696001461394007195460602816843363362067849229775499898973297886793038702606399218024650440517593671643496552392670803730672"
"-38/25","0.41328112129983659170080749186193956450607288206601298786865552175942638099752947097974933631686376947838430695400126876974178068698738639280109156993611801113075381711906746848341521406037648121337132646246164899806146164973797405030907552208047575597897932363230895744821756995715229"
"-151/100","0.42297161889680749983141120411929728642277182960824379872997062924099118288732960366990404448401285601958419202498910634145830942292172697578091921750705078144505305979616972439988920980664809842379394433925362659705368352285896038777564598295022075661846999446083877522623259113875573"
"-3/2","0.43258987913338788241547744004921854447449750323261226770725068639896529987610112887111265310604606368027774404586211736759029643756460126531275292295189860715419235549151260430921368969370039674822572026943193951953565268232150999502322616141814624129176642875110167735359601759730745"
"-149/100","0.44212942130112594035531918091782603848661731267351364363136120472246151965085968824947286953207481351814774814444709376873836297901396308326186063047258183303615910595790008915165122293256912175305924561196439331384854743556621556390604301974592172315983301591431345774310349193659657"
"-37/25","0.45158361545277460153253703216831483140804546598867639152894476056707716124613658129810590675739790022696975081665090942984614243326430759303657908586344578062887580345182288358273108381388784030035204743197458039531957775210997639941775077598734573413156253341692464301789649752012799"
"-147/100","0.46094568230972125324370059935458710459741059749336380530110129522210146382752151770675026791681536491780758252090145368906229467506814835493008847382141372446520738475532097616623706917643845066443954296585918731056448108892687612938925279428524280730005895655791572994145375987329096"
"-73/50","0.47020869338335609498271849604639086890204756201156297770763154017942658947257684070139197107355488878998904933082774893610686513730599989123833882874082524946545139871974725367532236114864410619707890452462623441783383240536652603624177300512905079282938688784887199579027068587817684"
"-29/20","0.47936557131784114822001768768430877625634690182858161513505667683061465721951988238699785982540508736176380817793181471196261672227937674201619688543870172451767384167094689322425709523351024131719463768169584458722219253510545537316686044611586530216463962327611801406444884828127826"
"-36/25","0.48840909046115325519879764804081888940138091705552384978253944009322024104923828150193167382604723857617981052360348852695398679468056668438554242130045607983507237563857049908635724918059797466708977759855807175076504713630637666784412103019435546076401497461735400219463873840895381"
"-143/100","0.49733187767060163307981297716501403382303975761565140827598182676047570595330695207247229564197215065241546982887920159952305334081470567017684966884417225012054754463466456614451098624051535999607494682597175879578508774171062336421425236857924734430216676961540661467435592547126679"
"-71/50","0.50612641335826181189490513743593699273742751308369577820338976706767088960069383332280530610536936724630409060089100181257864764083191271326081666085959634436224184017967981156799032887808623525374656768070172296858377915863266613567486176845028690157614361608587512678115935643601573"
"-141/100","0.51478503278092149199314507319217928479164431416380283592276075132991964494593813947088092857901372325925304892980058661796203229311161334721311302361367182914425377085629396698105917309713351221773784035597097623951894570590212533658890523788868424574176486852984134274142963887557144"
"-7/5","0.52329992757819882787143611573424699269545218079327829053861720137875086338135205522218035725274200201952023547509522646243998645601903891295113282026295979164088964135771437169563206066776323389921163475246012840870679156122532912589643049720825541520351403747415150405061381389950167"
"-139/100","0.53166314756146917027302618466929120349320116832450034511127420348102131927484849386332339483262970294976156985139979594622689094982884733551480786925358374521659873344626047206084459652901181582459454359994412827896115654765838360915841229490160978678837786292508892598157499618911463"
"-69/50","0.5398666027551222037819832285226909344443690311973908834409862084058124819937784270092475854016912387733783523287516501500862881937415058590060743790240950743035800021000091557351385813990200990495571924169655407176934972063854697877844235071511228377002100980224261241141458487057996"
"-137/100","0.547902065690468128738578716909195247727096950934958699620407847142423302626815514303752376712157438516058270887808255587344558647935840030134759118169830584341127187078785911809508161940421154068287180170930644898207691854179561927563168059357014470990090837772200655893152725185354"
"-34/25","0.55576117395132013851596456506622401488447856551022235597955245284170600890157920666081699324183118453428984832918392661718140406876743136006955115482519182991521961639172614877879441040216560036198880305204343452725251211781251009440778864338599591729784119592756687521981687868039144"
"-27/20","0.56343543296890273426029582210772973862914132575644099971177798344297512502519029383891304507223798170016267601822219306174717864586884067220643975751546827485982284966720848500329116350549322394876841682401651684890307740341948531066547152453852450906960626750375346398512386234856837"
"-67/50","0.57091621906227396237554647180539241720942934789521150038383077093500099406692993153571387738092481897368787938083509409120358057594249306226783134021649074430992190086879419367063644208419763278515387256526597295340607056314055252254728976984839622398098187898306842917864506261695667"
"-133/100","0.57819478271890783003168202194167643330356741891873140194594528285115988936651279688520641227211609415045463750256277928701006896831930804439959087309530583750785220260881800993532666602357632379226771717419813848851667745901018740758756432449159367434054193095938427301314859082226149"
"-33/25","0.58526225210846517785200725005826502070317907323599877950948006580273688949415725247731741036727213960795599603971260010881717234707989044348172523643490668038346892003369946176847518568114122925177909343095728507141088011925191072147780734354700159466259613531091894368903236335950244"
"-131/100","0.5921096368210922808766165491964270817989581550390740418595968586626275213377895327666026340350036354535972847933127624912236376527780218635611905415942854722520348281553386466592709835661920773580118708418130221285064170167297059245068793165156283258292990015070206610369520240375208"
"-13/10","0.59872783181983243806993589126333460572983711895744019438814766906370510609326948253363438771389925849124936951789354127666565328814534215107927302905417813318270075779765737795187037571901659376825233190622586260555786475385119114084260355190115263078163999153193562805144323358307145"
"-129/100","0.60510762159492376141128845998440077792746636313941159716950331222586759365637367711640353574492669466731244211933703595305851415331200683256513866976765801090348909275258791011715263689891179759919068013287139696706901357692497352390136310486596137791071346647329768637600136066528242"
"-32/25","0.61123968450589419943077446284011461707830740269090490907754486247107731728209755611740519866885893469335654538358466354086341315165980860146492320695621958603333773878546277965118545656326646741880874221004765010752285442975095332613602728723519389084923884345510908547812983769457739"
"-127/100","0.61711459729546138834369028349790762648897019693598094975596066333494453492716254029041729361982222935521171137426197846796264959776027679278278718419971487536450305108359236886183481363376180552729728238520313463365027931535424964932472798869014236055764658352234873443199537300323996"
"-63/50","0.62272283975731002137520844598637890634522088591234226465482022311050023503785668514515144314267924611428817989107234396011257600230141035837114863525615556568215420977244181512482213743051287182327437798477105833056342742035411227860068386847041207801169662089066321668819747022309109"
"-5/4","0.62805479953786379464350796784948397629524364134447602631201635298379554793100548831355987384451296978099432909219968579720570547943833373437432218745020969162921277739863621717006908634259934547334744245619888640391479719479313504741559458335074473764817388798846899031181708491572167"
"-31/25","0.6331007770502042566195143477848112402762996275592732686515847446003276598958268588068445430716505872768049043981136671209089419064250795021822664251376973204169978707997233161851320157352175719845811441667854072734382039267748803265265902734467756872584041463354935748329441788179507"
"-123/100","0.63785099047632754980294794277769936892329820204259682329601149161918267778410178094941571303994972832821993991091542533157944793676119819412627073665658641737836587330522877432144723221509198573794344274451408772194521871414006726263258597728204105170746275913811716871563553577457845"
"-61/50","0.64229558083198539307230955407668708559149123917184008750508312003265687363928480725773417093217982671769415378108238511549533836711905140713195854799716101058719879381447710961582832562055609127259830208695032455184537482319100491964935758245190232528038321789131276695096001782559673"
"-121/100","0.64642461706644277059896204558546546339610020012036095375939920407292575912829320849918309674879040224362958392486799899801739426561667091837596158316229813199291454993014516617623553417114373611320532663149272817578125292748069621554897601274128537979974911185438341439422712268943889"
"-6/5","0.65022810116761641280968357139691493387822689679851072456657110915612804458175280996769014900664056512837804301721053734144334912640563548470475937315700176852445043501814200050390530124991320487649133562352892087789635916071662033691157180397164483339797152141910083704657224588768619"
"-119/100","0.65369597324125062771238651361482424191616819469085859187575361901600419562171330795566745624894933851261207434264520588833194025464935406020747487352173656639246573736248197331375222008482677689741236558742442714392041617037840876432259453868046116707800935387673170355386891192891498"
"-59/50","0.65681811653105623726505573216761305835204984612771562195117842469086083269436234040039109599831185643518725715145221756375580231691674022282977558216242166944487414054331917938491200496899324454987055714686270394940380817793666404239505664418440327948357416283170820450437440011211304"
"-117/100","0.65958436234510058797583270371115807196280768640492806643402684094370453894913433162622761584923380853356909893304423144415419665359565177401118333328511978652869854511590945532627742081690179945661647918218142206812344444993847962208759498455122182169261283424760479216976655370001654"
"-29/25","0.66198449485220845530649703679396390355186726262810900506068601428837948937350188701165688812458857721636552824755331926645520567402799896796272621631267704529849081561584283267717679770578759288273478782441831834934568091704361804499277794659443239092609189541990594715032769695033758"
"-23/20","0.66400825571073198273327122369686834489696170964924800663264001658315978144946364438987631311825494931329688862821032658014751700275791231163828171439389358047159238156790184088562931118049191223219750569731329292511787822655620348858048077995178624459122220227850176689082584442524734"
"-57/50","0.66564534849078953217683214421408118913465301403347123525439421100816961605321461226947754410497975896813384564862582079190565873333418864237063795594425556622775530568542103399702587598758544919044689290725179837833352255752648214323752914580900074007074170064733592284116218483452229"
"-113/100","0.66688544284997541598667089246072610144454085166444037854869653389903150572488835869976021887783044954008822714250334900958677605629571737194595478278388540008038505542211105856766378177083481613644766128759864349050033006575846484632828242049475988410169381069433583155731418563762968"
"-28/25","0.66771817842162176654630053538857354798117014219050772909673434437400568610096885630263624973825923319014244842274085320813090300302015256517547906050346850041723972520621667962089417126081984018642657412351193237819631563384804171084252560739843132545965595923218111264424060308537754"
"-111/100","0.66813316837396690107104184951358588497611911032362952440165952504932638492124144661718738696257655457375121076175405201938400226969984729585656952441347180498790781126856117708424643013708634522809449094729989043187962263819348282365324377965805522441932458523865307952944098524898405"
"-11/10","0.66812000259806777166752782019105682003343759271655757548574112182498002773876300359339396970193604965161215245343038978182877649781494309895499553228025224009030324861821072608551112022980432973708090555911240257325326180521041019838125227752056057632300085371675019578393038223777375"
"-109/100","0.66766825048200337548351433727950767725543402560996094875582923760360875822075706028304349074370668399073042442209409664879033901124928782503342844955359892402816286192363489636613491885846560505842267228495564628054670465404576926135708378638675786530293186119964603277577880018289184"
"-27/25","0.66676746322886679084002322062560202604439736459339607660239039589361168881541844839672458025762056972989973278238725082284540315142358486188912149124125967990115746311471149485517378323741462570737125691078612947119405890496261778734238655636964274684146688055612827843363679785466019"
"-107/100","0.66540717567625073262155771993928472958771228443778797481043132981314817930769238902720343470245332403967882650120643969185508815167612051981798076808308749922708247382309656323559997514582248116720974152257946405641421820898356733356970389171001299747395271842248677360610753576718292"
"-53/50","0.66357690757540955270874859417627287419865490035734732685301215840130943930128427063949691745729161543982176914672997376263342752475272439364455469874814737935983960600249592754609149307774696132616541940980000795215583200894736592231618370586969561436136060546217022373889022618331484"
"-21/20","0.66126616428904324219991141296764311471024438737901089377427461072015256313271486901065254111340468783725510555160033699411039571301587239212065807861340517156703188591127788816731487330419660715116961620647595022802810376039165892073124571941449044101096820009373369187159224687066617"
"-26/25","0.65846443686770945139144599753607590490509679005974336324045149936257338967897269480587307443854981564955973748286893425867367816639802910662417075955949861510497979999120415688207752906064837008044696560135695801726820186743327209016322426477437904757479907793829879715208781799936985"
"-103/100","0.65516120146624053867838603471922186243670028874876353389765385491483370010461220861737538800392722355464262246840325861977958904132155227389809794695108622140319000607337730423601124519881997406721870406311873315133260547475042563160539588790472788647886991513100954560638167504743532"
"-51/50","0.65134591806323645033607786592730886768487034108917491376627312486312769556026577047386906138123480402575410909169658788993933940278518908595474557049838653917608621323527559760034324472698086438158987285717832375840855880824353250938083472896301984571101522738797107535779193116868234"
"-101/100","0.64700802844873274079681016257854993993624149592821901662227085708003849708449091771129382026476715424648615179139010316113027777123612108117388503780146330426470976872086714029666500704171270125776455148411489193237748571467136404935910634129967725898183146142946373177456044899823525"
"-1","0.64213695344751799855417366666895747271750787180050496457227345513160773902217966267715964620339109010624942971683346854916643995826937296861598430685461666645766873687100016391998032744488795652195443669961841168676260564703848896942219830940924511334095451596934071742879918682730092"
"-99/100","0.63672208934830807631902930140463527404536508959124620438778042780970230585780051405840061103332955771573419238175288501913506072706716959146002696818895476073471311540100672322062011009684886700206642763174130318551117007110133580667388036457197567668430027311602987526459383536314621"
"-49/50","0.63075280351208779766539014466612243811080907298523132371114142720135494131447495729651285253780694257424208101497060025631518304569869312912322129728262032540651877082994544226128437795379211626550279406802475184096377248445395902881664698320496371159969437520877208075645606956010389"
"-97/100","0.62421842913641669918069526617299338793788439413518379834259628074020696358159699389526220047001961162178318478100462155075711623094788767512462840140958423282524772331421447388554092425566706728858911738432247851956792269221764719376024007764213455446361970081547814888629754313914644"
"-24/25","0.61710825915637717781314423271958156226194243807403379325926681416418392244992289832669761256229969586868686494964968738824254409925357386048131453565322726340500888266532411452476833703599614977472888940771219357585292191690337462188514365547886603549367455792525918878679613204132639"
"-19/20","0.6094115392671356728751970722638523915002589314477698362013801561877781629764983713256738695644262715173662300751255239024292561719771215323475845415762994769087897263520401061829410168338425518896863022947578665754276379013224522532138107695520910468267633636546791796291905250212753"
"-47/50","0.60111746005780638925836188782462672200148044780039800597959952915935230940291720813887104976734387084687907135640570494751158223023002086896822086800607706378153411935061540071335768272257149204278161937715004788683222955333280969076938780416045652378491994485505934380912112470526531"
"-93/100","0.59221514825147085670696723007582946613876200944037642372490965480131254772522600695275978904781760909180432070941059117650014884117536775677264487040871198061907565756240158502132999057998886574753222832910718556394621357938321068507415660632711099369383460928271935971768263480543995"
"-23/25","0.58269365705183627807660494074224574697666204811082016140547322465997268921713506523332444072487318167623960218808964763217332152133343260152834441116079457708275229763737304594787602186260756383794514841793892577201593636451760514430495051423140718475247937763436883472430474624151366"
"-91/100","0.57254195560313536984492104180799816263547221028896844671909217652768461820369747373632085159984170059031917789035767394868172232892537320199685720449866902961523839649892830417108443892560932453136683943094725087219338656881556594921105505644610310368987430960573473064764872171212724"
"-9/10","0.56174891757650839174402262951636198634987767044651479324036732472823877948124230854469682185151711723835202991785951677770781553581984256207069815183720552891896639459471117835406066766401827425897428258148546764701758891039254362473065761153677159988655975934976783731446323390169151"
"-89/100","0.55030330890329711752825846445906072842816255235010554796364531808979864178370359344050682795914471974194258528534586830853248905571811503809279629639741259890167964005024497296823884007412837501491506449886251785744635164330294165874544262958916432229420510362462406259349720949830916"
"-22/25","0.53819377468345892853381478062440262690067012970034319795956240327435076041733384579607978291173161016845213297476563802982012900914526080455968779654740568889558446836715294305778735090147353866290061280600427323592066953995315799250504736212061380440983962043675696707145472799361814"
"-87/100","0.52540882530572176403719293576573163200219399978092146445716528297706307192745308657888406709136524690782640590076547873742167219683375191364294210199784906937801790561949183799595726591452797228495418119345949714706868937667534021626932538815869105927189450802709687490046748109836318"
"-43/50","0.5119368218251996170744977757175334948622680163310335958801048093454042574016908926591934251916319886801486382861684992671789163233125405504625626014045474030665413474211111223555526325539784212433059569829504348278119237921503163057575906218059458062722529525947417066504477895840418"
"-17/20","0.49776596065403475790880623393248398492934920542950693350616046780127481444468977928082620314970181378666454483959051283231020870788479835436053998373944743123548922749230737959184316621294831030964165347781656074018861421055889875514958424821481610570880457245431795586798015493841538"
"-21/25","0.4828842576312985790849461461501605601576208566536060279682027543300053662181223869581574471901685573100267674497677468177440723980129819240717749841819547309093394329250755878795475611842712509863072817666022370057023949684725416767896465624143454228068682781743353989414041940055976"
"-83/100","0.46727953154995238946348851648552748601434726382102262614487135291906565796753200953291027076883778146432549168235498796619300784892685710810678022876784237172998749243440529707741419018201621690538508548153279047941752304986380129963176748096100734469175404822014802719697411040831348"
"-41/50","0.45093938723124327558823188149072306464063521734741733520265277908768284748817797615186841412373854986788508727051796838929498962426874167441556743154038886945330783114610115859808350638708037542545854673936035621480427561955914820705011104891737908932825394273324856035238799252904906"
"-81/100","0.43385119825061020906037685402559959258713859755160385655123060489455334765723636078280287827905230981530391030786568887631019687117958667794660350037788587691750164108340309733129162589154091370567525880899815249014678192736514121590991952180529608978659062233686353965701710323269469"
"-4/5","0.41600208943415362959604143137214681016616977583017493083731710705196719313662800574762483560639855739047613420336755346431955399015818386937312486259879201484973282150531994495500125532012999300814892652779675778944102378927990409673836829143840015425315986650908487456520473861063515"
"-79/100","0.39737891926117430309461754784595345806133570592974905661650051816026749596105895322613137199829070052667041880861036165748556274105926060508600337701127094141694343370111439709761052696736111550253978813163861639143339101197552836296636241975977346893087794904893470043194201430281054"
"-39/50","0.37796826232648341594237858979396947565978114731878134529452567117951311459675786962689489675264802572455896033681750936466040174169781465291976347990028574170037178185131104711095114698449874194387645617238192166712692357751031354611994716041606602845088720796710651951714090927605884"
"-77/100","0.35775639203652101558828211513298560910041919951258184865512375410457626773080336899204619804382569874619569361815753703267763893251824665331648463701648481855398863214149450392357214915089132736444163067861702572929801646860290885943143928897854119778469041380987319523163341927128265"
"-19/25","0.33672926373642489503584578506624700248644339938057614735082408215604596298820530993520956185580661382765890524728026471862456119792029080118120581509993733986586358689639170058985095145908567536541967359793136776881028470910032780455517327128090479073607948491641461671700434776277112"
"-3/4","0.31487249849216538604329648086312195681055026856551811108892407253086499554545525363825231050620637379226105562790376903285737106603251741188546209866077449878380897395405450983140974030702086733638706474404980400542508090130062275677598222005533972320338202115182891143971472758400745"
"-37/50","0.29217136778478971885102898904748937739430786166025975842899498636277955536312269776701346152408430719068736389695700991191949332658526596164312652362417372176793798352519245515373617376641957185741514870182015025100059041748931671516885803719461067833725065180142920265354336907384531"
"-73/100","0.26861077941701149387783447839448557857682310945094186053625792595907609110031302490126748544653226198643937481430392603871878056427213801445455654889654010949361381316589924878014840769603680044585841952811236541109764746399791837899341332067003665262451385600535912034939922215312081"
"-18/25","0.24417526499549846428004234304617635511238475138316945449425306964707532383890973869206225851828558355446246075900240282167604127807083924865119486502211398675586597037267193108361310857384543275116895050079998806046876075556874608353925438151289539355676188154481678328776304824965982"
"-71/100","0.21884896945885508155516673993325333291612195362479635623626173367848785474321682060687621978368792958288894963776591671525166037798895167086216524854580973810045741326699403740556414089575196518091818636191971478704271270447289241273545534205889327748967329780166846897671459521198451"
"-7/10","0.19261564333485445158184149202532147338689122784454674548471127477244624545339243387847442517239719695467693912597112656803814191074868847883860263710223698035101038832878661473790276342641533246445403910637319864182305767615651240012556962613121424094885442173390145529662297412451069"
"-69/100","0.16545863892149097394475645110857565733742726010537515013139949615671678979368334251360703613856389568553813253966622847035801643321137131910689861981262879964377015328289293117796951707891450386316851110665265441566813425711574793638318390584830859660798896134775604758379012029659263"
"-17/25","0.13736091305440355561943127422462129525386844845402874558216976186412039802207192851954897112818938569311882920249486950978948782999301524126620212077921201947661265485629899220096916943073659771511328459076555939143995042113682607439646725388036067491573771560919892632325405844258484"
"-67/100","0.10830504430127628448480643299277046024577064783546100358512023794439740392716630743127368070667568070737996005867437202788638430650122132193101332268369294583854888194446985088286459476688070585768309878227177234794724343611447946500257578276453124392217822093382531579741336933677977"
"-33/50","0.07827329635561258798106062976937579430487143833066659148018618802603978435611390185969671928669067927716602925632959485900769555722070418655544473639265912001339022521781059839708329813430483159603545249427351928787749981073805137343197532017765619098691944028629730138391021593321888"
"-13/20","0.04724793017362495157843004648979560449087583939472891464133342945291517503225837262253862215780535239946700954929826660360923740482835516557240107344501919677900048790347846401954294459012064393032632733023589999431217250563295125805315212764547161207498850024764500355711982855976468"
"-16/25","0.01521544951968719735044195420354804067217022706356867463659008665148151147720856064985195238108912853290877270725545688088301980197819463337492640143247225435619440549611837043934394875799766370178699708840410146391184178140462117247577314125534399691270893398695385292896239821936529"
"-63/100","0.01787650451360831138186377989305236486132844823272293766385882923582677980210264581905581371852618313246632097681272607190408766660234548061182552280418350206666341101910693001223105917571305005500903763369894432963856141683535520282635212813557340627757536971068723480983073827619174"
"-31/50","0.05199382205134364925887558261688403206576407264118753522842979487464519554311347783621249446626960248749705554374410782161324356034205088623418676216430075317338775563529993063456411839916788832372327241064880660993737442225261891953568649544937882741852172503176900534696626973505242"
"-61/100","0.08718701525201261861364056498861156437172838657327651560702908365477368745296626715283515759317683522724434040293722723738311822606415527040324152512958474889196403884935563394806733071876019237929756450674344978195470131341602323994112600731154854227797598882324070707930046995429393"
"-3/5","0.12347195834542939230565773478853875168927866304289812680874883881120731961715604478708329747608631499083599010829873220721637411637681688864633535542521520352142151591430586242888388774493952485330720961904489422511647022418497810233126326614625952356130779494565952148976620730373159"
"-59/100","0.16086830055534012600955498995318684441489606751659404520811335795450265633947726887538530115155421948374881674623282569511851634266190384671934130632462245809040684907226362043357222160674062608501164634037830480182299660424421020540645900273109484970246631832135038998129580618825422"
"-29/50","0.19939618342148044050379426427853338667839674843321610576431806104633697215084185124571044924733857238277156588969511622839399784642948250416133224101410151688378855849845843728524690477905576424911181540337660342354526197484052984660154472504116153593263381891456062099573321839521883"
"-57/100","0.23907590257359614199713482167974616581695929359204560288767652372754072022592904911423953119745596260374082034888071148857055168586960722527232292569769049670789611586809132133121688965939342413694207140814452740214642349391711623678292596591856335760645875017772597048898822197023198"
"-14/25","0.27992776701308495146587879510492944482901233466818920259062858244894765034350520177005719887994464507913889784451163925556772473694280269899771062311976568910377821604030043115834738841525274997866393690723434433942239622193314935862854648472625218225688330217220768473711245419941331"
"-11/20","0.32197198194040538771645268391207792014890525208021116468577592381184847182605037405588437149413019151869240260942227809339630036279325090205512994460558226175455304353792025967902701710366228224313025329723681852699608564133112409516643257334154308321673350124828115990940665535805229"
"-27/50","0.36522852586405049325937577250276115665857166749164593406963951712731366561100712617064685781623283179010043631950548720161085874273959729082846975141795707106218789827390744446106978639784986550123517977780159795288461933908072166844762180275526232025791461327377376386901185939786391"
"-53/100","0.40971701374794887914905173700610827652645580428400250923294015876112237690657820692408830911114676322877890150506156415417924782410931125818245853122187662444000218290732329954691988785094191256489976355959986314324130938668852636193801801097613812279151353149308537472311570836245288"
"-13/25","0.4554565425059062121629567077379048091745518352834599776143394107678563657137808589386357715297750633833640206031132769654199531966353345110113503208041838987026301138234938242708457462043349565939032905799565813352507520721598471588386484273450980156401219080905567407455775926114649"
"-51/100","0.50246551637626289675338075768332393994996861909726543481206179711467345414303864585972355846113391091939819376634901172786003283061677669343794367798917677674607750562705738778524555460690148653625325413627454044431674586441349264077040269491062986126853186057845420766601144588580719"
"-1/2","0.55076145007267329363256719664275568098091644954400193836144253870098126988640423361536346692831171127621932471788358184509742360031795206246117015560382037439861131592664837436339592744298621878771015720025248269237744501942259144565114612243344507411481283155915801103751451666253883"
"-49/100","0.60036074771076346155897614208643228606560165256884921818627820550522368901784096162284474420374863667408052719813852735749912938654367811742753908613102727747336904696598405805002236728873604676255390074864834627660327767772351257927256722672732322790189666531405057902326885475147019"
"-12/25","0.65127845553507110638744123857752110869902372523002850343776375143239206966925532031213962495439396946996691493167605905943164853076209489056222361628633616804335655996652297856662276167503812310748603038678506846680364792266900225370794285435473439431305537074369113418032778652724127"
"-47/100","0.70352798648034961650719511948236040941450758816193619843208001516947791156627802992669312795133385029109857184271198619738611540821375226325530549234570845141046071938955859804149288699087532400906428171658313772116690126153332143236171579564950681736009841462235626279499113291358845"
"-23/50","0.75712081462453444175217737365697556772539819708646796474118575495873470403045618611427003672856158487086075907840618721440835134618109690779326985197509793126223195385453288289256898521687228997292775516890758768108095581680609907570893434231465864077376760441566051962146812530221555"
"-9/20","0.81206613764406903929963745580071307164702596913887743650877120102998577911476950132162575985414901814689530283024270744839074101849338178527141587088033418276693024254709126530751197028364283742454386386387459794443800488179434953589002800772244696900745062042653274186851834182508565"
"-11/25","0.86837050547868232589094934275170914359233349818138515412327008176143764385017535235685291515632992758584318772750547922891044939404720506583255827224388247864817072612152664417925948536941346527984626678836638953832560154082838096556656453464038814555450398264796169805717320161031828"
"-43/100","0.92603741356405362763622246154880616869409990877228509384482251321784230249270073143168166138064305548600356874046598469825938599006296298397859088313269333538826367291647761486960151508181191767381052245158706446387612785053483109989990220093716195374887785847117921766105640516493772"
"-21/50","0.98506685920936278270424591477441868358118630463045483425362526399267040432033640402039116441735587778587634761165891065648284210642163355963812718887412223201342502391515490134204798456465486020657183660090619659159148500132836914574332571204292342040952939044898165612592919380582823"
"-41/100","1.04545485999554233441914639672708131370175783032709416825699510268608662533741446047543210132158609932635733778748101317614145678774891686191343944337981394356352162165622394779738952356300508169834149755584344523902930502207636259465320377634055051370381298844505239139780717709082479"
"-2/5","1.10719293346305661317687275039845694533419873306448432176872193665747004686795635414809192752402730537313640405022550838367195094918017209536233593382850577885752753211058646582741246024433352057214586897539570738105195105070262940229354590301981827721872028482474095662602009663570974"
"-39/100","1.17026753785996574764990605823175111052089941842996468915021888358645701408882899059281032307245702665228229340182505662092328401947185752718863708700998396512831618656261916894886279292795047461460223251236787054911153474978667118514916401252460925678875669057357164731044205318835086"
"-19/50","1.23465947434718420193414565256101430045972888698023433616296827606886835164267566082901222564247884749616477334864093900822444658790300470758849069076984602415987157447827586332270891376366783542801578402956153342761186219158611867999108193367752538615615277333891158543200352781801296"
"-37/100","1.30034325182364912197371274128798648059532145651877429224774143322096350545339800213232018531773542419055025066750346448668904159662789036263439704881886149958394310512135029942731322016715865374023597387587132376977044301115853107213766076147334282937431738727932409671286919931096888"
"-9/25","1.36728641645455966470150286911556942295661880522046998784605084337967237080032374856028637487039016171747038107182877936885481164092415805633675161153560051711024975472705206439450758344676139811974167479297339735140292149857304643232482838851786372769053484752852269802860243937117679"
"-7/20","1.43544884907467604315683123384675080360730078525648435939311675990310173389015262521835917731233634319468959870355376697607035285492322014192434677441339371645236035050319820158392302054924545609012084286866334085768233541266499736075874858961012961679700748247384973670309466872118629"
"-17/50","1.50478203490735191907170442470478026686459789626451044463178230263501487627154580837661764300089442254623194267624674347900513033244289228694081293351544316878415653840308536284438567663447456893913305520359948015351842294382387205872179587095907216141372822431792829263811227579178262"
"-33/100","1.57522831149645772646022982877632951911964919172279718383825551815119723020334405984111501013168088737080471980726381166594740735219636040488736634819228911281559077568972580785596867830159606483902094173706422318771937045453679597659538739291605176843695757303872994976862415500622843"
"-8/25","1.64672010239551585834919265300400967083019350354164430878167988763758789335460940291759549015691874687537670957563915235133872573117963983589305753809674355609736394291245995198460440765597051834977963647958025603306224018708209022290242581895356656955299723597902228174743480626866303"
"-31/100","1.71917914599224536035546245335095891107247499542231175104578013529836703408802696421335161212220921766707626778981582489846503241366748212708581198857910112162070553257706404133432356946837190939219518214731107971509420731092974685283186594325828339319422773332079318302985307599773314"
"-3/10","1.79251573085447110640368848961078938556637510769087339650866778429183533699085112844985947029430469711537431649466077591069873809244829165707254264883748993869355860183519076149971402969654774891156164747510179385599883801559596876401545529539951790810461397920485387580990943140987479"
"-29/100","1.86662795114108558659056086256022542905140650853942400606349286215083360125952372626818582166933520026572093213213513564594706393539956951762954880429241909821081126367313789464522954628012457105189246275528600434038322781758855270192103638741368622854775390273104708343339324047241119"
"-7/25","1.9414009978921796302124846334980888830620188185087852613431137196918640424592355958481892788761577525558117178597619240424893718744225221068931679647851461542633483981579051324948122343554327135324780803505364443472848394041767942411613624079365867133682192766311601675769183730743591"
"-27/100","2.01670650434265279553138538304957286770570707274260122337903251788975254696219499832756007918640474070969130695369508814895849186285214157546882658392469607051042157553569854062702425430187904190693741140571808066818041996555288837708258748212283990658880168718774699493424105984298787"
"-13/50","2.09240196572293911125835093546544956700153326788983103041713327084986445208826244100198468371453707875504621291218772414215689109261431532983500651941901482556130333290345818552605869666553550817726950185862318681654260326581978552869921193961172324707980200906790960735197355355292461"
"-1/4","2.16833025622898778735682214499523965999041118874235876261730116200033496310529100001280907335027668322990289054360677323766561624859789129871519424911113710793844896423402621110882293181488884967336769336759679743615989420680839292619425545155025785520436672930400049332424958069099778"
"-6/25","2.24431926785118626380859783869066348537516335837973916966015359636762691310358884414609746536773149638930368398185427079525730610764516719321905285662400928133067556826805515347655512209309349506577781655715845859567745625800101124944958590394608126122539069934953920895241249604793019"
"-23/100","2.32018169741839938782806423137881221117237557600350948734552865692219651384417484622737047542757950648116174580059190241510939343650795019373478783928611375398293571682634848082232608488960952042826774029460879480197087957427100394843602978819422415969251626606427301331265169588882408"
"-11/50","2.39571500939031611724770710214810169524815186406606114625129707042160018640198305877629638934534655118483855297493379616662968189900388041333124616205095708348516348117894034773181151979640012025857955876409574474001239696596607006764825443631819827727155770380087239309062518348643094"
"-21/100","2.47070160245563457491116834480532644952356473669896099630481707429161089310881058707523559954630226838874819382001795895510819993751892120234098570130617487136347627725207705429632739602197648516030743185902223804143519240443812133621108401457023985853049126302581264237075766528311317"
"-1/5","2.54490920769294490499550023706228361298250849630524063435027131583577159948067078083222379818034155862660525706668380586745748156732040043105685843783885058129278752804472104960336183431469235167890658671326839538485833326855516353563223017320379049585834979060065771097939157365992499"
"-19/100","2.61809154475214756694182267743521414064926177771992153689140279777557469315934812714639842306213714711872504445344057219803737372352800657189739057150687351000967940096616026493257258002492786893247208179270718240945749081605466661420345255981886398044356005977080691691673452978740804"
"-9/50","2.68998926005318921248495778538533773231763325894722119148767951567637816172675819815235457055871009630560649315102214304366875767800381969855095215448096213658963761803661441488683298005511170397850341938102028828451165367364202382136796001123832990344089215112725006120339134106530307"
"-17/100","2.76033116723488153763930521168045323156842398348998192348617046068047321530238269082599833651656844298549665654794190408985690715171295515013734522601196053558695207362766081170207280418288067273857134898320196653893723615190822828844874234698959607709993303500212926942543904222451043"
"-4/25","2.82883580491655060170379457365339753240176448232084489886581467412346048125278479734630439717631275932174877520860615073450883097583197518979043481758237281273552144361522337798471362115308286952200822927612333846455293807750176552363892558671427285633732525156141604807449231970869127"
"-3/20","2.89521332021050398289181152442479913751418544736198536246463628876674927160729948405898004904663358611755056885966650050705751206862390560908246689947709371262644699778313200906546295283458755392410280614790126999168692567252898269149204040518023006374522252299904050374592616949731365"
"-7/50","2.95916767836591044932554954298949465523337769236539721862984877467692884844672126782221899278686245672847779968583209297267137584266577059705609853424223746534707861707837107626723348867401534042953755064299774998373816002065851748113086053263205564425903306906391087160090196714489615"
"-13/100","3.02039918954279970969144099346570666084276774346878155979594519198304077434902216222767934715002432147830330507312420582467672913021588410633782736005551581901518337794333783382995106010075346666769032044257712830072830460035799542004568077464182198378090455586819758356544343500777947"
"-3/25","3.07860733321465080867666787561545859018151558817976959344737166070892956643058559392990867075839035667977773857328688267415811432602441029020812375407799104784734566083450402175424758381713159112265723482486143829119072588549070868209219347966784103570838236467152826263670523373863233"
"-11/100","3.13349384939035904014911933163912571040848984489443959808185325345366997412253520663461100286071848799938875600769466784868015906875765325729971693543767028534260868472773816446303734558642820439419956319809131202078664096047264978942666159333442706966034972073307500008603225479389842"
"-1/10","3.18476605414650175480546589918793414011400977449752816573817339972069189592533395319287990788909887528940841604100948151849932675614035802712938589571406571066386631887058522624217259897246784939598124039922923390327572708632662431363405489239492908034078091011273640283052183129525828"
"-9/100","3.23214032537901552004731053198129463764202382597201212067659013662520116321082051970281248572094297587374067238021251758439910371432213573110077410098858014919531164542831710713890256441881600863585620493427794993199608031817130872112821734809469496181725861791170320828963297393242463"
"-2/25","3.2753456938055595470334477056697520139285789773891798893377532635868203669864861426252900076830693365676356521749227398511192634954328306326128799084666509320216171128718106751321993961100028859159921173244491890484691000191115758554238913793835051639605964513569047095752587099280646"
"-7/100","3.3141274647079548353457161379453499888502400155816292853828063981831720283257315342557544320036819011950330500894433599794340535417536218206243657940846343912990562777410984469810635372110199539704398562517978543062155585688294816446274485202214305260884995969416668636595460356900635"
"-3/50","3.34825078833730921222235196983200368375504235790182218449762446212494087861575018536032122102088136487028232955432639756374344677397662697350213552613442245494527983681369348131852114672367902714250786312281225866072066596231968295027537482040593984382579236232300131705850900944533111"
"-1/20","3.37750409191307784597321811429952123964066420422452778823998662295149219561404965323466529644061581613635341328056418746983891012322207584601973808322915106709276887865462127680658835440329035660113392237649538992481705966311149394149552953071601039727274120814615931741503485802845831"
"-1/25","3.40170228424317750850612993923319356945327818393182600345033694543684307971421061507461940781213318986706149499250451225517770765518003706584983789278806669854125205595314983792790338568345892483828068978756750911994071233745828592700631481190098730130727600245126650391854545112449984"
"-3/100","3.42068964554988639761111971096755392258665580951251527113327774194444915350772665960812755120908581932854764932947007408290793968388597762198423686968275464085853182452460938033118764619116562061579567940245805980122766543350891600734557908071506968673695968753468244820123934254294744"
"-1/50","3.43434232030005062330108473526037575860501598574372119466454894253437212431576765450865653501542697934298089158651745977526085150337156993124749899757850052961997747475456617090289936259301529034152873265879547763231163195466569010547126485263014359959865585788591597821968369200500306"
"-1/100","3.44257033969080822427625506717181631131047764198907097842243300712158408576657970552970992724937580210416860790560459186123055700718753217070272590706310236195585762467281060826478816562750605669643758873614529548803770310034732571287010263729537957755299446152176788506313617188389215"
"0","3.4453191126886915440774572516602347604930400848388671875"
"1/100","3.44257033969080822427625506717181631131047764198907097842243300712158408576657970552970992724937580210416860790560459186123055700718753217070272590706310236195585762467281060826478816562750605669643758873614529548803770310034732571287010263729537957755299446152176788506313617188389215"
"1/50","3.43434232030005062330108473526037575860501598574372119466454894253437212431576765450865653501542697934298089158651745977526085150337156993124749899757850052961997747475456617090289936259301529034152873265879547763231163195466569010547126485263014359959865585788591597821968369200500306"
"3/100","3.42068964554988639761111971096755392258665580951251527113327774194444915350772665960812755120908581932854764932947007408290793968388597762198423686968275464085853182452460938033118764619116562061579567940245805980122766543350891600734557908071506968673695968753468244820123934254294744"
"1/25","3.40170228424317750850612993923319356945327818393182600345033694543684307971421061507461940781213318986706149499250451225517770765518003706584983789278806669854125205595314983792790338568345892483828068978756750911994071233745828592700631481190098730130727600245126650391854545112449984"
"1/20","3.37750409191307784597321811429952123964066420422452778823998662295149219561404965323466529644061581613635341328056418746983891012322207584601973808322915106709276887865462127680658835440329035660113392237649538992481705966311149394149552953071601039727274120814615931741503485802845831"
"3/50","3.34825078833730921222235196983200368375504235790182218449762446212494087861575018536032122102088136487028232955432639756374344677397662697350213552613442245494527983681369348131852114672367902714250786312281225866072066596231968295027537482040593984382579236232300131705850900944533111"
"7/100","3.3141274647079548353457161379453499888502400155816292853828063981831720283257315342557544320036819011950330500894433599794340535417536218206243657940846343912990562777410984469810635372110199539704398562517978543062155585688294816446274485202214305260884995969416668636595460356900635"
"2/25","3.275345693805559547033447705669752013928578977389179889337753263586820366986486142625290007683069336567635652174922739851119263495432830632612879908466650932021617112871810675132199396110002885915992117324449189048469100019111575855423891379383505163960596451356904709575258709928064604"
"9/100","3.23214032537901552004731053198129463764202382597201212067659013662520116321082051970281248572094297587374067238021251758439910371432213573110077410098858014919531164542831710713890256441881600863585620493427794993199608031817130872112821734809469496181725861791170320828963297393242463"
"1/10","3.184766054146501754805465899187934140114009774497528165738173399720691895925333953192879907889098875289408416041009481518499326756140358027129385895714065710663866318870585226242172598972467849395981240399229233903275727086326624313634054892394929080340780910112736402830521831295258279"
"11/100","3.133493849390359040149119331639125710408489844894439598081853253453669974122535206634611002860718487999388756007694667848680159068757653257299716935437670285342608684727738164463037345586428204394199563198091312020786640960472649789426661593334427069660349720733075000086032254793898417"
"3/25","3.078607333214650808676667875615458590181515588179769593447371660708929566430585593929908670758390356679777738573286882674158114326024410290208123754077991047847345660834504021754247583817131591122657234824861438291190725885490708682092193479667841035708382364671528262636705233738632328"
"13/100","3.020399189542799709691440993465706660842767743468781559795945191983040774349022162227679347150024321478303305073124205824676729130215884106337827360055515819015183377943337833829951060100753466667690320442577128300728304600357995420045680774641821983780904555868197583565443435007779475"
"7/50","2.959167678365910449325549542989494655233377692365397218629848774676928848446721267822218992786862456728477799685832092972671375842665770597056098534242237465347078617078371076267233488674015340429537550642997749983738160020658517481130860532632055644259033069063910871600901967144896149"
"3/20","2.895213320210503982891811524424799137514185447361985362464636288766749271607299484058980049046633586117550568859666500507057512068623905609082466899477093712626446997783132009065462952834587553924102806147901269991686925672528982691492040405180230063745222522999040503745926169497313646"
"4/25","2.828835804916550601703794573653397532401764482320844898865814674123460481252784797346304397176312759321748775208606150734508830975831975189790434817582372812735521443615223377984713621153082869522008229276123338464552938077501765523638925586714272856337325251561416048074492319708691269"
"17/100","2.760331167234881537639305211680453231568423983489981923486170460680473215302382690825998336516568442985496656547941904089856907151712955150137345226011960535586952073627660811702072804182880672738571348983201966538937236151908228288448742346989596077099933035002129269425439042224510428"
"9/50","2.689989260053189212484957785385337732317633258947221191487679515676378161726758198152354570558710096305606493151022143043668757678003819698550952154480962136589637618036614414886832980055111703978503419381020288284511653673642023821367960011238329903440892151127250061203391341065303068"
"19/100","2.618091544752147566941822677435214140649261777719921536891402797775574693159348127146398423062137147118725044453440572198037373723528006571897390571506873510009679400966160264932572580024927868932472081792707182409457490816054666614203452559818863980443560059770806916916734529787408045"
"1/5","2.544909207692944904995500237062283612982508496305240634350271315835771599480670780832223798180341558626605257066683805867457481567320400431056858437838850581292787528044721049603361834314692351678906586713268395384858333268555163535632230173203790495858349790600657710979391573659924992"
"21/100","2.470701602455634574911168344805326449523564736698960996304817074291610893108810587075235599546302268388748193820017958955108199937518921202340985701306174871363476277252077054296327396021976485160307431859022238041435192404438121336211084014570239858530491263025812642370757665283113174"
"11/50","2.395715009390316117247707102148101695248151864066061146251297070421600186401983058776296389345346551184838552974933796166629681899003880413331246162050957083485163481178940347731811519796400120258579558764095744740012396965966070067648254436318198277271557703800872393090625183486430939"
"23/100","2.320181697418399387828064231378812211172375576003509487345528656922196513844174846227370475427579506481161745800591902415109393436507950193734787839286113753982935716826348480822326084889609520428267740294608794801970879574271003948436029788194224159692516266064273013312651695888824075"
"6/25","2.244319267851186263808597838690663485375163358379739169660153596367626913103588844146097465367731496389303683981854270795257306107645167193219052856624009281330675568268055153476555122093093495065777816557158458595677456258001011249449585903946081261225390699349539208952412496047930187"
"1/4","2.168330256228987787356822144995239659990411188742358762617301162000334963105291000012809073350276683229902890543606773237665616248597891298715194249111137107938448964234026211108822931814888849673367693367596797436159894206808392926194255451550257855204366729304000493324249580690997781"
"13/50","2.0924019657229391112583509354654495670015332678898310304171332708498644520882624410019846837145370787550462129121877241421568910926143153298350065194190148255613033329034581855260586966655355081772695018586231868165426032658197855286992119396117232470798020090679096073519735535529246067"
"27/100","2.0167065043426527955313853830495728677057070727426012233790325178897525469621949983275600791864047407096913069536950881489584918628521415754688265839246960705104215755356985406270242543018790419069374114057180806681804199655528883770825874821228399065888016871877469949342410598429878727"
"7/25","1.941400997892179630212484633498088883062018818508785261343113719691864042459235595848189278876157752555811717859761924042489371874422522106893167964785146154263348398157905132494812234355432713532478080350536444347284839404176794241161362407936586713368219276631160167576918373074359104"
"29/100","1.8666279511410855865905608625602254290514065085394240060634928621508336012595237262681858216693352002657209321321351356459470639353995695176295488042924190982108112636731378946452295462801245710518924627552860043403832278175885527019210363874136862285477539027310470834333932404724111941"
"3/10","1.792515730854471106403688489610789385566375107690873396508667784291835336990851128449859470294304697115374316494660775910698738092448291657072542648837489938693558601835190761499714029696547748911561647475101793855998838015595968764015455295399517908104613979204853875809909431409874794"
"31/100","1.719179145992245360355462453350958911072474995422311751045780135298367034088026964213351612122209217667076267789815824898465032413667482127085811988579101121620705532577064041334323569468371909392195182147311079715094207310929746852831865943258283393194227733320793183029853075997733139"
"8/25","1.646720102395515858349192653004009670830193503541644308781679887637587893354609402917595490156918746875376709575639152351338725731179639835893057538096743556097363942912459951984604407655970518349779636479580256033062240187082090222902425818953566569552997235979022281747434806268663027"
"33/100","1.57522831149645772646022982877632951911964919172279718383825551815119723020334405984111501013168088737080471980726381166594740735219636040488736634819228911281559077568972580785596867830159606483902094173706422318771937045453679597659538739291605176843695757303872994976862415500622843"
"17/50","1.504782034907351919071704424704780266864597896264510444631782302635014876271545808376617643000894422546231942676246743479005130332442892286940812933515443168784156538403085362844385676634474568939133055203599480153518422943823872058721795870959072161413728224317928292638112275791782616"
"7/20","1.435448849074676043156831233846750803607300785256484359393116759903101733890152625218359177312336343194689598703553766976070352854923220141924346774413393716452360350503198201583923020549245456090120842868663340857682335412664997360758748589610129616797007482473849736703094668721186291"
"9/25","1.367286416454559664701502869115569422956618805220469987846050843379672370800323748560286374870390161717470381071828779368854811640924158056336751611535600517110249754727052064394507583446761398119741674792973397351402921498573046432324828388517863727690534847528522698028602439371176794"
"37/100","1.300343251823649121973712741287986480595321456518774292247741433220963505453398002132320185317735424190550250667503464486689041596627890362634397048818861499583943105121350299427313220167158653740235973875871323769770443011158531072137660761473342829374317387279324096712869199310968878"
"19/50","1.234659474347184201934145652561014300459728886980234336162968276068868351642675660829012225642478847496164773348640939008224446587903004707588490690769846024159871574478275863322708913763667835428015784029561533427611862191586118679991081933677525386156152773338911585432003527818012965"
"39/100","1.170267537859965747649906058231751110520899418429964689150218883586457014088828990592810323072457026652282293401825056620923284019471857527188637087009983965128316186562619168948862792927950474614602232512367870549111534749786671185149164012524609256788756690573571647310442053188350863"
"2/5","1.107192933463056613176872750398456945334198733064484321768721936657470046867956354148091927524027305373136404050225508383671950949180172095362335933828505778857527532110586465827412460244333520572145868975395707381051951050702629402293545903019818277218720284824740956626020096635709742"
"41/100","1.045454859995542334419146396727081313701757830327094168256995102686086625337414460475432101321586099326357337787481013176141456787748916861913439443379813943563521621656223947797389523563005081698341497555843445239029305022076362594653203776340550513703812988445052391397807177090824794"
"21/50","0.985066859209362782704245914774418683581186304630454834253625263992670404320336404020391164417355877785876347611658910656482842106421633559638127188874122232013425023915154901342047984564654860206571836600906196591591485001328369145743325712042923420409529390448981656125929193805828231"
"43/100","0.926037413564053627636222461548806168694099908772285093844822513217842302492700731431681661380643055486003568740465984698259385990062962983978590883132693335388263672916477614869601515081811917673810522451587064463876127850534831099899902200937161953748877858471179217661056405164937724"
"11/25","0.868370505478682325890949342751709143592333498181385154123270081761437643850175352356852915156329927585843187727505479228910449394047205065832558272243882478648170726121526644179259485369413465279846266788366389538325601540828380965566564534640388145554503982647961698057173201610318285"
"9/20","0.812066137644069039299637455800713071647025969138877436508771201029985779114769501321625759854149018146895302830242707448390741018493381785271415870880334182766930242547091265307511970283642837424543863863874597944438004881794349535890028007722446969007450620426532741868518341825085647"
"23/50","0.757120814624534441752177373656975567725398197086467964741185754958734704030456186114270036728561584870860759078406187214408351346181096907793269851975097931262231953854532882892568985216872289972927755168907587681080955816806099075708934342314658640773767604415660519621468125302215549"
"47/100","0.703527986480349616507195119482360409414507588161936198432080015169477911566278029926693127951333850291098571842711986197386115408213752263255305492345708451410460719389558598041492886990875324009064281716583137721166901261533321432361715795649506817360098414622356262794991132913588453"
"12/25","0.651278455535071106387441238577521108699023725230028503437763751432392069669255320312139624954393969469966914931676059059431648530762094890562223616286336168043356559966522978566622761675038123107486030386785068466803647922669002253707942854354734394313055370743691134180327786527241266"
"49/100","0.600360747710763461558976142086432286065601652568849218186278205505223689017840961622844744203748636674080527198138527357499129386543678117427539086131027277473369046965984058050022367288736046762553900748648346276603277677723512579272567226727323227901896665314050579023268854751470185"
"1/2","0.550761450072673293632567196642755680980916449544001938361442538700981269886404233615363466928311711276219324717883581845097423600317952062461170155603820374398611315926648374363395927442986218787710157200252482692377445019422591445651146122433445074114812831559158011037514516662538828"
"51/100","0.502465516376262896753380757683323939949968619097265434812061797114673454143038645859723558461133910919398193766349011727860032830616776693437943677989176776746077505627057387785245554606901486536253254136274540444316745864413492640770402694910629861268531860578454207666011445885807194"
"13/25","0.455456542505906212162956707737904809174551835283459977614339410767856365713780858938635771529775063383364020603113276965419953196635334511011350320804183898702630113823493824270845746204334956593903290579956581335250752072159847158838648427345098015640121908090556740745577592611464898"
"53/100","0.409717013747948879149051737006108276526455804284002509232940158761122376906578206924088309111146763228778901505061564154179247824109311258182458531221876624440002182907323299546919887850941912564899763559599863143241309386688526361938018010976138122791513531493085374723115708362452876"
"27/50","0.365228525864050493259375772502761156658571667491645934069639517127313665611007126170646857816232831790100436319505487201610858742739597290828469751417957071062187898273907444461069786397849865501235179777801597952884619339080721668447621802755262320257914613273773763869011859397863911"
"11/20","0.321971981940405387716452683912077920148905252080211164685775923811848471826050374055884371494130191518692402609422278093396300362793250902055129944605582261754553043537920259679027017103662282243130253297236818526996085641331124095166432573341543083216733501248281159909406655358052292"
"14/25","0.279927767013084951465878795104929444829012334668189202590628582448947650343505201770057198879944645079138897844511639255567724736942802698997710623119765689103778216040300431158347388415252749978663936907234344339422396221933149358628546484726252182256883302172207684737112454199413309"
"57/100","0.239075902573596141997134821679746165816959293592045602887676523727540720225929049114239531197455962603740820348880711488570551685869607225272322925697690496707896115868091321331216889659393424136942071408144527402146423493917116236782925965918563357606458750177725970488988221970231985"
"29/50","0.199396183421480440503794264278533386678396748433216105764318061046336972150841851245710449247338572382771565889695116228393997846429482504161332241014101516883788558498458437285246904779055764249111815403376603423545261974840529846601544725041161535932633818914560620995733218395218835"
"59/100","0.160868300555340126009554989953186844414896067516594045208113357954502656339477268875385301151554219483748816746232825695118516342661903846719341306324622458090406849072263620433572221606740626085011646340378304801822996604244210205406459002731094849702466318321350389981295806188254216"
"3/5","0.123471958345429392305657734788538751689278663042898126808748838811207319617156044787083297476086314990835990108298732207216374116376816888646335355425215203521421515914305862428883887744939524853307209619044894225116470224184978102331263266146259523561307794945659521489766207303731588"
"61/100","0.087187015252012618613640564988611564371728386573276515607029083654773687452966267152835157593176835227244340402937227237383118226064155270403241525129584748891964038849355633948067330718760192379297564506743449781954701313416023239941126007311548542277975988823240707079300469954293931"
"31/50","0.05199382205134364925887558261688403206576407264118753522842979487464519554311347783621249446626960248749705554374410782161324356034205088623418676216430075317338775563529993063456411839916788832372327241064880660993737442225261891953568649544937882741852172503176900534696626973505242"
"63/100","0.017876504513608311381863779893052364861328448232722937663858829235826779802102645819055813718526183132466320976812726071904087666602345480611825522804183502066663411019106930012231059175713050055009037633698944329638561416835355202826352128135573406277575369710687234809830738276191738"
"16/25","0.015215449519687197350441954203548040672170227063568674636590086651481511477208560649851952381089128532908772707255456880883019801978194633374926401432472254356194405496118370439343948757997663701786997088404101463911841781404621172475773141255343996912708933986953852928962398219365287"
"13/20","0.047247930173624951578430046489795604490875839394728914641333429452915175032258372622538622157805352399467009549298266603609237404828355165572401073445019196779000487903478464019542944590120643930326327330235899994312172505632951258053152127645471612074988500247645003557119828559764676"
"33/50","0.078273296355612587981060629769375794304871438330666591480186188026039784356113901859696719286690679277166029256329594859007695557220704186555444736392659120013390225217810598397083298134304831596035452494273519287877499810738051373431975320177656190986919440286297301383910215933218882"
"67/100","0.108305044301276284484806432992770460245770647835461003585120237944397403927166307431273680706675680707379960058674372027886384306501221321931013322683692945838548881944469850882864594766880705857683098782271772347947243436114479465002575782764531243922178220933825315797413369336779773"
"17/25","0.137360913054403555619431274224621295253868448454028745582169761864120398022071928519548971128189385693118829202494869509789487829993015241266202120779212019476612654856298992200969169430736597715113284590765559391439950421136826074396467253880360674915737715609198926323254058442584842"
"69/100","0.165458638921490973944756451108575657337427260105375150131399496156716789793683342513607036138563895685538132539666228470358016433211371319106898619812628799643770153282892931177969517078914503863168511106652654415668134257115747936383183905848308596607988961347756047583790120296592628"
"7/10","0.192615643334854451581841492025321473386891227844546745484711274772446245453392433878474425172397196954676939125971126568038141910748688478838602637102236980351010388328786614737902763426415332464454039106373198641823057676156512400125569626131214240948854421733901455296622974124510687"
"71/100","0.218848969458855081555166739933253332916121953624796356236261733678487854743216820606876219783687929582888949637765916715251660377988951670862165248545809738100457413266994037405564140895751965180918186361919714787042712704472892412735455342058893277489673297801668468976714595211984511"
"18/25","0.244175264995498464280042343046176355112384751383169454494253069647075323838909738692062258518285583554462460759002402821676041278070839248651194865022113986755865970372671931083613108573845432751168950500799988060468760755568746083539254381512895393556761881544816783287763048249659817"
"73/100","0.268610779417011493877834478394485578576823109450941860536257925959076091100313024901267485446532261986439374814303926038718780564272138014454556548896540109493613813165899248780148407696036800445858419528112365411097647463997918378993413320670036652624513856005359120349399222153120815"
"37/50","0.29217136778478971885102898904748937739430786166025975842899498636277955536312269776701346152408430719068736389695700991191949332658526596164312652362417372176793798352519245515373617376641957185741514870182015025100059041748931671516885803719461067833725065180142920265354336907384531"
"3/4","0.314872498492165386043296480863121956810550268565518111088924072530864995545455253638252310506206373792261055627903769032857371066032517411885462098660774498783808973954054509831409740307020867336387064744049804005425080901300622756775982220055339723203382021151828911439714727584007446"
"19/25","0.336729263736424895035845785066247002486443399380576147350824082156045962988205309935209561855806613827658905247280264718624561197920290801181205815099937339865863586896391700589850951459085675365419673597931367768810284709100327804555173271280904790736079484916414616717004347762771121"
"77/100","0.357756392036521015588282115132985609100419199512581848655123754104576267730803368992046198043825698746195693618157537032677638932518246653316484637016484818553988632141494503923572149150891327364441630678617025729298016468602908859431439288978541197784690413809873195231633419271282652"
"39/50","0.37796826232648341594237858979396947565978114731878134529452567117951311459675786962689489675264802572455896033681750936466040174169781465291976347990028574170037178185131104711095114698449874194387645617238192166712692357751031354611994716041606602845088720796710651951714090927605884"
"79/100","0.397378919261174303094617547845953458061335705929749056616500518160267495961058953226131371998290700526670418808610361657485562741059260605086003377011270941416943433701114397097610526967361115502539788131638616391433391011975528362966362419759773468930877949048934700431942014302810537"
"4/5","0.41600208943415362959604143137214681016616977583017493083731710705196719313662800574762483560639855739047613420336755346431955399015818386937312486259879201484973282150531994495500125532012999300814892652779675778944102378927990409673836829143840015425315986650908487456520473861063515"
"81/100","0.433851198250610209060376854025599592587138597551603856551230604894553347657236360782802878279052309815303910307865688876310196871179586677946603500377885876917501641083403097331291625891540913705675258808998152490146781927365141215909919521805296089786590622336863539657017103232694693"
"41/50","0.45093938723124327558823188149072306464063521734741733520265277908768284748817797615186841412373854986788508727051796838929498962426874167441556743154038886945330783114610115859808350638708037542545854673936035621480427561955914820705011104891737908932825394273324856035238799252904906"
"83/100","0.467279531549952389463488516485527486014347263821022626144871352919065657967532009532910270768837781464325491682354987966193007848926857108106780228767842371729987492434405297077414190182016216905385085481532790479417523049863801299631767480961007344691754048220148027196974110408313477"
"21/25","0.482884257631298579084946146150160560157620856653606027968202754330005366218122386958157447190168557310026767449767746817744072398012981924071774984181954730909339432925075587879547561184271250986307281766602237005702394968472541676789646562414345422806868278174335398941404194005597597"
"17/20","0.497765960654034757908806233932483984929349205429506933506160467801274814444689779280826203149701813786664544839590512832310208707884798354360539983739447431235489227492307379591843166212948310309641653477816560740188614210558898755149584248214816105708804572454317955867980154938415385"
"43/50","0.511936821825199617074497775717533494862268016331033595880104809345404257401690892659193425191631988680148638286168499267178916323312540550462562601404547403066541347421111122355552632553978421243305956982950434827811923792150316305757590621805945806272252952594741706650447789584041801"
"87/100","0.525408825305721764037192935765731632002193999780921464457165282977063071927453086578884067091365246907826405900765478737421672196833751913642942101997849069378017905619491837995957265914527972284954181193459497147068689376675340216269325388158691059271894508027096874900467481098363183"
"22/25","0.538193774683458928533814780624402626900670129700343197959562403274350760417333845796079782911731610168452132974765638029820129009145260804559687796547405688895584468367152943057787350901473538662900612806004273235920669539953157992505047362120613804409839620436756967071454727993618142"
"89/100","0.550303308903297117528258464459060728428162552350105547963645318089798641783703593440506827959144719741942585285345868308532489055718115038092796296397412598901679640050244972968238840074128375014915064498862517857446351643302941658745442629589164322294205103624624062593497209498309159"
"9/10","0.561748917576508391744022629516361986349877670446514793240367324728238779481242308544696821851517117238352029917859516777707815535819842562070698151837205528918966394594711178354060667664018274258974282581485467647017588910392543624730657611536771599886559759349767837314463233901691514"
"91/100","0.572541955603135369844921041807998162635472210288968446719092176527684618203697473736320851599841700590319177890357673948681722328925373201996857204498669029615238396498928304171084438925609324531366839430947250872193386568815565949211055056446103103689874309605734730647648721712127235"
"23/25","0.582693657051836278076604940742245746976662048110820161405473224659972689217135065233324440724873181676239602188089647632173321521333432601528344411160794577082752297637373045947876021862607563837945148417938925772015936364517605144304950514231407184752479377634368834724304746241513658"
"93/100","0.592215148251470856706967230075829466138762009440376423724909654801312547725226006952759789047817609091804320709410591176500148841175367756772644870408711980619075657562401585021329990579988865747532228329107185563946213579383210685074156606327110993693834609282719359717682634805439954"
"47/50","0.601117460057806389258361887824626722001480447800398005979599529159352309402917208138871049767343870846879071356405704947511582230230020868968220868006077063781534119350615400713357682722571492042781619377150047886832229553332809690769387804160456523784919944855059343809121124705265309"
"19/20","0.609411539267135672875197072263852391500258931447769836201380156187778162976498371325673869564426271517366230075125523902429256171977121532347584541576299476908789726352040106182941016833842551889686302294757866575427637901322452253213810769552091046826763363654679179629190525021275299"
"24/25","0.617108259156377177813144232719581562261942438074033793259266814164183922449922898326697612562299695868686864949649687388242544099253573860481314535653227263405008882665324114524768337035996149774728889407712193575852921916903374621885143655478866035493674557925259188786796132041326393"
"97/100","0.624218429136416699180695266172993387937884394135183798342596280740206963581596993895262200470019611621783184781004621550757116230947887675124628401409584232825247723314214473885540924255667067288589117384322478519567922692217647193760240077642134554463619700815478148886297543139146438"
"49/50","0.63075280351208779766539014466612243811080907298523132371114142720135494131447495729651285253780694257424208101497060025631518304569869312912322129728262032540651877082994544226128437795379211626550279406802475184096377248445395902881664698320496371159969437520877208075645606956010389"
"99/100","0.636722089348308076319029301404635274045365089591246204387780427809702305857800514058400611033329557715734192381752885019135060727067169591460026968188954760734713115401006723220620110096848867002066427631741303185511170071101335806673880364571975676684300273116029875264593835363146214"
"1","0.642136953447517998554173666668957472717507871800504964572273455131607739022179662677159646203391090106249429716833468549166439958269372968615984306854616666457668736871000163919980327444887956521954436699618411686762605647038488969422198309409245113340954515969340717428799186827300923"
"1 1/100","0.647008028448732740796810162578549939936241495928219016622270857080038497084490917711293820264767154246486151791390103161130277771236121081173885037801463304264709768720867140296665007041712701257764551484114891932377485714671364049359106341299677258981831461429463731774560448998235251"
"1 1/50","0.651345918063236450336077865927308867684870341089174913766273124863127695560265770473869061381234804025754109091696587889939339402785189085954745570498386539176086213235275597600343244726980864381589872857178323758408558808243532509380834728963019845711015227387971075357791931168682336"
"1 3/100","0.655161201466240538678386034719221862436700288748763533897653854914833700104612208617375388003927223554642622468403258619779589041321552273898097946951086221403190006073377304236011245198819974067218704063118733151332605474750425631605395887904727886478869915131009545606381675047435323"
"1 1/25","0.658464436867709451391445997536075904905096790059743363240451499362573389678972694805873074438549815649559737482868934258673678166398029106624170759559498615104979799991204156882077529060648370080446965601356958017268201867433272090163224264774379047574799077938298797152087817999369849"
"1 1/20","0.661266164289043242199911412967643114710244387379010893774274610720152563132714869010652541113404687837255105551600336994110395713015872392120658078613405171567031885911277888167314873304196607151169616206475950228028103760391658920731245719414490441010968200093733691871592246870666172"
"1 3/50","0.66357690757540955270874859417627287419865490035734732685301215840130943930128427063949691745729161543982176914672997376263342752475272439364455469874814737935983960600249592754609149307774696132616541940980000795215583200894736592231618370586969561436136060546217022373889022618331484"
"1 7/100","0.665407175676250732621557719939284729587712284437787974810431329813148179307692389027203434702453324039678826501206439691855088151676120519817980768083087499227082473823096563235599975145822481167209741522579464056414218208983567333569703891710012997473952718422486773606107535767182919"
"1 2/25","0.666767463228866790840023220625602026044397364593396076602390395893611688815418448396724580257620569729899732782387250822845403151423584861889121491241259679901157463114711494855173783237414625707371256910786129471194058904962617787342386556369642746841466880556128278433636797854660187"
"1 9/100","0.667668250482003375483514337279507677255434025609960948755829237603608758220757060283043490743706683990730424422094096648790339011249287825033428449553598924028162861923634896366134918858465605058422672284955646280546704654045769261357083786386757865302931861199646032775778800182891838"
"1 1/10","0.66812000259806777166752782019105682003343759271655757548574112182498002773876300359339396970193604965161215245343038978182877649781494309895499553228025224009030324861821072608551112022980432973708090555911240257325326180521041019838125227752056057632300085371675019578393038223777375"
"1 11/100","0.668133168373966901071041849513585884976119110323629524401659525049326384921241446617187386962576554573751210761754052019384002269699847295856569524413471804987907811268561177084246430137086345228094490947299890431879622638193482823653243779658055224419324585238653079529440985248984046"
"1 3/25","0.667718178421621766546300535388573547981170142190507729096734344374005686100968856302636249738259233190142448422740853208130903003020152565175479060503468500417239725206216679620894171260819840186426574123511932378196315633848041710842525607398431325459655959232181112644240603085377535"
"1 13/100","0.666885442849975415986670892460726101444540851664440378548696533899031505724888358699760218877830449540088227142503349009586776056295717371945954782783885400080385055422111058567663781770834816136447661287598643490500330065758464846328282420494759884101693810694335831557314185637629682"
"1 7/50","0.66564534849078953217683214421408118913465301403347123525439421100816961605321461226947754410497975896813384564862582079190565873333418864237063795594425556622775530568542103399702587598758544919044689290725179837833352255752648214323752914580900074007074170064733592284116218483452229"
"1 3/20","0.66400825571073198273327122369686834489696170964924800663264001658315978144946364438987631311825494931329688862821032658014751700275791231163828171439389358047159238156790184088562931118049191223219750569731329292511787822655620348858048077995178624459122220227850176689082584442524734"
"1 4/25","0.661984494852208455306497036793963903551867262628109005060686014288379489373501887011656888124588577216365528247553319266455205674027998967962726216312677045298490815615842832677176797705787592882734787824418318349345680917043618044992777946594432390926091895419905947150327696950337583"
"1 17/100","0.659584362345100587975832703711158071962807686404928066434026840943704538949134331626227615849233808533569098933044231444154196653595651774011183333285119786528698545115909455326277420816901799456616479182181422068123444449938479622087594984551221821692612834247604792169766553700016542"
"1 9/50","0.656818116531056237265055732167613058352049846127715621951178424690860832694362340400391095998311856435187257151452217563755802316916740222829775582162421669444874140543319179384912004968993244549870557146862703949403808177936664042395056644184403279483574162831708204504374400112113041"
"1 19/100","0.653695973241250627712386513614824241916168194690858591875753619016004195621713307955667456248949338512612074342645205888331940254649354060207474873521736566392465737362481973313752220084826776897412365587424427143920416170378408764322594538680461167078009353876731703553868911928914979"
"1 1/5","0.650228101167616412809683571396914933878226896798510724566571109156128044581752809967690149006640565128378043017210537341443349126405635484704759373157001768524450435018142000503905301249913204876491335623528920877896359160716620336911571803971644833397971521419100837046572245887686186"
"1 21/100","0.646424617066442770598962045585465463396100200120360953759399204072925759128293208499183096748790402243629583924867998998017394265616670918375961583162298131992914549930145166176235534171143736113205326631492728175781252927480696215548976012741285379799749111854383414394227122689438887"
"1 11/50","0.6422955808319853930723095540766870855914912391718400875050831200326568736392848072577341709321798267176941537810823851154953383671190514071319585479971610105871987938144771096158283256205560912725983020869503245518453748231910049196493575824519023252803832178913127669509600178255967263"
"1 23/100","0.6378509904763275498029479427776993689232982020425968232960114916191826777841017809494157130399497283282199399109154253315794479367611981941262707366565864173783658733052287743214472322150919857379434427445140877219452187141400672626325859772820410517074627591381171687156355357745784504"
"1 6/25","0.6331007770502042566195143477848112402762996275592732686515847446003276598958268588068445430716505872768049043981136671209089419064250795021822664251376973204169978707997233161851320157352175719845811441667854072734382039267748803265265902734467756872584041463354935748329441788179507049"
"1 1/4","0.628054799537863794643507967849483976295243641344476026312016352983795547931005488313559873844512969780994329092199685797205705479438333734374322187450209691629212777398636217170069086342599345473347442456198886403914797194793135047415594583350744737648173887988468990311817084915721669"
"1 13/50","0.6227228397573100213752084459863789063452208859123422646548202231105002350378566851451514431426792461142881798910723439601125760023014103583711486352561555656821542097724418151248221374305128718232743779847710583305634274203541122786006838684704120780116966208906632166881974702230910912"
"1 27/100","0.6171145972954613883436902834979076264889701969359809497559606633349445349271625402904172936198222293552117113742619784679626495977602767927827871841997148753645030510835923688618348136337618055272972823852031346336502793153542496493247279886901423605576465835223487344319953730032399551"
"1 7/25","0.6112396845058941994307744628401146170783074026909049090775448624710773172820975561174051986688589346933565453835846635408634131516598086014649232069562195860333377387854627796511854565632664674188087422100476501075228544297509533261360272872351938908492388434551090854781298376945773923"
"1 29/100","0.6051076215949237614112884599844007779274663631394115971695033122258675936563736771164035357449266946673124421193370359530585141533120068325651386697676580109034890927525879101171526368989117975991906801328713969670690135769249735239013631048659613779107134664732976863760013606652824159"
"1 3/10","0.5987278318198324380699358912633346057298371189574401943881476690637051060932694825336343877138992584912493695178935412766656532881453421510792730290541781331827007577976573779518703757190165937682523319062258626055578647538511911408426035519011526307816399915319356280514432335830714457"
"1 31/100","0.5921096368210922808766165491964270817989581550390740418595968586626275213377895327666026340350036354535972847933127624912236376527780218635611905415942854722520348281553386466592709835661920773580118708418130221285064170167297059245068793165156283258292990015070206610369520240375207998"
"1 8/25","0.585262252108465177852007250058265020703179073235998779509480065802736889494157252477317410367272139607955996039712600108817172347079890443481725236434906680383468920033699461768475185681141229251779093430957285071410880119251910721477807343547001594662596135310918943689032363359502438"
"1 33/100","0.578194782718907830031682021941676433303567418918731401945945282851159889366512796885206412272116094150454637502562779287010068968319308044399590873095305837507852202608818009935326666023576323792267717174198138488516677459010187407587564324491593674340541930959384273013148590822261488"
"1 17/50","0.570916219062273962375546471805392417209429347895211500383830770935000994066929931535713877380924818973687879380835094091203580575942493062267831340216490744309921900868794193670636442084197632785153872565265972953406070563140552522547289769848396223980981878983068429178645062616956672"
"1 7/20","0.563435432968902734260295822107729738629141325756440999711777983442975125025190293838913045072237981700162676018222193061747178645868840672206439757515468274859822849667208485003291163505493223948768416824016516848903077403419485310665471524538524509069606267503753463985123862348568373"
"1 9/25","0.555761173951320138515964565066224014884478565510222355979552452841706008901579206660816993241831184534289848329183926617181404068767431360069551154825191829915219616391726148778794410402165600361988803052043434527252512117812510094407788643385995917297841195927566875219816878680391436"
"1 37/100","0.547902065690468128738578716909195247727096950934958699620407847142423302626815514303752376712157438516058270887808255587344558647935840030134759118169830584341127187078785911809508161940421154068287180170930644898207691854179561927563168059357014470990090837772200655893152725185353999"
"1 19/50","0.539866602755122203781983228522690934444369031197390883440986208405812481993778427009247585401691238773378352328751650150086288193741505859006074379024095074303580002100009155735138581399020099049557192416965540717693497206385469787784423507151122837700210098022426124114145848705799595"
"1 39/100","0.531663147561469170273026184669291203493201168324500345111274203481021319274848493863323394832629702949761569851399795946226890949828847335514807869253583745216598733446260472060844596529011815824594543599944128278961156547658383609158412294901609786788377862925088925981574996189114634"
"1 2/5","0.523299927578198827871436115734246992695452180793278290538617201378750863381352055222180357252742002019520235475095226462439986456019038912951132820262959791640889641357714371695632060667763233899211634752460128408706791561225329125896430497208255415203514037474151504050613813899501671"
"1 41/100","0.514785032780921491993145073192179284791644314163802835922760751329919644945938139470880928579013723259253048929800586617962032293111613347213113023613671829144253770856293966981059173097133512217737840355970976239518945705902125336588905237888684245741764868529841342741429638875571435"
"1 21/50","0.506126413358261811894905137435936992737427513083695778203389767067670889600693833322805306105369367246304090600891001812578647640831912713260816660859596344362241840179679811567990328878086235253746567680701722968583779158632666135674861768450286901576143616085875126781159356436015728"
"1 43/100","0.49733187767060163307981297716501403382303975761565140827598182676047570595330695207247229564197215065241546982887920159952305334081470567017684966884417225012054754463466456614451098624051535999607494682597175879578508774171062336421425236857924734430216676961540661467435592547126679"
"1 11/25","0.488409090461153255198797648040818889401380917055523849782539440093220241049238281501931673826047238576179810523603488526953986794680566684385542421300456079835072375638570499086357249180597974667089777598558071750765047136306376667844121030194355460764014974617354002194638738408953812"
"1 9/20","0.479365571317841148220017687684308776256346901828581615135056676830614657219519882386997859825405087361763808177931814711962616722279376742016196885438701724517673841670946893224257095233510241317194637681695844587222192535105455373166860446115865302164639623276118014064448848281278259"
"1 23/50","0.470208693383356094982718496046390868902047562011562977707631540179426589472576840701391971073554888789989049330827748936106865137305999891238338828740825249465451398719747253675322361148644106197078904524626234417833832405366526036241773005129050792829386887848871995790270685878176838"
"1 47/100","0.460945682309721253243700599354587104597410597493363805301101295222101463827521517706750267916815364917807582520901453689062294675068148354930088473821413724465207384755320976166237069176438450664439542965859187310564481088926876129389252794285242807300058956557915729941453759873290965"
"1 12/25","0.451583615452774601532537032168314831408045465988676391528944760567077161246136581298105906757397900226969750816650909429846142433264307593036579085863445780628875803451822883582731083813887840300352047431974580395319577752109976399417750775987345734131562533416924643017896497520127987"
"1 49/100","0.442129421301125940355319180917826038486617312673513643631361204722461519650859688249472869532074813518147748144447093768738362979013963083261860630472581833036159105957900089151651222932569121753059245611964393313848547435566215563906043019745921723159833015914313457743103491936596572"
"1 1/2","0.432589879133387882415477440049218544474497503232612267707250686398965299876101128871112653106046063680277744045862117367590296437564601265312752922951898607154192355491512604309213689693700396748225720269431939519535652682321509995023226161418146241291766428751101677353596017597307447"
"1 51/100","0.42297161889680749983141120411929728642277182960824379872997062924099118288732960366990404448401285601958419202498910634145830942292172697578091921750705078144505305979616972439988920980664809842379394433925362659705368352285896038777564598295022075661846999446083877522623259113875573"
"1 13/25","0.41328112129983659170080749186193956450607288206601298786865552175942638099752947097974933631686376947838430695400126876974178068698738639280109156993611801113075381711906746848341521406037648121337132646246164899806146164973797405030907552208047575597897932363230895744821756995715229"
"1 53/100","0.403524718110671730318506462834658289113957554307059578820217833454248419175636972343269671571790332419536506605086374005304850896936253758914319175694387963437266960014613940071954606028168433633620678492297754998989732978867930387026063992180246504405175936716434965523926708037306723"
"1 27/50","0.393708592653368011501779544762452975247550743115763577617915395257853470857558484685952770601154096761647499068672849080673650898197816786883810562300279576133158335068642226115753443135258392462869711663784108053285739499349184240451616565901950440545830875365575149291030351916728511"
"1 11/20","0.383838780492780373641555228814930909788115996678514060739158109678365872379381194584674738503443462042084019274891691557891942790701274146195169687506629002486423472218658852954759504662992697095875452284076237538575579367484116626753653662306369021766317054957513776136750732004298458"
"1 14/25","0.373921170299311093694194593556785416350081827717916456922605140760174683090406581512084604880187505595404146621950854930560915543669563555444268966432988346457091361744195926314690313144093984158463109392180596929855133735459916022619514411159963896396110501901437164261211284800410514"
"1 57/100","0.363961504884239404003352610736332630938366140228863210215383832113392959765482694725418900334829087478342688222879709876913761285542660079923618092880854180153015838072119804644677849905669439072241003201866867885542877542277153778626407163192968396380773781766357976097558623285449685"
"1 29/50","0.35396538239627719173047674829741149382684887110457319777986980069496274364284000683024608959014763854994484307088607354592196251905152421180728162249026906908716239089457015247930095363459513274838247984262613490766732223446029926267667518486700474672621142748120029736093650924430656"
"1 59/100","0.343938257669932017802143468257986983106247743642759821266153903650591549451378815888970935811566717066148624496896832149486607563943696252898661806596235509004151900992487154847158208823479366517299505258472458225609280868934432653399085781291004293344972407549834730752549508828896101"
"1 3/5","0.333885443716264517343997918670591031196449883073781657950970383517853233809045187921497791148760257560759871660493273351406135951305916948273487613919843494827033880773106507166014009026042833646070588352568602145004178813365670295085452614074793356357141253991935294216629857469262669"
"1 61/100","0.323812113346701934149215311419506019109481191408002396353564037309886269457400716696735216559777589167948310348038299558088921357738819843859879545904451960406868682803991118510328095125095182554949120441645328165727443778047846235008074698807706884813615330415311353925184186239405896"
"1 31/50","0.313723300920714846262839881308365390072683530394479899230224932053725194242497548041848579536578282682204882056194161992566753102991442056593848003075509232150508839554207729953603557379930697308224156733905289521073192701244261119097834379854463949157585848582193298632457435986521044"
"1 63/100","0.303623904208383801814332032961971258569117372928550221051600909050054413850547802345352787303672731501559377670467421341952761835544659207046870730790803541903849597791653964890856688953212516873838448028013643891461444965137681032131442390226444576863802115522926029024305934103739566"
"1 16/25","0.293518686359183127876442132931416121427417002054454684390015221835288385809714413791250006361322019292117148671376475559964435733442900002387565974420589965781005613323984921382027736755699031320034047453989560486809936928556648433369230291347490804786328260771518099726745233240247682"
"1 13/20","0.283412277968701019997084936862341392552844283360388667954604354342182946261463420156455005898034679666548278869675459126496559227583547916470271318947514072111377534322754790859762246194228728683230090480061228048889224861895674399241405161072106284849772758655941023010707819921519345"
"1 33/50","0.273309179235514088083167220567793425805136471438235091980492074434626837195941359332307227502770076064144050413037441995864151818568806481765230568170229339288252798761568206714876014423383011180124874613197506085076939361524180760079685420208790556941800759983999453391681410696742039"
"1 67/100","0.263213762201064597911025616215017563428435921004424225619922926481864452079787100870166354222640332463098533319212576426145900926949094371456101329739095258222136619934858160858081567345955748668193997997959270981339943263462204929550840959839077318126675957836934960992006129366971755"
"1 17/25","0.253130273066184808676729682313011782254286175954461067014543977334789556976570435233296044147094378909811411212165153803177932254065920356224974379763185668384690211285991954544460623163520131445074663643202458342886112293430040700587641139249483258533606157372933871520426953179996153"
"1 69/100","0.243062834578926723792250230166056520774751231265509162026767449506614400257202342133974641217423078377140063846548274717102975816726722372905365007867931389906596708751392493129700580774373355852481633088579259956202132196650125153373024667894933857837673172906709117861072469112561292"
"1 7/10","0.233015448489663422759780978241209178925388152875235340855659743462454355425158535672921674878790255920012985279103173387477786562567341938906280987154541957515274635876299585213768876391321690345376415828242082030141937047964964177068562320167632841634259124857626203729607245811007635"
"1 71/100","0.222991998071142941017141299131635272034587226688045591246933407437982771862545774579581266347800394773936238792601317010083805719751179547995887729361211569703767721736764074634494768224513167907402901437935792368348916380015652337174704799468760028867221422790976606005841174080234745"
"1 18/25","0.212996250703466611596955019507645783023764880821737284074362490141448842973943905035279150011964090294633217597065926981121708383858519990864894301150520615962212610395431786711153176901681794665759745183913833205693680248704496318449377543650548640531988532659703763354308007395868993"
"1 73/100","0.20303186052708716944222131128362072716079343134256665660176272518277911145158440137570364902927849504622692884238282479817880111128285622870800023700783150245696532844452302368368755927357672375679773285406225104106045358376515896277272289593654462970440464180982626222232452852617251"
"1 37/50","0.193102371171271397878929073322728837540200929098116651444199383254683261531681562911495702402723838876318140374238728709389755590360538030873841324881334539747215917762092227367269758198308134880984361658013504778503783386120856839838627967056158847407108595330355309397739724106623321"
"1 3/4","0.183211218571662025606429576891886472605932572775772815177308540757091017114429626949189425740401376502498197962068545452289738735634051969381840006286569877083672731845689752381910623897374875070366233529220553361319415137183123331204053739069030156306276325717234621998053485762017754"
"1 19/25","0.173361733899580152086012249198999123926155444804945193243394304146914074522935709608939295002617687312015113408595422542213287042404075687582840430307800097303414208301527674011018151194184981173438922988561518088212978509420750568180444668276293657297207248223627641614257866652451046"
"1 77/100","0.163557146639115175742002999393684037029198366611453302986780346878301219911715491002610171630422924847442266635698956923234892481963473406050481495739381137918600570549555230680580490344968701049437432253084862111865186987512693827024480126934980850443999719740812967077251233449326188"
"1 39/50","0.153800587868476957998075330696718277661068286252242002861511268496706455036069550604749096100959134168592018250202004495903890228703847301908169269653378129673753881984217291228268022138112931669706849589863508344896192026160975580445537236732043692584595914297679189098198113306260057"
"1 79/100","0.144095093833990558939513289913005315171733273119045868161362284933806293376109494732335872941437666309951545789815975135275938128401197424163778477825208013002430984208351362447013974189015425609006760032909795228980204883011996826751601241944628917248678387421967025727854707727091522"
"1 4/5","0.13444360995627649360157006680780875877687264287503105728801040620745553829700846576461986094094956193786058622805781225486080373253065945290814104260356169312392460192082687393753951378082989220889940320623201297418674468966596134567618849281770890442186012717391500458191365287711101"
"1 81/100","0.12484899549258079531743820136203818748550933454263268039755898996623812315108320368308025378440953037422834091568878049218113275711133674767391941353387793451470417236454603725571877595384981338283649447350509296773981268013921822210685447861521522387776080420769358840167891341063434"
"1 41/50","0.115314029222977100850792485023651042975297604306023144450607384755587862193245127867988320169972867957440375314178408756062513830571371076965237635083792242441560615852698119715358061970475488480717679338786303220514853617648148928910710164390240462730697640594589341117303323972266193"
"1 83/100","0.105841416781737215657940771300366059335700182307988179592206601352338741825394132572440236005202737335286560589658247134869385266713766095411854978760211777177896280407723972973939832443821149050996428747396984332471812945435818515883893803906926738139418139174601273497709470937861805"
"1 21/25","0.096433800720657898517124797208633687414869807315277469684431374663628531908784422825068830637567996272730767492253855085023405553685686301195091106474362914618321765816114501274258191052714447975079302159309965518176055533986886487068912254748796950665088268159101640638189414189509309"
"1 17/20","0.087093775285736176875540236217181328511923950896179773929631076736799377391709910102507793981118445073608294121252972623769470891469519341295243398037718288342469620726814337800575153058919195725349048146104536917408887293212647071593054308615862538583942498367922990938747558362450373"
"1 43/50","0.077823909702253414265470936359260178087892054727796576609510006569701160406791665489567694310095355763028416370774626468840510986105460108560031703872898667661803417576122205639429547353089772776312066482595098613353446919976144940196247341385296328129678152079672004836174844432477454"
"1 87/100","0.068626787680441486523246692464160088082437267842569373695689513370034271350595611533670245209826474896929882648311551597410043215562240723166191311669321869007749885834748091275896947693703051246125063332935356078695161750254622844122714641018084189755694688314332884170259087820331071"
"1 22/25","0.059505079985292478923189709470388838419576716596412327109074066726370067603392667477585622440966983471596881088172545622285330071198908712070917343396132619918560128942842866115437743366743022068501967867481621462032392733158451379479023689935556397066221051703070162193643110288847155"
"1 89/100","0.050461690306117040056327109767508681547602519557132465236865857161444356383845161668609278007740537155793879716743911335080720517839336269128855184503469039273100925204899221964139285023214791435197545321504793277297410446034183939287054389064089630195065058278995404423221509517231804"
"1 9/10","0.041500082230644895436212545469728448306969153047901031572304084084298526394631391859179978153042169097394023925849476920329461421742104109745958647119482945175316951522829047800511163416132891747546240397290037525842606228285511493666556897042616558689026742530871221264911025400885162"
"1 91/100","0.0326251240328903171702322108116962999330728198850645789508371695343524068391542232492739998837100620704345137855342971473104702414063902994626909700119276390591010130677219136405432538822974101180476385126094967162125142995241366587914049365343595903955770248177401408335071617156642"
"1 23/25","0.02384575930522619048137464044615087523378854349454690302866132646673102670632570405038835735640546815233274471129054871766551710456041403240382716624554081351101800788538676707228481743969334276921047236195107279152987672462796062505008244295649245734487614090868422438551406525551783"
"1 93/100","0.015186681529276676554698478820568403404251718083812977644170555655517782024022283744021314578112307508078598680638989043311373030424756787953051401789856845419443222317981238131692956263596526904160533005261289071826005088993439585876161117823763644583475476408319094750970195218064683"
"1 47/50","0.006787377639146212235599351013886246327330061719248815428799435380458871362763776680871027730729891862072271236590453124159598896803519787968531689498444068603629213870438697087803380836703167457909908862636410818594947201311924990796263292636671966880181546660307024777174810120652218"
"1 19/20","0.003234805087425356876293714342416746126161261490509082479015506370856981823317110532709770372663119368753098453422204307590218499635272612222286943425146402270772555806936870267844364575144906175149787459547860215319317534917039825460477221687446548870438829722330797276629271335477315"
"1 24/25","0.01092217529185287028279238966491515585621767028526089943457259873790288410533788680315698517748052757858214053075708059808300551166763465261913181653946044218146713214374994099567617281503868731287152519810195038223353681010629223767242981686705597831514953161538528063002985885576071"
"1 97/100","0.01918246342429412082757720670549179749311412958892263046489768621342620757442486871923621766552521548238856381412886237451154427232953613467871218718226661767591680337044700516976234477256453167648129564462335908535880615382826740639925773227951749382521946091633306041184640569832732"
"1 49/50","0.02741962492845454045382518963816931778276014617556453174799233679498504417994575112515257482693663512710219695925749379502702040646704402836263400575171528095276360672326283953428335241214088568074824769178135695625852682303257797487208556618126499310771311467589367032094944963830132"
"1 99/100","0.035583783481079189888511811017558257940565976438235727908382590079848891120363823977050332073450768485229922226005616288581854589887090974505183781577845450938255791190573397781704620194343741805166987106288764190719652249767748536984050273338041371952043808634220056736070392706187138"
"2","0.043661662797093135402284253894603694808741284858334875236124815853335277263915263679472915949538658374650201453669248821749647602925247010735036939311044062180907355560583012168720900499511803422072643644955526390335843440883370951186892006566739636117070427638489058430435848125354499"
"2 1/100","0.051647579035054700056806088046235932245788624320974523514534433005357883199328636251645715935004055054451777132917823541212996727575930921525326981619697271579082205595678049078892555988168680399983070933662734466925353687930090243758171368404175990876102369066831108696335854848752557"
"2 1/50","0.05953826725541020161730702850297915046859330888809652131428080558382238286091584661815112192301703573045649667241421306979497700829971022694264815859376706325263665535811249514348027137727837359854618408802562331182769327397659225084719278939465683163048614670890287084684417789494765"
"2 3/100","0.067331451812364130848468196376441992210474504487062864592367238369180426387817334561134338502319740686188952223772936029420666912569721274720348630617801389939275372858134372461140773107312483513558799808676005546498439943856998455108182510640155618182955804692240265918684141277466165"
"2 1/25","0.075025340003653691601724587250872111568591714582120205141048833332823369349239394306070700431326701785191219496861081179575801993354145214993041474046908069851730324265223221189232766226248822934989084112501395441631663791647940922825226071038036009502962489250419850754137514007483315"
"2 1/20","0.082618410603441387940582038550727816490195204823484956725220471356708649220342104954306830134519917732886437731007784644620607904424077145969425269728875045123133183821464967644185921308071709822733777210840417620147332960733619027741093942853861966373394707053335725928583672977092548"
"2 3/50","0.09010931431828102403176325496843229053856651729143231430079499093009652406494314929229718901238130914548950319386843471904335920136972576730655660971632708706960915205887011179640751493004943734350006993268214014070508869116497147481260941414270094690980261125015585213115375011856686"
"2 7/100","0.097496822381268946995945543680283437009623013156352177371145163159385543583930272946488665979060746912989578496892179059434262928382892255530184413854670983871508843998175485350176424639616950643202887595236359100695733429142736522962575581854069424697938720400107118876301549266520215"
"2 2/25","0.104779797927551186541215506683764415197969623959272657175981504167928099413723799601472222037376591675867989584913764258325089425165422821437016673731439226102522383179673302622732310897817415242588875878149881582492830324495460676423791408587959010711270889433573828235417999068906327"
"2 9/100","0.1119571790029157078449545215700722583204193660284224876178963993652835332492061226165878132402476517153529846106239239771357639313104378897519580500484926815708739229188616159913595804677516182370669655959724553202223220788278500023545454024952263340599572103575786678969152931840906"
"2 1/10","0.119027967895439788314614850364842536846388369234080054576363892289644678858132658543525609548821396652770057019623642930289993988601584324295826631324585630431342810316420128078902305842671008294355622374036564986985562140978471740004591575658762465850699180709702640062625482396249073"
"2 11/100","0.12599122408996611340154725356679144380483604184957811328521965389236907267783103809794508505267248750118660815450097129005508648455771054106814883521116807373702318146473737248936023604190660722975442950841793235281805910367017843506053640245849379435811292906783022337553637252345538"
"2 3/25","0.132846059395212856809885127004042277330275410720461321504356283929015830524515914233464663388686244545128544559877233548484148661656028007113432395098092954908775628422514106311230289360783658645389762490707666924243002498864976342308780606807557716907897912211879421463071805142621339"
"2 13/100","0.139591634427642611467481436361358815349401021615310934789566659234493268722061721856541841774479304943583154531415523088678553487185788588135276073537444646690479768863605533663341000440790301883538843619776148664967781933599022499791807367291182626543913363467624050673795306430472926"
"2 7/50","0.146227155974281650866294449072076920037134045313300195563672242551239055812073242223015285567755940087194409757001629800583679013616261415113304410268625825353568616387636561440929376759597629653063309336449712735520479357209967983307758460784370114777586221355494786443693336810887587"
"2 3/20","0.152751874944631976719876173643288824279371976958350488352059334383397051181805241658292651683394913808316709862120672910349080807465790412849214228175758563873631726941576558223999530223055780376714422015737882582614568346890629728654969188316026977554290694670274139011091942728701823"
"2 4/25","0.159165084730227358181257296056790966235601217643216320946033250647918168930260783416276054919007416310585025839079378114297932359194951578750065994619116286290555989885281654171878912033840304541710784332164302632539163301867575386275112596473965079258732490492368888741148428928147742"
"2 17/100","0.165466119854969460404966812595383398511307035837331723644599673689454285356969393903121982572879566770954609165048019638603664236024821554651146918167396932063100500735587550432325536880882654715664780960165627912293599667439818100186998801258698315919274076871598744098979835839805852"
"2 9/50","0.171654354838976167518172091806499188444209785598719945387772070961645837609609299458634550331886978508141438935221820498845356220575539567313619641923426283670661450163197710003222265016319913193196398728834323754804161981935660271367130933034876307995278392508749030403420749359508158"
"2 19/100","0.1777292032235798507072632967149682787458579516112993638216032418203437158106619168872539186427255951716583337290595628070255727797067817325063477083467346874807875463044256910669482658005367662576533096862636268463600971048541588764309593387535748154995273306505618246505942243779627"
"2 1/5","0.183690116721144149086224394826126221183382436476339912507248390987430088337994464544284843113573538678430457830546820046740878007572147682989214023173959010143602195830261197353900810003861951727910900738168948878642565458194871764531498413449536689119544783435610586107717975142315832"
"2 21/100","0.189536584463904100992063862861574251288097244786240649977241018595491330671545548271013135923318317134194384768680157863988471123031424559187141057159901989418626861903252917730778245345909371998671031149794482554493688744533303472139600492414098281342558309761033795351761939434074414"
"2 11/50","0.195268132333092826963938709553441922920631684113069396951965308728813280833805162062219151095603482361423254875788119404631199703671933467693675332430063389165065258950881167711143851784794494269967309833027122580579615239038223211439728323220113718856281608853081092144338479188688445"
"2 23/100","0.200884322354430267288327889100555807384118935205479311836464766935583440283405761325867716419957432942513512903296088375525554558518314311835574364202366688446751442993066693739949763025502893145433918523967967227751723944672691918827252763878026546196356040805900361113741578861695425"
"2 6/25","0.206384752149384523760813424909353600199687198160311192140630949118551383667246304771863846142326491188653021404355107793447772914769430163088782374616983541386141081147553323911735416922512233778963196134196222457422059722967626706452750222189176632699929153823585394258498549634859617"
"2 1/4","0.211769054433963489670805688985684969403362490186969117989873525549307969212548717902151424196183275117396001640446717026734644503130576293028909462598347780632100461136791176003297249070534287048391443413459684485337747635294179321913855916443747751975324987458596036817962342602712679"
"2 13/50","0.217036896558470805014568704725224004178450790670513922679522785973671589782947657805369113282956295642637247626771990725902275795043617980043397238867687950955411963755789969697964215861586295889651754202836102754702029597338277417733278145564561938423001465146949017106756067081489231"
"2 27/100","0.222187980082874709712607242330330681089018813682751453311635403522834913823466548192291793100773331873551750876143995385754464533913084662644878350739561893211149828228546922799249123714381797770130669929749427122942891083585422947754947180052564279928453412553170541472187758951089305"
"2 7/25","0.227222040383330901570584771239643889603140552840339398674366438871286774126420325251857959859603837570213579588160410455131143200890063809088815781380349094222301879841338417356445270964143023777794485629242223538289488546084861121899554848323888180769366808693172184865933082622852517"
"2 29/100","0.232138846286065920619274432980617093083442569396124937159549578291320915751584944823586105154352916998012496587866896438622160404187523266024330140071631532623520346168523364195642732015660112748090464770856345151149894220384168895315333384466098789559149489709690719022355855799306016"
"2 3/10","0.236938199725331116994309369475488148824151302172630910322064793502395887615119169668977868022745034756604118606181413157094235253365770527064079093525284033357270841715892784126926480514959318768567497213889087743076097689879206358831796780611074866007348663727597951386271444728431066"
"2 31/100","0.241619935422524321277335295090559029486374821060944932286529146852002613639241582350603272963026111359399488160520422267368624047961345865460675226396443887383176543214166019746712707126153422123753578697218375157717597800042457492895754760204873004932161312302396522643633199240818377"
"2 8/25","0.246183920583878882887085915165150044081652078005256932954445118464364617303466418125069973437604977266334035615691178293862709791610329630935571565920270787206102435884712273493098259579304801656593856547795809624275795070555481166267419633526678125187825377476924584878021779373236741"
"2 33/100","0.250630054614360502627338285011998797531071578319427941181947640347660157221558291206131793773388437711034770463175726363777380085203016165858086454206471288757841306197501283302697480761199744108514863973614708117861878496946637357220380023084438617334104474154288819777004390883487426"
"2 17/50","0.254958268845607580021317555218663246547371997277931320335819958787102600017460347495147705024196070583600468101676752563000089556238355625847028182790990030801407824695262065899349874285696237542230936102401303859188386051037481963458678499533772099938959985497123347866450866720829167"
"2 7/20","0.259168526275912446071105544762671935083510424047803612827460931526894937270345282272991979209815812991628628913276343587082882359840983430665583030182139621116687859284041716774453094546906863712871754022375987035546699645446123380702110430437887047466018399843037451929700083183925772"
"2 9/25","0.263260821320377488709718239164230773962521528227899192170187171123939882636311520987257832002772638245258010258226751069172242039283256298572887219317772970590742624169215892683785789536759096081355451564642004996510060787896391313355958505232253259352196524013133317368059807477562878"
"2 37/100","0.267235179569498148116727000925607304068006609046195452138102673966392634820180456662758519924759277777879133154727590160839578267029018809130097679075694278410335920288035917618618746834434294343675503044344431431739762651543039335400729266376771974383158638013787108957288500047787547"
"2 19/50","0.271091657554528758071620631756107989184791496835491368690080155470146312429333567282715109225136716837434252422125614512793956891483725550217371112210937499707072651307222545403642188705584543448825932608820122437164580057476599886365027502903536393808707022258918688290673165719165381"
"2 39/100","0.274830342518080730160834386541009971618954357848560712129770010196530945205552578495316147051090150459477631352508390175475000669506448434650828390819213238853953858391264276222470403441545037364491703049146173352411377508373757834626527633615036577691858772792244214548705799284442412"
"2 2/5","0.278451352188488228186184958707031075005994908497189266567964337406899299079626116150598834575200244806357242541474134613683472456758353229078941899826929138539661283245581588102921868916737029513834282022725173280529234936098432317287502108491889349171603166939514556859824466320939496"
"2 41/100","0.281954834556556213878109168782701835904666414280037859650380439900859640223393017979194741785116823781339692610717801946239633182068973326118061951875103947741677526482198288220106485181730303324597149277008407180705957624911854509539571261194226738502769237060170334620669643632953251"
"2 21/50","0.285340967653381026708118445052119182565324443939530854000651184533889307090336774080593116246489606730285068945730347894579274090394601299989151972690104898466351562250983874129606014023152952709442514441402844144111595884456274323716085328652934314541717916602587710603904019381110956"
"2 43/100","0.288609959328005587838104338905021564930152975089095506389742439231439040540453915097788441237818858193620863040892632003974644710358394058231049213667612905137612109416484906844452562806740993051091871503295124259532207000558568805761641973915758494009106164042396604863818552028424199"
"2 11/25","0.291762047023740711052517692207705924475233927553239640648199091332362606151500406241739642022082539841433260954564962389539327851883130249766918058985923043077599772009428520491723278529809389905461712807005294640493219545138235826379145051932900397726424896422662277702953753358886171"
"2 9/20","0.294797497552051470687544109622271571980812506288561597395757466154348700499442758699793137476253622817278961414562873500108568916596238146672306564058025017447574688833593530425252957352338280047790855862720779478273680662401926615343259922341288968197933477239791229932493179669057417"
"2 23/50","0.297716606862973565273273949696947489531903255213063508101160467451496030523128835942220892599506147415068497602634085595150040656399817151277879851836515141472111460150281700319322508359201936584284699660204592851541153091321347215011701560584155892033473577255974668002954556272311315"
"2 47/100","0.300519699811089448708387443343697522710436406462363677792356471176410802880966574086488254226632141092950838668000779018596915031847216222660942995097680581341005447081037788004483435674979282651384033262148828337758558050265721997180387827013874142398418180574379690122461099719869425"
"2 12/25","0.30320712991615790511933738097701024529775308113146164492220209640887175765652017120356838569340948920660886589913913441305074620106928160757168494802803356298908517701719545324257050131164640159792077677546148719947742778319249097057006782419254662694096261043247201294556029256470019"
"2 49/100","0.305779279117553871461118934278611705271863019383234974527446142316144693426064086954453856248923493154479693231321175460301187701507323434039041919210136371859281587889712863491989298290637364028682230545280725239716626372326842767027954725436091209238317568302989111593010013234579926"
"2 1/2","0.308236557521737757807172215851777684455559108251366394832301926295857007001954804089443706728069260448318957205202974351666064072641325450153550154180079425987363889510014483832347313878568753200192016850531112430490340127461814110264109105373979134933893628921386295286325083555422765"
"2 51/100","0.310579403142035328430794023787219295341253476764086791582353903821205860447131181147356496632107593054218290048959628866364447578433683819765638544295836693126085022833809908565997586438552799639521411399752022198703395637210810583259462726598491446469167120434410628939116598133475061"
"2 13/25","0.312808281630070401308255906810053444926946953506614711060526409483691245550333735870889874601286072539661202073274058287803185709281389803752503177490604270736671230018230273554921991551511363816468696107627908980323017509255807067537977861370676115354198229112621129468859054145527355"
"2 53/100","0.314923685998253186325345262511947971699937051614125255366225624907259249968890450244160556039042341199512365904659920459816763867426214821186310764503556484586624738732789054664268426472732110684733101594520280795184767169956930784729780388065833501809216330204905376017712497961230529"
"2 27/50","0.31692613633278697880841770740687956496105448635885199922412883214406217847944578152710659849093516236705893378949525284426523573677196943897152429801786847061975904713730306776361365771198977204748739853163035835992904327517862542531230396905717858435004945993578033646458882841662111"
"2 11/20","0.318816179496715104318093474078496961422511292149189372407986394126110513739211790761763454927573279430096085002859868785084846665003174092845801664426304150459951975550007947022441424618141278578495691555412077905354460807634167900404350231822719831871255907233366327978690471865218974"
"2 14/25","0.320594388822588409894807498887984757302281116663548113106877628355025420318414061143374572122219123475737613668555881588847788047433440875980201998190862960361667417676293194877417495065859123479756764825133366289447533328883778471391326283435720350086765725464829576720305012325152882"
"2 57/100","0.322261363794391143940693541881557117404781865292170300893615693280941587002300902737722017527861870220421260035445106179937169367134099521941206581915891155955488542364481184195957899598890800648876673322716273804915748680926148681701273684815355021764477252967502826593193809506892579"
"2 29/50","0.323817729718419682924814237994742584968208708098993876098532505615359714123417638237565039282494945495663064105944858580332688682658023124525095743321844331189375221611647735916502025731413264462510740719705672907676390118328142514381939740603063992808303102461037640296273607053334984"
"2 59/100","0.325264137382864164961647653213563808016245487918919004144369390543945688840163832704353762761415766803106365626486412811114718951350423810154111881360914982430131150300209222269470843957563462184089375690387861768956452663617591252467652321794042155174050940486409481556096004205265029"
"2 3/5","0.326601262705897592250897856526285324015728441785856671554707437740308327556176320880709228758537596784598963620166831142307150177362092778474498090664453436617633780586572228018842364837788719164270429002827653142200022213252803879455000087699734868508905852442716932771602326738961489"
"2 61/100","0.327829806372130279437302173632520615291000702600458188388385790577598264114068611345452163918944044199782797078347388789749978248445594924931222167030217097429238161048431830681196763017135122666736437117218349507472921444494476738227716346013528895690301128973415229754329792111505104"
"2 31/50","0.328950493457339566298030442401887429240325212524384071475260268357874565260715173068886047259451256973517447865389316175641203842429205848456006138978558472770170069254958845223709754526612223376118115974468147577325174583679201472181713131479281330074774359664558008618189915659866269"
"2 63/100","0.329964073041435395083385314515673664116668842774790641504972499695179565924120484530660662574010181980029351634717790231986706195776042472684384663008696763402317485404738643469858776536623084691265982267033021017123988843944151257382869312819340448340975679798141395404871982914428551"
"2 16/25","0.330871317809671591660071378204823216705931642024490316809124835565613862311362820098337091886751805853708300966379322428992604269719389848334115793524381198017919028906891525129764581328469378497401820066891461981758576187962122911218971787793887839878834365576048351209023064457435312"
"2 13/20","0.331673023642160404487816379440907271381581612332938415376240770255821583796724742672629053541475676362016282481634971759011816756021056127528735571698046664752553576818288920101764141287000269638791862248462296269945727539796615075766079291430523463060303296850464785271346884037394705"
"2 33/50","0.332370009191793969030307699613814443312541110608079368479860167040575804751746826710286941076776705867725762902026752672317588729679542404993437150828633555738694361735492934963967256719175303619883622856734207509138966301364313036930212606310639750356115697241001225646708749156766164"
"2 67/100","0.332963115450720804138173640155179425613780106216665495970837615056206694840690735407261470085719466010137603498328690962678266151168578124133890608540183069108396939878239321779174173227718953443425530978266604687619616572636249935240484832849228693003760075240827590327792090559845813"
"2 17/25","0.333453205305568142458849138386199538740566468043915683051744043147037360678094779922240139418417592640109324488465636156425150878689677396832619601965211999492361790703025439144215467901692250019643911783908702716184346382662332324638053836633812580881676375591685922737787435090866688"
"2 69/100","0.333841163081641785193259122051656510638421442870066148748252177925019261589626804918156603545660585396456262689131132576175270268983542082755567386738853995465757520041010351359499029757293398875491268714624846426725704652325315171326320864469871167010414364393676801642196986475154045"
"2 7/10","0.334127894076374194009078909809381823242580069325592364347318119812971077128826207400607145584523182662681672341596728859673960286765444554877710298476826015749979287248957098465601741757964704202631957231029109040457736895541667865002213978356412317731001981029287289915271903903554718"
"2 71/100","0.334314324082328636719316343212726691902528992432028659867071093463243070468877333325191120767891053442501389915520819277679554429239189397336335447367564510982680641032636398131410610552787764356992471626402257019377017845051847607430930966223446874065105261996433140863374758505685774"
"2 18/25","0.334401398900102341382068414109329844005534419195973612760409159850783149997686924225760071670018838611224075789890249204778295433431982709271354433317326564088960401454202888010124367310368505082391930267563913950882635603329314002972672958630090233276183445048227302082954311301755204"
"2 73/100","0.334390083841504744765221899511199189998701115152180477933136037271420246546412388253876455073405520573758266269547329546713498729099296992718194745090630944426900613941277430225580099682691076589167597117305825934750206268724958755123257410615759512734562640789713900499219664652249098"
"2 37/50","0.334281363223418010849857488319472976743500989597358347175885608250599989626423499052954858284134888338155515686501193014620912366846334484281841587509374257097649054845858662722783568906748983555148921139324453809003459820506364008246197732917395330030811266910017247924213991321741783"
"2 3/4","0.334076239852776014741392348133628715225109109118724876120479932970656037638285083628885822574913193369196132963252276038788902515456990567376907715987328620698221120166039996776545432042236960342530166083299130089579046227313512057046799651047416348601131415066598709464113761082815635"
"2 19/25","0.333775734503124914937574943717076968835179636122069529183954819355032091663173681814597318999944296654218994144193282480253047216927882118346821687718084338627483453807465552480092690545893282342921141995654125676552027194310906653714634409085300992176222905786405564748230430518390415"
"2 77/100","0.333380885383253256720720986758622887580886711250850681906778931853125251277074485658405918191850730467359430865080820793426721563560846453943559963595067243120164980443802567074136072201187023149862478528331680468470261465696598421923071241868108583937928315077020732448044129905795376"
"2 39/50","0.332892747598402252288153403608291573433195820835541973085319075495304911902539533051653081341305819879747331408184175214121813226549264952356482164949221040906882450370197670550576329866120083576925512050662202151282334829034742264857390305153630320644281243786710968499660157823713721"
"2 79/100","0.332312392604587466306548687435336930457475739785874096892987201478954033216830687394754529511400105897083628495436143052071266270238535840700620322984331354151022329151239301785650424604327379249864542538046688430500792693755021534911433178838141715313453791453755159730091182290836037"
"2 4/5","0.3316409076565816024156028613633560272230359616748442226394623541790682573874245257103083059681093588856484180747402718682519870254034937265681094422062384949190315301672417130819781371175272858724462905660735392898943305981965821649231380949451094092526115947506144450082361603169468623"
"2 81/100","0.3308793952501244466130466708676540218967380615013259918501681838740433430287371957905307036256056310899587009812694323800513335019085935732937440920008081035343838646894231703498768805358581220413772858318192687826219017177493078753330506882324186435316631164401514450118486297928520007"
"2 41/50","0.3300289725589402933647356159573400135660207077018781924121277315545275590601954393787381992261422116876623476896850645666793238122339287737646554960471661048701561585780971290470894390105343128138003389389687199371695424728603383356532059316273874715155228374442009895090153425628463069"
"2 83/100","0.3290907708671553816357134132431235014813004883201988774434761674144776018234991364498270241098832798251314205552190136259035560623741273742010693022819637035075900735875453025409840211095475808721629212632574466939336515485051501651463403911595181524619405875753409696293643050624474513"
"2 21/25","0.3280659349977180285982770864537335490985192993206971459674597466023585927138734541001343781937395288383858738426379132021803551450148677496459904977686170768643091413487091536568439431110943311625553388320074687092053667242298284469756690318149359586915689098500723092769334926624503428"
"2 17/20","0.3269556227374323019545240274243673226279233758699211030498304201362471217660991491809137494060327423629033474195251841169907836240552716028255375653546131596564967613322832914715975341063423572726254029999302122945480911827721526099763847174944069959034788386788163389804621526018728866"
"2 43/50","0.325761004259222256467779943271578476908104110929199442974356817747695693573771306457580913392606272388972974263001765239609541174117873598145602718267191349826323525200686135912566219863435821008753284745808634949179997501034891118555918737648062060164493491183878305927142714638373385"
"2 87/100","0.324483261542248020502813610297243291863466129359044009782923414298833612030706918739939795807549655496066095574445477683051425739842810694635813241872569987020429979527309906948509034270493576850633763931227192775949092853894175557768053307011561560677355494302343671117828379715524973"
"2 22/25","0.323123587790497403184750499871509339569137652470105361009735906034944451839384655428485929791959458456613917102121549320791857896098162879930933554915480152721640378013146187651173802354639914890514341110997896615133682130075558559564837315511745782639212769254186216996977731466309013"
"2 89/100","0.3216831868504772559916092862238289005068644291784786674080339337636272427955792798812941754756032689830571632711873399325168726281873154794799791842397199397077604608711072464748165278811239468829364715366464311589246074001147773546054318153017484569024059694117206259345531957459166808"
"2 9/10","0.3201632726286276224627823814275250025524896799084618900931319553533155262712936970353000481005324023961365931957795117374480158266960640997897765598858506045333920716397851803730480012239983122926853756167963603261287734241796162568134870009617867358094700987570204998179887545507666576"
"2 91/100","0.3185650685090788087151254867697606613671828352119239076220969645624675096494188458152613335800291179546923818654969757675091043736354426120427041564305101106225717979626973254952006588598574818407843026230433903722477673591082462768244032787720271403655247645330745763690435928245646826"
"2 23/25","0.3168898067723669720323555933607718529323451379619403536453411084683147206266515643017346966477862305987709823925663820654620531231925853050724015453377565427468177335241030374395854856752878391462838079333220158445116010812307442467670717176817223898332415437979111707261588870750925565"
"2 93/100","0.315138728015717725027559899810661439685476908096574728274635562033157758632668596941606574221414775739620025218134502882329090337885962223980387259767288771785241954782928207257801982034940138519898502626895656136282635837094380478055325466623602781218039544970070080809036957214418702"
"2 47/50","0.3133130805754996622715784256045455848446237589683330273270723096601401666780319155079667158179985278384673621399711023808567568847363847023994433053580159823647431931526145279365070684077727905858906935375473630637820524001292754665229042564236344090136135871117176226878076783854031153"
"2 19/20","0.3114141199524407114691420228836566238085613982110894700361578674260576757781133982188455409557557191094135385093426617694130232004562019722725460958779379130641174297355450354619358941128228897330622606983284148921556934383287107933501478754631666757691041082494590205332504904733290189"
"2 24/25","0.3094431082401898717683133514073254691950770238925640305287752284947394438321637600268851088234852657747179889346488729568567852499704269352698891163160676658100119796527568622623683811984369930324788877129637032488286417898407117702080224045468148017991256586615266372297725136312173757"
"2 97/100","0.307401313557795309759832293857118856834259547882095644955608610050015940521447134268500956526210783155217979980061865852067655927164712144323064052836263457054657876906498483696208875780744594655039405984933689512573684723114651041990626857915086652857434225123824825566526459063196417"
"2 49/50","0.3052900094866570237163847275068198967890741650775525604998786549562051235877236881250275424475371631790198975894250605870980652413862559368735643266436511990121739248555261761706885851729559859808372944138960835105880725367440777373192451947570329945343439113102536703087489507589363912"
"2 99/100","0.3031104745124984453804735563143276290094230436912566126012740155648059973006515775179890275640030350541316169288318628207727797438537068929850714432395565138034168171673154129487347967768615532809015676302226509894756094123648731058410632127094887322720916449631565358367631650153312846"
"3","0.3008639914728865148721855605511546068457760793533127346318282937006797162454196044360064045266396190478787875466688976688080575795953329573120325282000305624201347661738725232629142624304477147069376106836506980005219967942918282271153215318884094956028957602260156556490675348763083113"
"3 1/100","0.298551847010814028623792591785039966428271759717174017122633572014106207447910249135602646443632244252619244406982978928549089155642493992121086636181890637212244498376959833185464191748425612951400518366972686553354541251285599679758794199397984479857338779298081458328301517711751517"
"3 1/50","0.296175331034841514922262909067836795384085515237271281177754584670698437829595598850411257123719833509607770829718099022476712087519303050134566288041298800523115642144260454744711973265851567382037179652521870535201037885946682415615723355380621646062263442618069890718882431194583381"
"3 3/100","0.293735736186278630518196753855985592297044271621519129243520383412069166906140439927292207269787140741657335447340727928441652618936230960838460934696817697628355385112885733202870797380922926614227260293950519651456153602214424575987093849878782614258541709117774015466905231620967127"
"3 1/25","0.291234357313867190250619307031374655933122495925489740015696274560113757493309059168764300846905945636339937054144673067269795478098173273094849210978535955579097620705615635142185074402683684201258534821392158846637556421901817725388133318198511462787774966008595830577269156115614851"
"3 1/20","0.288672490956409536693066083598443431428650006911396012198782863045717914671118380266779947833838614182321571802830489137110086818798318580415486296751446067646996728610783309690706535757881743231932899257083503231896010682844867379678356703423271329143684068419932676657043466825425992"
"3 3/50","0.286051434833767126994576959176912327241108501219430399094762601019330645807907329120896642619338243884533303660790985559787157326439368334970048689429743669060545660993693349580417963239383542048468098118784428437197189707484217809382982399393465355528360207190486108215821725681976715"
"3 7/100","0.283372487346635059633517835221224448087666121063222396940578177923146897033313722174063836124637774288354630869397306351105426222068519921791287127823545109335678494523203176035596791138336902719242374345688056055636833084972552439505795269617810527811775003337372132294141759248421317"
"3 2/25","0.280636947085478886902811270404092837854389924255700627030521097297835516553186233427325716318371540998753984011800767754577926661443034982970449801321003824714822516855799757284428163315761790108062873720287231347558459411178056031789985928336887611847145493823767805471475234671142045"
"3 9/100","0.277846112349000563988993265219616991875694187000964616065649085532226547004022163394964963866505225089007563902521017760835424069477593417420236160361141501137000785438347244565533601774856061530211125981543024106022204825919036595436833706723764192362485956661737335177300586364311027"
"3 1/10","0.275001280672480879484118737233591225319621137376406120220788134438439450574390276534998572068001472690431927737469440132866360406868163139789240518401597964756398085146468407387427823276144512788231078736008863654808005890645739767348707868685956745539563730053881789183170010482538673"
"3 11/100","0.272103748366326305191421363185028351956609547668056481746007771827695289454168950638861596670778160007099744974471449710445453203169922692872314137821819313513453810360478724453243466396709585995878652203233815398364162993559029401835926980914277815062520275327259518291300307603696366"
"3 3/25","0.269154810065129009053853851956924421325767738211844263398807546208636617658574742264037612754376645853277284975635855198405097605412814621157985549352790442895789911991962645275966671214608676675128434751303550836876924871639388896325300716258247066138683224425218876787406841246380339"
"3 13/100","0.266155758287529912475958738645509765001095946220819600035508751981150926693504073664148509798489286723749179296697574992954249366677099969595336294970339642489944430676820787682369632117016194377954717661952817322964115902651176717024110767324331707595500349537492662277764339330406289"
"3 7/50","0.26310788300715626641657347849516493944789158600051676134546993942949490892788904995616216615170522459565089799772305944286497734155486394506782440964883282022216382674759313178467523426704963522171164582558389018074294661868498131235813426507732651828348881885947365824839858109108458"
"3 3/20","0.260012471234887400542549648758449823353884790749535322914763615686436602338267739484133545189900154925972394513322170414710733172644465869113319970043308722562570263165094713562825698097872370229932838584001952616124351701666292839036278995706124219859113066086892443544129928988543085"
"3 4/25","0.256870806612685206108454146732525515355257434437129955773224804877644723063171603589288869173636158896788833259732945435947313474099857040667429895863651478770050580067585517285858689703895488007232668312696205018286749532849033685237226335149235221053547451217223093140964007473118788"
"3 17/100","0.253684169019209696151592881669873026748100302949146878345241226660434412508031828260405427387858300000264024680562743349516013427205052844768940150401920357920086583312119852638660826493427659171756160924438983901635060459162476435303173814448387126162535181567750408643962503215365035"
"3 9/50","0.250453834187424808913728587885809385379190356481400819010205112728728393024872194206259000335568892773325586501072323613117484633411537871089615985465317005968697063862629089973994120122784650707791509424091267048961119516847837904923314424233928258860233142111928018845743105041597655"
"3 19/100","0.24718107333438566056056677327234555607050566451242605447740591010840508180445038888193943664984789965858336275047531283347975446329560993415179281038864115830033478052628296359266890224679241381537788602692363820370852222596109063077371348119325078439811986510182168369429169548723988"
"3 1/5","0.243867152803385908739392080828926800972773765570460701873339396853083841193269922875475816672848060314884696160307494386210691821885228146936306712230018282958868337087768481741607935208514211183789493942124200604834235840183687958178348150235837873080629021335173254357212212035399466"
"3 21/100","0.240513333718632979979263277818081205379488655782155455691711910513650268364456871117184753167892318262541446288838111977492771082805013477859783533045910616615697767298989314532005334102720017625359729080498294075192289347215010265214958510968309225742739968413928874542833924535943142"
"3 11/50","0.237120871652609890382768346676931441764151884728300249636636625524741044392655394440057831397747764550498250969759028298808739510147610757090981629605897693416573319837112482657706009180510934585337786837322484157397639974384878657775443336335598337118654709990834740227593919982265578"
"3 23/100","0.233691016306275533969986268980223177106328703137822192199243346615768610689834372078209882413845656419707463590335640509316295486779537953494509480074594911951727352405339068112717427521353085748732554185885499101054051731831451945025841971190066714484261393897007027064655338507844528"
"3 6/25","0.230225011202250951971423302782142463163018388480149708960478307582467299622461080873759491789830941076788981290983380910118751781828226081091033476694956548278406704501359369227588584690272410765831088301623668982751547743808359455978439102600250361377247479018250310696234762244027826"
"3 1/4","0.226724093391137606220725705194059853366533462954661766364719388325688969828787107720924012971990910922908272116679994264693887942242594120312375447274537175384515904579336709516259493400860924024677929007251594175396013448985927558932808002337688042566700124828426985966869834009471379"
"3 13/50","0.223189493171115500168314793793506675893662626931768878678529494949997707713968807486360856063463158262723559443986931983291822964557050755954877687282624252523416808425934805003177926714145188797251387757037983569973952269337368876374799564638445882048846809348046764308007406630292752"
"3 27/100","0.219622433820974638217780632836207943084811897200010458460918411571197940189860956877095229674003564623311232434798087220174001950529051882576576878272943669645676730439025410534445535623388795856978550948807168410986798801992779306998896674286159706883372205441719289297513292165938325"
"3 7/25","0.216024131346743398337957825171990153104582465849704613566120763407121644518849552791561070917189464936240868148572194505863467278025415762459729368084852382319237309195891330283424358153869131026708328212875112261657205101209542411492837602023569746690440837791268471999631096035125565"
"3 29/100","0.212395794242092639840410811731932857115249736738206390984463094238470628313133917460224911445815575168199259433072841678664828147487225274909246975716855582980637756565896531750700981662410051149750176885520381685471076897472105302535461770701231068447779112665221468390624952951217681"
"3 3/10","0.208738623262715645387895619605191461077847051093655761462890360524162325653115537162439981067149574639082056572048093438560037694406136712646647180762183597510332350245654289556311581792315322023866691888094490487471347151115414788487062899433721368885381076407111345378396638454534292"
"3 31/100","0.205053811214912346363458817328701748301491522465674468962738179649206209218038143653752405232552963254829709650278549443019664192510845387725521791868333175452173297557082384438441504271682761305349850697442952203342423097058828592135231223526791239077462700679465065472855773459233497"
"3 8/25","0.201342542758642962944523699039959122786754020394636324390848429618362962782298580267018333614303679798133525318429882288302697774938895485658497549916156953375467862102855781645168298826369406025355530406015200762714066742391993225740190586041515877825347267210822512519836561295385056"
"3 33/100","0.197605994225362732657615855132520975786396034058926962259881092111658642196652890265263375560222608675743749996105032720893159648484667505641009098614356145512969583985759958455239943316806492060274128715299621016826683414850707145300239249963802874972324121571266157598109599194209658"
"3 17/50","0.193845333451007666585847837927445515970199083337899724005420836255321556910119692050806933723139336514330646521738106952805954095756851868777476213657351485015005745686479325386398350541571948072472059355991603815120447338502047012939876416051810892591203697401593734690469811688827917"
"3 7/20","0.190061719624573541708106181901604125774534634793485264933905681890745991242631689007917716658572216321448727000666146248018272488678952225863828571778046026669552515621672144787524416060426887325217271104600829100473338175833604849949987303185101772275881896702751732910569443636180059"
"3 9/25","0.186256303152819416549693240664392056769262349640793162793148742382203926053041699794368249646697419050617551374410465500061075555339295459535078129122198820954314928525694435261579926206160071342063135115556548250783871855895824515834832160814110088493536981690684735244252680353762267"
"3 37/100","0.182430225541736311476502713160075434136925155245853827167931784130235527679779537245200437611625667260517823786604878183058035632589002018957586208072673093705346513776133139833726938276095952137686213535498923623796745508913982425898374511102650329034283386258995772446526197690162598"
"3 19/50","0.178584619295555626056303253075752449149323765820241267312174821964276037088640286476513433408863998662322849417440041349683466292071822947343681861176753072317797707847686196626139345646096494061884987789790353391469087747009699735747611997757712171601350595545020571577703175277956349"
"3 39/100","0.174720607834235736736008156467395427069053292918371558438079942846815439863865910867981777105617526171319918073715552736378457747595722766845666206737825980192288290865432003265090555832114630396137526458486702602569476303188556498233132004564772638775606667336571734008582407380437727"
"3 2/5","0.170839305430565746042954378321745555410954125090108665712239367074498711756383635422121831329614862865907096240137503921980672160299732575551547507299287156978130177902214093435177231791758261410739356153170339094182877446607254414397198796239939549079684575875332745181666655375079151"
"3 41/100","0.1669418171682709945169093908931553022078728575689643016645705412000141527134576301475749991998890408221648666136304377470540755552402507384610534746129496876911705161620644984869335106814572695817067842844178228855501482297001327432236467582514761614964699497402495054997625827190716"
"3 21/50","0.163029238922806393714478451238794344890766156638811692407117459444138210321791430051319743114365398660241517229222216662333860664978235476219573519586659069585444687365957174548112013670562150309242707820901494289124466772399567625788333885728837456618213411857856317718722673890279259"
"3 43/100","0.159102657366894491997014889354686870886780354568290969887984752080413576310387219739226178923928838516710620095799393469086156415896991196918114859686302536968601722040298907281206381627125554351904249174122417180807971194368437786067960015901620329989781058263743844019679352245601147"
"3 11/25","0.155163150003322829457099206710172592040641462303133073715327802123283684012521382330680804402332985460404721991279240045506268458159477632112962075853407225771066520474211465875651595378672796429176989512990137362716013019922941622099733502210828685256042539863726145973897227799592972"
"3 9/20","0.151211785228081924469759161917217099575606570566425028993467500490611521696079934576117071865786818419312300961393541789625983413880365029773755315045327903594477672397902649669849713070355967282894820391477823849598246778849595893539056358483248909266332967076469058625712707930787201"
"3 23/50","0.147249622427630064619353765753724111207682524654125772086849908543375688133757918737977898273211756140550044992341989560261732890107587428635568190253366251976191120305209828880537637612154569617776896190988742707712091797880322710129907171986663949264059267949872404484694675710193756"
"3 47/100","0.143277712114951555639729319622364381196865755290141418962788423800240143153707102826989173269918688639651352349327543550362721243373183136270644024843937571894012173958699015649958482752775872156121011966017598586747273934566078760657419818493011164098541860291118193775359311250553258"
"3 12/25","0.139297096110180461264847992586588667154520251060250109522354860702973902934081205536773081340165708023016482626755436320476598439229342780123029019474729559156809463342899359780307303360578118050651407590109536093850475090230958289918922610752006091701327000107504354657723156218790191"
"3 49/100","0.135308807772957074952728594754669588489684992335173668892846630002569622563724417546774974149089944362244897754096020496863585543865238331908837208855312191847380020572634433800187536264683160069696887725175794877024920296238016036222724717167236068586918698031876215636262640093620578"
"3 1/2","0.131313872295455619658155376565818182946744036823365742399131583329683610527727633285448063456233446502035278820920240503402662378904730503995111439417740476907664205135510738874815047656877554832249389295546503658184911755296972869941385181543059572850706787060271053032400768441918332"
"3 51/100","0.127313307067284320578075251077465926706290688666799563063240569860350870256532098743122411346252579334457024189667683097825639568701671698125954196243038210675250410186055391906734341916654896679130256410431294582497620826697933055349590245294571528378631070418493668097756032378431739"
"3 13/25","0.123308122126368576731503749733751026801395718159302237467352685132301750174354024568647474823608985490334504360152153571903505249659783369581043420062506378331504304714882427389931457151694677833179384613281615814497161272372479051940440874102976256370557667412620880869622045841502857"
"3 53/100","0.119299320713695962659180971410699061809299295072777336179013352030072797022174228895108321398107388456993474828674817626361234433923480474168796380481597308645464359159975179157627183565125955310811518879203209492417586167836939804760240904817072973507208446747699751017990983108415149"
"3 27/50","0.11528789995471834369697531985522491727541622945631561767704230048485688783829879989473891334532550530186911434210673286334876245795500987695377068498748256839427519465790864961903840817147929206144245339579270862292300852438905726237322031271542125593108465009479265339360214435384706"
"3 11/20","0.111274851696673208277411720050258213102820766346950405698802411306419455497718880299128024413595988132569637021922524362734713155385744239965468214769826413250886811922190077993016035186355660002569346365539543836507056741951144070300241101374123910489646497467508427580875154464953078"
"3 14/25","0.107261163539665196824968694852628078355588336484460343229322285097856339606834387798575065095907541634214700594233425436293046419474037336933282753722391138186500661297880064027612437123932829264802078124189409466098197620857173240393560879856874441348516126962479064461499321398338531"
"3 57/100","0.103247820110833693749967729608284539002999745082547423536097085697991508643854864043934876497200779546330867949637471837194648410506108072661954248429715049340635291237297831055721793165122330487386203054193137135032225667499120832026657598613926201821548421788314519602958795525848085"
"3 29/50","0.099235804646457971432448436672526902710260322373316957402432373262154646660394334235585647207325246290164880098634376105500438835706491076698266486852519427013698541184811039441282848154893713788529733971665552691970269500402125191271067894979165594110234613301939686008062248958580445"
"3 59/100","0.095226100968059014811952309736953831090155688980027278170313998597063350857306211922129664771289124290174100780034340969930784408525509643701573518141792510879549743383486461902557978794227467694022271939724378172216429153378924013164219050860634664447155652102122381126919267577824999"
"3 3/5","0.091219695967851362009561963136562966912517314374559469967385249536304972285465642185404573430048736990995613033702060605686242975256537449839048693818550334697895791955111308904119028895539531679627129242731686808427496494165537898705881280824380383097565086422283178902739164516785429"
"3 61/100","0.087217582759850487776526066612117957440049369924025669114636379954946151324543613378086442024465079807271387739373411534583653117583879137939865109043753268156619052275420492442201720892889032204440540942784397435779507595851054231270704245505345085297120299054576902254505948020547751"
"3 31/50","0.083220764710934702862845779809697965727900141978025581064071874618996382828255819042349127006102725893652093905314488841018607574023018610315148331246907710594841432611525399061995732289877897196854162994185434267022177702280765472531133373975720597075782436032659904096288196831108671"
"3 63/100","0.079230260649439352678678894878968465306486441628652264814849741002691767726064145129379134635563257818446544733657991080237509024297811685572269575130173824988521209441164883657045846718889496341466077408674558483273950906133776377835558650095190920000092382587957412459932664878613288"
"3 16/25","0.075247111670268827424974149631158103670448092821892346260238158018412774577491109106514474951744821850708268213209416971162741964035566969422344623889824546526549110700021423857764524618944597666752383023274349620758231338801011448695600804827261125810892727068964208239265171955139501"
"3 13/20","0.071272390135432621250600069529201339023214006499919601211794896231536281654475867220056724799967798891606136522801770190417713135289131046321807925922631690158846645792050198206027516539358577645217279854017547605914933615082600357134755589564882478662414759126516632565938556007683304"
"3 33/50","0.067307211740356614760300000023753163223426430461122144901687687598847070202955403809678515490825079989268818451040327690364825119189320376068707055461144384516655876831779133357351374385769422197006266175943269363943670505590565363880366892537235416471252302514904835152420111976520559"
"3 67/100","0.06335275193393996902477995341006860617759096226149798981938694401030593280810680034625369007708965990253948617596103297564279768115896691876720649428795781362031919397722826260239525611176589110268090399827830325426436552634678569126152393888224292830368494866986438421723941359281703"
"3 17/25","0.059410268636801014082222577922331074260482570671940917427684388457513421408342661744551262565237449588488094724216685944199548363794585580114293702652065563411235259156922714683727835425098878997073097261138553543645953607690595190445573913920248667518368370125455467760036052176226717"
"3 69/100","0.055481134258872566587770942853447054274148015635579096137147974222957355428947792440905347603489299802864206455421874084732674258334302439859445378810339734552426935517394883582702951800442338050196143731375178613092895662218472522462717380255067872169156698695104508928471192205346685"
"3 7/10","0.051566881763846348149123124390290965085877834852942634156436524577455116506279427635991362822305250949777174820808427550066720530855827268586036544868937006496730143482361471007500463817892598980703008145692728407012190168650753337733934073315811129200883612525253443662495139225332835"
"3 71/100","0.047669272499885979837096853165628988620403072085070521798313892620887897828765323690368292293950524465669202120762846116874923025951475168448999852130222669245506164322254494350033901886979890334254975970531388975544007287689715331198066996570861954115446617573461156369343102890689828"
"3 18/25","0.043790398742685847423589446195323310268721216207502402496335194827053174629498737415085931975584865661014682744392530383002294240514125474064527837130610878560358526540976201887787960118773842997665023835634131815645704480447332862396435643222409744958831458819252803183653387992074215"
"3 73/100","0.039932843436119848387325822657773120850633022846899969949105821087930821231246334446256138590129646245469969304030217116636211604150679983610426541418641058306344210930563348735410885995043032481965688619070700543578971599450846475585140105854905253873447850860579381744273751156556982"
"3 37/50","0.036099937773424742832389988480818916396408727978344277024367440873241975972538680938519616449859700095686781011796708838835556174485174655732664017356368429151474951908786196986362139109382816754194530988715371208410160683201888129260233846618515854530610243957646565469713289955453927"
"3 3/4","0.03229619352424692143806667743470136492184483103932222499768517492388727732703452158103638377719981346370211668362086386323486554179383630280136204342800276614918356509369813284446079502531473420622032739977039053821402347134010353648584885480049099377946893221985243232790854217581548"
"3 19/25","0.02852806353137505154188466478594533180804138658005334669330704572874125171096918639539812198051248485638803679039742450038690863053329685355876501839797996990185132794313294864353425752997722852867378850465979985993459414146985959548785583195074776782778867911714641325633530269906173"
"3 77/100","0.024805355822445406294574231868811072213487603821508973204399404645825035598591655966952059391373553036410882224489246723943836264903944707769297320915308708711922364323723320763999651962947320478578979275482824818164710224309796788154187487082491062889476290859955384780754324414144012"
"3 39/50","0.0211440425871706983087572125582180904259280100621512757279801580651390046836037966055541586860237790787245090063397705113433637407922958619522361866162814901808386532862707587276671149273670656475999731692724982615634407385409540257642147498924027336967629430188877956779702454128564"
"3 79/100","0.017572295102277738072456357396970551751602280077364490058557292462279100633716581859107618998214018223829418681037791922466183507750455901327735436209368408393037525779106339862947476047198883114711914288753969953402748032056976264226933969946860220276660114955149264381166077865328834"
"3 4/5","0.014144676933299386342085497958413158868804529383540339787115799944158964493565346007209985109452648012681174277958550889555097622583116542461268804076487780979096688351253199423378724832303449415096783236448220955042649992206368664214909704128944139578655763539021869061645140578980086"
"3 81/100","0.010978702141063076611179529615965567637733565809077477548308316973483169888629130594339218040353272084159116125726032807253027025835602063204998757622501685441145144828192794258755636527463334191498869592853710900812151820658083555235830332989989794703224109965984275778670342981525259"
"3 41/50","0.008351636208595675829776288222347187877890075030813001245183562414543320700590577180174984384417764379080171446213397011461899812697151465231271716840153061830593778529130346438017445427141538815823313841920074347064732510226485523844325922143082716099346743821813010199632234312728655"
"3 83/100","0.006876945675503295068702300838420597059845440545055688088152389041068700681168055328825842811983863272703604456258794415721874328140152980572355784783036677991592261859749039682224434947881201963296356422868024024751990071703548020804211428207400129831416926506672724878405392890600596"
"3 21/25","0.007260124347938025175573172414657791079141669035516933317614649513212409339049230744633394504737429649202628976432404353065998183396413828524503991678682444514207042944862295916332279729803039587642738360648880248012509406434007223847568582777772576487296447821598959724846750043974664"
"3 17/20","0.009248486387429885169851891764773896473049848802698491297433919422598391772743398158979684183866156714990055827493042121129163767760293684783408827288621015710195636944682621139876952491142617957001778157084765991224552171230507690007522834762577485562351952814907771257083509414160542"
"3 43/50","0.012053450277716890272213505352900347627343111496558560206591621611319366447165224177608661065417621783862808517238274263193988219722007828198517457791968515111436425089956839566570270250372913133720138698938627654151618455317967532290727159086654344487051661015132898307585008949828382"
"3 87/100","0.015214004098528123705321983295156938324933787042011756959548467930505302058641082261551409364304513228259072096178096819307089115454676478132799340342417056784513857373018447217763754234454849774718055099432269880967243759376070470899862280253132185354187016193754876612908898624774556"
"3 22/25","0.018535478370455955525181786205612598631150502139145298232407725907479426100682303177653046221463564758636662029515972710002347843124353484083838748603538275151184157600548038217860922346145810919394244104578587702882203539857171912572276308431683476644183673415026497970980741390950865"
"3 89/100","0.021932960462431046032273920129757361560900689910814461432579209927686818917942009260340380698801100279789739985817770399934375143335921290852889951830574854808833486322358770043064937714421516097312881318652718193022264592114008330298150135334862223672055953504462709781914651516419074"
"3 9/10","0.025365334748424078557192566164698701078228074118225192397353720154286028046811911763221324195486739662871769540996786346557181151175795430459066379265366857013710581543087237946260608663042897394479177059148105314991512493890828606871634532787761820149968164228917635844865093713526706"
"3 91/100","0.028810584134830157125202232167612577084625190683793566205539430092415955466593802795099909875377751426125516937912831853094954641751374050332900628312041983265230438549159732334948725670929163011121549323837173716772134282502959221631730937685106085274926636180647542014732907671521881"
"3 23/25","0.032255867996275016388185638037767405375151072901094191995616144435066057980302511240806486340495139927386801318388641456883285259932477401659143555822725017229851482754888853407235376449751416302265929166582824330893609178918805280181352094712805354723022593059173248289568785019683434"
"3 93/100","0.03569314210607617419092332693834284534039610130848980883859799145407816245138940116696365508576436073605300325562517184609680869507155288658386969367373022601963502568940139454520099596317058952228046125305705726230687677500629015834644066450888911069518728410169277427659369983591363"
"3 47/50","0.039117051064720869394600121674274522609541550872946948199606675392392429098844513169887252290154995371190902470459292849742992775694087778196095725498589810965127864999663506538660943457798087045180469955460404750113228320906408255135211441171508602289109417578758217756975643576986473"
"3 19/20","0.042523837046144624128695591222923108789836670220414082118862614925344327014849438320547762981606284891970643038568726675484885086351006729232157055219288223709999428898775173036064933823102365877251052141048371384728137707239621876183658329937781543270040013685654654896831116202621302"
"3 24/25","0.045910738900315790313202483748805437103802253157601845275700646909239062135400109404513782184067984699916989499777912768413832811196353913150285333419733264850920240581961710860165260701492494739627568926890050498259080114837850283624886216127358067576952607274615420674824521826044016"
"3 97/100","0.049275643670660900792347693047450602213112203230959161176251969116340451703105669849310827246908432923168791856425889230094744873636881885567310707927450871511238603708570845783914010736100610973628747826887042304537006046207464568760070265188810602322257814609949007164012475646808606"
"3 49/50","0.052616875409086761423431272229264019371257043612247357256420128738691674351891158900785310386750252956230717486113734478001815801027797211217656913104926465842843727751735243849240811574678232207028229794954488620568591272284691590023184725664309479869555354702672101778138441858244983"
"3 99/100","0.055933062280975490840420748917042641886833680504072508085098562786954457330641027960013069834298044738400461415940152858137463192112718910797193371473123409704805253555720403051700007596174000560929989897623414148035491392466492625584833087444240986911220542602518796378345440818451988"
"4","0.059223050167094445423101988100161986330587500020794671972260783568838899766709083689632518335120232555023345761527264108794071379904016847290961389137261066309085525063769032715737553024729353750405744634173006980715918513477841411649104165688205878747551862331718802962441478678461408"
