"-4","0.216997123554938004945108973702771779124900444891176253279289441223289772446009243616164485914712958560265750204490851392965344678354971192588060457825265156970977827138139179640441924683313384463667686603535532693647300331380618881039592893167388034768103897955272987054104"
"-399/100","0.214928470866015244507049009077601005766016449501644486239195521716485664229300425164082738491901031872675533578235169104830831264742244287652867017899939476239778098695132299542471464516838014956857602007527972151578509147510764829244411542891034957760029559084967898259079"
"-199/50","0.212803126649191179796928546199696311390119554453580602612083158774744287893944213796510106589610278677403079083274230643541849370159460540767343962857864615582266878178766983972524678512701584659133904881921240664827301176570138014368613086854822702605814608385494281046792"
"-397/100","0.210621178656256906921146624828909988635129058469423459900696581475311362044184913056496810638302701898549183793342666833310634901798409782836814447218083377863723512443176813627892286418694354841460187186562194828462103374732695455310571684235627261106145695147842430694662"
"-99/25","0.20838272691037092480124110153429199639917330566287937238568089847339324155670458592953814396548749601363380859649301916056431738527368486589787089812677305952128424065208340115704084027083361989778953037226578974541114602232647370733866059982766509030215934532668312628377"
"-79/20","0.206087883743489449430889978649166248952468328093965213838822678773348817997709946995100064849315099460390889364722625609906957243672130120677150356197512533779174774617270889970861699724452960343167775081763764639305955571148761663265887031878939129996432795089952795178872"
"-197/50","0.203736773832476523869373986200841538662341270206052726831049294763234293981894748991488345381754560515831909848431150628895694336312991554352594560941068912635438327500646905456451916267382764368003323960511217023310819832032087376039945626259765240299821078630750270370007"
"-393/100","0.20132953423404661433105142323387882159764875648621401124881260981166062756897974396639407369022630005210619247303245314201686180366990579376002058114095998651104323184670678580536623296165127131154094289179231017227471385855264321845439140895034145725518538832498239458714"
"-98/25","0.198866314418696214427747110231558287050072647796587063880278744416481332057919287391322568310935803345322355376330982407674881085640254584369535774361400633104007149273744836065546937640931177508295141033420293700786864351989553777263414875843601218477924515374226361977627"
"-391/100","0.196347276303784521509442656322631571065214339467524645981540304214796820988592361749928633323846749541330390025504965368464957149524866966361814720736182937824986158990181171849268000382100053970983249383100434621896032399423603762636140140306405366849383515903543293485718"
"-39/10","0.193772594285926489372109456132666146170841624696493788791744351222912007358489352154835891233446293367847885404725348266359398806124388203627893179332001989786912324455369696480612565070678396016970097059278158663286532196630935334984827660038369162388407323022840515061744"
"-389/100","0.191142455272864488956469514844287307765426916450940804869869312590463620204452171197207646485449437276187703192369130203608938069517666256059765186138922490882172251532744645355709721895596666390378724572130270673296631356031103251588614467553312567024818187853727862768584"
"-97/25","0.188457058714987412014172109566344482451873309384722405841952995390622736928797419580567299663566594562147939111447116605466276402689083914374997489679708495102253848508595232462944907670338082693179400445247249340289639902018403009004556671946971211295495041502296659179765"
"-387/100","0.185716616636668321421511132921340038487535584660305569106975036341746085211428395566548579026988642903972827892650449410477057074704782049543269575217733887910291077299750731617461212492965155584564925250322892148750420124919686587409226061068250509996965775454851605734586"
"-193/50","0.182921353667593675633116729105594067993636306532213290081162734911987601584442063660441177630778360334601270112790470269590699395487014663939351782308524143819794244931224790834072630043119654672142693358166265739916888878464036597245583724464884454759126846873101032611943"
"-77/20","0.180071507074258723870042962011709370102735918123583117806408461659993499522907963368249672946724310852452305844301805092275899450577223533949256710419963974221480466384721556856965167850679176349429922182847146852065036087222724025987196238745775494632410533441945233440306"
"-96/25","0.177167326791804873653097940540468229117560808806852650888569537877177962726170994368202187303555477252383483291967610123205589301628879118637210742580598096005639152732142906611930885466647060428014170894211633433394691151812226071720106116368998762764037830731316744545124"
"-383/100","0.174209075456375664314856231251498920256442920542303546973566215888524970407797838330686664270230766171946433065252492324622610837869773982911912304969996346193896184261918168269959882638675199183148015938366752161551789523158420171146905071576291171723667619410268477644337"
"-191/50","0.171197028438168430738536525098734756273617931798731054825138476225839930089809096946399279208482012139538688557287462067926789524034497484178333540022330045760851820549229951196484660354162550520335923147040783152637259518581257175651930058436985227895249057135823767732278"
"-381/100","0.168131473875358802892134652881329180574566635992356275029691058093574190779199945916097679833151376687734291629248640483158642596754621432950512659167339363401776278862030560879013498329360524420476152441721689117402481858487089629566764302483770665254094866040460315544826"
"-19/5","0.165012712709074851433813413923565145029436537476972217515269338816354956268774509263700632790152613945903776500127045317768553097231984875989247794435010601731915321809090268466629353406529279956906014416598262905242690198672378902408302710439026762026449590844552973735157"
"-379/100","0.1618410587195969510629221363557547051670076246480955085252254169231070208713518354555480826192319521259855399677237572251641953782689305790623592416452865159339275284827434566497794916831988123619979902576152220034957687793871516684673475921897356912623160461919831836087"
"-189/50","0.158616838563958285373755245624133840459425491063801627902846546093738381758900384658565370531843621699533515112023648973389345604067270276912699335150615114544740805816987019294581698958381934132951754714768414441647646233417935125103304106150698006136278231807832534394995"
"-377/100","0.155340391815119354511331898077639640415812394243135270638932054523984781266540799485546052500916148779628372194152632519101292455350246420179028338470271447764005719424220027150110220364660332503948568471935605045472488249108049801761295997502836654269498771662634206093507"
"-94/25","0.152012071002887865609147971726080156625196263669996240014816422401036769376501652146390237183366994601925965159993376205212888488983442239876371212781774299087681036543864096450060080017811201175413396299636219781505993534543913336626579849386499956999371574025983359824457"
"-15/4","0.148632241656752982557554393309399022416723211026536078695141579843321550761649011529504368351221557716887492056711638166633955595850834961942975482874635500197584231725981268811138627402938603427357726734624196739739372014979992230634386682034472758264849913807641413109797"
"-187/50","0.14520128235080008415676576143700833129795009111495535470013236901396810090122877411204269362762837998479003862062906772318873907990917091672886152172584443979101535629507088163374862806766304750259644415406574401354311141745341952044246410442494865220507839232176150594323"
"-373/100","0.141719584750868927815155916956264923355130953805201483234610737392831488420055515259724151751417007887772949578800761789587705218113624147460412154166855553395531275267645021920919108156921605745960733494082339099701872686667839971760101297911243558671609832674541149300762"
"-93/25","0.138187553664114441385847690988679761597271080755745366198963416535102850435857994851506702698609477087957090351939000186957618155183730845101118773079127523550549429146850742080086800176829101471348555519246029720036201968125324101827291273833590010753358166073540837901306"
"-371/100","0.134605607091125272903882112712812199346429751735193018560599801978887104556552662175345441866753603238330875021047896070662324971585224511757631736268744936336909738570747855486591040943851619128609899106950755252605932954238129337375323208671465420359696779656434364393088"
"-37/10","0.130974176280750724885610657203810032551357875703858198031182251440383448384418819248271444573594538520120893627436244216695147898285455271532146609618759460423399835527214468374464802344238471697391395381259032113213906836778457870229317374229246200938949055733972674468795"
"-369/100","0.12729370578778179934730752634127138485811851485964681876582133341573501061244765884156927745561524798061237636387221084905803177095453859083075381266558067176680885934190634266826347958793756199552707189602580297945936494388657734506218550471575028957970852190031147389771"
"-92/25","0.123564653533626801411879349367002653555828610019207902493396013357034831991565275891677632506163234737162003327529744188047108136522131810100815446451269722458506824672547285048241651711430304523829195430834448808798754239538446750335573103456325649002354102128001526390694"
"-367/100","0.11978749087011632245123866095972399579879561628098852176941164674419208896545944056338326238969021064690602244387658072843571782230372190043087175251018756100400317308300652058400126937290664004706218042828863697621307737618735563243493376277160438052443653218641401129996"
"-183/50","0.115962702646566490980062237413415948490037841632063604957442686797667405224465512806797524009768269760822305537973834666158190878639976224957588312338721813512752935346618231277826134343029024173019449615979884368590232277242410339794909926691700433085478438810116517524974"
"-73/20","0.112090787280223203734108673572052841758831676181804077302971787179866663185571573507322907499271148896365263469740784877674065568798513125478309912257101246953992839452048124586199484101445166205085956013895701193018323977800660794555645274120741880356519782968120837319211"
"-91/25","0.108172256830203722836409718246397995765345163020156977576942868846274966878318896229312979532693288240535418339889868896440102175929887744681397013658238113679339715599641136177496921064422009217261461707705185879626657971144762907776656988683844397837655193968302194245472"
"-363/100","0.104207637075045684474895448911458092186541988768395287207494426543650580347894049827200795198896214071449379978129629938571891880778544654832494841747480098923161352191191895079846565458557860099765646434889191952043497985209475561952866810403689403747828538016145828585595"
"-181/50","0.100197467593967415017523911694585958819464047964987029676451781876900043213513311905704259758067294186247179031286663921881633943633100442083538598019924710376786820306133049476407946442727907965285614377144275799250769408294690642087670696052144962253633064725504744495534"
"-361/100","0.096142301851937803070117177230303471764470378449959990727569373838171534269809710606470006689846079040174464551030490329086029120308755467697172781884235058899568605543753651603159828977483325421738728412500014924971238312971416728800609249708082705481805957132747814491536"
"-18/5","0.092042707288649310203078544465906867852898086630708597333463155210680008635082044836877646447741774135184369126065340452653306617328262079030276193455166186089294578250639505348043168690748690279789434356982875971028980484509829806900599352868509288757703922885499377721476"
"-359/100","0.087899265411484771124836120284213143500798839407560154909025370181087410167839220882570397731597791538124719076170225982316808291849199338503334155517270927497939498707852697919677626673923667526711720782122587539933479784221314717933623399578771291095788147026960033685705"
"-179/50","0.083712571892568638687793437567615043523857810600767648899154909914520182925515554302184430425492132399734506553637855346796484322216010892493789200334076979059122849142583699408310404001487316077522266451458611335231172403161711080283707757313022958371574694562082849798952"
"-357/100","0.079483236669998234715352806760128081988099974851162606101808684051723659034493313370436424218751984775684307012475231115128918255849736646603085157792165889924861979772621296402188516680402800158687318415451947267623388960266722727112713810021149160847463480840599173160773"
"-89/25","0.075211884053363658906520349655508640539901496792412106107236832929335310988937742407500731369972649630976672362605779326767942427340156326464406179839848895327947112985306440868924549242004827363698041472880382695126878277960544485213240743896262835401047591014314620895132"
"-71/20","0.070899152833691921298574806812256699111538487555627114923052410304052605301392546032703551774087754876784540934104338057918714454900971328520817272503866264311565212970869315358034710048217063227174216545331134282353992539375961173003091197997781923153585900233700308680921"
"-177/50","0.066545696398001552323199684649370791707254005941727665053476864947614031726728614834783359109254617399183971170934212919163438593632479345558624027886457391791547719060296716142106487900704516038948996218608567609558376310740265424860293144126741538973778762531279508213119"
"-353/100","0.062152182848746557629212145008689950457761320009432994876557828878735363878797202199378422691112517939131881633254370872215242851028159639989764935034956451542117036675440282464635929116399919665140050868151393257174619945198693978062520809502005960008099170437883877582479"
"-88/25","0.057719295128597428060269490580523742298610504863699551219013475574814664908017315488966133495138354994169248748203415801222705618597371790486120306554249084861629029963370356776330773573645002571228340053561852721553268357539740101502335175168462174129603947591756974642136"
"-351/100","0.053247731151319524887098736245171066194129995141415124036069651596770775473312983030128874875840605626917023103668230883445805978509327154177934390279117849091957112269202041874501194111253496573278415926907588337271755837838523987211488078934429829030307222191445356854664"
"-7/2","0.048738203940104816657459461102464299014364298875089465481437910123225560798870327070714615120262513002640322069935345135562917777335567873928513073406511755306341713696396359974558387306109311300117851217351750576669739402529087586792122474653003121289328956070249516293165"
"-349/100","0.044191441775894707112610658300285478380133482604634466231473800222462915677114318250910751225910671830680793883199638683554362109330297912487396116894158385513296005216896845448185812659191589383220544100467748445777729623232317651700419400488398124009860419669500940818667"
"-87/25","0.039608188360701661506368441173523320514213425011090919592265573407086779966209499283979103221483583431062001996521112105326547295917948046562131838412414333799732924120791107967019816664210749039786375696320446147546395936462622117336649549063042943137725613930281032329116"
"-347/100","0.034989203006447776756497933325850102289186599388540418949684958119578913586017786944816186713358550915834284623534043483591756754289998534527397409455101446115700725677154238152301385208206314628572524237399770613622490557782615850248812096628115790971288626639642084915659"
"-173/50","0.030335260873175081710706826313677187860087746739669152262035780694342923447987016110961182295202045408237312985298480034240441209444637359841475501898279361515615214858540609697788320516607697750060674093167618256674248566667670434400279466525044093451696681889823695629693"
"-69/20","0.025647153316263272738363997471336458727533774462713088882731697408248026615132797180711925582835860267909697987261222944545943596290408517477631024745323214862221132506197764815705694381989157687330912496902127280041124784623063076209143607575055713250027178821429919830124"
"-86/25","0.020925688512064571751106925187459073930682787886988255178975470844281312586464372108200092633271472336230389568122004624782095015485621647202578015928594802684304617219023074473069556175332340153852773752831697535070200419565965135141249065927366451868810253315251046212121"
"-343/100","0.016171692935740312709229526723367457418096547554253105796054235952905563422765473651352236700130435984717262134036456669282038984636557514311413115887520089464598423603037569299211943554361640623088916082274482349715799423293335958656909692603638186289319994549623187973444"
"-171/50","0.011386016215508189145129976488257668097306270537491884326166968418251023296255453106689523691441769447843287068398491445687737331961183371767571309084147977329343220535409530404915447516724772171765245822885272549127341969495641792991188320374325438920382097298759202350234"
"-341/100","0.006569556801483756682986031387314848275446623023215827003926393856467465752437367655415556603293864329747547060482605007355021085363263516452760735680623303830243767161147966294515739492728246860966275219402995798101059298735267386842142403488006287575050180914887809647789"
"-17/5","0.001723719760307362054187043407502527667380491858345981198052091892477557190098728622168965588418501154244481442488977788008840315204900666570320181055506753785511825154322682655817153293364777242276879995159361812241929476500475257700707771690991383259177065939798821189948"
"-339/100","0.003153376698127682825754740181600371047665086199978064419489244243825051298556083278147768080901720444359692121030998143513130896158957669476334502215923332665065800474218464185878179353958931630093022501330227332917387304630271150702692614287478115663735047399264568196331"
"-169/50","0.00805686529854491049688846266629740497880980030704816218885868562141136484453093959618452720918760207927926576397455774188045916887770552585133687506309122893791834549801262966727650009820496199019192746312438953982819670004352673646901801174335447427754613688250569432453"
"-337/100","0.012987851246789416559042205206557045062490970641403587180929079723093490730829269040622249301648904519892908197434935522272285961656495129454752044288150157662709012455691741020968964361012493342062081861455153291491876498042326994950217032757489731453631287848597421863406"
"-84/25","0.017945198095709870811817142966538658797468431556855559201153777543866227795559123021723787265633388425599586232254361820243824314832841587112490527196692990368564651520314678120494240181753052508543739231675643037477973696322634524338280901783192982296222797463640677791298"
"-67/20","0.022927921475135859130422488597347158176114297698715655899111807357286200929814893505000096281464472219714924369660728409495665409025979697301018206576041592951976665646161614649722589987575157984525709124900892083996012973372573855782665550460666671008856807256470824739691"
"-167/50","0.027935038820616542696363747621317284405275450207789730509780926256690524662002299382206817620799573450483322553258653955667530210177833005379692715447780253032485345026514953838285301878119920639163273163424897758146315561877671243425669405994329789001755682133476924660668"
"-333/100","0.032965554606979655099057403122503552222057091375965812189321523719901573040726798481079318060154164056998356006463679280162249406050278884445212097823925385489913511580581552660766799898972592185714175196581178684311450287037024764070237842965086487116289054984185009190514"
"-83/25","0.038018457031848494166597564781071606938326837959439173992842824891359903432403145509113851921518685995191187378015962599918514995338133419269640333040555511317353036503075947315295335615843269817763608563463835179684511298044255077584359071493579392826931195172041727055364"
"-331/100","0.043092716879063041423766407285567009107366898862383083675390657658088245410684167415103305786565440204590330780049940071801767809808844539040954455802320101321285974281482496545596579634566384340809209688839207453103603941865776643609415891932587036853102372642814298547202"
"-33/10","0.048187286980438095596716729254222587254343987043755095754963848526229809775562190725919894581095136587291576798886157452228793247412531480262588935526367442957926553716224800999102643767593978204784906521237281525171968080055907049585168625106929784537747647232983518473916"
"-329/100","0.053301101883078046255336463461103026031951585244119395597007710777355839588557646464176761146288722894620661987693638568129644166019439368340946348040190033319192140764542897069873252093260391059599977499002466606958557570943957463393322159591402635225923040112557386965041"
"-82/25","0.058433077599581516110843166775111309616705681036174863781932217139449172024858216055360511028108618217508861917114105759285553558211617097110453835101961325062841218608399225171011015494662847989256080858037719912223835924155589995170246118006096272176990495743423471872529"
"-327/100","0.063582111396360359692578047398942153465723333066414119612637890819704359412964325401122237369592536368546703334753869179765863703691355102776565058694163904164081734244906987674451447563460370903685795399975335362433361865542643222399722886172504582765085157163630287000971"
"-163/50","0.068747081601829455082005040015499646719635414024768052463408664730253803440243593744080115839942140701520613334640762590767491388770398622060093518392555818424086759043783455193466983391589157827779071919575676821634327488341656876922576655278681925357298270474159070584927"
"-13/4","0.073926847426463286753535346221080925802947378552186865277612471748270431077037835053869832903304221258190766477460510721423120204710725589381691504234545504473235812099778551050848548722693750383964791884115503343428490787871805398983720415347650546941076166322895054997167"
"-81/25","0.079120248791075449887421837069416107505074175631344494879127852430578819295292338292681168564507120603840038851780612636467904147589728693716180431165750504602542438606713540993639917374648500628721139076077837744341426081622629166080318208498123213578387696294927362102314"
"-323/100","0.084326106161689759882445296858233206652351995599425480270918131756616185820216735222424689186024254853085647020898199657787042994837873639875680667890468525967514774743736732085152037130696087460593660616621567004467511037111155251572953844818402324452775624974189217323164"
"-161/50","0.089543220390366792550585043920585647267010019201310519137258339049886853226083350917561643300646041517194835388086990354827055187794516755610307773802373747566927161252876088562564989599536364710258979504282395621467463382985904194528900474776177143724117465254104092191406"
"-321/100","0.094770372561872828235700656139675715792322751427787091643300657876057663067235018709358928532942556160805089445162080891875974199657698228646068782316292469766777313850154806658860392465086982491386244510958985364381900985170219795197370934230311858144561678445552127660803"
"-16/5","0.10000632384636932695317080498343471749854978524522224506683360533499071353956066814432018705024167908021948497795726265269727060819406180914088763032780770100352800650260195433957053185612601036919053505831404471750629647151261199819458760964977769574661807062400175670621"
"-319/100","0.105249815358472319466109822707243716821965718371864483152718512260497260084117449381521471617598298374200764563047536717822313129366130557500501766028959509773093492135259330237032428007129062430670142585439330580083250172726542181892981515495405767814820328032515656299419"
"-159/50","0.110499568023137561192422962902824478274502047765751226576266161037610014152904268156303560052678481418671298588481705734050083481058781086064081448852039156663876987975798720930190974828199998048680889875475073645806543468618797188237545321373359416794945702730985413139017"
"-317/100","0.115754282448897266155366882021493327808077569290244782853868495619433544575309563362740820624550461524174113265733478679620232376433015852614268445644978601412325618220724645151289832694649030231529909490288452157471090080316663511064060003017338385422009085324130814322641"
"-79/25","0.121012638809022822577920190970932004035060927436552131534859556395804856766650788415925958870220570452387804510644504439975961449614437366243673027599059959295414539608782454234648430695816920335854831377365273166185803723456352887469972249716198289124414050325186135122861"
"-63/20","0.126273296731223422782036004234626787205709728557990007926752565302177543200407765571446337879103734582082112195503581483089139296208112370244485023258668087870588470040137875502159490201513665670776354484777948928292614629176717265175825199130740206983874319301841085125426"
"-157/50","0.131534895196517745641054956986692056534411695403968973604596578715085198499472702459437384172345810355216246080397110401492131127472799728997963746537142074362346397453619059461837681715932841446498741589890083523488529949396148783114595839015529729604226723225884119652355"
"-313/100","0.136796052447937455708774496429439216170855433714637641609669764031028738205769288200748651337721562869346815235070810335873196926299663862933946101827401671102275842451954864404162797709513766547895245796833038443626723126606607593162640713213906234344609748210552206835443"
"-78/25","0.142055365909738952688149085558277322751251769668237749353133156631582895480156582260276714254117715894617642850296542403459641014372771584526372929494246803056600705403462062324926283354877988030285196493943914391267165902326800424846392399306482353715069032606860665464973"
"-311/100","0.147311412117814488734403348413094372801552309133980914311101011318951346334907494397968711925593545523018651355481182132528023945908854495451630839023696207608203541337547053077202549505186507266467167954623378694932050334558345403660139140408922165374759444921354675663175"
"-31/10","0.152562746662006050874953577150121790554250168124323883827330528802550270652350637597290523308619533473735008984565809865876291062489522213523351492271138887884107724505610181033474031969351501732501309298301381602323032378495214664970239253881035472874810860845100075015005"
"-309/100","0.157807904141035626250702138289659759261987960212162614470743673158500615353131727402554941882941268646652511384013952279982727278804999532481975395922225669668914636436118169179551789951643229436423693142593231655837397179230775503077840241643505697044511838845268234723726"
"-77/25","0.163045398130773826281247522781434642910840479197429399693597231338835346593395810943666829597336798871752460048640630375548030281106787204302856663571076729326434078781445584928073361280583641651215178227416960813912928657541887569732737115880423838535423862073378826099953"
"-307/100","0.168273721166575446289331586465629324101103374956643215273849215725416101335217377946201067811580741308644201776794370384787799125840688393218554927744423775815409378586571041542738491357184705633119853950656193412971553685536093250952464816481574084498859017553406693101546"
"-153/50","0.1734913447404154236467398530074230758033037832739449772010841175393073371023882877995617310064564747419189880212923333546734445912086158954620508633348887908560216475960892579083879442618587036427089430336900588090440181950598410620765226557641929123477375969401580925566"
"-61/20","0.17869671931356183509787533657163972631746804061243603179759652057572396670953442712239615084644939195222799531159496167937978852263722286881623957705002323428729514126811139054698961067703753164415356902172288389029890870957805146338743877451617241121125393415329213507374"
"-76/25","0.18388827434552402187641863083230317522234285238822143463104019995116426343994689753175091049108613674074135915001252962989620094716982554917374790870329160511521321852741907486342689644091135065744844698074793853144562647639790082974965109418067118357583213169814656144775"
"-303/100","0.18906441834001361196245901777977751739803306415802213105901837840585435754956106817500573508407152596157634556783631273082013346669766061477402710448386887504313468546658378530184091150302305701681699581120683778325552672774620611696659380607401943457865045530051946058091"
"-151/50","0.19422353890865407373617092717280643247083159001169281303602699815928669899106573068098358205120200632664191184642020211490927167745756240771947663239316761729099442235318916113286097662189254719770961046345483824746147250244130016640816339598964556553930086192035056020052"
"-301/100","0.19936400285317042881701874442117865463886897719584631641849032056395707669365129657256341363296716363325674028738325854305116169597444714081703056807921249175406605255125707558810494505282070509940557467570846311875672965704863975031227103659764550632098754910728278462678"
"-3","0.20448415626678481439075065857622048333490081915265817635849256252349942809189806715808811048215745708333855845505495344132719501818689519392968692874157748855103248982391915357743419710115908321101778107294648158337582616206651495918867660531739868874710158882702213509597"
"-299/100","0.20958232465553565518239121154511004183848831271191019005278913571907340864383549965365740891951372999053911011479214744079754485814004182201674511516216153650192164692827517349998012511346294611333110353451845502833112774994150731998359384503165265117182186182411684366294"
"-149/50","0.21465681308022822039531402966326533640265767676627478850381743079875696018994916014286067559153821997270770692609324478831682340765783099290375826476309748740355774035180237083152740793556753164008834148678927163314990956218362123178826315856085455765393147725194267804457"
"-297/100","0.21970590631971224023183101939425745820476893754736652747582624613322680883188131753480522043237837093723825501286419299250300171309099924670415129963863079304582100344197188553619259897975693081892365871060782950469740569517310503031034145162521695871040650258182069952903"
"-74/25","0.22472786905616798077525549986609207098955149830619626610579663213276989465649607267212862197247698976726548207745417623838549446250069011211561851571553323163807288041454437001026431581055051198369514398948251575809860721722495896902905481445470274526887772961438883382635"
"-59/20","0.22972094608306566858887095922129484818400325599408113094085485993649209108988407385815753813244200820675967262801605789329137020839602834843013371219673979002360519173476176184473412683197549326587401075792502469390792444397969122036374360105165879966592908876412801923613"
"-147/50","0.23468336253644436452252239929893681947546010154553753132938744328760723059436965482501776860766790688592734625894993195172598236356059097153740753244819297269735983460995171190334970332251953646267307941148728680702883594220544545847977266946654927770391314650460068682135"
"-293/100","0.23961332415013526140491452604657524278920693243056552769017614343746583873229421997425644308767244601547789650185895346164609084100373437870749630310518621026058228857632772127154954221027085766103482159866812096480443895041930914452954356226492461517559371527785932311939"
"-73/25","0.24450901753553087906792904779487676703165860926773666310809119471960392300607803052229231685507162169672314364822033040091826737258825699423072407611305189480946440765336493014487812373433803106789217920188180896344275569561768765831197334898989298919665956167858055157263"
"-291/100","0.24936861048647571472740521524810672475040146572230354903162799762604779617615759895408638979832103736898173015807778272953862851455975465127326457456094755092634978707655244653097446265052059115811212351559660836561961990123454386094664953901088343074848939958026672575445"
"-29/10","0.25419025230982554570535056177196853264203135846913187351056595731967346117226425316582722561964235173338566047358397386657411477301278843823287460034470703101202176083837882827159425910456588351865945989494380956212430995699022491579429752315066469743707498559255822399518"
"-289/100","0.25897207418219175036515378038306663789813055836736399452952173768236808769509384586003521733532248668959551228216180121605916833948939629971318210112363633279183677403329727731997072875230639023573542103761704889517244732813053865230074553627134951128848937299398236787649"
"-72/25","0.26371218953335369507388818809945188255025657405331699949013544050847327371899943662682011900100780402551873857239065354762129862773467094916613164224862791138759020962542996365710853185804069477281126718142361756430476039476847218682313915776178437606575078454851774579084"
"-287/100","0.26840869445678642132303189775549107470344965253494673766325659950776576661567279300139857316897921305497988385359277672735060235370482667725755207911069466753937676952674038119036825145892596842214767790160238147593231157932620242455607845164451197350065388818923380288528"
"-143/50","0.27305966814771255792879034315475056151857194992041428819787925064784625157471711186419954140166788169370146552674403260753562491868467253283159042183427265973235604223989043242925827276291222357130463557054790851784781474107036604096736664838836600018700169797267604685705"
"-57/20","0.2776631733690465879483864879460503142829268242897172435227030696989609053768970042318538420669996238456377919214031005184221759378502372519362989336742409999634803792996864457554938365565411173462948462616647585086857591031441458042646517490194796303073133149338505207288"
"-71/25","0.28221725694555633795551626173274602262037874880851241880088390934043421422248629301276902383538282893546746457571176098395183453471876626484231929133800221444340136080222270785108136530468731327992423683454149441469028701460293828290361502152508033477588767540154146793537"
"-283/100","0.28671995028652085843550156594102916819854959427966206550437041617439275930845794987862983186609359220177119160097788117376960486364118914874694968533289737210731166849638001098167478066351074730239213748392444021904954964837111937424799674683448477420249664718233447385584"
"-141/50","0.29116926993711576907524058876698264348997472559618848972157824585012559350422957022149913849086827257363535886353887641948705702518408050927447376951682525696080929594688459200558894875054515465981835921778286010025202289072407550995433156885115924267889412724250586566706"
"-281/100","0.29556321815870670387735363347452632284879146920911343623038469529167239138890596533167693887839853409705648593997076534688121339551588339269455538724882770816041785975923218363010113784922560072701857335102259516357794883381171730918541980461097899494195035824615673793182"
"-14/5","0.29989978353817877247637978335237538836485302114387885563327905772117497625851013273519478318854646759775200730263533561639741521687508147763712300369657229850297021455822761772949978740708956241086648758263666409532362818249128214754849332311283966040460649448923088243051"
"-279/100","0.30417694162637503226379874009892166165919669535030748475459349403852877582901295724810476036538139676339965930367976653647697531227694582296578919357460283379118795589388865930675697277021898952935666098909099121165317104019151123428827016129867769562989721162923440555374"
"-139/50","0.30839265560565993013528737295498238101634385700775350065919919357148458190206393268722122406587536741787760391084105403569764590611644252406709960730170530567769751359080840914960341736831624853106082400961794268583053908571501972910851282882379276985909920542493230523834"
"-277/100","0.31254487698656462509961034786434384673476404211000582279310328420231908484262418229346090185852264950789971202781019346653449282136032799668773893211374998076817150221348780441175966754420238618415689314466569828287196811508557676973336789521089412190572177934461172547494"
"-69/25","0.31663154633341015920287077592149745243131752887631789393865054199634144550314565723184033431817613301854408819990483119681985279139908390101883893854608037149695321817255460938191943776258121272041286532604278840703712675886045587798404810431373287903981169727478584786269"
"-11/4","0.32065059401874173334848326675702475365104021043293303743697630574833561055686355283514460386968215015963032397350219872067146048830038139884593921319705013828670631089851511730126760132889957980085933619511275011997476241890690160456344112781278249892083342310695777146131"
"-137/50","0.32459994100634300947868437892968528799124841277698916352495494383320302971280387386104474236716198162139731260653163994424233832480343255000937042401943859791580870820790376816686721501498974813129535188193332140701820608720689200870013085227756687871278528640286163994808"
"-273/100","0.32847749966253355789944594520222373341585380203475294695043877427964086856165128726139425333901306651510115535166064436636309761837353867124558166759983843641346800956063127558592548626756707937212302475087896381683239192557097854616548826706114542477371308253508485254572"
"-68/25","0.3322811745953854688077625360699949666036903110493509388455251284989228393896933390796587893223189823184451305032859334666690270292239863957996885064126866007182178016904816025245514254611604762541281971484447546859407358763916314801577245619060294269977291780284008400976"
"-271/100","0.33600886352142693466730153228909673848978073500466159796915587248221624602465674981469348646273177020192576111139083429296493465683650614072373890447671365391370200995645153111533031699940278554427397179532691072474739963899151340716138719040117789002086293996335191621024"
"-27/10","0.33965845815933148302456047866810274262275510509349708334068840840640542683095390991354434682461699719383443464007941780709516755405357066569398894350176020632966957236889228217039180845400534772922655475897021504792902440291452600350339178079453667148939094489913755548019"
"-269/100","0.34322784515002170921303810787825316353725718795440146954055982490115485449714599385099866915064841597164233642527357366081711118093648991562719876578156090518189918407127331423937897143285651198142774148389901890428302860228261855144217256486019808630736378071725974877732"
"-67/25","0.34671490700254604992397921861816234330547069164022620759897058850418857423233235075169916102362142975037404633770158418623703446824050476349610226096689222568563310079678899597747576796740939319073305275762108897211694978974424056381167662665405700232910553261031143898166"
"-267/100","0.35011752306501658943964897457496944043454542564561306179236261586552159850490612239455331788994109338382226621313530347406097685012515305818736343826729634233525497938354226586068150856725507157222272765487787979248288958815583035609983376858145117875506382424122677440415"
"-133/50","0.35343357051982535042107856125672366106226371600508290201172143334618364493992723618928655404213497916908524925826064782480117244761554249712812107954227371023973736256512612564112927796586452373657023239227051911732659290910237414517286495965654521514552466958107982062141"
"-53/20","0.35666092540228625233585132218376333744584727094180016690186884958366866816949566218854143642374000532080141823775406416696946174444859105718313873212479921156818336361770675965990058899932535068168178396405747817994460706158682029165108556979920502103935717459052723934914"
"-66/25","0.35979746364178019590023883340885542329252718430327800611849889493849219764303736262599379844944685454808883571836582745070060806725357096572726258082186973230733397168025489789246935947455755283403166678222215815833875885434770465077751453690518620279369247117083904414769"
"-263/100","0.3628410621244118347270832501128599157386208655394381290448392536401273325220915928306349954151224476124758646779793796045758906588885493279520985789768341445067215422332178890206530357429166128888893885000533621482636797312985842561002502686887982577849472803563810386096"
"-131/50","0.36578959977611881874828182531965808416232370760018293762149841577706247540680951538207462428137257083391692068033832234698150352119897022133688602376274260956291599848910620376159302949064923562451601090335857651540581463160120392945445660743412083581004219246234790629452"
"-261/100","0.36864095866510793961880503353144263633857034335218831983975368922205143497665558555959082921170533008037768956227079116803441651691305764252080048307904812460499617281464423936489868538875459577308296826536100079711332835840475658178431093092157896060868746279114698011948"
"-13/5","0.37139302512242798555360659457421369182227653066387165124892502551614410372747371690492625697421198208220906234508866517025788502569373965552938913357318650764645934776831719220084508033198298089108828013508359985889219951256625766355505228561867056558493937930653341418028"
"-259/100","0.37404369087942653777816170055976029673650716145550920715902309202225679921646245501114765051136312535556602395639725926036992957468788359443339109956922317786289232699959271141428749883830449328678664801137481473890285785110561034838083698909877454228428481658779272407296"
"-129/50","0.37659085422077773419969235084763796354939553701327789742462482169512835390512738144801323762908611450982357408594458377936569471143142672032404704081776005444640455138434729307887417790720220361149936826807354188097082854989917435608859114393919526236729577885072542686784"
"-257/100","0.37903242115171051329236783133447746006534352847742123660355543110664878498715938005018910705462153641645577894491234979135725064861564041603772618855517357953409837723526573628697907128947552209541773579536353559049717274905289554327834597976212301195019431316591048262021"
"-64/25","0.38136630657801236048918233161180982591124128155750835320446173809402410978692337545798281082628554775833687578639301977417386904082710859745834456221768194510349923971919571603202282367258290294691815778829621992574028537520584408094967589513621224105737209364464508846976"
"-51/20","0.38359043549733243979609263865375052739685858122329072082975212629810318348855469006851625514287722048634659520753332363011994052277806735555722171173336742314292232175417200461497177346433875451638667610109588089749630506788550364758454431320056070515234877097187546909413"
"-127/50","0.38570274420026053385805770163568583578398395801231926841764114415136950301821337701411484762710594277743089581632031533091464552080958620380941245408257124865492874093338909456022027388074248863315947325875997859654971453625451064877576224876824916432024362897083566291885"
"-253/100","0.38770118147961476347837211077023095419923392645998939382198018948470745081566976566428550104447669043703487208649471393965660617614448393225919870077171234446554923277344429263868322014857069057279560066724179432306152379546603045495490136440510301484045078644828001566939"
"-63/25","0.3895837098463319363777641058749024050066453054327277395705976148786824875082011002865439439053100571032530237950736994511104426694606992521466874738121668600336315130997844614813523950435821611007168707932851760782335693855848272376694150208563083055884212437438458632035"
"-251/100","0.39134830675031990347091186271917498542632931625750772378645935345666108228554562492403835316660727138354487909834593091161492588335375809901453055999375370538324938615711699394818279495324598788864091831188057580362374277214216221104383635382000471191726209258503089448386"
"-5/2","0.39299296580460179108039630218061899620856303241861961145452443047287248299118899143302312732125069431036027833499231929010377426245852507144492381865971291036437265450422093176982095202441957918571335380576951307838086291083019947727636857759799286112090995863632765336157"
"-249/100","0.39451569801105773279143443897045353269144987397876902079260795817784228173299010375258598137294105659794034099677398428440115159745759935357787029604709390240644829063708271498657914007720637182571982483044992363348952963458217582694944214924733371194387182614775939009107"
"-62/25","0.39591453298605103838982520194750984182033237846802357505429696242714329966529053717126584938074192070742528956340493853273839816853981487929701101790405060313600371255852663100523829171123609150231425170289980908510702038223011984470179930640450475498010703592605908367703"
"-247/100","0.3971875201842128909396200067277826613179808846470870050744211253660322766675612395549577966307613489508002309996746675484815020659925043731501430953248533816540554610215969996413584096461681541363396856886797527566742766466676411605766307729710642448881233048488031911269"
"-123/50","0.3983327301186529243598521098347399872413134328333143948318486271350245672893829207643448084646594388108462561726086375367439358486998829424214460725142667921569273270620680263748819357646283266734324141498814566054629294971090514717627532708749426067684404788629884767302"
"-49/20","0.39934825557586265537216949223495280251892315944233580672302206527295356135036389241466991085129641076743534022284647343573935320473129580021080917995522087367357011340639525098008259960820118465571362504804212229849044128022711404921216026585002904199283103166612235488207"
"-61/25","0.40023221282358496098895867090027939814392193358365228846440392322136718150294736013840474761566099331565139880028883446855314849914386618686931337274042135377598828453587818273948434171109953517710801278919764891584254998264191434067647703647434534427699903190797681955292"
"-243/100","0.40098274280993582281900516710888523345470158797297551270323183531667456490373130844332576855251150380526307036191772416132518357888263216318594962713918817467609336241396322623460728016169571777164112287430355489131785270901477913044390673441309008106699111623943333394458"
"-121/50","0.40159801235208459931184902662246987027462745905901367676501914986324238710453306893591853320953927853577168822061824876042621872114168289585909555759890271483036266276144035489745320685434204979562876962770711120953204686184602187714743850047021404439150288893729254436791"
"-241/100","0.4020762153128263119969232213483775282861030513803986077196019848300362668523963831060469844615295275140896490239175065533142629568597523995979382035464070857362555744689182832450701099055148034533300773549504520071121834736431223274253939132196316603120193080656866260506"
"-12/5","0.40241557376341399418854403858998157692443576305500599175998563717772592320932350067116849444113255121695901725222141177580602754890300761325545705361567820996003020262775434447840661973638232072868969871772684665962439690832324366879699070987084619221519568507126813137933"
"-239/100","0.40261433913106117864952736432406422992566796108842536243398081091638433647704492034962691442246243510911827352208611981296439904764785101489642355766475022599631783910187932842728379308582831055484220344859320655713195064564793593868591492940499405926241172724589127108723"
"-119/50","0.40267079332957419700653456434186933898740674426795535006366151012804520348813823650715090600981619270879672146975511810990413348225188675675571411924780631811924053195699820678190653325563024894682867825811997813576098876567734134871828467205154258892166756351775474282947"
"-237/100","0.40258324987163120442982258674224220881595741070348440071963871389089037569954433749058926678692755184634255650879545841581157604105534585448582064792582311185235509298293643358099938322686708205188756775032344477210497266761563309510214313687102593926834482113013212276794"
"-59/25","0.40235005496128977688687406130476181173387418254283659888142113381068652165016514207313430375120870558930896463480822672439000709601623547527609477606900619417674863376388864368748074897517190149793147864741392150536111019043833293912694274537641705023646910644595175240043"
"-47/20","0.40196958856537757551118387764021806019847762998797406483117307825347021094227338479567931159237604529254476971543810232127272169241720166478979927130329264337558907800880052870595489216942208426262170151968875968235225384158057935997541087338830335733928159149344476213652"
"-117/50","0.40144026546250092467553289880581828788928694202209744586179329366463501890878815528445182481146843692755616236173177719513981454256345015919864961392765599877730583455905690626188596001231687397381742423578562182573693096604649338771441104968475249566353923548858928594868"
"-233/100","0.4007605362684941690995340122812523171178014382903129123775276639214268770058127673092135815017377469698278211446618238047366068251273524640475714170883208929791786605618689694043327148500184512192917459607732739399459851554862174630451657238347782653457335601309480036464"
"-58/25","0.3999288884372282927494023237568372046382997473493251875335675161823754734104457482389773573408076347490536686877478632597868017392954306816074203002782698095775522634336483181113020475786250263040788679367747458347668280205852529552558070404340208515741705117234585992522"
"-231/100","0.39894384723580040029920718628210262953646391397602713426934112583876130367898410522741172394436429223894302046354601808743275709490397027389392883639415173552931074532901000337302876986870622163623596827063402367999664550387719709071655450696847180752292091449209189969355"
"-23/10","0.39780397669323615225286795370741088599309770067205783788757321640288965918436687816259270976601273196058824991834614566722440448330512500151724497400758532426840358295950471076091713207482514625738225886665918651981112257047456342971167535083033706490821977172305634578968"
"-229/100","0.39650788052195494915051546113411746749999793488915822996838825082602107591081809405040674315798384119617996615304862863530885230747042578813930386739492608357193377012436670942638853719611982590247608545066598026886504754025245885835686690037880952287847898616087006851885"
"-57/25","0.39505420301137239047655552571009244245393896095594097313294109474936361609851860545041477614922622828138317974318464170286046073398709724498041414474338177140762776553044974152424232036409425941195366180783341395853617674966191205166042326431552529204601282899148288779902"
"-227/100","0.39344162989314607244041635351599792370416264919601304298729272041098369605467865251853890633695445757242934666045057243419763211861813010348965983526682425514156372751942139935803854792666465999242830954471492776720562888432384326209553377932566758703028187443580878711977"
"-113/50","0.39166888917770888939001825512636032216939121822471562853071248801254888829374441217102763027637316086453186086282054874580032161610813433736007642611849569422100023636435101859436505672873184514888704341213965997601166850048016386623601128996034880266964602829614095990186"
"-9/4","0.38973475196187839181970950780685484035133751238277179336996104197837493335310499159681496342600873270007673250677590725545032674948401923059409042309454428625034197555611784100504719261959131903238435467281387786971796363227939512282165892445070194595109708781848184627964"
"-56/25","0.38763803320748112808496198722121045747570904318057586191895860140041541684481522126203050891357785417513489709522977292212393969900053765211039090286551630050421845364679693725963389272834553928630396671458048781090467496818721042559928835959983667134826423180482735133919"
"-223/100","0.3853775924910869291194089776578581649262851273587638546615794481088994009524269602918386536620987846987480567905225586641066552575381748491962724027614676566180565470614756959008109075318553594899122833230160909500286043505797887925092926311653031488949484508954627678726"
"-111/50","0.38295233472510943260734439537770171671507805763229777012291065574205073966795567205573359014668605717403475391464734171207626587077482231867255294959284147873724182835886858251333401992653208125999114923797398353486639864787813444283641164714396557818299544085072058591866"
"-221/100","0.38036121085069540821492200323804826031536275772725625428840722931406745718359015816750002155821397196990983880939028571247442495208839061385873524686945128507866774828488365028068520594217001412791624562203054466897758502941983133194875347201172561095564307593504215934831"
"-11/5","0.37760321850299623903635495331912767934082770223807242445411165791596656180314100523254530724173927712816130780226781014436650029663808868496976623041734456887067742794393455477825582827126667401860823451868880318119295518394813679642448817094718089355979534380587159086337"
"-219/100","0.37467740264958981556635427643921023622425425691176011501979074561027433406718965754257156007493512709917090526478882148788438793798885451681109856445397861595816052606190791845393495964801702160537957274251442485009377205501207821359516550353500451920772560044762817858083"
"-109/50","0.37158285620299966671640585069074310200908736589082153141434067038807711579666469315068816527203636180667864268707546226918345582514959197018895779106117843976249551434292993456863949184314781318562430017503853077438531289752050580431378130562814168552699386795986357686979"
"-217/100","0.36831872060843992886100416286262976358742227579782203351162941133904109450898879391241546062927718524998193450654473013486518631200801114480866326220910649480516387808315350265428947788343915241682267322856644340193080293644023065045956882591084265965867596098405461464235"
"-54/25","0.36488418640809926314378472420586307477784181264403138966701912995343023202147575488925455562325027144388120064113816911461768763639376001218735494563521619759577840791066563671101109579803605074929319687874238614978828548738733093205373558717707026617291689923063378695167"
"-43/20","0.36127849378346358266137389772357658414925781030308126439712348685180801248133098867029254574138910664416725288934266072961508488196736388918652660715741175008221712626980713992407209708052238169217731061115462396952610202528631684024997175284961468478581293312530192943638"
"-107/50","0.35750093307736594044492531392208380478881629461401280724583329188077886907993645340171503608636777069796036045272600918662767399763788951314126860268614710492971567786841315238415226423466643786015410522467773328935612269861698539989439038917502618464471539178871026399077"
"-213/100","0.35355084529764164006626759410376532847887833053626676859297404896324764137651626135537515722449024333713828323083943855754142147963450179398352441347420414589499336678487377665652089270003828600659879181270168577026075887844584443571873411829558700421787286729969804000135"
"-53/25","0.3494276226044570362900690187204283685246369781599734574862928807593897318926760490615941197052327992201153909105370350751511861896408172518903582537902297936544118970394842418499870520917230844229516733222283724555600673543982188661854597012940117694352713490676125655307"
"-211/100","0.34513070878357105735531145041585184826090369038385252248615912432883635049336602273545680568432206319919314579889429872772576216537999398079304453145923816155382298397293703798065855403352508649454036676153085508559542413599985995799696695399624162375086258799174152757859"
"-21/10","0.34065959970797865919403478467420084648056913075571442071405605348561100899697347842529765071234788943112965388587117273091410188383156347369586657563382606145473294531997530228859626368619740142090991157506170932960462462353043126777713478986223272034070644409677685146651"
"-209/100","0.33601384379057466450605897120371745776245623528884659115860345858624750564763222460384122999496194552145074499239741748143927223598460440969436347907441127670055939668428553613754242487461910104495607702897242076034397874503665402659641726356353141681396451356177024327327"
"-52/25","0.33119304243066418984435819498357357769818087320895124386140424851117340381012166048066301777726519625444446145447683748563747952718076251865528821779472502354390131021419392569763754192043427803260608343466939155139305208093973399986690813870492119076542589219627859895158"
"-207/100","0.32619685045733156082779047157302360112522646920269854558935145424126337429122401474793460391239737528486068781407833253462543564465414395098992649310106409196509444987137384895852073197511781457945041491632664200077791591045652699157371565182864659123547342820740274384101"
"-103/50","0.32102497657286269453594013978940235096661612600788833647192903817629099393201512011410880854519639771415708363483349293355262041236486938193704667536019563501121742320525729852443559764441127619167199702698873770182675166335336783418688407793033737527841107442388316517127"
"-41/20","0.31567718379959582106830384424477617617824619853538132132912015205935019640112461862875369944286416500507691866486653574219424207958891434039675722237018518884556150412760798309388805495699361988975126580732832609857386598541539955932093623312602587495199638355687462752166"
"-51/25","0.31015328993375155237223089887970517335206520806591179416555345075916095690066637994202494953311230276357075778907574598778206174436641388697852897275920675613808459861290494384047501419386691758317205071173064233658779829174525169591664269645194964593902870784431221563293"
"-203/100","0.3044531680099651123904971345374777631523211208918856924695345335521903637354926182631543289270804195350041118074916282569566761862975912743805458516125790082002176094904447108949600912310323790345152664387381824503178334980059091613071066132958325305463326502477022920682"
"-101/50","0.29857674678041044243320474011107494225012878248811525947923947854360548333488050601366368438304165280084230943657159158762449243837089708384368813417768409350419470339798585127847093173446559193498888716805879226798161284606142314976758318307584477395882786951136079339408"
"-201/100","0.29252401121256731079911519382359935062658380995763277948406460738048931592821546667306510644953667875021122849526902250594373530006493406151162979895000349613760265140031986439025591695326117172562995403090480120711124800335140269799099912795512026768092409967210407430594"
"-2","0.28629500300983790431202882708951104676241755127130157936667494885060866732531296945422245814639590253686277767082031996934186433872052356797205436543909491142499971609600332062107725540369120255914251025209017640004405956372892547498639814643493330578774325837685645809611"
"-199/100","0.27988982115936807616793517378251420938559264790415569982347161944762670148168778660713065033247607989062458184776700620478370222727244955417273062863595359064146482377548182258206538667333584492667298701207591066141357146908593708469319719801741085862869276057540903071198"
"-99/50","0.27330862251156987943699762943513802513499194363291578171840835382341547343931853509724289991652098158352415986013342547615538839226919886554481636376256333298578321352505176841054825562052799323374289056701656046729591162942017507589214290286574316046309610030463096226762"
"-197/100","0.26655162239597563351359006350713287081308168441093795185219865015511287367796119360356302678880180418991470600658830895677298410031570403163059448913959885995501810696032884989774974314015854428197671981457899732692591850883682102332409457362392136546671041329728561473167"
"-49/25","0.25961909527817895019006737660354490298621366140670666560319605099325319043660346600800772778450401861530537544419875817300660462097207960726009191502222870243238919451935864620999333438532145257285841030343125026917852168412249243541304116506676313020628741424575569382628"
"-39/20","0.25251137546273427790306685798950862555535382571904096922858831402861989439522793829055748052317502529728347286901513534454964581075930185468207133388281851322026782743177048392798206146657040235012304141321847527622455068436397556023602837624108879779044483325847375016985"
"-97/50","0.2452288578469929898233562136127593665123289466993701940304805160914188039848387856515466441219875064132453824783824159092094491404058183053385301629723905016377475925643712776496870857850317477531500814824844750549227931266527222817528270208210050451071028712545272637573"
"-193/100","0.23777199873095021766224049290616967795694277925333472624175486499819179346604631511582586612472896130217459879291659157196567661820381525437133396357847755809629977320929164469142058909673391057526251561657874954161875524657326564013266965733951852708943161022380381654624"
"-48/25","0.23014131668826188322847435599944758855622258220073731987789626582010748149848020628881174312253877227806741171229505366812772684671703097304159006955870260348702363966249988439466512587189809189642222564451724456549867233299240070666091271699926826570823786109854037497685"
"-191/100","0.22233739350366506090532613222264117038584511733451324253230699754933997686775347821008804704453428893205508989540457942487384502940590876372652689365524831877027982349001907335913562125597082408141602749003101965466852708709704835704700377686036238534602519499198167893791"
"-19/10","0.21436087518209626852528479375261590222363822069358911979333956255758549458959572967390477170825827924123833328837365051774242408401665281496755648622884132138817153670606399094799798952181559888752677051027180217993051673262533004729914356462486565711518535297059621292179"
"-189/100","0.20621247303485088542057756251582284212244814311371101888317004733183008741881277380742821191674632468897419075906552734382821571000131939502915265181347602129878221194101882679645748727988562879876001335718512296375706820245059198719287812249717815293309427550366253788881"
"-47/25","0.19789296484816200251774686197067833066118822553173817224475069594900039640345743929220631254026747763756123810824180143961923707629044128414060348956297379680624262369738209546407383098351700466325486671497264482044665702602107510586770626311980618120507405029804969982993"
"-187/100","0.18940319613959802475896072649836529106210547937206632433838131029367504484989323101729724597954468912671918231304377575565631141810242387376985910191506605143126850568622673489569044935725714436287249270159823142490446222455526004549551827988277032092566732076272553304852"
"-93/50","0.18074408150768475358417541680173072823860861205735598201537194143746160347273262785701219861838346847545033442927757982710204921353956056870270548560937070431804615930176182577368896763104365277828100993217118140573256934351650369273890970296755415646394779669887602618298"
"-37/20","0.1719166060801491133273506341404489152455313158430754992500555738642395394195589460019130932062473306214108683415935896212870171198119759043689200206553070028503406464762599941002146600262412599895384744755891539140612081620167599330993681008511543962227554885242431790025"
"-46/25","0.16292182706615808119352085925836198653222321357089020025526661405947455112397068418130688811506517629127185422704592588991533580714609926123848116846144723882888058232697376939820009344938861776753604076865341043141954719348189339412421062044354986225518271138275826398876"
"-183/100","0.15376087541788822791639168597215577200774933565838984770576916141163753993201248018789039082932328756875614845726879939351282283243653041767401000743830270751218107744588496382266908310820487293345296549751009493665460118291480990091007455646941963241732450412647049098536"
"-91/50","0.14443495760671014854969666193187383924372627570017738982090770593941311826874372046465739395700871375076488038382035782648904530892286774421894800932642857209926950055886642225804864680268504403810708219301311290768373419987334423541775922559957336190159900410544143824431"
"-181/100","0.13494535751921166736039761755035734951196753691083538714876648536370668099142106087311563847420745837834646093221026284848705762594238508089276868513391770548588517553184368239690647926326878930273757202809626717955140606771549799023141440373016106907519356508345565034254"
"-9/5","0.12529343847822209555016116651190128863001316281771713966292269634690754005078602584102332887691216054406713582881436297320199283810081398955903378589077018987864632068009409009012885071701969563323817751723881701351401182315887558232414505583951954376133509695925226284046"
"-179/100","0.11548064539395430791634667203966343528065016722653210508026282890111253391112601446289563657242926537219923969168613756509033195421829007939837305737762499753568031146512288917410475083007573082617895895220811210596628622541490188740039141845221727050648900007617344242252"
"-89/50","0.10550850705038993358698680103822483232103170346004756953867415571187681840891462302458656322814892264833949226990856321618016206362763635421147746156036122637977858686276618990583650479858322063619706021440709406217768112511412849896124115767065630984279653222862878966107"
"-177/100","0.09537863853218241558868567792564883665073086845055595751098060788006487853982863366345815508847286299204082780526989019387177934866530118945589133171915809906821700799398997651709118470865040810272155889280378097852881268019504566499326015997389863708934658771026630693905"
"-44/25","0.08509274379785450576434255470485457482927249731677251887936355658672964511029655764775328007557715663917483037670423985230237557112333531102316066672795712288269243130295709401128131325280788657837814263472275022022497088493389108023558024064354577766317118486577396333427"
"-7/4","0.07465261840647749084450086568908245882868900295955021288832268778997547755000710601772283529742947954624196552662374372997549836214556752806751389332905398973224996466745292648074053355650013603624311530063289685268358576892823400585904815882748628717287613493638819405131"
"-87/50","0.0640601524089579080622710669631227232246741204606605232639170055082699389319594759770005645467831266181577413577610922646166187060358650722370067777354344274518706665742524321576436522645666526928027932742862190886258595411136070555093224170636184122573830522434309577267"
"-173/100","0.05331733342687365230762431884479500189449010364757121324728107025486446987975952900290713361739755287978005552820000066663975631330955159485822857431918219362768280071042650107557707351593591173928524313684670665580212114670054788488426877762089789945052837621727080175754"
"-43/25","0.04242624998243272409586591344923002453918381827533519883434927005166828293405805295108650866116036591606323568156845590680381716534930592920491629169125881176281077881412980837162590820579560856588504673426743142487962217382534556433623363431206589243680715891770649146191"
"-171/100","0.03138909531647268331974708069409468331950320556666924608455407177085413152450029932053841109777825140920350502881268021123195193821042518643240544692397548836160081762563977386908001265069347268597107869105310984992500372041560016583920711127954576706814432395756913361608"
"-17/10","0.02020817298477200599743888099700664617480733092736259796949120456508641841400845172796498006409718634600833962671078498586154072433644255035955112329150388420617321167711224159020568433968682883111943150261139839302849016591364140871554043057721188759191454926755264522113"
"-169/100","0.00888591879192562917507450293936757290213198839621671064488985506022235201910255657323293834060944834306193223589093454178345088167462089754884584303166978975822376960584039107247396535715909247872590337163649164070556621856499549344513185764951989553878654132827685428265"
"-42/25","0.00257556706189907801467393695109636762297458061511648774239893284242556140270909284393875161232597983123399796700562585804804113073403588706659005933643220735750224460130638610826509988295401794670056875937941960826152492421955492644123552986801387365828234184860504761363"
"-167/100","0.01417267482303469829105337996638275284155760220602047002101323747214840311082111281720579343993284138534176712327104057106723993214735186864796911175790454050753957273725146544653570901241165700306720932828086002243792840739226820627854067467888218750916369275083887914962"
"-83/50","0.02590340773714257220945808029544904073874179426537068903676354318354054304269481894072735303190748141191274420419084731653747785808106933532868963111002268030471564185831701435689053159452218263104262306557578518372432086187808112889724231440326008115275142477468122282269"
"-33/20","0.03776468485978862500084502303114807332912866470259871608018934927544789177282484216786414931501904217700420304167970859356970396709374119118797458227507610022670534022461329338630864240702541798447158036170390315370351166011603589233823496092302020336724852692361043281789"
"-41/25","0.049753469059663257934276408833032172957873774949358671438135973041695017781797354957481124382151752243748305580618457988225025522301528595443478966359062057310820421439415156831510697789978895279418016131645824063048490485656841086362733809037302696603729973538019421951"
"-163/100","0.06186659402464120579089725292746629416920040202656654047130557393249698084211655960203872208734824892558156222750045583710988988937085516838212782546515926452756382193163328927869813740060196915443759040100076952088066210588474797883145788987705435603253600391570566236317"
"-81/50","0.07410075336462228025767286887272656630543091159616696731754579329691143466086375634795564466264678493760048538807048837837584591867749116489195375491443869285564471231058262801185057187611551006058553380969305812608166696570138167489442124789069188238613352805210144012373"
"-161/100","0.08645249457543513488844713686808218501924702673835831689702853147095364245030460702262546170911377854237095354535578625363353218779434385368024453677553079992344541405579863040800279739044536962610254387412587290286035020091246346352970898391151541019479310915548867551986"
"-8/5","0.09891821359050886426563901918024903759270734801934581564867776189207835968519051513297946094744247527166132973196151255182033273697771962685658227598360080276052202403095481627980888448950984322444030124461559794851979892115170188945189761146928693324095615094859265687973"
"-159/100","0.11149414935721717983990706368988899524302021496539297701131569371940968431777920278723249568053604821119968632233076886780207515737824868373722349721150570896806626218169655099115871901757021142340985623664831531969121062847196167614797456939093931325940610334062924178967"
"-79/50","0.12417637831965773355827738897990424052044526005656278996015311848110630827610871403355644315378992424136135844179250541170791523793903075101730835552109331855642917864216770500668966649428323968831631054135909753266947477889048764736774945430184138321198448540573480034496"
"-157/100","0.13696080877852289798892522301512890759799634694178288309986615653074517345690125668177190774229915634514081771854209057330864853197087305740287090428287971403987273307551799950807553329865851655073410459583617584713454178533491345828959632341725277720809231085079054966663"
"-39/25","0.149843175122894579470954715572196640632970224196285614107563769422306263836165530487953699910974853798029513936437565357839601312295468136640253645362319117796412829238969424604553897253298849954417175998809287914190048250918083303920806792712844629621620072575200964888"
"-31/20","0.1628190319372292053638267081060960223416438806274960609114227013477316089168316198992428043284967038731565418743105902564565775024662850449530090702545851843268938400434641244943146624815268272189765896289711880480431255450809620252120573033134486528492555713801276085928"
"-77/50","0.17588374799058860525749756355001291061153106202434606346000168408431429942492831480577295984398608972786092199165578782862450113547108390871192650789420652195034453886393744775024895342598613352031201267678139947212946308984293377119890489172717451730887096548745845204185"
"-153/100","0.18903250011739606017863319835983530319572767329392876588287671562122483048737630963991874735646882130774149476914512727210426670291007953395755543239550368460368224145553574883957026147676368403681340945271309255794250925333301789139265321720466688632507833180647745892949"
"-38/25","0.20226026700064377280968301681759341802319441544345289811620545338953160270132626241709570565591333505184846596461174673001590267388543133111759594803017505078099897467977772420182135077525036677031726556457255223944365520610799757010510084672603448612840761850368960514442"
"-151/100","0.21556182286990404463376872138326215759805204855392251932467549495960640496971991956196049521597662854755512746613954088986791840533113511254719772970994204727155090200999084478097949158886810008393453689710818594630620187950370052015403816134806746491161494124852939282661"
"-3/2","0.22893173112784027835850452788183395706761087872095836596787815193962735182570811880561597357473817315483115290751189414770895209625191928296400189884663348648133194920414660151013096657013249312926520412828650635112887129677873238955440361506006270572784391930337689840454"
"-149/100","0.24236433792023236457644460280879861445982322562306461638603757843314443184176191445727393215167496067548398395678067502162209165012570615287821350876517282973035131740417255139486643637757046614427468746598170868846186268774232129521336564146326732682564578046141637420314"
"-37/25","0.25585376566584709835847335653781900157171287089412314023455025297840045672966070661379916737174880780350411451868166770825267777617507400211446298162666760293633972813552095655471039869467375801970593865433579129753488263977018085545100554187494805160372457702468953053442"
"-147/100","0.26939390656380590220657731555115426966764089206039609087856254051907343392957040092387008117564190609820087507505364069002952880131427446073238928195509564209126775997220458101790765588732846392040863175466768728790836160171654844697064024533131666274946921749883724903363"
"-73/50","0.28297841609742976644433236334891322612700369870816271333826577496048838180242503219149374087749972469401614880586751545929643560394784052104746236741066887738145658854833980248081050561929539076301082625903058736033101803155598314641859762341727124029705954713011905428218"
"-29/20","0.29660070655487134218588804951300547122964150888236877478031360761914916090549775265787200095149004526110868997382159558039215534713217570986520933367146199722887564149255146151980114717438429268774156467578970145040915117969697732004946373722846426241950550210401959766129"
"-36/25","0.3102539405881703811483728779137999874953608325246930678705124541851222225551161494605653753635879298706618372277512954705335729958514877313747878284365672867558473608134124061986614762397902605867958825929196010423093963973613755726777729651422883801671436415708957066389"
"-143/100","0.32393102483368324028979823143033546733207658301919093956846734593840868326306132206472195666974772431972473983628091207591888991771961058531293520730909036436648278022733232158753929432417800030244560901645040283112551865194883829879109398375744563920154963993170101203289"
"-71/50","0.33762460361813052026517255947491893245792015352079086356217219143025932231367532064427970411297919388290496123141238380024450870651468991990813926367991583483913982801817556270589741075938816188812954659967482801818073594706534661016235627996987657059178417047518992088142"
"-141/100","0.35132705277576835249389113020064932022650072751017193998207157344981338386319012981056254933485681982879473538634146525828427466898620760116905206715525576566989427784477355931840456191317036398242307743039850451077959617303391838734093615789803667898145762416256997816645"
"-7/5","0.36503047360340644949124774187485927847277234768358957676966179234227501100145704284593201242554272435761464598139929575067480378518961358665590003159769853178921045145479048449064848390865891595642274860467104830559236893439126475040382783356536945272312500966347425117727"
"-139/100","0.37872668698115668652194699534940095930875722611994965944226270983168766178381243694717989015669007047950896884448420017732250469375220679279511606480680469138520089904240202317830338045793227887899914189501317829125562637724236829414066777112990563315833439324230544832544"
"-69/50","0.39240722768788546327398572350993389879282813739198142099868417052094491536717117444798120735449259866337362777769637656464128618097777250113931236414171522591059388417457245746630331608096195405566322181794693644273759668124032759324599544734534663686681445101293738789497"
"-137/100","0.40606333894134608292004482838826690871054639210662928117754290755659417280207012993959265412876154803907904679979994761543134577000358532471051619155140036785135493963447749483183609781129268467592687741907867215561493947421890062407925834518088185406987697509566308619993"
"-34/25","0.41968596719386751031574894873159109037691797645198990873189193118433575986738172358660922030046227308120053202095896712757476120942830935006231447718676383292224137411542664083279778144944038315484493190783170298185004188944412110994142176322300075594967766986296594637147"
"-27/20","0.43326575721525575762628937739489877569214712954393974437967015484426501749534582387512920598543677930630405725147113359786751840076638374119232949229722431089985728602293506594008940390741648997829007004831885133576752772007484793637307233929824552136363356244213783447486"
"-67/50","0.44679304749520548721046844951547316799668148898444469364344856572704882352301402259128781106299154016829586424483812513793178684169037461718911655039003428692966003678936559112887435691376264870945509272958461039459627036978393211901904718682153481860203645745235189658214"
"-133/100","0.46025786599800306355156505018601059821504021031498843733725063934802317745900522861938653479983440878759124689211807807104558286725254231583349657500450926729041791743337383740221641113745848314617471593220174926994428944167491210977490786779177282642308216111161022559486"
"-33/25","0.47364992630260833347862247381112976683386058019152801083656656529062677195672778420860470433905469104701066508164133904098269655160602476096748859863753708837818088878473851249112451607989660949451437908425283162655808256246620857167162284617551529318484551116551796107769"
"-131/100","0.48695862416131036136757799109470838191278011793600956370923754032467035029421397406156314426659728210831268062456559351741063838622438474876964127995194297956909778895661687862757600484256253571553208090776190310366585341351478621533555631186224624545430022953048224644459"
"-13/10","0.50017303451004123143609047591492848400356359481258873542684888598879568818562785926376260061859868170019553438196843966200217439333319106283543369505587863102846469555166787384169047354699553643818721875157182027898013379287590656562108946499477405868319689420715292665916"
"-129/100","0.51328190896308061368936249455981850585017861137611332911210062740146318483612588218546140342734821915440099576032839474050443408665278687891060783792771651433907351087015056269367270206401850995904295054051507277611319248750591428375077907547077941936680263527449099674568"
"-32/25","0.52627367382427076356855508789710194700453810369603242789348978442178971482616173219531207155914044111197078788065835665273699169382176056369157956006221529741036822677961098540188227407874138094566289201083718917699893174513727387091447198359600270982628448227372072074981"
"-127/100","0.53913642864596583971635968374393271749361192015477739214033663363952592418369513102281645866141098523749338009681846212503080274013875840069648148411414608491869090733680908809802318570480657248465452978898925618731709936864635895234840686621796402717711024676525183486661"
"-63/50","0.55185794536574015280248587565946296879478034225307983702576767529166621782875099707113415576607557303697543699020256559720686981508637228094751389610733563287992623742168200783728417637845516139757840331337681782906623754549578991950978939626175945485177940952867483684533"
"-5/4","0.56442566804935718195768162654089491318716985712504317988273239286997892715496203959359222196191305359622700015468135966735784131574831254159224533583112595122012350501217127683339018758681158635321154120948245143753620242492482934976658481616695257295511689334815762287998"
"-31/25","0.57682671326663591415110011320507428727602717308322090838357756211951931193357641726496525405294938761632112582034151492060205086775461385088584992026353421151136751542144995570212458065824187202218979637285467001030146396345886799649706055818997151026378910371637770109871"
"-123/100","0.58904787112462563050172249858840575831459467496489643454994105529898624294357816232304237668550029800703737880099587376406109349424102951376281110037399694855680307965061374777664164084254631394607469784813020302506819285368380472271951429280284649891551516894708698005411"
"-61/50","0.60107560697989874826090526506934110528722382490724860711525265854283775726147109041713001596352152947120257901073305252602336508274623279849365596054002308107746275350299202727914595021962762673971451188250056130807713903982210133295485880956143993516979675287850532938072"
"-121/100","0.61289606384877988130995059072021334181206059186891246840515218806359892345673063515071335035833156012099330198324636324387494033914190682461254323642903280190763292286854768981973879279879187634884196112894858979075697067230767555751999775319198329399234594478310297328828"
"-6/5","0.62449506553093653618526717196324577407762229770212916874509267484765695344693743786266294343785583051588368436191602875724160865588350840538479913093860148689060238300453359661047121666458017986204114839285050760749592548298229265880747291773058089306464371027091249870312"
"-119/100","0.63585812045795432379226645281336605124442878677755165162684756096861118047618575874787730395629624629774969641215573057470558031347433405640164038014049825768430557507539956542281843670803090607653680905537226752946387165405799742965174581729391867529094514861168159896513"
"-59/50","0.646970426274302032205542378991955974785146881339506692788526002128244582549952427322533453061601623732149244910391111177729822192179543150908831985600614107564882979938355545057504774571898668441178495023528307476675269625089756366338449778702809591165484449783029050049543"
"-117/100","0.657816875153457855783562005274090537427166048248491048389416309644000635535334698042394848957361526589578520843921790620744285757554943778071111580718194186252166810477538726037129476407914906102881359845297200750626607464398810792772155504754946944372176983246911518099961"
"-29/25","0.668382059846920079950939314676454566150862821385912404327027469561619998815559700319313938940176953871200595241870235624599737175729060170160291267291795028674172322302748439530716855917010006282031875784065155994337323148198273817923795166626142683767408650757173932194348"
"-23/20","0.678650280458370619413152437529542488365966180119896933719747305399280623577057713920965825947877741088328206263291258490579785225280161167996051511170466850496607739047859777710816540172570146678636589922704525000496035252246172954746295785497883971470684771302732620810426"
"-57/50","0.688605551929409871134656253170657184349358324792359028700554698640645024802500660527206327373004509778380172430239867677774243432028127190649524962073350190053667431298582141912290399338674400051653423990293548715302594553423190847036499817113596657986227695468033800182817"
"-113/100","0.698231612217053403695152416133430210854721126742446725509202085419151744461589151571305717082814336384626751654363063131902685346973187638477900252572527127882443331203233332756098829695808495048395759163392269514023573843708667311637050542775364821319452876365693204248245"
"-28/25","0.707511931136597544448448092696144082366722955946498042418414130908020785794636763785425533622814280357355130680454137523205449932744601134889240282407502902884454975337440342824086537714449488250579851836876218488747663383225956434387106349768753201049915626573478674601513"
"-111/100","0.716429719836550121969872689765168363594994570886114576502801026131216222019733920419533571676852833596462504277186418019644499310871185680687863071420006410418575903463706242158613456960740866850873048191430755095209545638245253864220631895326910494676426991409040173187267"
"-11/10","0.724967940865118530549184119613263280383646003309759795403346478800552190458419166391097632333549087170294135105034006479256864732132072279309280058955693288843380886718540657962570309087754975873651464605062189433978414202727325043473893420855808483112983784060364765144635"
"-109/100","0.733109318780289964980646085114788661289966845427435211864754946241911227580458111723444741533662521626208610237978242974253617145943241771192126764413990413199696592205242193538753723019696981909539454795393459710225203961248187206170230723124310521851896396056078257986841"
"-27/25","0.740836351247874238514935408357019510386683395661591373695351620276444388208770111621608349637054453396035935592405009238654683199068435010235855050220173577491057533798279423343777364354829730199715419494710746847171207427790139470616943858953195825840234277463248089656377"
"-107/100","0.748131320564060178546711800316817371726283830641752809382432731003840449000718759985061559408736614865447823282697169320630712156076728438614580531386480365618600967221458490411158557650222862973509598393520441956378191902556540270447298840372123258650840121238285384740433"
"-53/50","0.754976305531120237635030335225730947766295376689147013706507364688710360684576166747317617208003017118995804260918009074029829107317991861513454673227421056431894546837742881642789981176334260598970046765530010703239548500529249666751170576529198032731937414082169695376971"
"-21/20","0.76135319360694841542509902432310535183131199205024639772592921954725469435900924380091812962974341832506775271961811177030894038501514078729927987259160476112559723102043781174599873511043509031506236527102534714466692206112107479788519526305875895220390640057367895896549"
"-26/25","0.767243693241203032066540866743722430278528907474890043955705236241356000318636280058731969018810926858963136782196805317550985567085017258788767503676467732596045601280034582527039554915187042012123697339112944648847892015583530252186319880773229641510880310689051380125127"
"-103/100","0.772629346303022535278950461881463123229188019139002772171131424880558775476836807707946235767348185697159748587114324136962643165930350378301646035616175788611862269259876475740524716258373744740828301898731660083956163085227871160668232565178856263872294615200518778012639"
"-51/50","0.777491540497668139187147472715291976186750935738720817796673791443034418907589711663385689277472127608058738685034899802139913307659006423240078306806935673252349032603242734402918401225617105649099638851602636442314384661576565741270498421374411656047025985828604051082145"
"-101/100","0.781811521662104477871315235138002793552937644113162780106276882789356261038832109711818167206186150661159545412241685835830028811021994120103530068345153005488037341747661439935251216924558924410162185520055998602530365556425394747619586012939031073120031882261523432746115"
"-1","0.785570405822544794213516138947481730593736265724524180943721114263591178213930045301279501828919220082183254668728565200855835186436093074401525355960727047717447273052985909246453544146662477617225915771395764847357535926758526438209170341223230221551287817074999829324803"
"-99/100","0.788749190890449357124650124499624066401106506163812593363814099818812355671543958301674732108871660597261935542454833574589812821617011656875057804451669402161596614827269146097579831552451942458258896349103408665331568465994226961401360387825640222559640115543441852996369"
"-49/50","0.791328767867465645722165229859593821522041416323295022007999580747329752347046167092780633402072625790646639561548156485397315963938055692848350697323848282721105587710956372838835655120850163805432139086077869232049333990165328918551274591264014899048707156637669780337292"
"-97/100","0.793289931424428376015951921177601829853111872550776657083727999496781669844433116532716317832104224171843378307801504304797489796181045343387595396301044111701270390394823775642089058341157606528041029655342981313021879654445165542036978804115790489654775270100496781958969"
"-24/25","0.794613389714889083798217705515458345648059489413826674850566380316867761794090277842725279143922149198280065528645550318873190668804614306476756085413840612736060476661801527462424820217240978337640814543647759809114155173140489424643220545575141971951939988850612287334483"
"-19/20","0.795279773279810737648634985293196063648654594652921542578776964990140406589493156926738720057417416418104391806213606870011893748389740449270158380196357631190168954826012500948499922447644137683468323875523886942802325443231050539422651013239611010685892549790166050383378"
"-47/50","0.795269642897133625802538034597373132098490763342295996171203135226515893273708358125515756670622547832999837360250172717812681712451654094153903615956420023687725898733011644750039002371372581066464574645792252128082644909964277368181135744075778072089709483346950556814037"
"-93/100","0.794563496227983613089620189484825671182816811507559932617769998194536175715489840077943151748856295464063506608677302529552737508864176039957521699211064894390814392300000626456755526249658791141828665599471226128957379207627366271428194693763529414096913909773217526510237"
"-23/25","0.793141773110439470487233409251774031158866472638356593447194251368012312342963411653888728141996125520482954780359258539326913291594643546414076245519369653739066227992171893141412499017423657669081123737655719293475370976660752811750411094762269953753981056129284514375592"
"-91/100","0.79098485935208614848885591970645140676512624884717547982204570750414795666968455091007469056141348235213680397962881947372314933659279212534697497511360895638861825191283324456510105656042151688470129324173841076693057117735950443175593586493802305844332260101363790082296"
"-9/10","0.788073088874136240623866219012073363554925538713981775450292127355511311921152034713185457243971833097987643899623018273888625588497611306989682601303497391266074243472710955362415766433601987289374059816157159668057464265704406354898839440633750828722928491142207830210743"
"-89/100","0.784386744062779837239928807701165856687731994911915669758798605487444550514412807688844447244346582446637057148498714839752458645756618854954413767890238768588601095431296642198002242865624790212895289101682357984721491686729678249221571771263309065297256637647396730773752"
"-22/25","0.779906054187697722597547199682114176557556934749420493912349944029011524726355940328514441697466049432274473266784301165721759966068726023533064569236043005726122876627543486202811462045253091904035824761967367791624509492180122977716486738288121570262181343703464088742632"
"-87/100","0.77461119175341587163411837311205825307180172819471230057475298591571138066261411609298039775440965974289161721039320020024713247036946760440487255492511833139002660217029149548010139392413986001368066789167237495207146660793455545324919969881532810047590746271682641097764"
"-43/50","0.768482266656459815444777218435814778018153286333898660720652261206440476294787091104493326599344067378644502603810065444025810995206130820321759761111035236589499271857065794821828856025430698868195775263719751378065248318272794483740342652007109405916194956548264365671253"
"-17/20","0.76149931803015393656595273080445352264447765593651158706466694902637160613173048857920936521025545411128382651858671694870767909482230099779328974674119395070089992738040371301442643368780673770768309532540378943270448616443141324953249075955126224435040697735471460935961"
"-21/25","0.753642303669471665658751798508733967727818997135492861098187949631044244605424838854338120840153780934505337973069804211484815708182285492551387945063237301827926090390003089671220483657755340797327262098366867564006013167241118359178128947860813403541677536325020444391973"
"-83/100","0.744891086940648428022705341138926792745170222829681615009021082749877431810216367368247382891001502892209187882414859651952795502911511039963537008050904501032123719327884676444157259778244703912626371179891176632846405377371616998783174540302157072371159273312264762481632"
"-41/50","0.735225421094394732126917140968217427465594253980843906215339032074755756461801701154638174768206043110541141203390228067035157711698764524013133188335699776883553270808662074314828302822387883914853970311184847835485455678580039152284647537899882228392881131751033539744221"
"-81/100","0.724624930917573424278029495374808329781017050543756600018183385672084200454962921436179364159815178465996131804990593334903961382243926298629667714382706360329164343121788134320867781870461208320729067647895862828744962574400635756586561145282624716796648131413867464493652"
"-4/5","0.713069091676224002649072047593095013487059170023502202117921082496875995864507846943874298000762481127677216781709711244832683892886550541961040682627926136384463384877465676328462770922768881672303879039368237979007676010107757855532707803749953140179914095751399018161929"
"-79/100","0.700537205322932323985906801763718015147178965042448112770662418414544984429031407437388091270716474049772148062714172639828727125609515098776466147367229178970122156972038741420064768553488629786821931658623720883592583566244684152436226526888341071892724380257259648253084"
"-39/50","0.687008373963877478910329234737893876891739986755976158419863245805444714123036442932658541390111989684281629200397051566261878139178114550489249463779858254252187280802772164789530619873496590807381350743666578996376757917922570526829867763338329454709680857347574708740687"
"-77/100","0.672461470605581955124845138085704914494786137957545660350752946390641702864398394512268957496442181223062578773955358850229506693604836833785135834147802965294485890672704046252175643728951835034920338969056657241135883493784999131043436296675631701225785100663082100538581"
"-19/25","0.656875107228615636451063468804135478560534520751791737827466551470835502903834676062338020051481155868762425475786495967583600503531170184059362997352129302348908948622920018006227628705306192262946616335985310989205572860130446934425319296747671703074847725868051831287357"
"-3/4","0.640227600265459427203445024228828518292004502202723263967834178356604479613363542063070065361825481270466078146918382914747048510775832012677720154600832360267343786863773928137819342424257660428088655241374409188556022122414107226734766701494805839007053429445400338498269"
"-37/50","0.622496933592658290642989365373962822351038526907546091378300868310323768299138529263957899869330973789623142990243943981969345469908194195469562730103372826021343919693954121529356454069449803353391083953260838716097338121403556922939169120776591679523281846770805221012633"
"-73/100","0.603660719183567468768547076329741610745520102259202217212925151295182423677441115369636934159921030626259146458367285175712216154456221296595462698311148909479571649208188648260152500263673159796122002278166028306964211892153239874079509917855941102217644226282071359258656"
"-18/25","0.583696155607750510232200213777487768009472310463257754448880637439123515373378135521758937848714945973597782991424639718168616664362618898931041578043945860013816205890638292692127296630138493467953379520285418181805340779806801515207410795557368158702385223976483246313146"
"-71/100","0.562579984606810744851094648577356111868496281968609118508225730694321851152540370739785025479579191157611706631550994339306769627044354499035795374655361692048726722442556413528768483165789929105220776596964502490854627442881002338711324818482037684265759317944289581618446"
"-7/10","0.540288446024579546649222012330831474390987872969592406949051881711697838399765594412558409909989248287651784861104825241865101723041276413933285094001096900216868640057747456394500527575458320533730652541086867837356690051778847921228380340215612733752844514895960323453476"
"-69/100","0.516797231422665940048163439386535580368177379898185731025256449767506136464468335426550702652098264324175085845837724342857874067206548528904711597771676704511072632906662095276309103958864345300842362943546159095994390073734025245851821017526309324061881433243234897606542"
"-17/25","0.492081436770990912038194943139202332210151992706470799385148840015714071530764742533989930302696252460638538102854221372316001066775466244562514223391321486179250314790018261840911431412604602250508358359112396049448636536178002533651005201882073660548149618585708189267737"
"-67/100","0.466115514667768361262208773898731420866337698733944660421969105818534335303450848152032824951203047491180817148576630604804209316206685465591715052654141031704571606017358097361123144286826800039951757156538755695270652608474030747636247391039285579123505623953415258944622"
"-33/50","0.438873226615225610574259559883571908553449771883271121323048430410439387299782741062701787124928332900981074580950593318458636122667070814194324420837124131724070670018413104286074783214451918953321159913731728724657353221651759401490972853979365202067242417055755797316098"
"-13/20","0.410327595957048808952035725417474394584835504290175833556202326750513635050632690066631059120426652610275681056492341794918491051819634764189768977351259180749200479314373112510590393940753804237274187866246335632903896391121658767176027755606436793260577764655001441653747"
"-16/25","0.380450862172062585451927961230922581920667467361751974335947096271541153243769576602673382970376267528325842323200188567320093788347655406982737599634246552843989140866678623074270173819476209149343125670598674129158860476222527366011807023843542335982469041047792197066342"
"-63/100","0.34921443731708446620437364905464889718233368971544178166675539512834984824328769542707076216884617436923315845911733073985122167201840087976836137309703765783381172561574536490935060259579878482690342094684122322990407184180220096634957220994438874024009621747625097752586"
"-31/50","0.316588865521417003280148967328593807070609157252002567812973072213312339524099355124192181164142445120774042919743968981936886345415387561984787705410630578914582852834408335430163218509881986806330740637186642713683619121362053271269047992067426601366164719894493779550443"
"-61/100","0.282543786557352659306882091462302844486655998250481827948347553667546057400661728076547142573593888050515399030497553643477168864525864646298122560118743631832977396319337756037618271458876595748521480766506302567950687701720626736230704996757254662897145960306182774056989"
"-3/5","0.247047904646798878223726305928476753950772974805060372513422460194216343152852256989277072291952090789766362071544591975118040662913162198133390315318668902582328641757741277330114335797747106003721778716298405970558141797042993947470739120292008622032274833960835139932109"
"-59/100","0.210068963815321701358863197932437773030412823276521532168632342629961268430881483893832221985180260334474934198274750204287600647991746394887883914962124783063807967044091876285907831389708910656841730775962309951786540154396867818464803054923968504901344237222056286071213"
"-29/50","0.171573731273749117808155117995410353073572473082462268731267290516203379428451047665307104849322486358145574952603932365591687326553533269070134140587800953610061513476331755030694341055904205116149617326826014226702652256639484390807845517665279929144592273132191599439407"
"-57/100","0.131527990498621050709649240816113207711019136564128689930476437046819048357105695889164376620101025963872653786015254161463014623307141788127399380645198349174465606262790702492346519115067925056629639246451343323029460172959316487448100831857858329747483242998290865855381"
"-14/25","0.089896545917526758905833734609662241302366130672264227698138177346848584194426062962039434960224605145717697357148037598744327237001011115821638067683270137600521107247695576482856309802274017099377954365453245979506953533481771599417733695979151336971954648959923716273736"
"-11/20","0.04664324161417289802112117517308187712788519214550602068881976180362269467873895270797417168817364759358257017886188289332119475091925875374921448856299186313012272828798189488933421284015181621583661125945642351635136740657193709174849660274796120902537809603838078772878"
"-27/50","0.001731064085690063599623351336904866640927168676079495720803983676051084148827063615532014786619066461196794186442707408919990205436204484257574618700329606529746272936712780771952063607508003246949173823125584007583961243702288343640445040648248679487641123289158587041626"
"-53/100","0.044878163407933029035670903851581564098565849554092389162223340861788753764718167441928829747189934574199025983947543151391035130726458136330508265990357219412906141414502190247149454284177039862370952229944379249678956075008606921852862764331577566558902630039336789246061"
"-13/25","0.093222968587398416726902076089727566601892765883022334829117126775390739483914015874737398294256654158395144680366692158868874521987978414894581744470381942763918393129016735935480775176178816195230931195597841067868028261246259159622995733237875039551952633434777493144361"
"-51/100","0.143342887590183675597464663834185512986398233289355911993485846359875844586430028438704122096853273925334539472226846432483845713530253245412970879567326444187170373597902730419983406900802566218493896640393982865997093413266248157105617837295294693438464090432561313172722"
"-1/2","0.195277948222551500072971033900333265770597835580955774173800712181259771627019724641128364433966496321264350874303910395348074600501493113186753124483169822381108903836057041858604544341491888171105630347072822693849193769689976915547165630267594310752867207580711512195669"
"-49/100","0.249068591419418092196138830355703345069420104205736445991917863645627686410389903690718989634324867170102658016395289431058193821015169545736510267861304602428858901522659141115935455420061628924074988606466586890263872559417554595111809742076425087227153238555238554232646"
"-12/25","0.304755474100831017822965916526012901064674093300134461148405781432254816920784008117115482121659459704905432496315638314803169854810550886638070339601725952013540330797534479058585236557344069874467411212613700679610627911117214503909911312356663759979471073620195361431288"
"-47/100","0.36237923100220832063824606115569905754632102846990224143673950603588569889343872432216365312858992200606149985763519030963949302731006902079064671262860799889117408111032206123324901508983156484351468735117566765962153884709258294419871680858183450527386134959584849161605"
"-23/50","0.421980189888420494953850959587120449402237816134535654205266135052851382686353516414789478428778700799075021113142836154612848265422797240746241380977569689605175255059235829467247551404162460162777439650152796846491606621522701308170565887964089159068123361675352832195903"
"-9/20","0.483598034480074690968665898110476028958087156849556686373722626779191864689501588308303077628891616721494501064412142006768704488188257032476049816544457002556751482193235721920175452152456436633468911039436923755455592900503347506052883010937163865566964318583614835801303"
"-11/25","0.547271409029148733373481158982463518742691917088437628219131187166120020203951982101504630273985209060173074486557799142985863667047514036765996926688762144435467141763823197111528951441673659358932610674751873500886260039491842748972686192462629547592379987800874264151432"
"-43/100","0.613037458082271122410836247831814978102267245197215521154619898950789677700467110678864437355735752167647899342990471388431820140832077784410336644024042991741082255126405176291226141080585815768484701138357317552583177466122050898816472840471211090062073197872519979802291"
"-21/50","0.680931294604995900200320001371237975300665355353152047818200984306134274247139776963223191415147745156684719465356661861484397208522040627296297590480494914873806712326017737950832283633362114721870691534620351175160454633541042333748331182658867705588304689993005246647322"
"-41/100","0.750985389336275601532005180161856869025901252240215430659479238514994044080489362059885151218440049346756970687003644422268502133212915505973836063405355946250977891201046855544242479146321181793904280426476893464265058495596876275813661112517197387470729016432361464741183"
"-2/5","0.823228874028959697321827735388181705378129964328216614638633119651079896880571617827562837671767181550886640869373395489295135948152940779193431617171522779895861866119565875657202801485075887281077860755892796679803004101125900242801977009388343851268193509242564891145775"
"-39/100","0.897686751145664373410373106207767853573370355919453014306737183142718966048764292761577161412483483548811161271034215623751664415258308345633770800735736666168934368479665517724137654247898725659386313025506079757778694038075112904418255830988817066849669574478687866621771"
"-19/50","0.974379002663322368785673317982902486225531071717248778689534103711749477812360595520283143541625900677395445700692206492592680879132463482077107276513015715614821952841884559018997071945167921824232051798877062750372194920979506927703773191450053992082195789524098910429424"
"-37/100","1.053319590945980822175701941846657974763601295551581221255767032832106457631671376960036072755402316246586427167374810985210024556707567868840100514405971359549947875384000090871103994286697964108924489587615402699679341046672321137466179535119167022490628986627680590336441"
"-9/25","1.134515345234759061751437847310453146386893119328426076204449623209505817404435670455166092705919859516250553254141189361499590851299400173786208904896701526054691630338055079560008722039395681786684332110722284185235987589888590252557548005478925451125155021604575379715134"
"-7/20","1.217964728246351334808684722366369864318048120879727098217154707229887438634858654084486754863939113895218575519106211545242606171638190782280475921580093134038088084196459932656024248547472004715454153371736062501714063076142480706209587494862733294849312991772810628875781"
"-17/50","1.30365647874621394879717691817288564282454453623949584745962896221913683599382986119281971064546821326646561763841981185967710736489240448793841266894181599131859386197559303300178243078759792940178257999579377645485979695826758859336417068700943177242191394362068036808489"
"-33/100","1.39156812785705267449789411634110844660031269125576547460939735338688565324608123280530388696540467836827357297665190986936210056467726491752451092311689047554745617595457741701396225615201095900606731452807989991837704605487034850016438536643911861407210654243649590911082"
"-8/25","1.481664389371407673040331877737073482531980426409824527648803049788489287454399299714814667461265639573089327279471635030647470279312581937624582787304341908266690227860418730174892154119466284133092053828994717613153987962011042012609192367337935470944467941384324542105436"
"-31/100","1.573895427556574771586090753589863631700440372701688034559588015861382805411692011838760227114985126558085475241800646367734638301284139022363006908854169470275506688677312674848584035335194855401586537584249913677190584680395291822634583277871935495802917925295084467690549"
"-3/10","1.668195009967398200570295587337984287103257099170291539337602781400013102975000085447258240646057316505812986988972677019680299173616664398848881379313346633406175941310048312524266965360762826913442704188323576999697843242568047705128829383831728183623731247934273160358336"
"-29/100","1.764478557706804128685600285586200404313062607265878402883364695462878799234372445360668476542304034598221143087220068213038258145603814943619091602590812312512739888624297041002910868831941236057688169053976377886919120884775584052235841083789333521628416085009434210322221"
"-7/25","1.86264111146837419787101233183586348246551580255764397517205143539782291474919329730453024215741315672672918557218653303973443043425500432909287526091476456818960330146212265463403821649787256253074515226178548342466395944178452038481998279454146510904569458384527389747404"
"-27/100","1.962555238605452786114562055467533451483828481023128577384723278255920331887645544471724516763267787715430822262458934056540727332086338397841470345537270436276172147257297173467833261972161854994909630266372226745308223145695002762170889546864287252046138284159126833511846"
"-13/50","2.06406891440155134426076131307402044348182590907475466870807700629185099669239768039032990181708304680082318531634088030589500015078638690042218695714384458345556395717422661818421798269195284190407930320334618437195865554026712649342214893166545968095244446224867204158529"
"-1/4","2.167003419613495283382693598341632270369326611092285047267865757919696786033791203292958201044523670961652894352354528591334206532977900803744681516181503857410990863098785749895209206701302779488039775848893702096655423878694165597409498011067412670974036991080133788885151"
"-6/25","2.271151306091355349221828196881128589141181608594501303231589024337222111163038010793448017945097422498081123066542729703194655670072608485665962200147323736178490539899935203720538124746867123231408818641694006545848928490857511356908946003411660838600114168624514571548214"
"-23/100","2.376274492620134326532780519224488457360628615009553370451067538338801796367059971429490806188271255610556008523947334296382587773808298473130240418590372629620159092772703360294866673946200046570680860578859795069890473828915164622427452577159599202085507037998626647764718"
"-11/50","2.48210256373260881835076795289870765203980251992963385049222115670609838381722532963922015049118840990766434675630706367817418878077725146519567750075046117668573857988113652522589821179869363804588224776591229369772232752500230203707181920881959358932815000875235627012245"
"-21/100","2.588331354630679462048832206725081901200386896019635323317668526911803666067192843197732843773753909225775343694077110525771240564505735335581108553481808883886241696272936596938726367822455124754583390846068057532968956917217284217982318307174172708757043209921094953761706"
"-1/5","2.694621914896320528004006490498823713279574315335958904857090441134929437865510421549723562478995165948924784436061717897464930798697945640342787961393341791696385741628336011257372059870479088905866269691433322264512938596088208704000539585328074459785328917852212093090247"
"-19/100","2.800599951593662719289424717222536217070019855036088812846184997248569607263159948649660482040405278939149874172957297666930499566850652525229741111914372010477435315901844812312556667549445086823163605895507153073361161016125788578805458023836722027091643624613748657113299"
"-9/50","2.905855857740358241044132050972080324770643172654759387161893006965336555262936523903840914383469014619893299853818807595167554837881796461741757027960020496463170013716663553869271067203242554120242123114530858847171829170497047972200896520289768818171124040846636456181676"
"-17/100","3.009945433925189679294526592069863839468164130168712820736480688889935668167788415548070608639521063141123946437455849751120664492232753316544690264005472328908877001276982540902738260867719391017844613402477962783600984069957660985326858592129152519188423878065217742674502"
"-4/25","3.112391407972950782461515735587302094992284310539319490704655315998877135625093604018711572919623130304833858322372571586970561779229392540597293042612398281029336493075738091342971218359619920909843181436580949813981851701505827563671487310850010448746042885286138581553737"
"-3/20","3.212685848923101931609452190240378356971026134326440149939605542498441358242841910328773608728280110804534596325377987449089450144076469555981679631395541862361848093132156877401710911438050904721549137747951017574262193331713431251412860369253472132004588311698179877871948"
"-7/50","3.310293556227319080557198129304596689427116805432544826841552609978682232024368198362239068052496677036291121323874417198986751089521007500353286604170702561180743611695261667023400589719894307246624269042325142700876352454734828676846955797724550600584117907427495511335914"
"-13/100","3.404656482256325735087707175528984547955762130134285159392697025031683987960881870485295618203878143988824489739567221139727417769347846603264477344355060195297645655328984014333865930505894518947766285428049975408715211857101200537252215202048179448618892221309747551411748"
"-3/25","3.495199215596173011960239469465867133653808307608681984794555269536723560565975368635560214707712255221823785276885540584683737388861285075914926035195161251551111853146456475680920261108516119036418533055722047413358469160264433169043279620644479751761337959862923940960589"
"-11/100","3.581335514396704597016803747410440634224767176545321051001944316808371344933959458067109954561448212681793339202554409122065438063157907922846402074227426940465739360725330478696413860229391903537419732989183103375610531356458647735559968134157633292676556153267582136856186"
"-1/10","3.662475834060408127992950587486460592034069523395277054073491968653588907441729556587662204027402255797749065984115508103296610873486383581846635735493766664387225534521800789733164485733909535660647968227880423546121964528002618610736071886134316853405918276770826509028434"
"-9/100","3.738035743434005030968949196039895790120613166321622421856697623646265811731939260143696114904771621676972749576545568684574877653121490449257271857627240136378742443601127424831654508582184101187262912431860679464866143260135010572061566704102543268972411184145477795216649"
"-2/25","3.807445070781108207389293573253761669071275281503476925211402683023208318124435443351098785029649958583842764334874954831070830065058617185548760979670962126116197228844783611213899011832084961097392619729862243700009011303121239516151464273663622328264712090068320257945179"
"-7/100","3.870157568298968337823373573936149137997377848114952021207360137570526612918074926789389652923806961841385519011566289204501614446962389918849597968952891471793662967960924375941816211937606163795819351700167370171626657700344215845974885089490217781125994056382982051792338"
"-3/50","3.925660835501112237116135678830272567080573243259520873185806733329125464332786982594425969804761188724551774841369435771837400874531363317221433626919107158713881667636514946845142342302135615006832116786964112826054752162146460243823693259652594392196800753227921448132641"
"-1/20","3.973486201442922681655837584785670271062570347549471106416186451186586487970618783601732743137309824456903488053641099364503430913361326919682082703429206079258810878616967678994079662030263964881137090608052752897004473263978196216704796276133396985724253624566988264921613"
"-1/25","4.013218237502191375033999541165745693379709359693785872594564063915275362738109398685408886399115729464365592795873195420828082436721973516112056259955219347921006127881734871310711798831707138501196724778595055034853530857814844660220579431011662128677462111249890883527901"
"-3/100","4.044503559765041965918343437057043831404087772569369234150296645111981719400849131232548067892504650264790232450591939258005396972421415491332568900213513052342471485952725339679757618909494488383967413328526674719121820719719132607928252763415997245934577805566492191865666"
"-1/50","4.067058585636080448660720830346791110916348960971086493768598558323577400498192998840174509535118975071179783606526466832375254412880863318373960298751419975348991525048702843550963606974779637705880249161267194517713141000561328470400356724617880133149781022150523371789982"
"-1/100","4.080675934425943034963791747282627052134563784837767490585214777218437581393558741087442794517601757104161901629189296073152608597244507320855085809375968629200940548410905842976022643041505351107637264137407155032538656948863411953494296021120649408442668745152177509723986"
"0","4.085229206127223706304518236590677804141545813693459212645424154961419735381299278408592962513335117675913155193165172032021747071521568906863097388963784394203951046369022656642186910517351644429193301998346876587267728497228521727948125203764155930643299886194920910942732"
"1/100","4.08067593442594303496379174728262705213456378483776749058521477721843758139355874108744279451760175710416190162918929607315260859724450732085508580937596862920094054841090584297602264304150535110763726413740715503253865694886341195349429602112064940844266874515217750980023"
"1/50","4.067058585636080448660720830346791110916348960971086493768598558323577400498192998840174509535118975071179783606526466832375254412880863318373960298751419975348991525048702843550963606974779637705880249161267194517713141000561328470400356724617880133149781022150523371788993"
"3/100","4.044503559765041965918343437057043831404087772569369234150296645111981719400849131232548067892504650264790232450591939258005396972421415491332568900213513052342471485952725339679757618909494488383967413328526674719121820719719132607928252763415997245934577805566492191915583"
"1/25","4.013218237502191375033999541165745693379709359693785872594564063915275362738109398685408886399115729464365592795873195420828082436721973516112056259955219347921006127881734871310711798831707138501196724778595055034853530857814844660220579431011662128677462111249890883506903"
"1/20","3.973486201442922681655837584785670271062570347549471106416186451186586487970618783601732743137309824456903488053641099364503430913361326919682082703429206079258810878616967678994079662030263964881137090608052752897004473263978196216704796276133396985724253624566988264918833"
"3/50","3.925660835501112237116135678830272567080573243259520873185806733329125464332786982594425969804761188724551774841369435771837400874531363317221433626919107158713881667636514946845142342302135615006832116786964112826054752162146460243823693259652594392196800753227921448121552"
"7/100","3.870157568298968337823373573936149137997377848114952021207360137570526612918074926789389652923806961841385519011566289204501614446962389918849597968952891471793662967960924375941816211937606163795819351700167370171626657700344215845974885089490217781125994056382982051813078"
"2/25","3.807445070781108207389293573253761669071275281503476925211402683023208318124435443351098785029649958583842764334874954831070830065058617185548760979670962126116197228844783611213899011832084961097392619729862243700009011303121239516151464273663622328264712090068320257976786"
"9/100","3.738035743434005030968949196039895790120613166321622421856697623646265811731939260143696114904771621676972749576545568684574877653121490449257271857627240136378742443601127424831654508582184101187262912431860679464866143260135010572061566704102543268972411184145477795194876"
"1/10","3.662475834060408127992950587486460592034069523395277054073491968653588907441729556587662204027402255797749065984115508103296610873486383581846635735493766664387225534521800789733164485733909535660647968227880423546121964528002618610736071886134316853405918276770826508973085"
"11/100","3.581335514396704597016803747410440634224767176545321051001944316808371344933959458067109954561448212681793339202554409122065438063157907922846402074227426940465739360725330478696413860229391903537419732989183103375610531356458647735559968134157633292676556153267582136808423"
"3/25","3.49519921559617301196023946946586713365380830760868198479455526953672356056597536863556021470771225522182378527688554058468373738886128507591492603519516125155111185314645647568092026110851611903641853305572204741335846916026443316904327962064447975176133795986292394102648"
"13/100","3.404656482256325735087707175528984547955762130134285159392697025031683987960881870485295618203878143988824489739567221139727417769347846603264477344355060195297645655328984014333865930505894518947766285428049975408715211857101200537252215202048179448618892221309747551401742"
"7/50","3.310293556227319080557198129304596689427116805432544826841552609978682232024368198362239068052496677036291121323874417198986751089521007500353286604170702561180743611695261667023400589719894307246624269042325142700876352454734828676846955797724550600584117907427495511316038"
"3/20","3.212685848923101931609452190240378356971026134326440149939605542498441358242841910328773608728280110804534596325377987449089450144076469555981679631395541862361848093132156877401710911438050904721549137747951017574262193331713431251412860369253472132004588311698179877909037"
"4/25","3.112391407972950782461515735587302094992284310539319490704655315998877135625093604018711572919623130304833858322372571586970561779229392540597293042612398281029336493075738091342971218359619920909843181436580949813981851701505827563671487310850010448746042885286138581547226"
"17/100","3.009945433925189679294526592069863839468164130168712820736480688889935668167788415548070608639521063141123946437455849751120664492232753316544690264005472328908877001276982540902738260867719391017844613402477962783600984069957660985326858592129152519188423878065217742695652"
"9/50","2.905855857740358241044132050972080324770643172654759387161893006965336555262936523903840914383469014619893299853818807595167554837881796461741757027960020496463170013716663553869271067203242554120242123114530858847171829170497047972200896520289768818171124040846636456220275"
"19/100","2.8005999515936627192894247172225362170700198550360888128461849972485696072631599486496604820404052789391498741729572976669304995668506525252297411119143720104774353159018448123125566675494450868231636058955071530733611610161257885788054580238367220270916436246137486571242841"
"1/5","2.6946219148963205280040064904988237132795743153359589048570904411349294378655104215497235624789951659489247844360617178974649307986979456403427879613933417916963857416283360112573720598704790889058662696914333222645129385960882087040005395853280744597853289178522120930993495"
"21/100","2.5883313546306794620488322067250819012003868960196353233176685269118036660671928431977328437737539092257753436940771105257712405645057353355811085534818088838862416962729365969387263678224551247545833908460680575329689569172172842179823183071741727087570432099210949537624067"
"11/50","2.4821025637326088183507679528987076520398025199296338504922211567060983838172253296392201504911884099076643467563070636781741887807772514651956775007504611766857385798811365252258982117986936380458822477659122936977223275250023020370718192088195935893281500087523562701254551"
"23/100","2.37627449262013432653278051922448845736062861500955337045106753833880179636705997142949080618827125561055600852394733429638258777380829847313024041859037262962015909277270336029486667394620004657068086057885979506989047382891516462242745257715959920208550703799862664776408631"
"6/25","2.2711513060913553492218281968811285891411816085945013032315890243372221111630380107934480179450974224980811230665427297031946556700726084856659622001473237361784905398999352037205381247468671232314088186416940065458489284908575113569089460034116608386001141686245145715473544"
"1/4","2.1670034196134952833826935983416322703693266110922850472678657579196967860337912032929582010445236709616528943523545285913342065329779008037446815161815038574109908630987857498952092067013027794880397758488937020966554238786941655974094980110674126709740369910801337888870697"
"13/50","2.064068914401551344260761313074020443481825909074754668708077006291850996692397680390329901817083046800823185316340880305895000150786386900422186957143844583455563957174226618184217982691952841904079303203346184371958655540267126493422148931665459680952444462248672041597729"
"27/100","1.9625552386054527861145620554675334514838284810231285773847232782559203318876455444717245167632677877154308222624589340565407273320863383978414703455372704362761721472572971734678332619721618549949096302663722267453082231456950027621708895468642872520461382841591268335186231"
"7/25","1.862641111468374197871012331835863482465515802557643975172051435397822914749193297304530242157413156726729185572186533039734430434255004329092875260914764568189603301462122654634038216497872562530745152261785483424663959441784520384819982794541465109045694583845273897484825"
"29/100","1.764478557706804128685600285586200404313062607265878402883364695462878799234372445360668476542304034598221143087220068213038258145603814943619091602590812312512739888624297041002910868831941236057688169053976377886919120884775584052235841083789333521628416085009434210317122"
"3/10","1.668195009967398200570295587337984287103257099170291539337602781400013102975000085447258240646057316505812986988972677019680299173616664398848881379313346633406175941310048312524266965360762826913442704188323576999697843242568047705128829383831728183623731247934273160387077"
"31/100","1.573895427556574771586090753589863631700440372701688034559588015861382805411692011838760227114985126558085475241800646367734638301284139022363006908854169470275506688677312674848584035335194855401586537584249913677190584680395291822634583277871935495802917925295084467675906"
"8/25","1.481664389371407673040331877737073482531980426409824527648803049788489287454399299714814667461265639573089327279471635030647470279312581937624582787304341908266690227860418730174892154119466284133092053828994717613153987962011042012609192367337935470944467941384324542091524"
"33/100","1.391568127857052674497894116341108446600312691255765474609397353386885653246081232805303886965404678368273572976651909869362100564677264917524510923116890475547456175954577417013962256152010959006067314528079899918377046054870348500164385366439118614072106542436495909066257"
"17/50","1.303656478746213948797176918172885642824544536239495847459628962219136835993829861192819710645468213266465617638419811859677107364892404487938412668941815991318593861975593033001782430787597929401782579995793776454859796958267588593364170687009431772421913943620680368018965"
"7/20","1.217964728246351334808684722366369864318048120879727098217154707229887438634858654084486754863939113895218575519106211545242606171638190782280475921580093134038088084196459932656024248547472004715454153371736062501714063076142480706209587494862733294849312991772810628812625"
"9/25","1.134515345234759061751437847310453146386893119328426076204449623209505817404435670455166092705919859516250553254141189361499590851299400173786208904896701526054691630338055079560008722039395681786684332110722284185235987589888590252557548005478925451125155021604575379734141"
"37/100","1.053319590945980822175701941846657974763601295551581221255767032832106457631671376960036072755402316246586427167374810985210024556707567868840100514405971359549947875384000090871103994286697964108924489587615402699679341046672321137466179535119167022490628986627680590398018"
"19/50","0.974379002663322368785673317982902486225531071717248778689534103711749477812360595520283143541625900677395445700692206492592680879132463482077107276513015715614821952841884559018997071945167921824232051798877062750372194920979506927703773191450053992082195789524098910403993"
"39/100","0.897686751145664373410373106207767853573370355919453014306737183142718966048764292761577161412483483548811161271034215623751664415258308345633770800735736666168934368479665517724137654247898725659386313025506079757778694038075112904418255830988817066849669574478687866637803"
"2/5","0.823228874028959697321827735388181705378129964328216614638633119651079896880571617827562837671767181550886640869373395489295135948152940779193431617171522779895861866119565875657202801485075887281077860755892796679803004101125900242801977009388343851268193509242564891174677"
"41/100","0.750985389336275601532005180161856869025901252240215430659479238514994044080489362059885151218440049346756970687003644422268502133212915505973836063405355946250977891201046855544242479146321181793904280426476893464265058495596876275813661112517197387470729016432361464795891"
"21/50","0.680931294604995900200320001371237975300665355353152047818200984306134274247139776963223191415147745156684719465356661861484397208522040627296297590480494914873806712326017737950832283633362114721870691534620351175160454633541042333748331182658867705588304689993005246659164"
"43/100","0.613037458082271122410836247831814978102267245197215521154619898950789677700467110678864437355735752167647899342990471388431820140832077784410336644024042991741082255126405176291226141080585815768484701138357317552583177466122050898816472840471211090062073197872519979820854"
"11/25","0.547271409029148733373481158982463518742691917088437628219131187166120020203951982101504630273985209060173074486557799142985863667047514036765996926688762144435467141763823197111528951441673659358932610674751873500886260039491842748972686192462629547592379987800874264171925"
"9/20","0.483598034480074690968665898110476028958087156849556686373722626779191864689501588308303077628891616721494501064412142006768704488188257032476049816544457002556751482193235721920175452152456436633468911039436923755455592900503347506052883010937163865566964318583614835802658"
"23/50","0.421980189888420494953850959587120449402237816134535654205266135052851382686353516414789478428778700799075021113142836154612848265422797240746241380977569689605175255059235829467247551404162460162777439650152796846491606621522701308170565887964089159068123361675352832194363"
"47/100","0.362379231002208320638246061155699057546321028469902241436739506035885698893438724322163653128589922006061499857635190309639493027310069020790646712628607998891174081110322061233249015089831564843514687351175667659621538847092582944198716808581834505273861349595848491666416"
"12/25","0.304755474100831017822965916526012901064674093300134461148405781432254816920784008117115482121659459704905432496315638314803169854810550886638070339601725952013540330797534479058585236557344069874467411212613700679610627911117214503909911312356663759979471073620195361467933"
"49/100","0.249068591419418092196138830355703345069420104205736445991917863645627686410389903690718989634324867170102658016395289431058193821015169545736510267861304602428858901522659141115935455420061628924074988606466586890263872559417554595111809742076425087227153238555238554247144"
"1/2","0.195277948222551500072971033900333265770597835580955774173800712181259771627019724641128364433966496321264350874303910395348074600501493113186753124483169822381108903836057041858604544341491888171105630347072822693849193769689976915547165630267594310752867207580711512163541"
"51/100","0.143342887590183675597464663834185512986398233289355911993485846359875844586430028438704122096853273925334539472226846432483845713530253245412970879567326444187170373597902730419983406900802566218493896640393982865997093413266248157105617837295294693438464090432561313201364"
"13/25","0.093222968587398416726902076089727566601892765883022334829117126775390739483914015874737398294256654158395144680366692158868874521987978414894581744470381942763918393129016735935480775176178816195230931195597841067868028261246259159622995733237875039551952633434777493217541"
"53/100","0.044878163407933029035670903851581564098565849554092389162223340861788753764718167441928829747189934574199025983947543151391035130726458136330508265990357219412906141414502190247149454284177039862370952229944379249678956075008606921852862764331577566558902630039336789173837"
"27/50","0.001731064085690063599623351336904866640927168676079495720803983676051084148827063615532014786619066461196794186442707408919990205436204484257574618700329606529746272936712780771952063607508003246949173823125584007583961243702288343640445040648248679487641123289158586951759"
"11/20","0.046643241614172898021121175173081877127885192145506020688819761803622694678738952707974171688173647593582570178861882893321194750919258753749214488562991863130122728287981894889334212840151816215836611259456423516351367406571937091748496602747961209025378096038380787712494"
"14/25","0.089896545917526758905833734609662241302366130672264227698138177346848584194426062962039434960224605145717697357148037598744327237001011115821638067683270137600521107247695576482856309802274017099377954365453245979506953533481771599417733695979151336971954648959923716304447"
"57/100","0.131527990498621050709649240816113207711019136564128689930476437046819048357105695889164376620101025963872653786015254161463014623307141788127399380645198349174465606262790702492346519115067925056629639246451343323029460172959316487448100831857858329747483242998290865783693"
"29/50","0.171573731273749117808155117995410353073572473082462268731267290516203379428451047665307104849322486358145574952603932365591687326553533269070134140587800953610061513476331755030694341055904205116149617326826014226702652256639484390807845517665279929144592273132191599524228"
"59/100","0.210068963815321701358863197932437773030412823276521532168632342629961268430881483893832221985180260334474934198274750204287600647991746394887883914962124783063807967044091876285907831389708910656841730775962309951786540154396867818464803054923968504901344237222056286143042"
"3/5","0.247047904646798878223726305928476753950772974805060372513422460194216343152852256989277072291952090789766362071544591975118040662913162198133390315318668902582328641757741277330114335797747106003721778716298405970558141797042993947470739120292008622032274833960835140051783"
"61/100","0.282543786557352659306882091462302844486655998250481827948347553667546057400661728076547142573593888050515399030497553643477168864525864646298122560118743631832977396319337756037618271458876595748521480766506302567950687701720626736230704996757254662897145960306182774055111"
"31/50","0.316588865521417003280148967328593807070609157252002567812973072213312339524099355124192181164142445120774042919743968981936886345415387561984787705410630578914582852834408335430163218509881986806330740637186642713683619121362053271269047992067426601366164719894493779533482"
"63/100","0.349214437317084466204373649054648897182333689715441781666755395128349848243287695427070762168846174369233158459117330739851221672018400879768361373097037657833811725615745364909350602595798784826903420946841223229904071841802200966349572209944388740240096217476250977603803"
"16/25","0.380450862172062585451927961230922581920667467361751974335947096271541153243769576602673382970376267528325842323200188567320093788347655406982737599634246552843989140866678623074270173819476209149343125670598674129158860476222527366011807023843542335982469041047792197053111"
"13/20","0.410327595957048808952035725417474394584835504290175833556202326750513635050632690066631059120426652610275681056492341794918491051819634764189768977351259180749200479314373112510590393940753804237274187866246335632903896391121658767176027755606436793260577764655001441765886"
"33/50","0.438873226615225610574259559883571908553449771883271121323048430410439387299782741062701787124928332900981074580950593318458636122667070814194324420837124131724070670018413104286074783214451918953321159913731728724657353221651759401490972853979365202067242417055755797276133"
"67/100","0.466115514667768361262208773898731420866337698733944660421969105818534335303450848152032824951203047491180817148576630604804209316206685465591715052654141031704571606017358097361123144286826800039951757156538755695270652608474030747636247391039285579123505623953415259010667"
"17/25","0.492081436770990912038194943139202332210151992706470799385148840015714071530764742533989930302696252460638538102854221372316001066775466244562514223391321486179250314790018261840911431412604602250508358359112396049448636536178002533651005201882073660548149618585708189258693"
"69/100","0.516797231422665940048163439386535580368177379898185731025256449767506136464468335426550702652098264324175085845837724342857874067206548528904711597771676704511072632906662095276309103958864345300842362943546159095994390073734025245851821017526309324061881433243234897704714"
"7/10","0.540288446024579546649222012330831474390987872969592406949051881711697838399765594412558409909989248287651784861104825241865101723041276413933285094001096900216868640057747456394500527575458320533730652541086867837356690051778847921228380340215612733752844514895960323460032"
"71/100","0.56257998460681074485109464857735611186849628196860911850822573069432185115254037073978502547957919115761170663155099433930676962704435449903579537465536169204872672244255641352876848316578992910522077659696450249085462744288100233871132481848203768426575931794428958167183"
"18/25","0.583696155607750510232200213777487768009472310463257754448880637439123515373378135521758937848714945973597782991424639718168616664362618898931041578043945860013816205890638292692127296630138493467953379520285418181805340779806801515207410795557368158702385223976483246465964"
"73/100","0.603660719183567468768547076329741610745520102259202217212925151295182423677441115369636934159921030626259146458367285175712216154456221296595462698311148909479571649208188648260152500263673159796122002278166028306964211892153239874079509917855941102217644226282071359277949"
"37/50","0.622496933592658290642989365373962822351038526907546091378300868310323768299138529263957899869330973789623142990243943981969345469908194195469562730103372826021343919693954121529356454069449803353391083953260838716097338121403556922939169120776591679523281846770805220958292"
"3/4","0.640227600265459427203445024228828518292004502202723263967834178356604479613363542063070065361825481270466078146918382914747048510775832012677720154600832360267343786863773928137819342424257660428088655241374409188556022122414107226734766701494805839007053429445400338546579"
"19/25","0.656875107228615636451063468804135478560534520751791737827466551470835502903834676062338020051481155868762425475786495967583600503531170184059362997352129302348908948622920018006227628705306192262946616335985310989205572860130446934425319296747671703074847725868051831252058"
"77/100","0.672461470605581955124845138085704914494786137957545660350752946390641702864398394512268957496442181223062578773955358850229506693604836833785135834147802965294485890672704046252175643728951835034920338969056657241135883493784999131043436296675631701225785100663082100554919"
"39/50","0.687008373963877478910329234737893876891739986755976158419863245805444714123036442932658541390111989684281629200397051566261878139178114550489249463779858254252187280802772164789530619873496590807381350743666578996376757917922570526829867763338329454709680857347574708706342"
"79/100","0.700537205322932323985906801763718015147178965042448112770662418414544984429031407437388091270716474049772148062714172639828727125609515098776466147367229178970122156972038741420064768553488629786821931658623720883592583566244684152436226526888341071892724380257259648246858"
"4/5","0.713069091676224002649072047593095013487059170023502202117921082496875995864507846943874298000762481127677216781709711244832683892886550541961040682627926136384463384877465676328462770922768881672303879039368237979007676010107757855532707803749953140179914095751399018101923"
"81/100","0.724624930917573424278029495374808329781017050543756600018183385672084200454962921436179364159815178465996131804990593334903961382243926298629667714382706360329164343121788134320867781870461208320729067647895862828744962574400635756586561145282624716796648131413867464468411"
"41/50","0.735225421094394732126917140968217427465594253980843906215339032074755756461801701154638174768206043110541141203390228067035157711698764524013133188335699776883553270808662074314828302822387883914853970311184847835485455678580039152284647537899882228392881131751033539755548"
"83/100","0.744891086940648428022705341138926792745170222829681615009021082749877431810216367368247382891001502892209187882414859651952795502911511039963537008050904501032123719327884676444157259778244703912626371179891176632846405377371616998783174540302157072371159273312264762460298"
"21/25","0.753642303669471665658751798508733967727818997135492861098187949631044244605424838854338120840153780934505337973069804211484815708182285492551387945063237301827926090390003089671220483657755340797327262098366867564006013167241118359178128947860813403541677536325020444340256"
"17/20","0.76149931803015393656595273080445352264447765593651158706466694902637160613173048857920936521025545411128382651858671694870767909482230099779328974674119395070089992738040371301442643368780673770768309532540378943270448616443141324953249075955126224435040697735471460933934"
"43/50","0.768482266656459815444777218435814778018153286333898660720652261206440476294787091104493326599344067378644502603810065444025810995206130820321759761111035236589499271857065794821828856025430698868195775263719751378065248318272794483740342652007109405916194956548264365688042"
"87/100","0.774611191753415871634118373112058253071801728194712300574752985915711380662614116092980397754409659742891617210393200200247132470369467604404872554925118331390026602170291495480101393924139860013680667891672374952071466607934555453249199698815328100475907462716826410995994"
"22/25","0.779906054187697722597547199682114176557556934749420493912349944029011524726355940328514441697466049432274473266784301165721759966068726023533064569236043005726122876627543486202811462045253091904035824761967367791624509492180122977716486738288121570262181343703464088737275"
"89/100","0.784386744062779837239928807701165856687731994911915669758798605487444550514412807688844447244346582446637057148498714839752458645756618854954413767890238768588601095431296642198002242865624790212895289101682357984721491686729678249221571771263309065297256637647396730778474"
"9/10","0.788073088874136240623866219012073363554925538713981775450292127355511311921152034713185457243971833097987643899623018273888625588497611306989682601303497391266074243472710955362415766433601987289374059816157159668057464265704406354898839440633750828722928491142207830230353"
"91/100","0.790984859352086148488855919706451406765126248847175479822045707504147956669684550910074690561413482352136803979628819473723149336592792125346974975113608956388618251912833244565101056560421516884701293241738410766930571177359504431755935864938023058443322601013637900849451"
"23/25","0.793141773110439470487233409251774031158866472638356593447194251368012312342963411653888728141996125520482954780359258539326913291594643546414076245519369653739066227992171893141412499017423657669081123737655719293475370976660752811750411094762269953753981056129284514383687"
"93/100","0.794563496227983613089620189484825671182816811507559932617769998194536175715489840077943151748856295464063506608677302529552737508864176039957521699211064894390814392300000626456755526249658791141828665599471226128957379207627366271428194693763529414096913909773217526526405"
"47/50","0.795269642897133625802538034597373132098490763342295996171203135226515893273708358125515756670622547832999837360250172717812681712451654094153903615956420023687725898733011644750039002371372581066464574645792252128082644909964277368181135744075778072089709483346950556810838"
"19/20","0.7952797732798107376486349852931960636486545946529215425787769649901404065894931569267387200574174164181043918062136068700118937483897404492701583801963576311901689548260125009484999224476441376834683238755238869428023254432310505394226510132396110106858925497901660503860765"
"24/25","0.7946133897148890837982177055154583456480594894138266748505663803168677617940902778427252791439221491982800655286455503188731906688046143064767560854138406127360604766618015274624248202172409783376408145436477598091141551731404894246432205455751419719519399888506122873434102"
"97/100","0.7932899314244283760159519211776018298531118725507766570837279994967816698444331165327163178321042241718433783078015043047974897961810453433875953963010441117012703903948237756420890583411576065280410296553429813130218796544451655420369788041157904896547752701004967819453905"
"49/50","0.7913287678674656457221652298595938215220414163232950220079995807473297523470461670927806334020726257906466395615481564853973159639380556928483506973238482827211055877109563728388356551208501638054321390860778692320493339901653289185512745912640148990487071566376697803136336"
"99/100","0.7887491908904493571246501244996240664011065061638125933638140998188123556715439583016747321088716605972619355424548335745898128216170116568750578044516694021615966148272691460975798315524519424582588963491034086653315684659942269614013603878256402225596401155434418530155696"
"1","0.785570405822544794213516138947481730593736265724524180943721114263591178213930045301279501828919220082183254668728565200855835186436093074401525355960727047717447273052985909246453544146662477617225915771395764847357535926758526438209170341223230221551287817074999829314994"
"1 1/100","0.7818115216621044778713152351380027935529376441131627801062768827893562610388321097118181672061861506611595454122416858358300288110219941201035300683451530054880373417476614399352512169245589244101621855200559986025303655564253947476195860129390310731200318822615234327422515"
"1 1/50","0.7774915404976681391871474727152919761867509357387208177966737914430344189075897116633856892774721276080587386850348998021399133076590064232400783068069356732523490326032427344029184012256171056490996388516026364423143846615765657412704984213744116560470259858286040510858663"
"1 3/100","0.7726293463030225352789504618814631232291880191390027721711314248805587754768368077079462357673481856971597485871143241369626431659303503783016460356161757886118622692598764757405247162583737447408283018987316600839561630852278711606682325651788562638722946152005187780101026"
"1 1/25","0.7672436932412030320665408667437224302785289074748900439557052362413560003186362800587319690188109268589631367821968053175509855670850172587887675036764677325960456012800345825270395549151870420121236973391129446488478920155835302521863198807732296415108803106890513801259437"
"1 1/20","0.7613531936069484154250990243231053518313119920502463977259292195472546943590092438009181296297434183250677527196181117703089403850151407872992798725916047611255972310204378117459987351104350903150623652710253471446669220611210747978851952630587589522039064005736789589626242"
"1 3/50","0.7549763055311202376350303352257309477662953766891470137065073646887103606845761667473176172080030171189958042609180090740298291073179918615134546732274210564318945468377428816427899811763342605989700467655300107032395485005292496667511705765291980327319374140821696953817254"
"1 7/100","0.7481313205640601785467118003168173717262838306417528093824327310038404490007187599850615594087366148654478232826971693206307121560767284386145805313864803656186009672214584904111585576502228629735095983935204419563781919025565402704472988403721232586508401212382853847368108"
"1 2/25","0.7408363512478742385149354083570195103866833956615913736953516202764443882087701116216083496370544533960359355924050092386546831990684350102358550502201735774910575337982794233437773643548297301997154194947107468471712074277901394706169438589531958258402342774632480896568932"
"1 9/100","0.7331093187802899649806460851147886612899668454274352118647549462419112275804581117234447415336625216262086102379782429742536171459432417711921267644139904131996965922052421935387537230196969819095394547953934597102252039612481872061702307231243105218518963960560782579853606"
"1 1/10","0.7249679408651185305491841196132632803836460033097597954033464788005521904584191663910976323335490871702941351050340064792568647321320722793092800589556932888433808867185406579625703090877549758736514646050621894339784142027273250434738934208558084831129837840603647651462097"
"1 11/100","0.7164297198365501219698726897651683635949945708861145765028010261312162220197339204195335716768528335964625042771864180196444993108711856806878630714200064104185759034637062421586134569607408668508730481914307550952095456382452538642206318953269104946764269914090401731816481"
"1 3/25","0.7075119311365975444484480926961440823667229559464980424184141309080207857946367637854255336228142803573551306804541375232054499327446011348892402824075029028844549753374403428240865377144494882505798518368762184887476633832259564343871063497687532010499156265734786745896184"
"1 13/100","0.6982316122170534036951524161334302108547211267424467255092020854191517444615891515713057170828143363846267516543630631319026853469731876384779002525725271278824433312032333327560988296958084950483957591633922695140235738437086673116370505427753648213194528763656932042558477"
"1 7/50","0.6886055519294098711346562531706571843493583247923590287005546986406450248025006605272063273730045097783801724302398676777742434320281271906495249620733501900536674312985821419122903993386744000516534239902935487153025945534231908470364998171135966579862276954680338001912067"
"1 3/20","0.6786502804583706194131524375295424883659661801198969337197473053992806235770577139209658259478777410883282062632912584905797852252801611679960515111704668504966077390478597777108165401725701466786365899227045250004960352522461729547462957854978839714706847713027326208025378"
"1 4/25","0.6683820598469200799509393146764545661508628213859124043270274695616199988155597003193139389401769538712005952418702356245997371757290601701602912672917950286741723223027484395307168559170100062820318757840651559943373231481982738179237951666261426837674086507571739321856454"
"1 17/100","0.657816875153457855783562005274090537427166048248491048389416309644000635535334698042394848957361526589578520843921790620744285757554943778071111580718194186252166810477538726037129476407914906102881359845297200750626607464398810792772155504754946944372176983246911518126024"
"1 9/50","0.6469704262743020322055423789919559747851468813395066927885260021282445825499524273225334530616016237321492449103911111777298221921795431509088319856006141075648829799383555450575047745718986684411784950235283074766752696250897563663384497787028095911654844497830290500526435"
"1 19/100","0.635858120457954323792266452813366051244428786777551651626847560968611180476185758747877303956296246297749696412155730574705580313474334056401640380140498257684305575075399565422818436708030906076536809055372267529463871654057997429651745817293918675290945148611681598943226"
"1 1/5","0.624495065530936536185267171963245774077622297702129168745092674847656953446937437862662943437855830515883684361916028757241608655883508405384799130938601486890602383004533596610471216664580179862041148392850507607495925482982292658807472917730580893064643710270912498708338"
"1 21/100","0.6128960638487798813099505907202133418120605918689124684051521880635989234567306351507133503583315601209933019832463632438749403391419068246125432364290328019076329228685476898197387927987918763488419611289485897907569706723076755575199977531919832939923459447831029732983987"
"1 11/50","0.601075606979898748260905265069341105287223824907248607115252658542837757261471090417130015963521529471202579010733052526023365082746232798493655960540023081077462753502992027279145950219627626739714511882500561308077139039822101332954858809561439935169796752878505329396793"
"1 23/100","0.589047871124625630501722498588405758314594674964896434549941055298986242943578162323042376685500298007037378800995873764061093494241029513762811100373996948556803079650613747776641640842546313946074697848130203025068192853683804722719514292802846498915515168947086980036597"
"1 6/25","0.576826713266635914151100113205074287276027173083220908383577562119519311933576417264965254052949387616321125820341514920602050867754613850885849920263534211511367515421449955702124580658241872022189796372854670010301463963458867996497060558189971510263789103716377701090925"
"1 1/4","0.564425668049357181957681626540894913187169857125043179882732392869978927154962039593592221961913053596227000154681359667357841315748312541592245335831125951220123505012171276833390187586811586353211541209482451437536202424924829349766584816166952572955116893348157622897121"
"1 13/50","0.551857945365740152802485875659462968794780342253079837025767675291666217828750997071134155766075573036975436990202565597206869815086372280947513896107335632879926237421682007837284176378455161397578403313376817829066237545495789919509789396261759454851779409528674836838434"
"1 27/100","0.539136428645965839716359683743932717493611920154777392140336633639525924183695131022816458661410985237493380096818462125030802740138758400696481484114146084918690907336809088098023185704806572484654529788989256187317099368646358952348406866217964027177110246765251834858914"
"1 7/25","0.526273673824270763568555087897101947004538103696032427893489784421789714826161732195312071559140441111970787880658356652736991693821760563691579560062215297410368226779610985401882274078741380945662892010837189176998931745137273870914471983596002709826284482273720720758124"
"1 29/100","0.51328190896308061368936249455981850585017861137611332911210062740146318483612588218546140342734821915440099576032839474050443408665278687891060783792771651433907351087015056269367270206401850995904295054051507277611319248750591428375077907547077941936680263527449099674081"
"1 3/10","0.500173034510041231436090475914928484003563594812588735426848885988795688185627859263762600618598681700195534381968439662002174393333191062835433695055878631028464695551667873841690473546995536438187218751571820278980133792875906565621089464994774058683196894207152926693813"
"1 31/100","0.486958624161310361367577991094708381912780117936009563709237540324670350294213974061563144266597282108312680624565593517410638386224384748769641279951942979569097788956616878627576004842562535715532080907761903103665853413514786215335556311862246245454300229530482246477678"
"1 8/25","0.473649926302608333478622473811129766833860580191528010836566565290626771956727784208604704339054691047010665081641339040982696551606024760967488598637537088378180888784738512491124516079896609494514379084252831626558082562466208571671622846175515293184845511165517961073442"
"1 33/100","0.460257865998003063551565050186010598215040210314988437337250639348023177459005228619386534799834408787591246892118078071045582867252542315833496575004509267290417917433373837402216411137458483146174715932201749269944289441674912109774907867791772826423082161111610225662452"
"1 17/50","0.44679304749520548721046844951547316799668148898444469364344856572704882352301402259128781106299154016829586424483812513793178684169037461718911655039003428692966003678936559112887435691376264870945509272958461039459627036978393211901904718682153481860203645745235189657537"
"1 7/20","0.433265757215255757626289377394898775692147129543939744379670154844265017495345823875129205985436779306304057251471133597867518400766383741192329492297224310899857286022935065940089403907416489978290070048318851335767527720074847936373072339298245521363633562442137834407189"
"1 9/25","0.419685967193867510315748948731591090376917976451989908731891931184335759867381723586609220300462273081200532020958967127574761209428309350062314477186763832922241374115426640832797781449440383154844931907831702981850041889444121109941421763223000755949677669862965946325457"
"1 37/100","0.406063338941346082920044828388266908710546392106629281177542907556594172802070129939592654128761548039079046799799947615431345770003585324710516191551400367851354939634477494831836097811292684675926877419078672155614939474218900624079258345180881854069876975095663086156418"
"1 19/50","0.392407227687885463273985723509933898792828137391981420998684170520944915367171174447981207354492598663373627777696376564641286180977772501139312364141715225910593884174572457466303316080961954055663221817946936442737596681240327593245995447345346636866814451012937388002599"
"1 39/100","0.378726686981156686521946995349400959308757226119949659442262709831687661783812436947179890156690070479508968844484200177322504693752206792795116064806804691385200899042402023178303380457932278878999141895013178291255626377242368294140667771129905633158334393242305448299684"
"1 2/5","0.36503047360340644949124774187485927847277234768358957676966179234227501100145704284593201242554272435761464598139929575067480378518961358665590003159769853178921045145479048449064848390865891595642274860467104830559236893439126475040382783356536945272312500966347425115002"
"1 41/100","0.351327052775768352493891130200649320226500727510171939982071573449813383863190129810562549334856819828794735386341465258284274668986207601169052067155255765669894277844773559318404561913170363982423077430398504510779596173033918387340936157898036678981457624162569978170916"
"1 21/50","0.337624603618130520265172559474918932457920153520790863562172191430259322313675320644279704112979193882904961231412383800244508706514689919908139263679915834839139828018175562705897410759388161888129546599674828018180735947065346610162356279969876570591784170475189920879815"
"1 43/100","0.323931024833683240289798231430335467332076583019190939568467345938408683263061322064721956669747724319724739836280912075918889917719610585312935207309090364366482780227332321587539294324178000302445609016450402831125518651948838298791093983757445639201549639931701011985216"
"1 11/25","0.310253940588170381148372877913799987495360832524693067870512454185122222555116149460565375363587929870661837227751295470533572995851487731374787828436567286755847360813412406198661476239790260586795882592919601042309396397361375572677772965142288380167143641570895706659078"
"1 9/20","0.296600706554871342185888049513005471229641508882368774780313607619149160905497752657872000951490045261108689973821595580392155347132175709865209333671461997228875641492551461519801147174384292687741564675789701450409151179696977320049463737228464262419505502104019597602206"
"1 23/50","0.282978416097429766444332363348913226127003698708162713338265774960488381802425032191493740877499724694016148805867515459296435603947840521047462367410668877381456588548339802480810505619295390763010826259030587360331018031555983146418597623417271240297059547130119054302436"
"1 47/100","0.269393906563805902206577315551154269667640892060396090878562540519073433929570400923870081175641906098200875075053640690029528801314274460732389281955095642091267759972204581017907655887328463920408631754667687287908361601716548446970640245331316662749469217498837248976441"
"1 12/25","0.255853765665847098358473356537819001571712870894123140234550252978400456729660706613799167371748807803504114518681667708252677776175074002114462981626667602936339728135520956554710398694673758019705938654335791297534882639770180855451005541874948051603724577024689530582211"
"1 49/100","0.242364337920232364576444602808798614459823225623064616386037578433144431841761914457273932151674960675483983956780675021622091650125706152878213508765172829730351317404172551394866436377570466144274687465981708688461862687742321295213365641463267326825645780461416374203626"
"1 1/2","0.228931731127840278358504527881833957067610878720958365967878151939627351825708118805615973574738173154831152907511894147708952096251919282964001898846633486481331949204146601510130966570132493129265204128286506351128871296778732389554403615060062705727843919303376898367401"
"1 51/100","0.215561822869904044633768721383262157598052048553922519324675494959606404969719919561960495215976628547555127466139540889867918405331135112547197729709942047271550902009990844780979491588868100083934536897108185946306201879503700520154038161348067464911614941248529392848106"
"1 13/25","0.202260267000643772809683016817593418023194415443452898116205453389531602701326262417095705655913335051848465964611746730015902673885431331117595948030175050780998974679777724201821350775250366770317265564572552239443655206107997570105100846726034486128407618503689605172618"
"1 53/100","0.189032500117396060178633198359835303195727673293928765882876715621224830487376309639918747356468821307741494769145127272104266702910079533957555432395503684603682241455535748839570261476763684036813409452713092557942509253333017891392653217204666886325078331806477458940647"
"1 27/50","0.175883747990588605257497563550012910611531062024346063460001684084314299424928314805772959843986089727860921991655787828624501135471083908711926507894206521950344538863937447750248953425986133520312012676781399472129463089842933771198904891727174517308870965487458452002991"
"1 11/20","0.162819031937229205363826708106096022341643880627496060911422701347731608916831619899242804328496703873156541874310590256456577502466285044953009070254585184326893840043464124494314662481526827218976589628971188048043125545080962025212057303313448652849255571380127608615545"
"1 14/25","0.149843175122894579470954715572196640632970224196285614107563769422306263836165530487953699910974853798029513936437565357839601312295468136640253645362319117796412829238969424604553897253298849954417175998809287914190048250918083303920806792712844629621620072575200964878495"
"1 57/100","0.136960808778522897988925223015128907597996346941782883099866156530745173456901256681771907742299156345140817718542090573308648531970873057402870904282879714039872733075517999508075533298658516550734104595836175847134541785334913458289596323417252777208092310850790549668203"
"1 29/50","0.12417637831965773355827738897990424052044526005656278996015311848110630827610871403355644315378992424136135844179250541170791523793903075101730835552109331855642917864216770500668966649428323968831631054135909753266947477889048764736774945430184138321198448540573480036973"
"1 59/100","0.111494149357217179839907063689888995243020214965392977011315693719409684317779202787232495680536048211199686322330768867802075157378248683737223497211505708968066262181696550991158719017570211423409856236648315319691210628471961676147974569390939313259406103340629241799768"
"1 3/5","0.098918213590508864265639019180249037592707348019345815648677761892078359685190515132979460947442475271661329731961512551820332736977719626856582275983600802760522024030954816279808884489509843224440301244615597948519798921151701889451897611469286933240956150948592656897795"
"1 61/100","0.086452494575435134888447136868082185019247026738358316897028531470953642450304607022625461709113778542370953545355786253633532187794343853680244536775530799923445414055798630408002797390445369626102543874125872902860350200912463463529708983911515410194793109155488675482081"
"1 31/50","0.074100753364622280257672868872726566305430911596166967317545793296911434660863756347955644662646784937600485388070488378375845918677491164891953754914438692855644712310582628011850571876115510060585533809693058126081666965701381674894421247890691882386133528052101440115607"
"1 63/100","0.061866594024641205790897252927466294169200402026566540471305573932496980842116559602038722087348248925581562227500455837109889889370855168382127825465159264527563821931633289278698137400601969154437590401000769520880662105884747978831457889877054356032536003915705662407187"
"1 16/25","0.049753469059663257934276408833032172957873774949358671438135973041695017781797354957481124382151752243748305580618457988225025522301528595443478966359062057310820421439415156831510697789978895279418016131645824063048490485656841086362733809037302696603729973538019421966961"
"1 13/20","0.037764684859788625000845023031148073329128664702598716080189349275447891772824842167864149315019042177004203041679708593569703967093741191187974582275076100226705340224613293386308642407025417984471580361703903153703511660116035892338234960923020203367248526923610432798744"
"1 33/50","0.025903407737142572209458080295449040738741794265370689036763543183540543042694818940727353031907481411912744204190847316537477858081069335328689631110022680304715641858317014356890531594522182631042623065575785183724320861878081128897242314403260081152751424774681222815002"
"1 67/100","0.014172674823034698291053379966382752841557602206020470021013237472148403110821112817205793439932841385341767123271040571067239932147351868647969111757904540507539572737251465446535709012411657003067209328280860022437928407392268206278540674678882187509163692750838879117972"
"1 17/25","0.002575567061899078014673936951096367622974580615116487742398932842425561402709092843938751612325979831233997967005625858048041130734035887066590059336432207357502244601306386108265099882954017946700568759379419608261524924219554926441235529868013873658282341848605047608655"
"1 69/100","0.008885918791925629175074502939367572902131988396216710644889855060222352019102556573232938340609448343061932235890934541783450881674620897548845843031669789758223769605840391072473965357159092478725903371636491640705566218564995493445131857649519895538786541328276854260442"
"1 7/10","0.020208172984772005997438880997006646174807330927362597969491204565086418414008451727964980064097186346008339626710784985861540724336442550359551123291503884206173211677112241590205684339686828831119431502611398393028490165913641408715540430577211887591914549267552645232807"
"1 71/100","0.03138909531647268331974708069409468331950320556666924608455407177085413152450029932053841109777825140920350502881268021123195193821042518643240544692397548836160081762563977386908001265069347268597107869105310984992500372041560016583920711127954576706814432395756913356433"
"1 18/25","0.042426249982432724095865913449230024539183818275335198834349270051668282934058052951086508661160365916063235681568455906803817165349305929204916291691258811762810778814129808371625908205795608565885046734267431424879622173825345564336233634312065892436807158917706491472337"
"1 73/100","0.053317333426873652307624318844795001894490103647571213247281070254864469879759529002907133617397552879780055528200000666639756313309551594858228574319182193627682800710426501075577073515935911739285243136846706655802121146700547884884268777620897899450528376217270801822679"
"1 37/50","0.06406015240895790806227106696312272322467412046066052326391700550826993893195947597700056454678312661815774135776109226461661870603586507223700677773543442745187066657425243215764365226456665269280279327428621908862585954111360705550932241706361841225738305224343095777864"
"1 3/4","0.074652618406477490844500865689082458828689002959550212888322687789975477550007106017722835297429479546241965526623743729975498362145567528067513893329053989732249964667452926480740533556500136036243115300632896852683585768928234005859048158827486287172876134936388194116984"
"1 19/25","0.085092743797854505764342554704854574829272497316772518879363556586729645110296557647753280075577156639174830376704239852302375571123335311023160666727957122882692431302957094011281313252807886578378142634722750220224970884933891080235580240643545777663171184865773963283528"
"1 77/100","0.095378638532182415588685677925648836650730868450555957510980607880064878539828633663458155088472862992040827805269890193871779348665301189455891331719158099068217007993989976517091184708650408102721558892803780978528812680195045664993260159973898637089346587710266306965357"
"1 39/50","0.105508507050389933586986801038224832321031703460047569538674155711876818408914623024586563228148922648339492269908563216180162063627636354211477461560361226379778586862766189905836504798583220636197060214407094062177681125114128498961241157670656309842796532228628789621888"
"1 79/100","0.115480645393954307916346672039663435280650167226532105080262828901112533911126014462895636572429265372199239691686137565090331954218290079398373057377624997535680311465122889174104750830075730826178958952208112105966286225414901887400391418452217270506489000076173442390875"
"1 4/5","0.125293438478222095550161166511901288630013162817717139662922696346907540050786025841023328876912160544067135828814362973201992838100813989559033785890770189878646320680094090090128850717019695633238177517238817013514011823158875582324145055839519543761335096959252262819582"
"1 81/100","0.134945357519211667360397617550357349511967536910835387148766485363706680991421060873115638474207458378346460932210262848487057625942385080892768685133917705485885175531843682396906479263268789302737572028096267179551406067715497990231414403730161069075193565083455650328011"
"1 41/50","0.144434957606710148549696661931873839243726275700177389820907705939413118268743720464657393957008713750764880383820357826489045308922867744218948009326428572099269500558866422258048646802685044038107082193013112907683734199873344235417759225599573361901599004105441438212806"
"1 83/100","0.153760875417888227916391685972155772007749335658389847705769161411637539932012480187890390829323287568756148457268799393512822832436530417674010007438302707512181077445884963822669083108204872933452965497510094936654601182914809900910074556469419632417324504126470490982371"
"1 21/25","0.162921827066158081193520859258361986532223213570890200255266614059474551123970684181306888115065176291271854227045925889915335807146099261238481168461447238828880582326973769398200093449388617767536040768653410431419547193481893394124210620443549862255182711382758263936499"
"1 17/20","0.171916606080149113327350634140448915245531315843075499250055573864239539419558946001913093206247330621410868341593589621287017119811975904368920020655307002850340646476259994100214660026241259989538474475589153914061208162016759933099368100851154396222755488524243178975366"
"1 43/50","0.180744081507684753584175416801730728238608612057355982015371941437461603472732627857012198618383468475450334429277579827102049213539560568702705485609370704318046159301761825773688967631043652778281009932171181405732569343516503692738909702967554156463947796698876026199521"
"1 87/100","0.189403196139598024758960726498365291062105479372066324338381310293675044849893231017297245979544689126719182313043775755656311418102423873769859101915066051431268505686226734895690449357257144362872492701598231424904462224555260045495518279882770320925667320762725532980525"
"1 22/25","0.197892964848162002517746861970678330661188225531738172244750695949000396403457439292206312540267477637561238108241801439619237076290441284140603489562973796806242623697382095464073830983517004663254866714972644820446657026021075105867706263119806181205074050298049699809382"
"1 89/100","0.206212473034850885420577562515822842122448143113711018883170047331830087418812773807428211916746324688974190759065527343828215710001319395029152651813476021298782211941018826796457487279885628798760013357185122963757068202450591987192878122497178152933094275503662537916916"
"1 9/10","0.214360875182096268525284793752615902223638220693589119793339562557585494589595729673904771708258279241238333288373650517742424084016652814967556486228841321388171536706063990947997989521815598887526770510271802179930516732625330047299143564624865657115185352970596212917861"
"1 91/100","0.222337393503665060905326132222641170385845117334513242532306997549339976867753478210088047044534288932055089895404579424873845029405908763726526893655248318770279823490019073359135621255970824081416027490031019654668527087097048357047003776860362385346025194991981678925158"
"1 23/25","0.230141316688261883228474355999447588556222582200737319877896265820107481498480206288811743122538772278067411712295053668127726846717030973041590069558702603487023639662499884394665125871898091896422225644517244565498672332992400706660912716999268265708237861098540374940805"
"1 93/100","0.237771998730950217662240492906169677956942779253334726241754864998191793466046315115825866124728961302174598792916591571965676618203815254371333963578477558096299773209291644691420589096733910575262515616578749541618755246573265640132669657339518527089431610223803816543055"
"1 47/50","0.245228857846992989823356213612759366512328946699370194030480516091418803984838785651546644121987506413245382478382415909209449140405818305338530162972390501637747592564371277649687085785031747753150081482484475054922793126652722281752827020821005045107102871254527263830709"
"1 19/20","0.252511375462734277903066857989508625555353825719040969228588314028619894395227938290557480523175025297283472869015135344549645810759301854682071333882818513220267827431770483927982061466570402350123041413218475276224550684363975560236028376241088797790444833258473750183251"
"1 24/25","0.259619095278178950190067376603544902986213661406706665603196050993253190436603466008007727784504018615305375444198758173006604620972079607260091915022228702432389194519358646209993334385321452572858410303431250269178521684122492435413041165066763130206287414245755693827947"
"1 97/100","0.266551622395975633513590063507132870813081684410937951852198650155112873677961193603563026788801804189914706006588308956772984100315704031630594489139598859955018106960328849897749743140158544281976719814578997326925918508836821023324094573623921365466710413297285614736975"
"1 49/50","0.273308622511569879436997629435138025134991943632915781718408353823415473439318535097242899916520981583524159860133425476155388392269198865544816363762563332985783213525051768410548255620527993233742890567016560467295911629420175075892142902865743160463096100304630962256319"
"1 99/100","0.279889821159368076167935173782514209385592647904155699823471619447626701481687786607130650332476079890624581847767006204783702227272449554172730628635953590641464823775481822582065386673335844926672987012075910661413571469085937084693197198017410858628692760575409030692791"
"2","0.286295003009837904312028827089511046762417551271301579366674948850608667325312969454222458146395902536862777670820319969341864338720523567972054365439094911424999716096003320621077255403691202559142510252090176400044059563728925474986398146434933305787743258376856458075266"
"2 1/100","0.292524011212567310799115193823599350626583809957632779484064607380489315928215466673065106449536678750211228495269022505943735300064934061511629798950003496137602651400319864390255916953261171725629954030904801207111248003351402697990999127955120267680924099672104074327992"
"2 1/50","0.298576746780410442433204740111074942250128782488115259479239478543605483334880506013663684383041652800842309436571591587624492438370897083843688134177684093504194703397985851278470931734465591934988887168058792267981612846061423149767583183075844773958827869511360793381263"
"2 3/100","0.304453168009965112390497134537477763152321120891885692469534533552190363735492618263154328927080419535004111807491628256956676186297591274380545851612579008200217609490444710894960091231032379034515266438738182450317833498005909161307106613295832530546332650247702292090671"
"2 1/25","0.310153289933751552372230898879705173352065208065911794165553450759160956900666379942024949533112302763570757789075745987782061744366413886978528972759206756138084598612904943840475014193866917583172050711730642336587798291745251695916642696451949645939028707844312215685897"
"2 1/20","0.315677183799595821068303844244776176178246198535381321329120152059350196401124618628753699442864165005076918664866535742194242079588914340396757222370185188845561504127607983093888054956993619889751265807328326098573865985415399559320936233126025874951996383556874627536322"
"2 3/50","0.32102497657286269453594013978940235096661612600788833647192903817629099393201512011410880854519639771415708363483349293355262041236486938193704667536019563501121742320525729852443559764441127619167199702698873770182675166335336783418688407793033737527841107442388316519096"
"2 7/100","0.326196850457331560827790471573023601125226469202698545589351454241263374291224014747934603912397375284860687814078332534625435644654143950989926493101064091965094449871373848958520731975117814579450414916326642000777915910456526991573715651828646591235473428207402743845813"
"2 2/25","0.331193042430664189844358194983573577698180873208951243861404248511173403810121660480663017777265196254444461454476837485637479527180762518655288217794725023543901310214193925697637541920434278032606083434669391551393052080939733999866908138704921190765425892196278598937905"
"2 9/100","0.336013843790574664506058971203717457762456235288846591158603458586247505647632224603841229994961945521450744992397417481439272235984604409694363479074411276700559396684285536137542424874619101044956077028972420760343978745036654026596417263563531416813964513561770243227349"
"2 1/10","0.340659599707978659194034784674200846480569130755714420714056053485611008996973478425297650712347889431129653885871172730914101883831563473695866575633826061454732945319975302288596263686197401420909911575061709329604624623530431267777134789862232720340706444096776851456783"
"2 11/100","0.345130708783571057355311450415851848260903690383852522486159124328836350493366022735456805684322063199193145798894298727725762165379993980793044531459238161553822983972937037980658554033525086494540366761530855085595424135999859957996966953996241623750862587991741527589954"
"2 3/25","0.349427622604457036290069018720428368524636978159973457486292880759389731892676049061594119705232799220115390910537035075151186189640817251890358253790229793654411897039484241849987052091723084422951673322228372455560067354398218866185459701294011769435271349067612565530685"
"2 13/100","0.353550845297641640066267594103765328478878330536266768592974048963247641376516261355375157224490243337138283230839438557541421479634501793983524413474204145894993366784873776656520892700038286006598791812701685770260758878445844435718734118295587004217872867299698040002"
"2 7/50","0.357500933077365940444925313922083804788816294614012807245833291880778869079936453401715036086367770697960360452726009186627673997637889513141268602686147104929715677868413152384152264234666437860154105224677733289356122698616985399894390389175026184644715391788710263984857"
"2 3/20","0.36127849378346358266137389772357658414925781030308126439712348685180801248133098867029254574138910664416725288934266072961508488196736388918652660715741175008221712626980713992407209708052238169217731061115462396952610202528631684024997175284961468478581293312530192946331"
"2 4/25","0.364884186408099263143784724205863074777841812644031389667019129953430232021475754889254555623250271443881200641138169114617687636393760012187354945635216197595778407910665636711011095798036050749293196878742386149788285487387330932053735587177070266172916899230633786951608"
"2 17/100","0.368318720608439928861004162862629763587422275797822033511629411339041094508988793912415460629277185249981934506544730134865186312008011144808663262209106494805163878083153502654289477883439152416822673228566443401930802936440230650459568825910842659658675960984054614673226"
"2 9/50","0.371582856202999666716405850690743102009087365890821531414340670388077115796664693150688165272036361806678642687075462269183455825149591970188957791061178439762495514342929934568639491843147813185624300175038530774385312897520505804313781305628141685526993867959863576904132"
"2 19/100","0.374677402649589815566354276439210236224254256911760115019790745610274334067189657542571560074935127099170905264788821487884387937988854516811098564453978615958160526061907918453934959648017021605379572742514424850093772055012078213595165503535004519207725600447628178598536"
"2 1/5","0.377603218502996239036354953319127679340827702238072424454111657915966561803141005232545307241739277128161307802267810144366500296638088684969766230417344568870677427943934554778255828271266674018608234518688803181192955183948136796424488170947180893559795343805871590831811"
"2 21/100","0.380361210850695408214922003238048260315362757727256254288407229314067457183590158167500021558213971969909838809390285712474424952088390613858735246869451285078667748284883650280685205942170014127916245622030544668977585029419831331948753472011725610955643075935042159321322"
"2 11/50","0.382952334725109432607344395377701716715078057632297770122910655742050739667955672055733590146686057174034753914647341712076265870774822318672552949592841478737241828358868582513334019926532081259991149237973983534866398647878134442836411647143965578182995440850720585905825"
"2 23/100","0.385377592491086929119408977657858164926285127358763854661579448108899400952426960291838653662098784698748056790522558664106655257538174849196272402761467656618056547061475695900810907531855359489912283323016090950028604350579788792509292631165303148894948450895462767794373"
"2 6/25","0.387638033207481128084961987221210457475709043180575861918958601400415416844815221262030508913577854175134897095229772922123939699000537652110390902865516300504218453646796937259633892728345539286303966714580487810904674968187210425599288359599836671348264231804827351331908"
"2 1/4","0.389734751961878391819709507806854840351337512382771793369961041978374933353104991596814963426008732700076732506775907255450326749484019230594090423094544286250341975556117841005047192619591319032384354672813877869717963632279395122821658924450701945951097087818481846281434"
"2 13/50","0.391668889177708889390018255126360322169391218224715628530712488012548888293744412171027630276373160864531860862820548745800321616108134337360076426118495694221000236364351018594365056728731845148887043412139659976011668500480163866236011289960348802669646028296140959895462"
"2 27/100","0.393441629893146072440416353515997923704162649196013042987292720410983696054678652518538906336954457572429346660450572434197632118618130103489659835266824255141563727519421399358038547926664659992428309544714927767205628884323843262095533779325667587030281874435808787108456"
"2 7/25","0.395054203011372390476555525710092442453938960955940973132941094749363616098518605450414776149226228281383179743184641702860460733987097244980414144743381771407627765530449741524242320364094259411953661807833413958536176749661912051660423264315525292046012828991482887790164"
"2 29/100","0.396507880521954949150515461134117467499997934889158229968388250826021075910818094050406743157983841196179966153048628635308852307470425788139303867394926083571933770124366709426388537196119825902476085450665980268865047540252458858356866900378809522878478986160870068526944"
"2 3/10","0.3978039766932361522528679537074108859930977006720578378875732164028896591843668781625927097660127319605882499183461456672244044833051250015172449740075853242684035829595047107609171320748251462573822588666591865198111225704745634297116753508303370649082197717230563457854284"
"2 31/100","0.3989438472358004002992071862821026295364639139760271342693411258387613036789841052274117239443642922389430204635460180874327570949039702738939288363941517355293107453290100033730287698687062216362359682706340236799966455038771970907165545069684718075229209144920918997127782"
"2 8/25","0.3999288884372282927494023237568372046382997473493251875335675161823754734104457482389773573408076347490536686877478632597868017392954306816074203002782698095775522634336483181113020475786250263040788679367747458347668280205852529552558070404340208515741705117234585992480004"
"2 33/100","0.4007605362684941690995340122812523171178014382903129123775276639214268770058127673092135815017377469698278211446618238047366068251273524640475714170883208929791786605618689694043327148500184512192917459607732739399459851554862174630451657238347782653457335601309480036594511"
"2 17/50","0.4014402654625009246755328988058182878892869420220974458617932936646350189087881552844518248114684369275561623617317771951398145425634501591986496139276559987773058345590569062618859600123168739738174242357856218257369309660464933877144110496847524956635392354885892859502069"
"2 7/20","0.4019695885653775755111838776402180601984776299879740648311730782534702109422733847956793115923760452925447697154381023212727216924172016647897992713032926433755890780088005287059548921694220842626217015196887596823522538415805793599754108733883033573392815914934447621428108"
"2 9/25","0.4023500549612897768868740613047618117338741825428365988814211338106865216501651420731343037512087055893089646348082267243900070960162354752760947760690061941767486337638886436874807489751719014979314786474139215053611101904383329391269427453764170502364691064459517524123067"
"2 37/100","0.4025832498716312044298225867422422088159574107034844007196387138908903756995443374905892667869275518463425565087954584158115760410553458544858206479258231118523550929829364335809993832268670820518875677503234447721049726676156330951021431368710259392683448211301321227648282"
"2 19/50","0.4026707933295741970065345643418693389874067442679553500636615101280452034881382365071509060098161927087967214697551181099041334822518867567557141192478063181192405319569982067819065332556302489468286782581199781357609887656773413487182846720515425889216675635177547428317035"
"2 39/100","0.402614339131061178649527364324064229925667961088425362433980810916384336477044920349626914422462435109118273522086119812964399047647851014896423557664750225996317839101879328427283793085828310554842203448593206557131950645647935938685914929404994059262411727245891271075097"
"2 2/5","0.4024155737634139941885440385899815769244357630550059917599856371777259232093235006711684944411325512169590172522214117758060275489030076132554570536156782099600302026277543444784066197363823207286896987177268466596243969083232436687969907098708461922151956850712681313803149"
"2 41/100","0.4020762153128263119969232213483775282861030513803986077196019848300362668523963831060469844615295275140896490239175065533142629568597523995979382035464070857362555744689182832450701099055148034533300773549504520071121834736431223274253939132196316603120193080656866260575319"
"2 21/50","0.4015980123520845993118490266224698702746274590590136767650191498632423871045330689359185332095392785357716882206182487604262187211416828958590955575989027148303626627614403548974532068543420497956287696277071112095320468618460218771474385004702140443915028889372925443573121"
"2 43/100","0.4009827428099358228190051671088852334547015879729755127032318353166745649037313084433257685525115038052630703619177241613251835788826321631859496271391881746760933624139632262346072801616957177716411228743035548913178527090147791304439067344130900810669911162394333339517927"
"2 11/25","0.400232212823584960988958670900279398143921933583652288464403923221367181502947360138404747615660993315651398800288834468553148499143866186869313372740421353775988284535878182739484341711099535177108012789197648915842549982641914340676477036474345344276999031907976819553859"
"2 9/20","0.3993482555758626553721694922349528025189231594423358067230220652729535613503638924146699108512964107674353402228464734357393532047312958002108091799552208736735701134063952509800825996082011846557136250480421222984904412802271140492121602658500290419928310316661223548780428"
"2 23/50","0.3983327301186529243598521098347399872413134328333143948318486271350245672893829207643448084646594388108462561726086375367439358486998829424214460725142667921569273270620680263748819357646283266734324141498814566054629294971090514717627532708749426067684404788629884767214163"
"2 47/100","0.3971875201842128909396200067277826613179808846470870050744211253660322766675612395549577966307613489508002309996746675484815020659925043731501430953248533816540554610215969996413584096461681541363396856886797527566742766466676411605766307729710642448881233048488031911269746"
"2 12/25","0.395914532986051038389825201947509841820332378468023575054296962427143299665290537171265849380741920707425289563404938532738398168539814879297011017904050603136003712558526631005238291711236091502314251702899809085107020382230119844701799306404504754980107035926059083677498"
"2 49/100","0.3945156980110577327914344389704535326914498739787690207926079581778422817329901037525859813729410565979403409967739842844011515974575993535778702960470939024064482906370827149865791400772063718257198248304499236334895296345821758269494421492473337119438718261477593900894373"
"2 1/2","0.3929929658046017910803963021806189962085630324186196114545244304728724829911889914330231273212506943103602783349923192901037742624585250714449238186597129103643726545042209317698209520244195791857133538057695130783808629108301994772763685775979928611209099586363276533643043"
"2 51/100","0.3913483067503199034709118627191749854263293162575077237864593534566610822855456249240383531666072713835448790983459309116149258833537580990145305599937537053832493861571169939481827949532459878886409183118805758036237427721421622110438363538200047119172620925850308944853843"
"2 13/25","0.3895837098463319363777641058749024050066453054327277395705976148786824875082011002865439439053100571032530237950736994511104426694606992521466874738121668600336315130997844614813523950435821611007168707932851760782335693855848272376694150208563083055884212437438458632046681"
"2 53/100","0.3877011814796147634783721107702309541992339264599893938219801894847074508156697656642855010444766904370348720864947139396566061761444839322591987007717123444655492327734442926386832201485706905727956006672417943230615237954660304549549013644051030148404507864482800156687545"
"2 27/50","0.385702744200260533858057701635685835783983958012319268417641144151369503018213377014114847627105942777430895816320315330914645520809586203809412454082571248654928740933389094560220273880742488633159473258759978596549714536254510648775762248768249164320243628970835662916303"
"2 11/20","0.3835904354973324397960926386537505273968585812232907208297521262981031834885546900685162551428772204863465952075333236301199405227780673555572217117333674231429223217541720046149717734643387545163866761010958808974963050678855036475845443132005607051523487709718754690989513"
"2 14/25","0.3813663065780123604891823316118098259112412815575083532044617380940241097869233754579828108262855477583368757863930197741738690408271085974583445622176819451034992397191957160320228236725829029469181577882962199257402853752058440809496758951362122410573720936446450884694441"
"2 57/100","0.3790324211517105132923678313344774600653435284774212366035554311066487849871593800501891070546215364164557789449123497913572506486156404160377261885551735795340983772352657362869790712894755220954177357953635355904971727490528955432783459797621230119501943131659104826238512"
"2 29/50","0.3765908542207777341996923508476379635493955370132778974246248216951283539051273814480132376290861145098235740859445837793656947114314267203240470408177600544464045513843472930788741779072022036114993682680735418809708285498991743560885911439391952623672957788507254268637505"
"2 59/100","0.374043690879426537778161700559760296736507161455509207159023092022256799216462455011147650511363125355566023956397259260369929574687883594433391099569223177862892326999592711414287498838304493286786648011374814738902857851105610348380836989098774542284284816587792724074518"
"2 3/5","0.3713930251224279855536065945742136918222765306638716512489250255161441037274737169049262569742119820822090623450886651702578850256937396555293891335731865076464593477683171922008450803319829808910882801350835998588921995125662576635550522856186705655849393793065334141817689"
"2 61/100","0.3686409586651079396188050335314426363385703433521883198397536892220514349766555855595908292117053300803776895622707911680344165169130576425208004830790481246049961728146442393648986853887545957730829682653610007971133283584047565817843109309215789606086874627911469801205645"
"2 31/50","0.365789599776118818748281825319658084162323707600182937621498415777062475406809515382074624281372570833916920680338322346981503521198970221336886023762742609562915998489106203761593029490649235624516010903358576515405814631601203929454456607434120835810042192462347906284863"
"2 63/100","0.3628410621244118347270832501128599157386208655394381290448392536401273325220915928306349954151224476124758646779793796045758906588885493279520985789768341445067215422332178890206530357429166128888893885000533621482636797312985842561002502686887982577849472803563810386167785"
"2 16/25","0.3597974636417801959002388334088554232925271843032780061184988949384921976430373626259937984494468545480888357183658274507006080672535709657272625808218697323073339716802548978924693594745575528340316667822221581583387588543477046507775145369051862027936924711708390441542579"
"2 13/20","0.3566609254022862523358513221837633374458472709418001669018688495836686681694956621885414364237400053208014182377540641669694617444485910571831387321247992115681833636177067596599005889993253506816817839640574781799446070615868202916510855697992050210393571745905272393542361"
"2 33/50","0.3534335705198253504210785612567236610622637160050829020117214333461836449399272361892865540421349791690852492582606478248011724476155424971281210795422737102397373625651261256411292779658645237365702323922705191173265929091023741451728649596565452151455246695810798206364954"
"2 67/100","0.3501175230650165894396489745749694404345454256456130617923626158655215985049061223945533178899410933838222662131353034740609768501251530581873634382672963423352549793835422658606815085672550715722227276548778797924828895881558303560998337685814511787550638242412267744207625"
"2 17/25","0.3467149070025460499239792186181623433054706916402262075989705885041885742323323507516991610236214297503740463377015841862370344682405047634961022609668922256856331007967889959774757679674093931907330527576210889721169497897442405638116766266540570023291055326103114389882682"
"2 69/100","0.3432278451500217092130381078782531635372571879544014695405598249011548544971459938509986691506484159716423364252735736608171111809364899156271987657815609051818991840712733142393789714328565119814277414838990189042830286022826185514421725648601980863073637807172597487666437"
"2 7/10","0.3396584581593314830245604786681027426227551050934970833406884084064054268309539099135443468246169971938344346400794178070951675540535706656939889435017602063296695723688922821703918084540053477292265547589702150479290244029145260035033917807945366714893909448991375554799908"
"2 71/100","0.3360088635214269346673015322890967384897807350046615979691558724822162460246567498146934864627317702019257611113908342929649346568365061407237389044767136539137020099564515311153303169994027855442739717953269107247473996389915134071613871904011778900208629399633519162137746"
"2 18/25","0.3322811745953854688077625360699949666036903110493509388455251284989228393896933390796587893223189823184451305032859334666690270292239863957996885064126866007182178016904816025245514254611604762541281971484447546859407358763916314801577245619060294269977291780284008401025835"
"2 73/100","0.3284774996625335578994459452022237334158538020347529469504387742796408685616512872613942533390130665151011553516606443663630976183735386712455816675998384364134680095606312755859254862675670793721230247508789638168323919255709785461654882670611454247737130825350848525494536"
"2 37/50","0.3245999410063430094786843789296852879912484127769891635249549438332030297128038738610447423671619816213973126065316399442423383248034325500093704240194385979158087082079037681668672150149897481312953518819333214070182060872068920087001308522775668787127852864028616399616171"
"2 3/4","0.3206505940187417333484832667570247536510402104329330374369763057483356105568635528351446038696821501596303239735021987206714604883003813988459392131970501382867063108985151173012676013288995798008593361951127501199747624189069016045634411278127824989208334231069577714614345"
"2 19/25","0.316631546333410159202870775921497452431317528876317893938650541996341445503145657231840334318176133018544088199904831196819852791399083901018838938546080371496953218172554609381919437762581212720412865326042788407037126758860455877984048104313732879039811697274785847863866"
"2 77/100","0.312544876986564625099610347864343846734764042110005822793103284202319084842624182293460901858522649507899712027810193466534492821360327996687738932113749980768171502213487804411759667544202386184156893144665698282871968115085576769733367895210894121905721779344611725478668"
"2 39/50","0.308392655605659930135287372954982381016343857007753500659199193571484581902063932687221224065875367417877603910841054035697645906116442524067099607301705305677697513590808409149603417368316248531060824009617942685830539085715019729108512828823792769859099205424932305240498"
"2 79/100","0.304176941626375032263798740098921661659196695350307484754593494038528775829012957248104760365381396763399659303679766536476975312276945822965789193574602833791187955893888659306756972770218989529356660989090991211653171040191511234288270161298677695629897211629234405544499"
"2 4/5","0.299899783538178772476379783352375388364853021143878855633279057721174976258510132735194783188546467597752007302635335616397415216875081477637123003696572298502970214558227617729499787407089562410866487582636664095323628182491282147548493323112839660404606494489230882420839"
"2 81/100","0.295563218158706703877353633474526322848791469209113436230384695291672391388905965331676938878398534097056485939970765346881213395515883392694555387248827708160417859759232183630101137849225600727018573351022595163577948833811717309185419804610978994941950358246156737934926"
"2 41/50","0.291169269937115769075240588766982643489974725596188489721578245850125593504229570221499138490868272573635358863538876419487057025184080509274473769516825256960809295946884592005588948750545154659818359217782860100252022890724075509954331568851159242678894127242505865683236"
"2 83/100","0.286719950286520858435501565941029168198549594279662065504370416174392759308457949878629831866093592201771191600977881173769604863641189148746949685332897372107311668496380010981674780663510747302392137483924440219049549648371119374247996746834484774202496647182334473856947"
"2 21/25","0.282217256945556337955516261732746022620378748808512418800883909340434214222486293012769023835382828935467464575711760983951834534718766264842319291338002214443401360802222707851081365304687313279924236834541494414690287014602938282903615021525080334775887675401541467932483"
"2 17/20","0.27766317336904658794838648794605031428292682428971724352270306969896090537689700423185384206699962384563779192140310051842217593785023725193629893367424099996348037929968644575549383655654111734629484626166475850868575910314414580426465174901947963030731331493385052076539"
"2 43/50","0.273059668147712557928790343154750561518571949920414288197879250647846251574717111864199541401667881693701465526744032607535624918684672532831590421834272659732356042239890432429258272762912223571304635570547908517847814741070366040967366648388366000187001697972676046870366"
"2 87/100","0.268408694456786421323031897755491074703449652534946737663256599507765766615672793001398573168979213054979883853592776727350602353704826677257552079110694667539376769526740381190368251458925968422147677901602381475932311579326202424556078451644511973500653888189233802907457"
"2 22/25","0.263712189533353695073888188099451882550256574053316999490135440508473273718999436626820119001007804025518738572390653547621298627734670949166131642248627911387590209625429963657108531858040694772811267181423617564304760394768472186823139157761784376065750784548517745782988"
"2 89/100","0.258972074182191750365153780383066637898130558367363994529521737682368087695093845860035217335322486689595512282161801216059168339489396299713182101123636332791836774033297277319970728752306390235735421037617048895172447328130538652300745536271349511288489372993982367874516"
"2 9/10","0.254190252309825545705350561771968532642031358469131873510565957319673461172264253165827225619642351733385660473583973866574114773012788438232874600344707031012021760838378828271594259104565883518659459894943809562124309956990224915794297523150664697437074985592558224007785"
"2 91/100","0.249368610486475714727405215248106724750401465722303549031627997626047796176157598954086389798321037368981730158077782729538628514559754651273264574560947550926349787076552446530974462650520591158112123515596608365619619901234543860946649539010883430748489399580266725790114"
"2 23/25","0.244509017535530879067929047794876767031658609267736663108091194719603923006078030522292316855071621696723143648220330400918267372588256994230724076113051894809464407653364930144878123734338031067892179201881808963442755695617687658311973348989892989196659561678580551582248"
"2 93/100","0.239613324150135261404914526046575242789206932430565527690176143437465838732294219974256443087672446015477896501858953461646090841003734378707496303105186210260582288576327721271549542210270857661034821598668120964804438950419309144529543562264924615175593715277859323101283"
"2 47/50","0.234683362536444364522522399298936819475460101545537531329387443287607230594369654825017768607667906885927346258949931951725982363560590971537407532448192972697359834609951711903349703322519536462673079411487286807028835942205445458479772669466549277703913146504600686798158"
"2 19/20","0.229720946083065668588870959221294848184003255994081130940854859936492091089884073858157538132442008206759672628016057893291370208396028348430133712196739790023605191734761761844734126831975493265874010757925024693907924443979691220363743601051658799665929088764128019243861"
"2 24/25","0.224727869056167980775255499866092070989551498306196266105796632132769894656496072672128621972476989767265482077454176238385494462500690112115618515715533231638072880414544370010264315810550511983695143989482515758098607217224958969029054814454702745268877729614388833826731"
"2 97/100","0.21970590631971224023183101939425745820476893754736652747582624613322680883188131753480522043237837093723825501286419299250300171309099924670415129963863079304582100344197188553619259897975693081892365871060782950469740569517310503031034145162521695871040650258182069953098"
"2 49/50","0.214656813080228220395314029663265336402657676766274788503817430798756960189949160142860675591538219972707706926093244788316823407657830992903758264763097487403557740351802370831527407935567531640088341486789271633149909562183621231788263158560854557653931477251942678045684"
"2 99/100","0.20958232465553565518239121154511004183848831271191019005278913571907340864383549965365740891951372999053911011479214744079754485814004182201674511516216153650192164692827517349998012511346294611333110353451845502833112774994150731998359384503165265117182186182411684365988"
"3","0.204484156266784814390750658576220483334900819152658176358492562523499428091898067158088110482157457083338558455054953441327195018186895193929686928741577488551032489823919153577434197101159083211017781072946481583375826162066514959188676605317398688747101588827022135080581"
"3 1/100","0.199364002853170428817018744421178654638868977195846316418490320563957076693651296572563413632967163633256740287383258543051161695974447140817030568079212491754066052551257075588104945052820705099405574675708463118756729657048639750312271036597645506320987549107282784588844"
"3 1/50","0.194223538908654073736170927172806432470831590011692813036026998159286698991065730680983582051202006326641911846420202114909271677457562407719476632393167617290994422353189161132860976621892547197709610463454838247461472502441300166408163395989645565539300861920350560196026"
"3 3/100","0.189064418340013611962459017779777517398033064158022131059018378405854357549561068175005735084071525961576345567836312730820133466697660614774027104483868875043134685466583785301840911503023057016816995811206837783255526727746206116966593806074019434578650455300519460593869"
"3 1/25","0.183888274345524021876418630832303175222342852388221434631040199951164263439946897531750910491086136740741359150012529629896200947169825549173747908703291605115213218527419074863426896440911350657448446980747938531445626476397900829749651094180671183575832131698146561409989"
"3 1/20","0.178696719313561835097875336571639726317468040612436031797596520575723966709534427122396150846449391952227995311594961679379788522637222868816239577050023234287295141268111390546989610677037531644153569021722883890298908709578051463387438774516172411211253934153292135049518"
"3 3/50","0.173491344740415423646739853007423075803303783273944977201084117539307337102388287799561731006456474741918988021292333354673444591208615895462050863334888790856021647596089257908387944261858703642708943033690058809044018195059841062076522655764192912347737596940158092560285"
"3 7/100","0.168273721166575446289331586465629324101103374956643215273849215725416101335217377946201067811580741308644201776794370384787799125840688393218554927744423775815409378586571041542738491357184705633119853950656193412971553685536093250952464816481574084498859017553406693121343"
"3 2/25","0.163045398130773826281247522781434642910840479197429399693597231338835346593395810943666829597336798871752460048640630375548030281106787204302856663571076729326434078781445584928073361280583641651215178227416960813912928657541887569732737115880423838535423862073378826078516"
"3 9/100","0.157807904141035626250702138289659759261987960212162614470743673158500615353131727402554941882941268646652511384013952279982727278804999532481975395922225669668914636436118169179551789951643229436423693142593231655837397179230775503077840241643505697044511838845268234697638"
"3 1/10","0.152562746662006050874953577150121790554250168124323883827330528802550270652350637597290523308619533473735008984565809865876291062489522213523351492271138887884107724505610181033474031969351501732501309298301381602323032378495214664970239253881035472874810860845100074960851"
"3 11/100","0.147311412117814488734403348413094372801552309133980914311101011318951346334907494397968711925593545523018651355481182132528023945908854495451630839023696207608203541337547053077202549505186507266467167954623378694932050334558345403660139140408922165374759444921354675733907"
"3 3/25","0.142055365909738952688149085558277322751251769668237749353133156631582895480156582260276714254117715894617642850296542403459641014372771584526372929494246803056600705403462062324926283354877988030285196493943914391267165902326800424846392399306482353715069032606860665449499"
"3 13/100","0.136796052447937455708774496429439216170855433714637641609669764031028738205769288200748651337721562869346815235070810335873196926299663862933946101827401671102275842451954864404162797709513766547895245796833038443626723126606607593162640713213906234344609748210552206854589"
"3 7/50","0.131534895196517745641054956986692056534411695403968973604596578715085198499472702459437384172345810355216246080397110401492131127472799728997963746537142074362346397453619059461837681715932841446498741589890083523488529949396148783114595839015529729604226723225884119677018"
"3 3/20","0.126273296731223422782036004234626787205709728557990007926752565302177543200407765571446337879103734582082112195503581483089139296208112370244485023258668087870588470040137875502159490201513665670776354484777948928292614629176717265175825199130740206983874319301841085145539"
"3 4/25","0.121012638809022822577920190970932004035060927436552131534859556395804856766650788415925958870220570452387804510644504439975961449614437366243673027599059959295414539608782454234648430695816920335854831377365273166185803723456352887469972249716198289124414050325186135121679"
"3 17/100","0.115754282448897266155366882021493327808077569290244782853868495619433544575309563362740820624550461524174113265733478679620232376433015852614268445644978601412325618220724645151289832694649030231529909490288452157471090080316663511064060003017338385422009085324130814289327"
"3 9/50","0.110499568023137561192422962902824478274502047765751226576266161037610014152904268156303560052678481418671298588481705734050083481058781086064081448852039156663876987975798720930190974828199998048680889875475073645806543468618797188237545321373359416794945702730985413141671"
"3 19/100","0.1052498153584723194661098227072437168219657183718644831527185122604972600841174493815214716175982983742007645630475367178223131293661305575005017660289595097730934921352593302370324280071290624306701425854393305800832501727265421818929815154954057678148203280325156562503"
"3 1/5","0.10000632384636932695317080498343471749854978524522224506683360533499071353956066814432018705024167908021948497795726265269727060819406180914088763032780770100352800650260195433957053185612601036919053505831404471750629647151261199819458760964977769574661807062400175672422"
"3 21/100","0.094770372561872828235700656139675715792322751427787091643300657876057663067235018709358928532942556160805089445162080891875974199657698228646068782316292469766777313850154806658860392465086982491386244510958985364381900985170219795197370934230311858144561678445552127645446"
"3 11/50","0.089543220390366792550585043920585647267010019201310519137258339049886853226083350917561643300646041517194835388086990354827055187794516755610307773802373747566927161252876088562564989599536364710258979504282395621467463382985904194528900474776177143724117465254104092171523"
"3 23/100","0.08432610616168975988244529685823320665235199559942548027091813175661618582021673522242468918602425485308564702089819965778704299483787363987568066789046852596751477474373673208515203713069608746059366061662156700446751103711115525157295384481840232445277562497418921732454"
"3 6/25","0.079120248791075449887421837069416107505074175631344494879127852430578819295292338292681168564507120603840038851780612636467904147589728693716180431165750504602542438606713540993639917374648500628721139076077837744341426081622629166080318208498123213578387696294927362077853"
"3 1/4","0.073926847426463286753535346221080925802947378552186865277612471748270431077037835053869832903304221258190766477460510721423120204710725589381691504234545504473235812099778551050848548722693750383964791884115503343428490787871805398983720415347650546941076166322895055076675"
"3 13/50","0.068747081601829455082005040015499646719635414024768052463408664730253803440243593744080115839942140701520613334640762590767491388770398622060093518392555818424086759043783455193466983391589157827779071919575676821634327488341656876922576655278681925357298270474159070620278"
"3 27/100","0.063582111396360359692578047398942153465723333066414119612637890819704359412964325401122237369592536368546703334753869179765863703691355102776565058694163904164081734244906987674451447563460370903685795399975335362433361865542643222399722886172504582765085157163630286989228"
"3 7/25","0.058433077599581516110843166775111309616705681036174863781932217139449172024858216055360511028108618217508861917114105759285553558211617097110453835101961325062841218608399225171011015494662847989256080858037719912223835924155589995170246118006096272176990495743423471867757"
"3 29/100","0.053301101883078046255336463461103026031951585244119395597007710777355839588557646464176761146288722894620661987693638568129644166019439368340946348040190033319192140764542897069873252093260391059599977499002466606958557570943957463393322159591402635225923040112557386949729"
"3 3/10","0.048187286980438095596716729254222587254343987043755095754963848526229809775562190725919894581095136587291576798886157452228793247412531480262588935526367442957926553716224800999102643767593978204784906521237281525171968080055907049585168625106929784537747647232983518473222"
"3 31/100","0.043092716879063041423766407285567009107366898862383083675390657658088245410684167415103305786565440204590330780049940071801767809808844539040954455802320101321285974281482496545596579634566384340809209688839207453103603941865776643609415891932587036853102372642814298522772"
"3 8/25","0.038018457031848494166597564781071606938326837959439173992842824891359903432403145509113851921518685995191187378015962599918514995338133419269640333040555511317353036503075947315295335615843269817763608563463835179684511298044255077584359071493579392826931195172041727094432"
"3 33/100","0.032965554606979655099057403122503552222057091375965812189321523719901573040726798481079318060154164056998356006463679280162249406050278884445212097823925385489913511580581552660766799898972592185714175196581178684311450287037024764070237842965086487116289054984185009203298"
"3 17/50","0.027935038820616542696363747621317284405275450207789730509780926256690524662002299382206817620799573450483322553258653955667530210177833005379692715447780253032485345026514953838285301878119920639163273163424897758146315561877671243425669405994329789001755682133476924660227"
"3 7/20","0.022927921475135859130422488597347158176114297698715655899111807357286200929814893505000096281464472219714924369660728409495665409025979697301018206576041592951976665646161614649722589987575157984525709124900892083996012973372573855782665550460666671008856807256470824693333"
"3 9/25","0.017945198095709870811817142966538658797468431556855559201153777543866227795559123021723787265633388425599586232254361820243824314832841587112490527196692990368564651520314678120494240181753052508543739231675643037477973696322634524338280901783192982296222797463640677806804"
"3 37/100","0.012987851246789416559042205206557045062490970641403587180929079723093490730829269040622249301648904519892908197434935522272285961656495129454752044288150157662709012455691741020968964361012493342062081861455153291491876498042326994950217032757489731453631287848597421804431"
"3 19/50","0.008056865298544910496888462666297404978809800307048162188858685621411364844530939596184527209187602079279265763974557741880459168877705525851336875063091228937918345498012629667276500098204961990191927463124389539828196700043526736469018011743354474277546136882505694302702"
"3 39/100","0.003153376698127682825754740181600371047665086199978064419489244243825051298556083278147768080901720444359692121030998143513130896158957669476334502215923332665065800474218464185878179353958931630093022501330227332917387304630271150702692614287478115663735047399264568165964"
"3 2/5","0.001723719760307362054187043407502527667380491858345981198052091892477557190098728622168965588418501154244481442488977788008840315204900666570320181055506753785511825154322682655817153293364777242276879995159361812241929476500475257700707771690991383259177065939798821202841"
"3 41/100","0.006569556801483756682986031387314848275446623023215827003926393856467465752437367655415556603293864329747547060482605007355021085363263516452760735680623303830243767161147966294515739492728246860966275219402995798101059298735267386842142403488006287575050180914887809663992"
"3 21/50","0.011386016215508189145129976488257668097306270537491884326166968418251023296255453106689523691441769447843287068398491445687737331961183371767571309084147977329343220535409530404915447516724772171765245822885272549127341969495641792991188320374325438920382097298759202334213"
"3 43/100","0.016171692935740312709229526723367457418096547554253105796054235952905563422765473651352236700130435984717262134036456669282038984636557514311413115887520089464598423603037569299211943554361640623088916082274482349715799423293335958656909692603638186289319994549623187990658"
"3 11/25","0.020925688512064571751106925187459073930682787886988255178975470844281312586464372108200092633271472336230389568122004624782095015485621647202578015928594802684304617219023074473069556175332340153852773752831697535070200419565965135141249065927366451868810253315251046229717"
"3 9/20","0.025647153316263272738363997471336458727533774462713088882731697408248026615132797180711925582835860267909697987261222944545943596290408517477631024745323214862221132506197764815705694381989157687330912496902127280041124784623063076209143607575055713250027178821429919836592"
"3 23/50","0.03033526087317508171070682631367718786008774673966915226203578069434292344798701611096118229520204540823731298529848003424044120944463735984147550189827936151561521485854060969778832051660769775006067409316761825667424856666767043440027946652504409345169668188982369558403"
"3 47/100","0.034989203006447776756497933325850102289186599388540418949684958119578913586017786944816186713358550915834284623534043483591756754289998534527397409455101446115700725677154238152301385208206314628572524237399770613622490557782615850248812096628115790971288626639642084922751"
"3 12/25","0.03960818836070166150636844117352332051421342501109091959226557340708677996620949928397910322148358343106200199652111210532654729591794804656213183841241433379973292412079110796701981666421074903978637569632044614754639593646262211733664954906304294313772561393028103230997"
"3 49/100","0.044191441775894707112610658300285478380133482604634466231473800222462915677114318250910751225910671830680793883199638683554362109330297912487396116894158385513296005216896845448185812659191589383220544100467748445777729623232317651700419400488398124009860419669500940797212"
"3 1/2","0.048738203940104816657459461102464299014364298875089465481437910123225560798870327070714615120262513002640322069935345135562917777335567873928513073406511755306341713696396359974558387306109311300117851217351750576669739402529087586792122474653003121289328956070249516314596"
"3 51/100","0.053247731151319524887098736245171066194129995141415124036069651596770775473312983030128874875840605626917023103668230883445805978509327154177934390279117849091957112269202041874501194111253496573278415926907588337271755837838523987211488078934429829030307222191445356891873"
"3 13/25","0.057719295128597428060269490580523742298610504863699551219013475574814664908017315488966133495138354994169248748203415801222705618597371790486120306554249084861629029963370356776330773573645002571228340053561852721553268357539740101502335175168462174129603947591756974624929"
"3 53/100","0.062152182848746557629212145008689950457761320009432994876557828878735363878797202199378422691112517939131881633254370872215242851028159639989764935034956451542117036675440282464635929116399919665140050868151393257174619945198693978062520809502005960008099170437883877610366"
"3 27/50","0.06654569639800155232319968464937079170725400594172766505347686494761403172672861483478335910925461739918397117093421291916343859363247934555862402788645739179154771906029671614210648790070451603894899621860856760955837631074026542486029314412674153897377876253127950821673"
"3 11/20","0.070899152833691921298574806812256699111538487555627114923052410304052605301392546032703551774087754876784540934104338057918714454900971328520817272503866264311565212970869315358034710048217063227174216545331134282353992539375961173003091197997781923153585900233700308682621"
"3 14/25","0.075211884053363658906520349655508640539901496792412106107236832929335310988937742407500731369972649630976672362605779326767942427340156326464406179839848895327947112985306440868924549242004827363698041472880382695126878277960544485213240743896262835401047591014314620878329"
"3 57/100","0.079483236669998234715352806760128081988099974851162606101808684051723659034493313370436424218751984775684307012475231115128918255849736646603085157792165889924861979772621296402188516680402800158687318415451947267623388960266722727112713810021149160847463480840599173188196"
"3 29/50","0.083712571892568638687793437567615043523857810600767648899154909914520182925515554302184430425492132399734506553637855346796484322216010892493789200334076979059122849142583699408310404001487316077522266451458611335231172403161711080283707757313022958371574694562082849780913"
"3 59/100","0.08789926541148477112483612028421314350079883940756015490902537018108741016783922088257039773159779153812471907617022598231680829184919933850333415551727092749793949870785269791967762667392366752671172078212258753993347978422131471793362339957877129109578814702696003371013"
"3 3/5","0.092042707288649310203078544465906867852898086630708597333463155210680008635082044836877646447741774135184369126065340452653306617328262079030276193455166186089294578250639505348043168690748690279789434356982875971028980484509829806900599352868509288757703922885499377768707"
"3 61/100","0.096142301851937803070117177230303471764470378449959990727569373838171534269809710606470006689846079040174464551030490329086029120308755467697172781884235058899568605543753651603159828977483325421738728412500014924971238312971416728800609249708082705481805957132747814502152"
"3 31/50","0.10019746759396741501752391169458595881946404796498702967645178187690004321351331190570425975806729418624717903128666392188163394363310044208353859801992471037678682030613304947640794644272790796528561437714427579925076940829469064208767069605214496225363306472550474458049"
"3 63/100","0.104207637075045684474895448911458092186541988768395287207494426543650580347894049827200795198896214071449379978129629938571891880778544654832494841747480098923161352191191895079846565458557860099765646434889191952043497985209475561952866810403689403747828538016145828584766"
"3 16/25","0.108172256830203722836409718246397995765345163020156977576942868846274966878318896229312979532693288240535418339889868896440102175929887744681397013658238113679339715599641136177496921064422009217261461707705185879626657971144762907776656988683844397837655193968302194259555"
"3 13/20","0.112090787280223203734108673572052841758831676181804077302971787179866663185571573507322907499271148896365263469740784877674065568798513125478309912257101246953992839452048124586199484101445166205085956013895701193018323977800660794555645274120741880356519782968120837354673"
"3 33/50","0.115962702646566490980062237413415948490037841632063604957442686797667405224465512806797524009768269760822305537973834666158190878639976224957588312338721813512752935346618231277826134343029024173019449615979884368590232277242410339794909926691700433085478438810116517541313"
"3 67/100","0.119787490870116322451238660959723995798795616280988521769411646744192088965459440563383262389690210646906022443876580728435717822303721900430871752510187561004003173083006520584001269372906640047062180428288636976213077376187355632434933762771604380524436532186414011261811"
"3 17/25","0.123564653533626801411879349367002653555828610019207902493396013357034831991565275891677632506163234737162003327529744188047108136522131810100815446451269722458506824672547285048241651711430304523829195430834448808798754239538446750335573103456325649002354102128001526399266"
"3 69/100","0.127293705787781799347307526341271384858118514859646818765821333415735010612447658841569277455615247980612376363872210849058031770954538590830753812665580671766808859341906342668263479587937561995527071896025802979459364943886577345062185504715750289579708521900311473932873"
"3 7/10","0.130974176280750724885610657203810032551357875703858198031182251440383448384418819248271444573594538520120893627436244216695147898285455271532146609618759460423399835527214468374464802344238471697391395381259032113213906836778457870229317374229246200938949055733972674490066"
"3 71/100","0.134605607091125272903882112712812199346429751735193018560599801978887104556552662175345441866753603238330875021047896070662324971585224511757631736268744936336909738570747855486591040943851619128609899106950755252605932954238129337375323208671465420359696779656434364396308"
"3 18/25","0.138187553664114441385847690988679761597271080755745366198963416535102850435857994851506702698609477087957090351939000186957618155183730845101118773079127523550549429146850742080086800176829101471348555519246029720036201968125324101827291273833590010753358166073540837885921"
"3 73/100","0.141719584750868927815155916956264923355130953805201483234610737392831488420055515259724151751417007887772949578800761789587705218113624147460412154166855553395531275267645021920919108156921605745960733494082339099701872686667839971760101297911243558671609832674541149310884"
"3 37/50","0.145201282350800084156765761437008331297950091114955354700132369013968100901228774112042693627628379984790038620629067723188739079909170916728861521725844439791015356295070881633748628067663047502596444154065744013543111417453419520442464104424948652205078392321761505956822"
"3 3/4","0.148632241656752982557554393309399022416723211026536078695141579843321550761649011529504368351221557716887492056711638166633955595850834961942975482874635500197584231725981268811138627402938603427357726734624196739739372014979992230634386682034472758264849913807641413094947"
"3 19/25","0.152012071002887865609147971726080156625196263669996240014816422401036769376501652146390237183366994601925965159993376205212888488983442239876371212781774299087681036543864096450060080017811201175413396299636219781505993534543913336626579849386499956999371574025983359834141"
"3 77/100","0.155340391815119354511331898077639640415812394243135270638932054523984781266540799485546052500916148779628372194152632519101292455350246420179028338470271447764005719424220027150110220364660332503948568471935605045472488249108049801761295997502836654269498771662634206087006"
"3 39/50","0.158616838563958285373755245624133840459425491063801627902846546093738381758900384658565370531843621699533515112023648973389345604067270276912699335150615114544740805816987019294581698958381934132951754714768414441647646233417935125103304106150698006136278231807832534387462"
"3 79/100","0.16184105871959695106292213635575470516700762464809550852522541692310702087135183545554808261923195212598553996772375722516419537826893057906235924164528651593392752848274345664977949168319881236199799025761522200349576877938715166846734759218973569126231604619198318360166"
"3 4/5","0.165012712709074851433813413923565145029436537476972217515269338816354956268774509263700632790152613945903776500127045317768553097231984875989247794435010601731915321809090268466629353406529279956906014416598262905242690198672378902408302710439026762026449590844552973763326"
"3 81/100","0.168131473875358802892134652881329180574566635992356275029691058093574190779199945916097679833151376687734291629248640483158642596754621432950512659167339363401776278862030560879013498329360524420476152441721689117402481858487089629566764302483770665254094866040460315543233"
"3 41/50","0.171197028438168430738536525098734756273617931798731054825138476225839930089809096946399279208482012139538688557287462067926789524034497484178333540022330045760851820549229951196484660354162550520335923147040783152637259518581257175651930058436985227895249057135823767728576"
"3 83/100","0.174209075456375664314856231251498920256442920542303546973566215888524970407797838330686664270230766171946433065252492324622610837869773982911912304969996346193896184261918168269959882638675199183148015938366752161551789523158420171146905071576291171723667619410268477634359"
"3 21/25","0.177167326791804873653097940540468229117560808806852650888569537877177962726170994368202187303555477252383483291967610123205589301628879118637210742580598096005639152732142906611930885466647060428014170894211633433394691151812226071720106116368998762764037830731316744530109"
"3 17/20","0.180071507074258723870042962011709370102735918123583117806408461659993499522907963368249672946724310852452305844301805092275899450577223533949256710419963974221480466384721556856965167850679176349429922182847146852065036087222724025987196238745775494632410533441945233441883"
"3 43/50","0.182921353667593675633116729105594067993636306532213290081162734911987601584442063660441177630778360334601270112790470269590699395487014663939351782308524143819794244931224790834072630043119654672142693358166265739916888878464036597245583724464884454759126846873101032646262"
"3 87/100","0.185716616636668321421511132921340038487535584660305569106975036341746085211428395566548579026988642903972827892650449410477057074704782049543269575217733887910291077299750731617461212492965155584564925250322892148750420124919686587409226061068250509996965775454851605675054"
"3 22/25","0.188457058714987412014172109566344482451873309384722405841952995390622736928797419580567299663566594562147939111447116605466276402689083914374997489679708495102253848508595232462944907670338082693179400445247249340289639902018403009004556671946971211295495041502296659154522"
"3 89/100","0.191142455272864488956469514844287307765426916450940804869869312590463620204452171197207646485449437276187703192369130203608938069517666256059765186138922490882172251532744645355709721895596666390378724572130270673296631356031103251588614467553312567024818187853727862768209"
"3 9/10","0.193772594285926489372109456132666146170841624696493788791744351222912007358489352154835891233446293367847885404725348266359398806124388203627893179332001989786912324455369696480612565070678396016970097059278158663286532196630935334984827660038369162388407323022840515104435"
"3 91/100","0.19634727630378452150944265632263157106521433946752464598154030421479682098859236174992863332384674954133039002550496536846495714952486696636181472073618293782498615899018117184926800038210005397098324938310043462189603239942360376263614014030640536684938351590354329348236"
"3 23/25","0.198866314418696214427747110231558287050072647796587063880278744416481332057919287391322568310935803345322355376330982407674881085640254584369535774361400633104007149273744836065546937640931177508295141033420293700786864351989553777263414875843601218477924515374226362010224"
"3 93/100","0.201329534234046614331051423233878821597648756486214011248812609811660627568979743966394073690226300052106192473032453142016861803669905793760020581140959986511043231846706785805366232961651271311540942891792310172274713858552643218454391408950341457255185388324982394616852"
"3 47/50","0.203736773832476523869373986200841538662341270206052726831049294763234293981894748991488345381754560515831909848431150628895694336312991554352594560941068912635438327500646905456451916267382764368003323960511217023310819832032087376039945626259765240299821078630750270351542"
"3 19/20","0.206087883743489449430889978649166248952468328093965213838822678773348817997709946995100064849315099460390889364722625609906957243672130120677150356197512533779174774617270889970861699724452960343167775081763764639305955571148761663265887031878939129996432795089952795163905"
"3 24/25","0.208382726910370924801241101534291996399173305662879372385680898473393241556704585929538143965487496013633808596493019160564317385273684865897870898126773059521284240652083401157040840270833619897789530372265789745411146022326473707338660599827665090302159345326683126272098"
"3 97/100","0.210621178656256906921146624828909988635129058469423459900696581475311362044184913056496810638302701898549183793342666833310634901798409782836814447218083377863723512443176813627892286418694354841460187186562194828462103374732695455310571684235627261106145695147842430707613"
"3 49/50","0.212803126649191179796928546199696311390119554453580602612083158774744287893944213796510106589610278677403079083274230643541849370159460540767343962857864615582266878178766983972524678512701584659133904881921240664827301176570138014368613086854822702605814608385494281057886"
"3 99/100","0.214928470866015244507049009077601005766016449501644486239195521716485664229300425164082738491901031872675533578235169104830831264742244287652867017899939476239778098695132299542471464516838014956857602007527972151578509147510764829244411542891034957760029559084967898237889"
"4","0.216997123554938004945108973702771779124900444891176253279289441223289772446009243616164485914712958560265750204490851392965344678354971192588060457825265156970977827138139179640441924683313384463667686603535532693647300331380618881039592893167388034768103897955272987017676"
