"-4","0.182671205915153816365654862222442548341984138428181859861488262938209136832858452014980955383361370186551955398697077865748760514235821433382717599916494208724761970165608238866858187774027292725543542084932213450134842426601673158244236483694148624052600915108059077016264"
"-399/100","0.180051574847783811440362042100887053354361397633538306385482953728961813792841809085744740583668629027358757688466826223511636149560049759975225828629304746395889198627535088614041932096297635443213314091825817305186164751419583360737222449238801194773881390238594900208453"
"-199/50","0.177382934209297585452919060328934044755081659454113856512203907656529964294148559927576325352894560029369655289528604410055405197737302815821430750179528106300769928586814690305882278884640942386190081742573302419910022097732827015811612581865679522260688235482117371708125"
"-397/100","0.174665489226920713756648228695613563160717857064382080925612231203522000995103838812583695859164623522531920587831252583968677952916128420084381998587409256998418297357265303171356086909455594020648752698887213706406152032898481226941056523586031317997500798283003360467551"
"-99/25","0.171899455483035925867816558776782651692046706583706161923076312729562272896652968454960115609337379653301510259521890306625303818170298695429338166612701370452803877520055191949354566252377483156061703314893660341673199418985125632667941567465743451154371990617617670910709"
"-79/20","0.16908505894377958578270045069392899272204478848693775908694423574049113611535713218757462005210515853146861460014357152552324048975919116265240027387467006635378436050612222256913934303052804945503925142352975656261626897405067359639565945492882534751071390773267039981433"
"-197/50","0.166222535988430505881102804438514014240293491399781177662692432836263855460626649181975526452723147969900973225329618053196283703994210416935841129815002168658441396364488576537519648504968680070710705598477263056520853987123041123720588583454445711084909147104515800168555"
"-393/100","0.163312133439725633520237852052535748048271352693320622268662426230526599184154734012924864186928250121328007683268984850141068043335539336271299265800427795844774683670595652289976940217769686095498670512557603472565009141377894071494497286273076529999187379074432202625091"
"-98/25","0.160354108595236759667512168595001599105292860098141407823892100273089688933512993092918164509193376916914808017238679754464601114962116314247449873662556503291954172477053043797682069306637869949388548983244800264614602365695417658373366484057032821423906514875851612778362"
"-391/100","0.157348729259941727649726221847860549487317637485364641149148384549266372040413244390399899093391064454308259670086778845005281289104095373996873787000865866089980078620939765333489652892284571678613464297557940313908503959056345959267823700874802688648580224216705945549008"
"-39/10","0.154296273780122662751509699655507483157013456660946791345430050968164119811173930699002228838099906502318765835035935237229486499752264287785496373581145191396328775277323308761915839022018848216906586975181398532713764567980086893140110311257011787406176681205782980083514"
"-389/100","0.151197031078722495739938817846669348949446441322056552692217932662761721641322990629671357576071146254244235937379559391383694416188025375148261188963848249843515179052674441143158789691918311894367799364396062153783129613690113557924459339703086968782860316863944706215619"
"-97/25","0.148051300692289511533955257117459826908190690456961888541803663394453106120048420820894543516941226822931485726581126312852142221004221216825870413755851893049735091047575043924629313994091023479725348900827517956987808338506161764879451769262127580445587891629112525473456"
"-387/100","0.144859392809637814665481963182753093550895333508255632781527519636090373164338086840548301240708453938812478994629499232581030657283365659822438822596219308309038493669013573069762641517327803740121652092480069038393750435762694236682207592986251049398413185847179475208084"
"-193/50","0.141621628312349462809984947137732699058485056601250773651608653832397177463356585961407542446069347841709355752213385964005246343642161247596042026174784757291926319934203301206886190122175411429264083229621756860805161108282787636697115323314965746469376266519713188037066"
"-77/20","0.138338338817241575904411555673983654260385076318343209974146553133835493225335211708642564082663562054892350648891432571884433562647289290232357959333341030654219475805340176793141090909231517024703451056189563033282605787638387140616245772319364679480126775042509955901203"
"-96/25","0.135009866720918979205947675190481957939477793142434474398006159393510562891672484349229328761144055460296085547377216905569766863810990636469616322819099020811439361848379108158635887527779810641345386314875434029527336891965069064307978099165964294653925163417379970597878"
"-383/100","0.131636565246529882764808457656417546323182499439734479899990346585640937296546757262848451346809573878066417963439946608764659360179678103970442476716269270600738409345639908414901660156614871596568441016283818615129684675380757973590053941036434262440270236812064785456139"
"-191/50","0.12821879849283873675459782248454613548084915868620876186049501117583449966714567006164829106941573920860369752757018634471091853542478108419617240267862700597748949672943515935242508710826929399286189779480999688766875543136609318016341122054909242196223357057670507943528"
"-381/100","0.124756941485726732616640697304386033504229071658150665485656993488552560748006251664267110337949946680532217911774468493279849430581396558647087929636189125165795181472611010697439955020385964930092938993239679785889948479123172189920987661974274463511565175183424852547576"
"-19/5","0.121251380232226446204943533931018812864772186577868546342172602689118660461670333543373801179725259070811187774607101364171129690380601239829305685905037192428568697886269648973988451473619669856570528570921251887032370340308741980523959438666119322226151002587280891130426"
"-379/100","0.117702511777192845242727883154960973853364387008757931456794895754149824562173045557304130914430527517480024294989935997439948161521680457000021995180930095975656866595670081200769268527264885791707711618684142996073092386275687727123890219218146636672742690162531030040197"
"-189/50","0.114110744262708316361024712126963479509820802137639255464132464738403964447297277137323661436941977445507984230179239554171928453666221710100589925001154444055216891384910223790552092950524379571247863682376086773110293175536936969737555688208873733961816002250870278513958"
"-377/100","0.110476496990314517624922420714555259450810274080111697820948737213655306804506234953626783436785472910494216103619930428874548455453780395398543507736267382432368404763671740884120548128651599393041483209963592216176645154837210405901669894022145179027900136347132374261446"
"-94/25","0.106800200486158747212464616012425219941458889301440426740214298911900557943392544103313519694464277498909524731914420082219347966516847382451506300028870065434789694116402710705392903648345937006806029938342163678804604808332876306972216590424504590556049634973605599882144"
"-15/4","0.103082296569137162462957909270058476797365572856453147697256102333005796899526282629404261356273496486400187728963050503873648386692008558269109949035723866352454231241150230560510046743492618664470965883331331767721049193529262516589796729873846923536308016463441345343206"
"-187/50","0.099323238422111622789866950007582474034548575089671314261858886520034507635342311530749163047636253227516208786714840332713310920151385949535550455958772442069177790772515015454546592073513910238203583872426233410283780715826926453075985301648285727107135787542706298587572"
"-373/100","0.095523490666271220531112985873858597319145914581933132061930089170290174627687633625756558718474950532414569555744498138763740873158853498919634914111406518260699233924692181191562984897561529466686637373269310720811002208190783481248669088985430039507134392527344472284874"
"-93/25","0.091683529438703790101170071142341218531804598400230643163996781418410411086281424264499000692458054234857791395417260751165118542277843254933310313562221527175910633366317233244284953830022425188790106888114562137344145019055709204670815455313404627105890214294329682053127"
"-371/100","0.08780384247323697771134411367707160003906382294406861307616159222308883406417351370950450847511320933679532416051279792920714347324439846216595609602932086247769994825442501581450340542555146559966103598126532865411830736638162676399960040012090558541337052095949989805639"
"-37/10","0.083884929184603014487685428969622103427671013172202101025729204518064299786768120432931007040451663842615503003069180722765033128524554417551314130184539071308971899118856208654024535675656409463399882330976836785482889723752326725114844856350457084054911838369869993342493"
"-369/100","0.079927300755976488255384759099206246553974505782767671261275278614340384695875793195919059711689918367974715173259647255901834385907556676261130035704273379874582480770646944401472315406713839235145994520813363234055951713260747206412532418671861277566922376837716715150917"
"-92/25","0.075931480229930678687530496100214663348585422279367528268560299838980346875173597726043903568181993803387705730304974808164985775980693416714075240263357553477302712550553028437984308510812155716052056424886776132106292728896776670846922034252598853064477953455060991729326"
"-367/100","0.071898002602856279693175209097895771557100197799554698539035836662472362696228135867304320478152326919895298481777381615415449469884830635358822666824884110491714354479505603614781866454201751206318906849995332283046168146486565172461301909282436916070476122058888166133833"
"-183/50","0.067827414922888069471191380672143047019038087328775553103073917415767455857140736428716743406430300835999588784007951649263628425019087711047378473788727615536814542135133079345446008709899311839705149766968654208911370353721710410527847192152022218746604309405339123642889"
"-73/20","0.06372027639139291029093332639550237469104668709546752874374121422880736152969339064993248262801580121935001235174195746543490486992965660555464017026615474856717826774630763443213480848382165305248092000687020592986581077642174964099160323408129494568437147994449532725403"
"-91/25","0.059577158468091082838779302529805362696111980170282534357741984238458751311377060696519818087755500367659291148047421103548784645106644916926567930627388129714955201779655384440773176418877808008777671961320499286662758969135484323128380400183805878482982122108857627584831"
"-363/100","0.055398644979921216533792496289047177598551133777090147804153798512314556542239925277203459120642133793520800534439210316527864255949285440704546716932188035664527221440341730628914743536204036257149635871546837838387117602380214492594615553440908694027235677595916881537897"
"-181/50","0.051185332233834176408423047333180070350098261901719673559739336331332672379517943468291799527693539399782357619252029276138238012438088469904512841656087092923833758629050104780886279931903818856729635253028132544866790778250903306413420513348897562952119945357133271803629"
"-361/100","0.046937829133848279718375732028394265775374609713662121450178742687088783719264218443700725689518137095565462586138976953266860224719368819209990730148457841414674239830963916450281378834163555179642338517993061508860205534454692647477456406465818168778778956105446287143064"
"-18/5","0.042656757302992410520291445471515981384185917530448124796932668585232010012411168839141755174019135217556922898695782642809463963743787411777567890563396656481870673929186606883344105177477720198494028415870590759947405996862110221425487978595013547340686704908183560097668"
"-359/100","0.038342751211376562817659048938770929582716953656542320831705037707924579928399670578702490106855042124369729271582182305875968459709647952861563443775094826400422855507642852834276937880227606847741416008073227678014259708329405418876140506947370704302902718486652846877132"
"-179/50","0.033996458312981132930818230811083051473500010126029710908173448911499413443940990814344869307761545129637408918890471667703479601836631752840330348108033453498283971676526719683914442954035175621616625820844357307921309769549231829836939260325235995138008970633720649125789"
"-357/100","0.029618539196967493921202616274018091422373495042385646044576554882256783179036050071459767968150636083451605288898506652418677837064841892751016602895631232884183984711793331552221549119080079945591999069263556529353767937951820208838167707628039176250926946110038602765424"
"-89/25","0.025209667767706408805322377023975637078819646629058083422406549340216130742196197889625201723108616887270862140078369475398500064955783609513232302976517809216934665542678041050077144845898034049953412775032417710387478712660998844961249128704624577969978650763000449677593"
"-71/20","0.020770531492575489780964011849706504344343492996439620617018641138959068313901923544069687467496423136090554235407891715362879391814242999827742040696334758111491022371209216484182166823051537087777412969751614064159291129613559053694847021994840018892259574184332567093741"
"-177/50","0.01630183184366988087660664426161784101912745875991707233611603759197262295368187851924100080561709704907159579939580452132241574038440167716029095318696918667793160616275448069257396613157055810157450817844126567581183297414012529100611379934991104256429554217939476836799"
"-353/100","0.011804285448664613434689098656959605435594776029744820010884573983895224344612401014859189311820104556407841165214437529485855701466909835378746960788863651647917249752520072444950871325127156154427012401727713692185147029834406515708980284232859372523089813753441416194214"
"-88/25","0.007278629049587965758885274227511139505844499703637272641605119076752345038351829942735719696274972492126585945755475898952398979366235458452874316192954666057441405364482180416710659934583737796375901614402475526103636273763047163065387799321754514313541464959634059174259"
"-351/100","0.002725672974006073642160088349112743392099720736514169122197039077778566551729423249740797840373561712647040728763132650047769328534420536643139135452919344150306643345333227823957572042322108087689425252985206971069229523395071571995554393249922030091024388532175875594059"
"-7/2","0.001854437046803631064001936865500169270019702699668087246546770356971760548883145391125297822399937600505559674418367083117164180638822441874115313507737717930039099762107691014432128454247250173056163907252348370078077516433422964989238224512106648081787885474235963606514"
"-349/100","0.006459803220576826315319387663930385742957294056801764777185181793914297141720594205500405519777117208798882062633467318984728774761646158214764002766446451370920055391356887850003367115421734245433107720067084861550361211312895628617438284659248480415092552806364195239569"
"-87/25","0.011090389781514260157482383546482270959054684714008352073806723605306540398518931907818139476143495391162253691474655109508045561472782110709611560401655467168212630765379558086470896920034126724524316876270640970222260139892937520699121230947343808222174945636902177557197"
"-347/100","0.015745266871224293638578910667724181560175748477491404611123239805313833046416967338698373219907303944811322982076898527872110163735833256760013871395944913500486354502666986014453431410472758086582938802953643777491204609282184612281577466138254485191544354308790960619888"
"-173/50","0.020423608970026700029558659641776967771355019512432732893666241668443563994227405313171935950591077382973435140382316845211469851505030110054319501652869167402790037561728153340137691957642307837061676581242862059702775272744011302825735244289062753795042084049639834878549"
"-69/20","0.025124584653758885824003436159513125616416102082741756960465864477180968626176864392798204566041645156915578850744212524679885806280891331094162913291579738730678539514999439705106741584168922589603372597207348686281672686685503723866076548573207912438927813544127093865806"
"-86/25","0.029847349490028510341297415465359005347567532073221867436472049695315048721875290788812730606296172848593823983628356053978651025290809489668550608664172647544473652870118120893455192566764841443195470496382882613077585865906852816226933824719868950833193407708793693183919"
"-343/100","0.034591044564717539960563060390486091757637681228601077025286224337789131835494630368184114604309389554557023138853375840731148801366354422375678042519724876246175763373867584531903931169668486260551735766342043071867707034640067877932259719499349524995054525196062207448811"
"-171/50","0.03935479594891557243528364223891327641772819564102514083051003451760929904278098434740953339913562743841337464218672678709440799330569103134819217332676621441303713897403344401945739136291083751912011345926396738131550692829966558261934610316547108305085129143331288202028"
"-341/100","0.04413771440626129937020616212197221192545718852033708998268901986630357257435901269482665853459891884251512547281051399872179098468350789026909883529671088028941147735321320097253235001645213164132743690992868001006350799051560621499788645069823163992630136234643213186177"
"-17/5","0.048938895179168988120002025800121499987085761454890775530111444615548910132415908785959414622942909620977541957194741550125785520083955965589781384136172886918134529100171920944953311520764545446420771545803218466242672520719124807017753869728416488657560445337447188137031"
"-339/100","0.0537574178059529525474569555652579615897084110777851220898158664607467728630274312340011115392467590355202189658644047636737919433403858786925205719897084479460729115247282421309936285088906504544839913733919100875984946396134187116171984301138243386629796938220806464879"
"-169/50","0.058592345952032225910507229451605961682246238149459527567462760273034700059124199022416986274036459814645394727975312706443068564795135807978246230163886239614534845547363465710940641551266307055229884260806483374755836664764732321486559069207032775934378968785347815515088"
"-337/100","0.063442727248648545445801371998149604773550180316896359679584778679820551065709142049455948017862259608635439800897890428890493420830475879687876619608049960813794639961088445566728949141293386711436499044114677026040479611650083704895317043884019308060912234875677613523791"
"-84/25","0.068307593136385644547054869985518924912267710312365284541897111624007809610646149603121727752063437263412293180772627046998768340673522858495861117071210953783190971887249383996501055551046790200670992587192582158415587746764421304845556602493254708403457400347146984628616"
"-67/20","0.073185958712388768096734157609693937176587970300523370908046705326403564091087039962867676476326634499036273102957064952688384130785415653015172690739216639228515579149750738723816820713493881461194914457916006490748190306541523568951717449985677681972024161181277066997186"
"-167/50","0.078076822580918105526278566217341221651428313642237606022646691913140084602026437304070646490980514644302249892064936193979105254772390733564459474375535950036005358313384741998828476158634507702946663799723143990631092306567852383256844805377570383418005001196014591368645"
"-333/100","0.082979166707231769067483045040155340915190649212690566594546855686209439030597807934446042717479966407448288881792584099263560984007244320455806772824554447191065756192608214875817172398509545150868805825482506381367158399927275830162667291019346292888590122089820224026719"
"-83/25","0.08789195627498548975977276727708324461801370010002849655949126989540038360658925650329355963302041046721980066199118824413806954063045722466060051956813437662305490094404363938687216084636265279120991324749685674212046502486660948098669677615306104343060923299700502084441"
"-331/100","0.092814139547445026292799553628838663947332887992604351877148296851708926928992252537742113415688372464739996343511432210369547826526171798131121719193656742829528228562199115170858196316759152028114063027151960804665962685709518248860673080581562887429255239676960435104245"
"-33/10","0.097744647732873764313226837763473887444040704691568801261686891419682222223247260329082347653065686450371405935644941175086170984584517519369761928161354779156429601678927073483995935323945607265702563105091074717142133369142608808619209578814000894061055867456714263706365"
"-329/100","0.102682394854501733974475727269498784971617242113138546505761583315828882772424224446222214225446210462319682283583866326664011031486507016800873017115755697289111961394862552767668781949934153412052062036613273034237974456535411264412690806382560427947576838048041727729548"
"-82/25","0.107626277625513250350949238881446157752109133385530474313524585682491942882336062190576062681023317491820307661483149910391238167525694112529496664882723506153737937022229515212018803710736428123311971218622752690342937497380685000619571112723450207915066804716011725702526"
"-327/100","0.112575175329513841765790738049439932819474551390262022208369280506948755834431750212336258713119186530860779015898765806965956675507702800088170091656594963554704264817190683928268056010222028082474719324239945878784467147282507341164719066848446711929928259436963433768987"
"-163/50","0.117527949706955941223798973074373944071458159870457464951367851282892730740636376601307172158262360526206940014779497144887882756894013952658423076346551980242629391067675310092071125647263999642253234597235657137735885477674287088021121294691814525928756432149721809192367"
"-13/4","0.122483444848018580008493745837727498818411800159182729452352369915358975776451846510274159251689140413037357700625504396622842523759812057070058544925560750183849151919628999531810071632524825518555792577551703222386888791820471227654078371370897589489692392711290220695495"
"-81/25","0.12744048709244995497490762694364872344541125167734211997777404672039115137951649373698094714630688167301115389754906570385873032175531593612997177505408618218208318717961926959264021986494011247895364199505282843224838165623082758829276474788344354811328055565967714903134"
"-323/100","0.132397884936893769110692499383319511872943675455422874861413282541753824316696411513619311221741996057331661251128275601046655330358824761504706343787222481467458885379983526127384132913690856922251335846580561452728505641594673886654900253584618175653202535891515834864713"
"-161/50","0.137354428950230970988615108303950416669157207669259113918839089544557109263834523856308622062836746444796704487035810860759304519233284804156060924129953967336636696702604170343929098681095703358732942197795169699319372766595939816339590530070288052767008861587808397762739"
"-321/100","0.142308891697478111914053384542307020124620172278362305265545058332671355603016911320187625279004744040572861587212778459213864128908670704825785877242737379215402733422212944644946829012195562606433386363432723136014803764937808582930728619301063335811371847460180915089617"
"-16/5","0.147260027672792087938672177947302771504220757154021631309188479499616926401505747241799602391385063999280782816516283288973193695142383291121401188419468021045167259138593208902536447549772310570582858756892385255947733112005748201876850982659981529275388004064564302342475"
"-319/100","0.152206573242138575139179485090556767149814179117107457095569464638240284473492391101995252777557752520144662606574399682434460070867452205639754243512250301661129308707603119412810437484933341586728013123651897856854743604508451639435242384448806827538724413804321347133086"
"-159/50","0.157147246596188006368238529174515525162062392537262838568395455347095637560742228308401374840029126374576891853470763525376896379402231743110327274903835821880426119348063083477426799637130642557317742229399021804307144124333161661343332072197915124853894752223439613092372"
"-317/100","0.162080747714008461162674476525425450704143302497005206029252553215514020078819923269408519509977554157733842562945927354027854638349426218285953345891678265834387791065368286813132952508167309366121074124056545087889810688057887277161516598972028139448882747712395071508857"
"-79/25","0.167005758338129319212523307546307830361257711775839661439653610223524568188916885400562371340883166511315381577310824691314868142397455104502682169151071437212391185842645963647645660943203439959557031222069096470909820440432624759987398699117122719494905526338100642889028"
"-63/20","0.171920941961552924377322870432906978798113856894341046409878332806405053040438218514179888303538409403860085661057313094628384597723709954367208577707155299812350782359612092304972297763419473434540685996519768929050913817778435168403721840316530893432979825630634263330577"
"-157/50","0.17682494382729377737691266165173884712903237236716223546500958192757815946928993052918381730036186393568723638819642174743946269263569988948695539746292124632704595051505754244272212143145516206401900375736195416569998812675565857540753004473775362455482116277310254596481"
"-313/100","0.181716390941025873793474637828739370141484329065800798798857831522421556096321006954616356358082467878746178144154687045562316127134220740215914251904539384036514264041730107905694028974400358691483334956127474371803232490657485963647736054453338050069038014931120495037359"
"-78/25","0.186593892097418680265117519952050557614643454720985714065310363224059563192426722602785167065921633920117389893358445801085614850078925781342975396759088056096732594606721156778960836136597451052711947438197755961702887654070629348566374079757162585308535103979696095659888"
"-311/100","0.191456037920740844699756270332150093273287702387932987270909078776878924793615084312805416373198122033033282681103592615903587622075712896141746476512387028846031792434114899435959474254207596199110732445816087934687527721012997727498532702253723384234674231375120421607084"
"-31/10","0.196301400920308014369761663753264454662943169220007010450517384272906963304775375441997646209918523207647535361280492658809416056236271321603648416581651634983032942521745208372842387603969996538683585710570117136289264042992203682365998422899742418691690102757430283067648"
"-309/100","0.201128535561347037292096902469254717305477346398313930311794885924434002182483412782696761723759165573066679244584477249052343744216243042896922586057100289564885107290124307093438544371619851287676922161234715834688682215757650141129526716833848888627716687781423870625712"
"-77/25","0.205935978351843296376897446283812921758935765837920475266580785572780669127845878093497629581372437500607824184422124843140741569206722430571817545555350145211799828315005968997507349836696885945650381728390884704760342121199470978427656548146043594286855604905251988887724"
"-307/100","0.210722247945930922530212716334013240641187462256264886474448844843299087544925808229367306769603258033880465959512744789341702858870312973337111747693666283421236830414042248694907792834392659834171775824618273836846429474140105421908593461609488493794873894191001014465392"
"-153/50","0.215485845264377103820166062144699911111405523418768660749724853945496744365917822396039999450946889247830298207356951194886160516027085083002473701650855495698402986504825781644404123522327622401210475824250431703689907156219485360353844795000704587753712032905905161936932"
"-61/20","0.220225253632701606474690370552266077444329240424884111660544195898589835825295444689348655000794546762370273106042384842557759149187182293961249134852861822005871752759198764241609241109735252828745870000433734533908155331257068199423788293837717353950352862475681249329543"
"-76/25","0.224938938937460905705262241565983410150318615809493459249801713660792819648195679325052025871160946367294730711266056684830288633400691914555157062825221995138927896041244950838968081143101083088696983883634566340537103476063860558958485499808705341320162079656246793968336"
"-303/100","0.22962534980121294868646534963640708855576424658069829432605289503656309775924066894215900035235076814519942123610161390169002421497332689828154547387695764134792821906169919415676718331690720838029440210536318678587674826181148357995307708274646244400557617661490459885809"
"-151/50","0.234282917776663500107244876601392641995037978324985417125198433904417299606380342559378915826170641819686099963172040646605206125013366184350091452952366944143256237434990949412934780422728653621642251644993044786429778774070295832583398340042652539429259336864844383558342"
"-301/100","0.238910057560478217677556827046289791497476939381534137702512719418477143058989805684910385230502892157857907585631146916689832943688572001371375954262790289157559410496903692566907214755391339138499905852605831910436902760659208020805202786660194278210718993388963824227164"
"-3","0.243505167227226039835988316596057723905436528867216893464792866608794532785239917849617433993752796410163121140092193681708796649554476029717318663774932950105972892938128019280980443703495595767063610828893578141881887640294868407967289909173829661457424793712145171787551"
"-299/100","0.248066628483899113946065291461797697659376865194935572071350132427779851681358863459014131897197278231333765108071894051640643385908895543529965521244526359853778572015607663047908624360203758872429193967051357283263212324623031746349945339612974260577560121296295925021557"
"-149/50","0.252592806945432328445918818209291510220091672063001740265465115233203307921853054325194410363166242951798824965909305439483616994760916528013295121680415455324936189317443344466917572310872703934839089629856569340874865282980435941052623219173586503004923998369380583061752"
"-297/100","0.257082052431621519745318247856637625371167072201168079192079231469262408157878333145120383561901975748655969624087525085753138667492752958335915127208770471268154709316363620703877509790400833211858333093016549275095962349650183076776146403082530971792417428034368344732279"
"-74/25","0.261532699285813592620225045729059279563828502769410215535762876629547663167844771877791627470019477443113963222315988717612844040024892072733136055837517055602201648120122863065416531967747561010796633354981058525267763574066575456374833937333230881922982317236732195032904"
"-59/20","0.265943066715714115760574919891350799766901619060300520744200969556314203679973518327162613944326333187275806071473108805559719517274694134721847317359234090368199470687550953368154167066016924121030491892158561459427194263112824704354937370464580754610255103448077681803832"
"-147/50","0.27031145915662843253960421710180966519915191894869586619708657186087810936182113537046578859843608508804081936000026876302243890280063699421509586415037003671372401796627159003988981652692088271390187217346659340193671342380863484875217436414349262456583997162176452268192"
"-293/100","0.274636166657420968165652323944607590790452646757196158918053004079628627711149465020752096529859834725169920074723657916281831336698589923586534617577631717198723610932379153785394580355481173933009631376692065145179462481418107341511950350581450444897240293339270989083749"
"-73/25","0.278915465289444232309530106180004590571570881149659125880317605033521981610882889125953783358144687415723509591764709031282900950821434832071860659035379736891791733395229517791415548905604737669575892550304435603074507203811766820765369536386622460449744408842537379940503"
"-291/100","0.283147617578654032578098900172453128746822764721131026978644430882774866096363227611159626754483113923720960526224002708895115685462390277607240306967042284484574775524393088911271370835178929647406743078674211685433229075675305877740081116963255288910937931140905750639381"
"-29/10","0.287330872961090658025316334864525754587466918647141983983906757874632250930143474041830023176269023332469136792927036293232334202165873779024137951527247928581519013180217571161719860874641793607245675541561427410034875500429127107587839764368401835757743535200163292335552"
"-289/100","0.291463468261867300473543385325789425953552623826165933510176002982041850531118841733890011007376848239937427264300979353031121157940232870534959103028702013026960620260303045224657516569056808270502903490241732710838089591365386098137349989727960212489079673215397662362293"
"-72/25","0.295543628197766800306809795806629647925866174341753661041117060527296699946749843065904774371330114859554830315472106447964173241603815745615400646726153240972038275918434649976766805537424824535778343625732012308694802822888524835073177573633668291198429375083236245927384"
"-287/100","0.299569565903505986754292602076886309911781370613627301660376891691927697454166427897843215217687639327763319854590633640858646006408242568695133774769411024583164333598889435382020707441660556715674813735184190356928851043326561218344805720699696404338640152993352515329914"
"-143/50","0.303539483481683493539717090848070963809282482192710013667845570357405558180835412909128524646004269921712956331088596900091682809668544553744522291925540064673046563159918362167870741844814735989882930591932406070883622293704779636390744873826756040580203688886864961765873"
"-57/20","0.307451572576382041266706103834742119106386348233793973150335083879002395560183400595818542287478719076805631268302341826967951896557090543615228780788878637435088886821547129150394785419684972725092901241117265753056436182167436167669819072865157127285294209471766468149063"
"-71/25","0.311304014970349869477248496187303229787325453587753720480208094966228640693148619177593247819328902237667988169882640932233191947539514990750932927268532288866817700642390354778917668973902251793373064740406438320217777301042110160895542074620741388759733758634833208761019"
"-283/100","0.315094983205638364858030993461307484345635178758821408135314336718395007872376434188492833468856087293609615156922343383897768211463546496931055504191637389301601510291519760542633615507137754031903145249567817202784077715657543418380620339869634744087656433684092131863143"
"-141/50","0.31882264122752406805948236873145328248082559036489529091461170999127751247540620344895880877653848238418246837530072442388167816994984382261831796168829589487321958940606892713682408429836872192626825230700241435598529103249221017216070096798348723801715888617144153102093"
"-281/100","0.322485145051493260182672676660721159526310941689445678380161099014244575209485214440850784155765152890878056277088037946472640346050809681236756458054434452397876570175422334069917435949947839286847632343102605079722895374219489255589535045986556747755330954689675246641168"
"-14/5","0.326080643453016351029185751167649633171927656339975299727851936124102208243948442642379060045061231869508952213944521732419149417826388014903007048580966216595165055498204269783110651279235171243897761989070228629121911501544823645166023340266967165738209866266421136652981"
"-279/100","0.329607278679787444238742385934309207722241020841438434661116491688873680889458308146755406700858629406980121475370508873387038165469688203689831661037115302138822934251246378071845424343964454653775240419949925495573867377064103000083347034784434739834548666993392055700642"
"-139/50","0.333063187186051878627603189913344686678488014406681961721708170391666136148869940929034872229592535988199514395414156439705322739095458928666760304185534914764666719237676326268725949052553827265984719895669926065766724470378565188465106089060794943650030976037707289709012"
"-277/100","0.336446500388591389071074831255325879515194027455135304957286421840601708693375654503298555233108198107410663077025055179030360000000221659667687442817838863812160418339644121629419265267106051207258809898372124981172956206323785091173747265452700200225737354147362786627128"
"-69/25","0.339755345443882952174388192745685738557622271033358383686368964242830394583911772777620159210294957224137214642370529759351473099912554450298333417352315520066540209985639081252929544876405021809294544520846708777676200940553408207713626174144813777657143375971871813845063"
"-11/4","0.342987846045893548895162812892051215346496331342888595075924797674138560948952573655261336132757641473272746409744734290486832540135872220770197596272778371165753937378179759949278590909565607605364097450520783979184030318965552701862916042475143810045153276408324005838002"
"-137/50","0.34614212324391916419855966907009690396674228991869325713331830011999865780437938645252166148318663964872269474156609339673876585708431765203580403100613703728112557632589371469513127944587013977560962138122201862439756565835783910619809297258985180279157638364858392284495"
"-273/100","0.349216296279822537212292992955445998487038231568256690205923071295329181114341722543206085458555849511961340799948589094973350580597399551955747953548236803678927401193027666573689545829793105292460493014134607672172189446621453553267620962551582257154984555984138786940355"
"-68/25","0.352208483443970666753986455868857672924663245962159162029990811715100887831301177613475493743297167997566878824773709630553373375324868911554798538163965954874928997892615232505930496690611510727638310917176791588377659895870385371211823002410342476489226072256793796632528"
"-271/100","0.355116802949120066692495408006696947085918448616087849276646217689344978503709073468927121461102747786876650932486142183783265724389844433833337990618620263012277311127633924681255110026695027197877077612135183242542477534192708745053079930920990955701374064937154024728475"
"-27/10","0.357939373821445460625450419852827756528269157628730340686398899707379791466578513523755768661445107114156713868032634958309096284138167689413050732262422633604178971678966246426843091269681738808309100207468492606517652886776445708133031998352477251199940544132330507252294"
"-269/100","0.360674316807856219545860028005967180319098479332028160816453815759329823345808372635385143337244379291313509596843825382817238277321250426029529631578411693438771633038156974573608900680220660210271201862965470949799517783440058062526621922071458895206329627788868922272424"
"-67/25","0.36331975529869459910677569144502074920390915896621670497204535359584524261247764479044883528386846088802607482273417042545721783225454651375827674113376236087292454288521164399605354038485697062911885731223944811997190373587824192922786046265425834890545795308379298253323"
"-267/100","0.365873816264860949473838128657850887869529879065698100354856610123093125688288417446340097839175528577355159530874250360486652584067184060150588843300391273151666473557129783846633974541304229486189057640843800810237990359552366183340174940228559549966434275789665766717007"
"-133/50","0.368334631208363779631213106442508762287762052342004539746929615918055105088592527107252470710504939999526731504318698463073956526539006520390553556587878416613272551521167079365465834840265076353923992979258748686451327576168451679852973866425997232256170459186860663502532"
"-53/20","0.37070033712524709194966669190135727072348867988401803634857885568866407575310875805021349036779375849878492398239806216166677034729964366820931188249891325083336929718729041066678138406523277022690390406529150255700832685713065928261848094810277686142623191342972291439727"
"-66/25","0.372969077479803997048997781227112352574008494578118414369130686720652124965548107298293970204402831024799222663144658791765944552102893982405522317643616402560439472281157422313837932939466158150286670221000937387871549125149709481648567301891912815087370665063951225474035"
"-263/100","0.375139003188944510410328366370962030780378691922098582040217806074791379931700498680156597194271163745045879366033077045769027774850970015536296603203909209866037353124401587104000390209461899045849922015080561407532667206630685343119099736520836509993098726356593956464583"
"-131/50","0.377208273615546858463349382696449030245104580607414388399647490664884365486994268588345754586321367282257193179159938408129881373653558807140663560802075256917073475600594692827658578757785463944588496362906439894168404690222448487326484114240137832514029013479301973153021"
"-261/100","0.379175057569585820340203766563500105617895288239258042888523884397528365455685481388478802065384060074552793139754575589746258127625922913852353874313241874217862210131219375946170016951753007968551195281421826179747473213489357730509549812142112537277226492148076095563202"
"-13/5","0.381037534315798838145326045220144760881232204242822969596742081264814469604484937113938976771760071601497255379554725112872085487488837116867798189489560070753050724495572469562720235269821819991373651706710136983879804690912232211574554257290312972366373887478061934613349"
"-259/100","0.382793894586621076983081630689265618629746385620153735926853469818608599292853877466593130732026942212140484577170228648766449172412334379592641515008999825604273366284672406805356698799523955042557657056492696731480089573823855322167175544273819975221368358247892173475827"
"-129/50","0.384442341599094536085212856179396088009267304540646934673170534264565592148668590591864212817180394265260757937497871838740459040019619031574495429837095001955458380028650356388755682704810688414717960628307844031005167996741389081278286679937397735314044247404690447811174"
"-257/100","0.385981092074433929447598403227210489377083034579704040169524103178211742235890638291120838231886606971007262150027950278377664636780485111571653188219481054299457371338523155504012034273392874653381046622307068103390417627162778226396976104679542376974498711097723397413254"
"-64/25","0.387408377258913587810662065705128931985007678915618905584363537653681317961054492386889966796799390219099277251581445917005191105956598305701979837429335325220958628273948049863057685318587927237693866415937737242140668907621086014265326053948051350483985235691108891289186"
"-51/20","0.388722443944725295955739573599715624146010947912274703542874868239925371770186202433987751247630805153985108798752454019726180074687504990575260063840053704259486440721546171682606203636036430973788505731475072031581066277128697289085022470029333875991965314112093093111244"
"-127/50","0.389921555489446974297288012980491925142693421122081050425244278606126876091138685220383170042427802834036983728094452311388952988007880916897276109150919608189951022185759487817491466190635666790217919474406065040850940352473967166091152716886052408466747932306918978189149"
"-253/100","0.391003992832756636426633606052846548167964317761386797754972356806093706460198962622274324068151916862019163532272274162864611642302001096039369280915534378661726818596276973572881893289691387807897644745946039263798060021688574379392475639484776252030260366090974481100718"
"-63/25","0.391968055509025288903631018613138678676422882639264715938709352757499339454788662417696876562114532677383485221140539559236066901119427193203220449866568683355034764022959460532507437921525408292300491113368904991098295990283509056199231357170620301315787831067476703142593"
"-251/100","0.392812062654426558870640032030254231376440265587828753309865559018264875918799094708664080033287397165809562923669844397996255887486356019019961834698422216021215343990897717657490313489372455656629812945866107346238857663779420958430495163265162724296791548764420476567481"
"-5/2","0.393534354007209998934663011239833510821556566663130004712281991429703390501218468691006697276829531114158572306426412141431857295111661097156631024804202182539043102010450173979582934414043673085944824563636144992096398575584295969709642702191274098350552580671015127593824"
"-249/100","0.394133290899799373413293594798277330168589238608666677873864771357521681099987130222328944473423802956743271267491741592934866179740115647199925839932460621140319669083013232016676583689930636297500281608463801785354364255686425031587303975740594676535262846134985647795115"
"-62/25","0.394607257241396906872927017714567936843758011015507183060519294829175961616087432854780503714794263714825781131413302150958010614967375809959875579677560055164366202010093602149361797098769005001937587742262203462368681279434072283564992579961926240775638719597042141927683"
"-247/100","0.394954660489799590571482838236045049461748911805997608546069874384504461378798638396044568132575554068735637400283491730675086300735609053908753072820940915287293555433968833254972004616157190652772242520976508556718321306661629957724350706030566776083972244537637517292718"
"-123/50","0.395173932611164293988152633703726275842739063328058897089606969197343880338331907334685291534608358355802400158273293129179761245621011998248480920641055597898792277646666368949486649781010524492156574191696764260055913116038941560644678937392678751984104426835284049282375"
"-49/20","0.395263531026494698653798698160018894354244239127147550030140132584022390844565147488280353916539100276651973243962343783213015977072328155984544972078515098207966365591967622914299281323198261875272037825556866589648290718855859027761870312855680646285342851321832746637551"
"-61/25","0.395221939543665023346472534368516152893296191549549925084552404109781441624852528119001725418929301025802002862673464410636848732419720802929744383294457539304791872459288684472922134508632399983805135359683831632630731129868112832628095739479472348972416977940585529777275"
"-243/100","0.395047669273843187856315214850622290381003296425459618802789623985919668298969332334101971072868494644755613864677693626614498297493836262679366456996984989161486872502467746449535736857640494096128617668161423557104433294354199293931733059617752462260677822777743026049258"
"-121/50","0.394739259531229491944241543203151017831492346383395743135980861841052669202059783822226553334753263637963504943829482523640619327422840188750935928356668910022773269303161809980553611012310544566553985398843489355784690098540887466018781483317752529677735622621343997387057"
"-241/100","0.394295278715086071835737810890423329532261243768913908942258535992881249780113316821251847734185756063582292885681680145109038056771741396571338974165456283421839152179427455446317708746269519714469310264078882118828731689027817221931044794091617183185168076107089189696395"
"-12/5","0.393714325173097323244596593470243505030092963635142448324662591648743624947927280280339066143985857904437232811167306971352492212900443808053359391004422827409695000533278896843274741601685528619732089890955553652591216282522464934799025395540567816047835154417647772873898"
"-239/100","0.3929950280451721114719283778549311023285490002366585578204901109608861636285140632341275527927626474163684121740956320748287467464218239959332770163823674845976217870482233271150430668122727427540090892113213944096671574357469749422699352619705842798681580427717003246102"
"-119/50","0.392136048086874868653680218735242507019967163692565145433003750063284420426963373284208909989842724261195370243159097134390713885835228063668881449042266839112928475392571786061581746777614174978796501847372282050385878922037685506049088763421304870166851580509117362708258"
"-237/100","0.391136078471754527838444737787155587592344032757057577880254092804987326625468369503228087867200143844304509826401200669283973188734875961474418111733814382163484878554489958007648762179049033814779998006121768560795224606589009103220652768205024371613956023911124689549608"
"-59/25","0.389993845571927564400696260304097547783055851583657209797810626069770953213092666933169589943182339221776970007573665094679981589643039612171125231181645703772972181936988780283482067051217884544885441486447009809419760966414828260355768251697654569172992833182216426849995"
"-47/20","0.388708109716364087610599340231281658279396497720993606263286304943648310027826608602863045949933754498994628126287602113702904839645803180841740613948908738276337283803713358716321709788364651317087271130585224425583167536322678534648030103674151781420709732466796476465014"
"-117/50","0.387277665926423808628695563777755640748080195030979360935356933787645178133346429343255905900708940881186227828405603987159195358110367394213992570865882900856122610815874084645664992747020554829223734908974068508774817233076839062137599151226726646886094852270951183057526"
"-233/100","0.385701344628291645090303154285681056390790628920149921760615537427541601722911268137726556663740649659535488739871097391588936894087737430109124164236302432127908933000334658404413366556673852773615460755924912126190694934658983920902706555828146608393913752621679562790259"
"-58/25","0.383978012342070526206591762379014981534911440886515490054219477029711013427130174581679778800948864651126548947427394838146324343971249013381728897895109346436103617985665672318006199821227172752088792229163553154816840950618534571431472523746654241053245909718435561230625"
"-231/100","0.382106572347401435964830995147657741565966409485903237951020982474759700844013195763084377479405557182981666973137414572097442188713566312434033003420100140198295343896009071435861082698495067195028442275408908726558342746912535969648635406996889223931773304217894969284502"
"-23/10","0.380085965325597656802496530946266383485309312935865931376300657803713024755857603357124148895862538384140068930908480556520083436972692772712995122587107892467120215649621885966092992552539264245711589952735754249045103335069711102754626640642595945210259468765378881656723"
"-229/100","0.377915169978401315205594185729500260387754615373401825777954685473760601344735668896090518576776605091120405106232943586418710230936404059734550782146819346884983212341242826150388551290119613870044174429515945465618002340814696499051009660724208081492897225396448890285488"
"-57/25","0.37559320362359542985670891053054705051867338362970170973681813456499985147104623525226696868391539957029970402507386521466181567669066322991925371454898298569604024288119555870611775856256307103941839721536938768923847845363236169806960485181652795310310038240593732809543"
"-227/100","0.373119122767833451553034032190102115741329381236468744927200607961532199827517710491096910030003890092747416437728885813656431801910095740810034089552581805248285381413822132019854015232100330445919025293664095938778855796182634562095670437757861905121446837360147097352776"
"-113/50","0.370492023657180475848994558916541240922776169751369329612474673617895595509557475259871534388497048658279827277628594488378880084057433958161198942405755871990120324452285891481435350376238083412501136343983684561992899753258442000111846903623632496341809282074259421487356"
"-9/4","0.367711042805995603318763818722499040710550086130022982877729794556149213454451989888919526976855857434672137660511114386431883434859367988669029607723452622519242886515742044577732935626808014716635896384696868289762463441381626263858664205780058111002804019608016251089981"
"-56/25","0.36477535750492300388198858694849252599171293456629464665137792855844543243072523801250192019526080054855674564407002959659674712387370221931307691738823447153407385208625984801918303234293007454013775369250737908666042573479652800017321510418356598976951570359006031003986"
"-223/100","0.361684186308899783543957583141330082002748088548504105727148663290928806514638091598639897559590285765943738262225333292208065445200468449240980742671250459508571564365846196529298330446386185252406227371280108402033765046077669527082637063244918670423419893705893026245165"
"-111/50","0.358436789506231415308765441876727343593198162085632351524708186561373643125857332497558725310230093333920405941408921095646299450135150828909638300164446276009044581606867995944668819694641187764824724312370064193378928533125338540402827250932666595812934626649087456870226"
"-221/100","0.35503246956992993149843273561617793046426953482803872094409947198344319303932422501455932428839322287459406436677732745584658023568082261549747980304819649037843817936643843002775965308936283499586873159951500487960152807005998433971515767895158197352532279027829455267715"
"-11/5","0.351470571592655923283009689199638554945237119591141771864416364608116868413446918309042802419587920133907115160727112532495004428792753064463825908973478244400931982931650301538629032001692412590260819036893781974617479579720801510328320465147899499334847191425517053877102"
"-219/100","0.347750483706752287405100563613601267850414550852715441903995582143282735442800707997934831593921091184282162335284662711185595497815383398890030789733309227155806933773965429309675185050734918682532185352796647324370734361143613381384875604596354458143544246766766997548309"
"-109/50","0.343871637491005224836611624881445752587692241584284907833818571851727324524079769462906353470553452869150610238195948073176476840603754262840128167849531682595037345985696835728525563358225908405559570664911946742540866622156080514141667427024340383402142062270618477299542"
"-217/100","0.339833508365915849803728788607613033906278006317785855043218513900223104490563994120590730992494123618318391980891068039578004129147371962190716562716705767802018833326138461762595126424770512532555984233129424437944011304942540964368102087715340598290165955354788848076973"
"-54/25","0.335635615979413522903198689612404188868857143579175240684117106745701188139603477714370189957774760785912294968987954311107067311482488603365717065454186693299840917647676442535589183222474821888958963037485012551214453856666635991316252181118551481338317951220795269917107"
"-43/20","0.331277524585089286638744601187045014910778254549939064447992597197527870636810581753186931171428497920684147266694439108467906502252080180915799577959037502694524773868280671521740278846960567586892160437431920058950836852081096838031126714480587891229678410967586774816324"
"-107/50","0.3267588434151741591695077152967016206916720016286992469671602979199819687231223952636993623247420939553568014313187924790945315304026925028275024822391636017334001996042980641464977279704122684781562778534504662348182503665552839266048038265681179341612017479774083373396"
"-213/100","0.32207922705063213235852619150650041630927532469643883537043323237996164932624944562702993859877624817996814885025382008182856952379892636824462649325266374871257622577657649652319926883635753246869867074095704107955520889687970257034682207439626318033763788272878991126708"
"-53/25","0.31723837579088112027276080552439135224539538733320101960842712867193557319192980073255371481997654661076302334926267639712167919875865844102964251275297090717944245441106684559482221779813455864854661083439036122607900287768783358415885058509216817782485486761361671559095"
"-211/100","0.312236036025796408413772499893977524081303693766560786101470704281828779998513519040005936496579799538907774138640079680730617072253591356578164427412443587617475208888563107515755102012059831396966654454720165835230413723100175665953565227428259157693136243889248219294162"
"-21/10","0.30707200061278995408566999384325516899231934486230331325830778392398649835018488040832482282020846507811467793959906586962965525242175627473452335271602073505203679889777629418485375369571184223021481404306633336555269644740739432881420569058958695488252500894304489423876"
"-209/100","0.301746109261894774150213273739710971712270202002954098953700661545853102672751366190325634914386729047463746567404072304816945520394891738581118264632016356890398321563549441895696925274225396393809328856035169034986818946080594136059859843095890355045331271720607402081933"
"-52/25","0.296258248931916215471742259535618774029990006015178361835442573021906112530983315570215129331336520534757046474553252609742527138427204459313331273017113792211425636046585555493068416599498835265532227191523489623293493740537310887257020467124084031872984035898549164483342"
"-207/100","0.290608354240840720737651253827318698149600025025536800349889749404633394710835241393877559582284875977955933358936219598825256524942244951186311870956073232519667555181989355486219909974657542411311900640407147072757072468469049927662726708401586797953511163197319478329294"
"-103/50","0.28479640789381736049736124626926224434476573236278004035978468593494690770374742435204424012390582621985104082703476734574697690945750350328479189553432776601747913874451350555294427754825244806029516713433997620237230181191175356977726329046942763588152672056907186710668"
"-41/20","0.278822441132147480502477452832690577825862755691663309950456920048161630200110992472247816334109762418507960824405218855266259761699966934938531723018339629161779663998583442326372982928161170414277395023434180195108331502932170279601569143130808568153474592762968230455121"
"-51/25","0.272686534206832887312571497104575251557205413298190746744229436868090009840322876479786048428382292859912217147985986694059195221372549087019391338082813927845861311214044601598900616674935161568391815008579489430611346259265579904314172448676756970294978078998801867001455"
"-203/100","0.26638881688034263570129047679209178133828363092366537426945860951275368869281786735508492665332273545935173238278525197463427249473016185071847761877060813766834781290288197137465821326393120151181833914293960562264464441593490930811978911081982902414834848677633435607006"
"-101/50","0.259929468960362254281922398407493960229859930464192862883813947778103381352740215784370217432342937085605855834026307950414980745314400439925867710634299679110974544005657039627859009028078413264257358467285215692654753222964334697311707167775552804497719246911848799238976"
"-201/100","0.25330872086938671013604714281681706038784564912831358008978305236883224796628885245405934114630259873866229650618270250612518373916241470106480980626795451247688396219408658879028293111990303655628213901060991122579581884082337490595181276651667667045868197814286570117753"
"-2","0.246526854254109120629325625357614681443294537714546102448684076772255113840722723897872701703090160929224102982809257192967181750152700138856346544190653987287795980115242062281621551010008843540443559672367606857484445903767463237963171652160093927805982533040574990692771"
"-199/100","0.239584202638640713748920240286831658490674260555568666679679321386953234018527350425684309992072950539110724491581322261574505613043543181710580533445859144631675265317552381560537414332183259254459595222504588548528721359788426918964833239994037977635125704870752609592648"
"-99/50","0.232481152125673349802337269915309362654645705402107890477586595562588301409549127890630422117560940804318655647616093335144994466916874479504452710841967452491918782872633677700844630950064217156350834384862600319150555370803511494277127979775356712132018294928051411632921"
"-197/100","0.225218142149763568439923075277332578431778466519980516068646601539138434482888376738262931222230000672428798872940993621023804553117730234738685389634574475775616911691551970520601243443941367099222156530771244183099238413062145585660263583073335624597001829508048401933206"
"-49/25","0.217795666286976124532933737761861376609899983079901913279112920672688376316108448080351796554627621230895204049840326733002407430816778144457925681645571302824496274305229128198226678581543183906980788021045416922021961825922430790105635802517183416013450905886979777176847"
"-39/20","0.210214273125174820083405107724512629870987502827299746705582991198153800917171077844312079014911798696319687268631279472173703766784265596467703643712014775907083762090947083996319383176360784635133140235389819211687176953980743324378236995312698180113543408343732795161014"
"-97/50","0.202474567199288609322781828134452172760420447523033664347928459084668150012521143131176552291973119102940004565139284099167962135568039907093531674312504997075421216161250602368976812536418615406688051563330647036918690826759263548666701334397472770271623237093806454979418"
"-193/100","0.194577209995910920302832040699781939061508906922654340628577130564786958585341966208066486967261164379216962730866319390850224623530889649515730262962330299511540348885751592121659091210463363560974763301845986648951072253262143990768406159185710847140595584733117586554249"
"-48/25","0.186522921031609358870810844691393012827353734368704501262926428943741926565768378331923669271636038623338692895606583173700249988844625619372083664588118759428905826932764897119884766198973952262926881413482886595026225990751312483002250006059554756673628450157848051560609"
"-191/100","0.178312479009330897020699748511451798410541585728063528901615076304745770235716943355710444956880169401504494692059975601751267879942614058112632771556066438407343921859445035768315270129530279973270954175928003183294494188058910309581087765721332544610028914398692885392167"
"-19/10","0.16994672305728376370880235609845013686536538140893783048770185373395313496431704574231535082273153371295396937828977518918593345668802516817311858518856654018893760050022813280080822666605296744674079564469798742695457682509051560531168768278770896934802140533856154067734"
"-189/100","0.161426554054661052451114396173286189675631760235528385180657752029399595745598473105314895909471567673198716593461264530075676382383460804657379075856530584407397806680809900440770739708864723830774057153715503202882838023668727833856771603593767239141249264101512466407982"
"-47/25","0.152752936048542116500707693105910104551304057128194348849234510571915555823167019508118707898006083757671987026236592838171586297607539409649975635009634827108671029014336936448848341548167101519236514383335864034705445747394292137132094217651735725901304634084748336937205"
"-187/100","0.143926897766265888981320156980747693699815801197366396192180238403504249561004859283489801048882466101657954454068494791275360973217977631614443262053068588443961320895607775704057112486123899299876965624313515472736063144199712523702368403597605345610982188316672628149535"
"-93/50","0.134949534227515439765593410231093734825202926115831790818245817050204704983833444091434156879072122740605115113926389442351948015645493012430711909829124170998965758118622625781680727974519920302451715132150070996518748907490207431527629021176373067255977211654601335214751"
"-37/20","0.125822008460286174457018611030953654998532657455774357398833965721286923956655781866474481008871864898311468318610286734229585922926360491929611045438846958542810041985265551809051576224273094252614391365733524355099879328131874306830010438684107981450611275099852354298473"
"-46/25","0.116545553324833400377220178175043392405256207936002743616792249991231185733286206506971938733504298684647468252421703736306577916831108451472388221193555277016862963906191844639752473560250111085427535884327099457674954187066175892887238388171528889740416287684509989189771"
"-183/100","0.10712147344961408667033736859559829142186842354390786228926037609343361950173953170949390742563074967077691280552471931034206540631055912523059762771131004431360252880778289032856446300925389609976402809766968772118507160300906317721023711982516958557323730056330221712569"
"-91/50","0.097551147283165501472995578650091369627344948557001748595836185059007908915840809627262901001956636980838896930555863675891483132182803138332564225847148606958204489744226809039564214669665102278527696258483812380339925783099612019146639075316132208496038990451166555603941"
"-181/100","0.087836029265830961882886885999183597593409598680616911009973373927277861166846241320906027947048154100461396277895043629774484963273081707792364591462325616532748705953313544405173198739236846902600132270236792885539657604417389320208795136857461950724607180210518423707988"
"-9/5","0.077977652125328034842158091681186355042530401962525000509121489911741643573097582923714795176252819955388649945312948512666558302526350430557168398003241503046544118926316141414824410246197308789195953590909908261605781173032570451083763171387664744454484481992602339243134"
"-179/100","0.067977629300569036545118121236637713189895324568963948056683876252840200992066217450629141243553850574726241098103128567331814193703232452718787613782036676212882942718289718630051656648157466075334591657683223407296524908245191165790059759991001057177898958678513178523382"
"-89/50","0.057837657499527614718643515334903158828276970015714720098035177821835567597453076846771323228064050770021095589243591359922791930486295502225773415542007468835285662532378606474639997423791855135544734284952378568473812663297907639519014174447797044088183075305001538876572"
"-177/100","0.047559519401516764132753519895502475273631413431823773889570692205576258418057082365555090768466939462586680378856636257307151840327795158360198003623676797548277620306595531767562911478625365225178991491320022833275997119739050121543127807782698664586361443002205851371099"
"-44/25","0.037145086531260076755199198782173930828207184365031732221003336506170715675582929406426330420076981013960165670633771279392802448692901605335479794085610480330912373216911415159323040335435627940337746301519768639337508261702827880903633182947891546211846534333577114725427"
"-7/4","0.026596322412120769312079769107651692079243652740715216730998507294640748871997573843511271896873850836227646897201672130715150908387119613332676263363519047580079466343966563703645732832343558659515128601599418280750886045167871734761766240872846728532566542247614010147121"
"-87/50","0.015915286677887378652004579856636686196609834751728021510458669023226559735948038273593185297741404159472877951554613467230894033646600596751762013261530846675313994311539711242554168353952001273247330496230148091183237079522042172861991084556388710649959327336415734862397"
"-173/100","0.005104152400125321759653288650789461082553073039020844821873675493316316556012581996132365822161812804289946368139226659872617764724614733278804509491198813040375765408629696124299656414251906608590219821523315141264049727089554105538408787696318385699398364366627213442555"
"-43/25","0.005834935417044295648056624883372486299960372947052578921345580958229324690521379717311492678866331307127609676499083306629969341784897805786993025745128773433959063277370813765337829870485642361846461724842654088067874548434047367036899139806641255397910274751742789626498"
"-171/100","0.016899433768855178438540940891094905058334584634284849289262893102588663392155522285653125325796907237069341694991723084561743587853182596738418128559842099614891787703657508144035171147357569718594316946559982628588266702635030528397750402215408876166879243643947702708756"
"-17/10","0.028086976757781377430468671996688722466664938118188016466542664472008269930635475528737565136369622004324884133094732861516232286433895949302951941848189686239933042715059386052689261353377818161845347469621571515789359056965509627647092133173384579561604354967716990844038"
"-169/100","0.03939496735994795882049056800052701936744209073260256135514209023479258028786785855711012427571750075118739748508483489483484427474415108771422774307436581502282585120527619456023036362324237047662174102233426944638812847889913997006341109280864900057074698141252364565886"
"-42/25","0.050820704483476212970727511399705210466595284434060266101287971085813842260660506383308228488555548454362811636630537127120861979848700071739904426569730531605433568957269590114241695638298860502512881825255264404326211560268958582999838970140305508491964267047387952153362"
"-167/100","0.062361367794063928880749621412929078197271797203280579356206222186523148558654073875655022580939108694893180248607176466107550229248454664882609180339469912777731764791073826635829770648422420709158839402821046484626483846973884247875523478545720357247714363059168932795342"
"-83/50","0.074014012581188544649677600644608976038984078318740771323908425708838049231515569265047457847170181577132201201514397671943853749117192257887307914094051308203239236374053575149952683235822068965210786450189159536695762354197944966006615336007438712743367078943069107709736"
"-33/20","0.085775565204846961272270305447488198527245294140389485467839804807868734022701776991160313454811332391196790932479110988666331890684713679580884588566250998310454667631753435793224016633465849363433167740470398585225774536386692126631933281672097880730336329809229289458904"
"-41/25","0.097642818535624303980395149584815373595622619516959516079089009783765892028739587487312235865270246666286821531596944891589769133381839386707152826861169575850934853428939138889055862095512338442484312537586710040770989218744261564057342442861385407948408724483576789016598"
"-163/100","0.109612427296697062520560174401828930833516516189975974488316373593825507619100591418697772523297725966844152717584717296499030259868499988732544793404011441891709934711051688833551102807454149081456893920954038636601117715644564242772503091807752648764441529086956015621037"
"-81/50","0.121680903289102874307670271150121052037937511150873808860574237086821844683652036202507606472755406743852088688175045006281030755929703713149577631868592670001781331600097121984485459034513786340931177997147178696700930832155284995496822609181025067829112598190019501310611"
"-161/100","0.133844610498162982554497240911507754953051573132886714323510705086363693110787352721666472559845365084513257299476943512893992074085867912819923562305646145946192652229394632646488603589428321114930026921114224822255706985720085479933882334646287577383299358625509003827685"
"-8/5","0.146099760084177014361403426832442502255197002065079091462596262910401995910513886156877656832005991815671379196637885994734241250247791393658334374315197983315846447325945653100139253244395899572782442743033269110510371253675150058985742521336517065794078830196711706181848"
"-159/100","0.158442405262815181889845272632687178654233773171398739880466503258490679363556401760385760613034688351899767493918790628577482645252486164522343654242986070214269769384597730968409807009751143392042987352075932311845194282696075725208211004173108248413293094486328137437625"
"-79/50","0.170868436082049328905086857222868600026654828696417877562936856318948117015395674709769849323449972521171554871462670318392586614651968602771284889034212017576245330146602885152770317754835622514123850799038944053370596639490204966629623966989087305142678168716397290281379"
"-157/100","0.183373574103585507239669706507627660566641716441988593331665368385457108648286227771294232124455871455415315118622047613349886555622372006031558217920094339187497114432500589639887057961440864023820082538518886804158570408713757712028261853572713779847336816595831190143593"
"-39/25","0.195953366997784670216867553693948874037544400767195463769432904517259261087707647420713448327306744824771756786896961744763740821326345659791893439789900877868131002725261799207456616500806289300005013376199016290705424753496707566961805343902573711786309950832811611062874"
"-31/20","0.208603183062056943280375007230943372731183900438620240741827414705086972174251849563125595073430464275874444040285108772439994734918930880703076258514618122920978743076053360124880588739926748743693168160320751374810614172253816694525394899631821604473888598525111854428106"
"-77/50","0.221318205673716613689083413993663003796688785352957365375242105830825064013524043064996609734490771440063497267210679209511725247955529639786929732155840182268686243625000309339101083643464582472503262847153077028204348879173525211196408498475077380261460617388396956151172"
"-153/100","0.234093427689299835519311304344889970477884496974276564805890441379028411792299141603968909530828288437413049798224061452456426354467799558151336856407795582234134414402274597084621860240958604110223805675657094299211025902746530772965888996115351738773798896806246120690349"
"-38/25","0.246923645803377850795359018548712339285015229830109109896360440146054463010856720505841778833294175701775218414730380067288982332979660552737739599513763575117807737815074774700813423383266838166178268963256563024392657493841871242542135106247783559149655869487281722980673"
"-151/100","0.259803454880944366218448686343599169087657117987125283511298956775490495894299404717680000074768578171993605808764946321381193187879276997055931487569267313922434868467225819886058279303690103370256000892799406602225055847865023418133835667795144539990858504841602748317348"
"-3/2","0.272727242278513612697887572323805691040954438895701920093487900337383981060590345255132098128939137413276304950078432898587729225396797863588040319159099326113817914915385632734254151522479004627229750414849395043466899270991219360524689535066194117872938914745009473043566"
"-149/100","0.285689182170131204554088748237856876762849308046065195600208830989170691540034775371673787453912983723874517249870327191441168745107111845165010085115597427370839409937729621571779624195328377318158517007565468783707543162970933334704767669665004471740870237169866745124338"
"-37/25","0.298683229895567811510082803745178784641908984262024805849262488104965820410168198772068271234598546236318336054551596451230238982127061016361985204371568469303499620754022958713283242873710083444483402853517368034242739253094290951178310718284166192020192140642272143950279"
"-147/100","0.311703116349029554252416046827084134617730456201116393860031357434594975668145015570757556079725062841393500189659098085556161479437097663784314779611335316748180450111994672807070698604192607006832869231391989787585904175216619410035451176385640453945790562167036119456662"
"-73/50","0.324742342427771776130714830459683692705156723878177869629308675115007549080231220631878245195032281879275095946040596760068077254934483686993197123349567979501375712003100531722430979016323525784074299216126684271551709097878786246118350018417069571387309329525073442423408"
"-29/20","0.337794173561036440754027114954804786715631566948164685947970044795156362548961313812609182529072106804701701632973600391283588150697797070973263926991951622502922846085278260023098951852922619446156380286779317439959769032322294624814802733808456728192009098962817841078039"
"-36/25","0.350851634340739042673662751676045092980407601101797988488899743119275080859319942244774577928523170954476723981117730575997939728765697880746390390322312099621565904094973512911008821327338084755626027518225006056526904156630716622665017524368110490846950556662521311852384"
"-143/100","0.363907503276298954759318075188172720712770562662568237599931942772278478627160204539401998738166929934211815199847587568167962205975841437587707100677965197039487067115802541023639957908589536271283292965314281786706031913429603481087291870428287817149913194784910643005289"
"-71/50","0.376954307696927105787357095456648969418237473123224945181429067154825610697511676886760245437216483544955075554430779096491675979385108206878827531958335285911996519331415557175186133765557012848132732310026414484609847162244045388321378801622282242447792989493158838605973"
"-141/100","0.389984318825545502672901411024056033968400757846103766063269507655508315518628207409439504787778840763922957186511896361992209373102941327778312250851028237781748220255346456293636991102035539624408704007700909860420196488230804595415774746361503769772100524530099914106405"
"-7/5","0.402989547049302299428189478641620924177717241834919214359168490335614170577509853988392114947910619542630058093889924860425722197010218636591031425666778814578538358522788861006209867302383634728534220475765831749736479829730478184317500429163262298915913303573057077997786"
"-139/100","0.415961737412351008557793105869928511172313950170426600224685650914884011215398188793349915516505002058116741835652883231494333517096590429365509586930149408777854110545397750423462098388804460054003254228024813324667723432036684897525726084296464716672045283567168119610432"
"-69/50","0.428892365357169449945686151703934964745860376309771064283487877481666347469739636696970231171690803832450152553171644421189698499487202798134310185059170475288425619029114488171123636795291360035632886040809710959137086051781986758972626567407043131765178125208737774496261"
"-137/100","0.441772632741188847804629321849241260064408422313654548835666142563472162677281073950342809678557841112339593677952272585266296514112005402941466435505230906498393028823799264139479804027560665040336807403309454311188379461786168225940243691922173364788237072005952437406855"
"-34/25","0.45459346415587120389773075797670697651186767029918874185610801908909340426402081079201017324928853439764512743633418945518816251858894450611594183392264419390961930658663603169109673577298670683196043535047317393363349117625164396310413895594033802836365309282858110524747"
"-27/20","0.467345503575598237026444306772648846219978675319628184848083959878715173366183022547127807175865753621449733306544467131485489326335355180801007144326597283323001886991424632819237311977217050039838112703941665972687887896825652212782234592657086426052153434048332898738037"
"-67/50","0.480019111363801880245874907482991755132630554237824934672407343591583537329788294313028588050047275890231546355244130372131658561312650251735392171599381391806657483940270029115133466942722831285443641618171749678640405075831616675057270721567229815254584720006338580234236"
"-133/100","0.492604361663658332734180794337091633642289632607685134079710819846497394256798310099367354681241911124065132876141186646085879387137091005803806572513692351381464321061554023354493356412480348751563298514300641837583377884850924478648830607794321175071309024911816173249392"
"-33/25","0.505091040200368539642285407819668022815152763656407152049065350039220794433079290058293221294706340542579153584640588878741985448188608392506890321157483094625886190524526840008641999332392675734173583056643370171281483292344076217257441195896781331627793252850195782805938"
"-131/100","0.517468642521541243087164994046279039872746072494430551580695297152668093385240020224700140808659412616744054000087335791700693090650135823680776162747834180227742866981903492850860506661331162795749206101649921062587746145385864916618811728427423566060389873628148358866199"
"-13/10","0.529726372701464061158005365661833227889309859773315112031032846520278596200435713127850662799209944673168040068252080162480109840770300903482999451575029002121402269973295586480240498093913105567036892486740163684423014085062574622065177374652550909077966325861144899614238"
"-129/100","0.541853142534077379494504622160177568301038731879118558740031823809948479477976461645181422391253453599638287328054332162591557394763486255330566486875355774267638020316771241370740765228419189230022883422925249392206146333134702517933089159552462303279274737388433535421269"
"-32/25","0.553837571238239682284149489986721136009140577905605413014236643404629698918503151072889926643715138600116170353932746342476684052778280227357733355978760296793708549695597424262366510485809856157598663140286438449349866621313647725026992444547936016986295427206073988885007"
"-127/100","0.565667985697376566679776133314353752897180975395399803095146971644102141776768700696095530707391847392922870608019610779681156614113625243659790168164385100320901076429021660549016748727867038165542979875714344208392254970000761740047249164548510764400901225764301744728653"
"-63/50","0.577332421253825342953663444407400420993051782353881855496248435616477797847440150845069292760449488659326268572136568418838965978334055775572133691742024895744003452597329346993408506998621116503658057128350401886881723969582652318616353548658057587838725386856701956470237"
"-5/4","0.588818623076110356497012702390564200471657731409754286056599090855826020617875931378793395641491782072307669540565900409933296863352188046544756645364064741309224111046967359721964681167509947217600800862354793523034493596532247457461493188462425255170914793591577152106936"
"-31/25","0.600114048115000054956459177783011471594547386262916569463168519622361675482847139948393269682881351677663887818784964743142906935980833027644111370226564362919909514907096273689832134371441415350799330988401826102662343508540991400519539665562821440545601888195732857421161"
"-123/100","0.61120586766149627246320420890049105683522221415840109672172345936056321639824434009250337383865383439048291756824332729741664141383045589800450416505427497634000274800489213513872383385673397084413283390487436777332469431123196730053817769554764724510656275918689180348657"
"-61/50","0.622080970516882245843852516351298627315739565843017219606759483475444071730541772791888123540291064094732375603439087882995945656668576974716646775372137008888916718404265019540583215010194360483782459963766507301941068078718051124014414635184710569453403182498557534925119"
"-121/100","0.632725966781603971251984364294744152635406576124753267398037336506974249376516691206428418257614449591767795193927767223252756715291190737761774429722220342576053665603696744244506307620879919965458866912896527110186037571893531159542494272189647329396834284617000047307366"
"-6/5","0.643127192266077832832254592681648714983956490101943880139254228504286114536568350719405783111516496614774587971456548306660424181509541546006344385254882887877297587650492666553223594941954932179845911207536456453897695332594620490894921571347074219372632139002256639429675"
"-119/100","0.653270713522507184244753308464582349786823823148222433802567455963565495672368788373971800714328184830172130086082633566114952812734106493780076029718208164796359976055357547839950712320969932104095995492850297875002296892966973066419344277240298745400854408734197685829888"
"-59/50","0.663142333492456238348488648452413771333786220017938432249002903213273592623347932097881103516087140419236738858076513416899470148661201820219790034587250790047766484431998028771148360508602739250162241357908566384487897883029581121398648103040402353334811660339423143101329"
"-117/100","0.672727597760279292656848120156473654226847137417848361398534473375973484538870881519097058639431893613380653049264398666472173233100325912867069522677490941119845447988457220113598290145544590300058202740624190448211506696103244475632876097321431700972242982462019613499537"
"-29/25","0.682011801397548884361891805139552015860543242355429377231430573120415319263081282778079702688984250738736261273268876416513565149794909384373771895686051107176489983962218665671109048177224091152972474956804972338595938982207607002429460201446959517521452418819583314750143"
"-23/20","0.690979996378383871847438328651468651494069974624156489725908154464619713698265163076964197652167424702340011709444157530624282929541097445672933853313231705842044620202522520899468325814435580145773959612461514566159384261814476970488700107276952617586016530005343989677029"
"-57/50","0.699616999540067860885680626192970323970098676862450447546181873462537086018705703013446081558206674449369925520025653254867347167434009050956820742648461287719566943441975661948517462052214955888007953644171140168684291710921593225212687257903299856214499407962086640875292"
"-113/100","0.707907401057594405090769277364660641233983727355496624079510849939582483150751964411916736994162527929298017855197803814080149521589058731162438556338866866154774673549954987749335932403331296239310581951045987578343538265680561436702261524732775910785562532451126312148091"
"-28/25","0.715835573394807082652919864995260047643086132958063828018470993505924295498780535853317867687404120908616887560446503719021519235902162689226882038283645624041432857167086850589772044294226391165302941583592676101439865447210209516998044700250393650362860955435827395518484"
"-111/100","0.723385680688653513378457608597982315346461654593111522715659475833160960004031593199399763861980378280648899796023821917706762101229308789246153392938278586489716358802797296792661700164054021342843240128365083805430251146963936983461632209771048964022572256187895473256443"
"-11/10","0.730541688516780821412459326582577135560997912693483093075405758481595726101470264429074416997407550683994527798356361124803001401365890346861520293394114901053022482563239116234977442371014804686700991145697606556305898471547146437929737131071200732948990117169695279044493"
"-109/100","0.737287373992308665769542723637971306947043239600008468956459504941444838713605473938707665093249479852037637690830579808252792535210993279714347304601744430667434016907918414529968668521937515491079720864359996201318546513960354099959643565233227324522812927171349035882342"
"-27/25","0.743606336123171838066566757749992147500432230098416335437181123083922890981540489554669927953328663485370870852040680875408585920573782366492064086734515198094275757927238942191522011815207291258210790903739129761016299089024520328596468325140712288965299281246569105899102"
"-107/100","0.74948200636697885745011124688304223304044544184087549884551097061410121071321125265729345708837754305099160333314619436247216510312301290271672207120663323901593432419900425194419851298561212157697426971563114142831884751828459991282783108144189605433130793403082567007547"
"-53/50","0.754897659305941230801871445193580799099907971444349919114457915047364324473419803481489426293248528502741949936635971623748337954768253324196656138034536838855313903582569338274456049869290708903927055918098494812580870083355790856603575247873525128787549272386225904966183"
"-21/20","0.759836423360148996882579721965576068461001120664370657500884529266268281600433414289973044239142391504812743468698045998408868811837488372550911245783499114924448365172340337783018695083943992618869938795010926923307424755249175687856039986596612422708887997033173072950151"
"-26/25","0.764281291451364019787279055209451763819447029498946429095902852457310408584249153348432828114418164069535004614224539208044548893961497610530477584560025998030012464920628715705140844133359985841895611145606473206043946311497986892202947707620673746645724028391599352246854"
"-103/100","0.768215131523638272745668713905956486065985862648895191048388634862510611048552510558278569969805372765230474977414253505935286928459703761631175408885997376332997822345413939161412128355206037753583702358301916174235063272011627630954476133412973153034333462109847010800621"
"-51/50","0.771620696821507459473676842633692582690676608118828008823805602214844093003360036934931909051205280994111458632893503284535959045886616322440551663657599384307144742182058106586018829595226463204085430947061840063989319419754323193516753539172191385545474150985796436896583"
"-101/100","0.774480635821330004387399713411852332890723096255242955399158810298988826878515852162892301654378851778044529689026745006909547166090072650336633428426062152268328663247868188894284221116189986279300710560377532182057508655717848198129676632683081468223235728124738064925772"
"-1","0.77677750170660824354640363630390958161031134786441758250096353139956235781907334946150263118880243366794575216905885752985326370955125986346306518798538101152677174318777515037641386390745819756740257807690634509154537817397137707564472792399652164201668845677176758911716"
"-99/100","0.778493761273913820939919495494299691589844272632584561572306572375514281289252491203484173423643634890303197915879564128705681260704413933865408978936897567818672737462375857651773900434305842400601654020830994243747221588767744431412051649554431579129793092373623756820469"
"-49/50","0.779611803152414234503440239033263465183870512474978573947115191771524657948655195952161437612223690409975433194504045044941079618033817209047490066663398698590194809307616430195782427001320620623653624705235649953003167136804335176772917325826417282971448123983843928406683"
"-97/100","0.780113945217033151500373614986843747053554524958942253022414952796199096279290094540917832933176635037747709949004291240532623376122375725573551390757657717282714516489213675321428659112741140210837761210755509323951965254973418242119061719012737830304522502166956817172174"
"-24/25","0.779982441073043531586419488071355612785144513690372267804904407444252758219545057189814156415266048215441546340814169961642636689845196077944637498556833446794164284816489828440904176249528247205972445970514251875197308502093538479451693237894785897213632040452953752319743"
"-19/20","0.779199485488458323214725337333383112543079600164954545465147173306404467008637122566650568711026546364399029429166664356828030753758873971948014675621719426443810868069174178317974321563546546816626882989365207400217092192692020490648690577125544717128193479339013847416468"
"-47/50","0.777747218650015248963795738941016446506376491368274678386702833283607057566608310788042622055557905488961013455067082464196187223857728519149835431359976231255086202955283395816400441654708065571915730973265861534556397723024989843376516675534925501063365424271889212919714"
"-93/100","0.775607729118914518671431032898265916162992566387292146932131436641162791989250163965839641749729894192396606910820430773390245266357864459803176669888661330798500865466737067514368972012972274920252028833762118105046991195548695266607213762620895134246041053813180685274641"
"-23/25","0.772763055363823402304959905131863513915907810460775611227610170218841457606952116285705994053917216903651217883448724352421071485973402867449061627004420726695597856935699948805609748281147488661041094973091434158847635304502137485707232206896418008023535912201056648264397"
"-91/100","0.769195185751069252764753024486337326899458930283599670318778900234240157760470997190651200110916667703026355563965044571421509090478469682538156029209216712831816315533065088324674479108140161485299483221133602012160539877755786483876220476112983838848345509334975142916739"
"-9/10","0.764886056875460309592535181736321725405939815012115881920740380374578376229728321072968953372817414728665467272724574762210368459675047834832337333879830085493457613243597606478550601228967137735039939032714544140566624098260145946688796476486806141781751016552152873113652"
"-89/100","0.759817550119856992856041092482117495317112925880697275794242611858380450791697032394568032483775621688872497105128381219978927126960456327057070735163888401769983132556622846938249105923564473040585185795159874681967367092434541878597722705771041034578032826172148297397758"
"-22/25","0.753971486337519537488439367352561164454416558016302740642666561611408094699166340076858339518780676745510956640577918357828189429204028004939962782214649063295651052836132346795747445116961128271492646269448281914195851511274655870359071676858940720875537111956259130186672"
"-87/100","0.747329618558434188574925922309867790133110278485811563508159705630115425738691006479738806605924044961503610883518689796711572826837493354176023999603871300945098189890284809117518834900700870242853279245914197672371486212718416175557281461618412480437160864884897400368288"
"-43/50","0.739873622629323615915963596361417430983692371136042518005324149343584765934078853992123868499844236998254076344491974609527680180830506558981020766043400203436871311912193513328841538546413886280875379506601552832104767159767176372058019119422499567612247779646120563441692"
"-17/20","0.731585085706933230913515809604875359539842935170929848680555183253238591149545583635264666371927606081757071993389865046078478501347808957511471880681921258575025184521580983369348635101518442530683368862004688526329846090781979990442697731547400905988484910389482972620975"
"-21/25","0.722445492535512504499581656077551041202833344248342927678632852110963064533988564755053114695867057513101240536618720159948132227128891059520182817740081993617680040462345254962243149565112448149387406235794957516327038538348952611087166624199422988849063271057843822833672"
"-83/100","0.712436209452243193647250470464974303160780072633714541508886662154909646203490618433393130445020725157801610829558556988157888087971885005879929588706542564830109597073511518976471955032445681291931304360762873137956890786320689750314754740771445949613155224017192635876114"
"-41/50","0.701538466078776020410024341834304186568400103087737597912757450414395308654491422081232203463217803357876567610287833788823781995435687610135602786139749630617698262463000105115945875531610345776944182471956378215534268916839846686984489542000005353887734250496077389882942"
"-81/100","0.689733334673105241559657216341092439937553906745312993519802816835611522097005296909886597654368746067936744700520635702689390718727009106183802964548335813483420058809447074331390676452906464684478182590674139903135447950443838780822889163296665065506648976855802206437793"
"-4/5","0.677001707133831022515048856441062377921530766445789264301368964039754164405591844910649565812407134181903257680274897967414118336230316494965550125217840922114864990534002989820310787455251815442523399498326450713218674454052889376419846244236787134186864997390544101981177"
"-79/100","0.663324269668543037749432416113968767401364284541042486001484813218265330493776775328128566912915839121396714312328156700546409521485627596665294708631262920504197544488228440455604060759260726690796859284399517120415704205567217611888781082618457468015070672344850980027706"
"-39/50","0.64868147515973540758220147489645572325664558865806390381527857418500107672182904694820638018595119065493856634960332812241097764237884610663678911617934682025013811061530513621831018899214393906451610435313848932783881990860630232921644893672784399369719092970096379488974"
"-77/100","0.63305351328548668312355597109348429109358360129199900610512970771119120202362675600103661418507386527596303848447458609029193523661789749587117734767893487659956882303466799004177554457540306190150200961068079388604314302335786233763011951225982898219702248767755599529162"
"-19/25","0.616420278478290637786050512623393207111692473146880676149530466198202174211925001879823544802855844320854951323539020021368015736498093965066698219163320077792228120577571077347725091206632972691160471617399574905531143817059462225611731905908738820025928459779464164579365"
"-3/4","0.598761335834117943185361179476917455231585331625993453523131529693634587827896022863062556418941436602126149041682571480320078130696435078056938489777523967504439014786155981412127893157232341249602305590913354620060352304529030784998125292360757904164045419022541065719548"
"-37/50","0.580055885115276293789882734888588617698669211627831695661774647629905030335376167738982175501810842563617234919235064377706112224311783663905409024508064568896749191564127777964368608432629726157679911040383254610768414448451492046613525106187662529072853707087680259638194"
"-73/100","0.56028272302521015872404270708482676215049641122691230701313596927805854997394625922716214304335882294898750934400334584518700150859491938748985240450079480012045308894315816461672628999543362015443753572946033277087164459332983379738404722741614694918499752411131536115112"
"-18/25","0.539420203971381287991164174631008469189296461220581567956984056093969737969897749999313955573694182780731144168984548101574946895242872604163969300166766867934671722523654271286400961708185294910373431999008172688095847137953663199594519734981294148436252662671941116580734"
"-71/100","0.5174461995741901354697086758840665474834585786553226120123718577970075170843958388455332080100732846187215775288879562343416903849160292987831385799015768388055445521692230261991775208704651619953532471090699216681510230701425611787697238494337921494295438243445248281827"
"-7/10","0.494338057225987106255169744479403149844703990776109130902503070780253480333001842133506669544249539825899239124761502305836585635981088195140803113828962720939000171613292296787958663209164926761626760747736924122224380587127217867195619521116266354438804173200471386352696"
"-69/100","0.470072558055094736948746296476083232818818719052046021813578078283571892196099232889589234920735907553397116301630141500066744860521783575153651250360817908353705685424731003494620332503226422509971046515706720265373141035054048124955465908422575074257683579230089015339277"
"-17/25","0.444625874705999470181902505566799327646927807222980089698485224147766847940317886218878496722714543356135837701247889967938146465878178879004418440609781287003971808565810186824861094074632545562136712199400467939461581558810672558984541126939980448817718686276339037813273"
"-67/100","0.417973529409129262691542352585120575951731547528412129058329459932181822309817892515321955188334229853831809671552062792507358972465620213167570492696453422023579932715457366780954016337120542552235609489470813767182620840958839449398461738550811360693307837120156492296008"
"-33/50","0.390090352882642325229285074324807469155159098383634277379016713055842123170333232846785948763225342353932063330483138064340532735865254560820926480752474073475444065411713447782446039918080506964026657124248740966526329294713805732050204254350495583806960518303239426098651"
"-13/20","0.360950444685224187910369264329901083519670172204235256147846191971609693051398735677647744491018286481024757466304673184703085447654345760367540505875373562519800260550228124168059098071498571201037799102607061846525226940246195539482191415459408640819708043234559961723411"
"-16/25","0.330527135723918233081905781599895042782742168282500606038200005156200733076190942105826448090685672389675858323328299765067637954086873817329901965176472599554091144723524204132293661697901563508862200850439954123076524180460902527289304464003834870500633243006686624183852"
"-63/100","0.298792953715474580063944548268159481093944753196929772988638824853076721556834881122162644866715678457123163682442556025668744254211304821124047343842011084528779231375189307075071399193104196534225040944553028501140497418161991189829076295668286048109075329326474968836234"
"-31/50","0.265719592504651867545889226574736475870401777065552092727563325486092815807537211298486006174925242437990279168696116902365428208438929398316379381538653866012317109200353697066299701448915408414017185522037634545301926798057284399283359875924288283762969440975966532836724"
"-61/100","0.231277886259488830710162152864651969825973741619598844807279999963420821403139766584997371893429848033901796601572079249211113746095639473649093355683370605903748182202393625565020877866912359740205655815387894257229767570067140053790128566939590417622745801171468194191634"
"-3/5","0.195437789693024955432694582849232173835384848317939911190081958232404534340550534531378932999856856915915684934612121280233825173122276691961278301218991660169360672119638022512102999977713221462697034184394455433192779933154193283418366910857308333795263955152656120059002"
"-59/100","0.15816836560475941423340342675042775601913954806927410137276111646526872802474810166843115986939593369851434842109047834932280557992189425179440578811092168416709267884342300780836644322892770472926119030773716697710493940043059679253265442069078059314465451021620888041534"
"-29/50","0.119437781195685799541923231467244382842589033562159223323140622142197009830258924286930435727216735309718475208364076281414412263586794082242803047674482666163241077133971580333222947474252851379832301800931184234620116588028607678550204225058528788245444702010188350088154"
"-57/100","0.079213314797087550505388883501625977537802597244392673252627189133416307898568663008186208170573112253496972613391499873406011700703090319493321543611492256267524094103185119877103074225101435520291006612894028473914212168553784577514979158876259402000770922493994581801882"
"-14/25","0.037461374973520164240355131526264480103221910660023668672769161299267206443396590754193943809699531623677724595256799079922648776010163671821598419087913190217812877442026518295567757217625943677678303930808892449480394261401126011434324131229136375603341963086056594523372"
"-11/20","0.005852474317475013717859910990927792341527092887655994125878379835974479217516356253252639469378717278134318433114125342218805264077392243746942825890582090488013698143021729439072848482481102584269111065741280779490031695130306513311475710860371238379386318536313464987446"
"-27/50","0.050763429647750337561076986628959131319998053796080045784671962500367071620810841047074646672417215773967952759205201102894311651037889188587649127899007300178234887886324503516434668332446704664690285472288982586175931964211822047858088225144104891620112651256568898597838"
"-53/100","0.097307441783783118447974084249909776430946290165467843793446035364407149581045961689919296760077711482626685143931415354776575233621288704710025598167164249878316005572846110862732236174971143617145792497778112224993959601713866873697089414138147049911858185223495409505759"
"-13/25","0.14552106810531880388832807317357591547916985766218907722911506604595196347941890704827754718491299321797351732480546658658999838798330259844595620589120677686100713467290605092540114214151886642463422769490160555692809747021179675147231185275260422307197481268238915204989"
"-51/100","0.195441382983927338370636971171541155013613392707955660573453034406338834088495636641602401764714183641614421206087076705702097965097661360952037140823351974188449735738344137119452309702081413201065558102740387072662072388824163611916620766181879997111898105188632342932418"
"-1/2","0.247105829743545956582044418145296229256600039439064132246876370250724089560885778908891648673616299978143370220839611452499522189033344083869739837008528769539849094458870777156761055365805730600161524361923914191891268470159018456378410489586402175397191528332028122602459"
"-49/100","0.300552044874440998599419035442157295243192965231746047941800262334738622427496589027206707918526446365582993724986708590472319732810565118651827633831740884421090906898173579893116942454282495750705588718303957980354739973312332708139027262653868301234446880451040883191548"
"-12/25","0.355817646251879729763544461216703084170525449120885897879425641994962549599487257368566737612748715149538477216281703999408634097047240555733856265660774443818038595302286688375864747559391092280050660338535473544024817702451149077359837616671982399700979269708267674598383"
"-47/100","0.412939980867688521714356667454796295713774065738910937349997250899236436696942481592553271077067934946567023707309004478247215737529102681556475589793328730701057575727371545248679157147945843874170145581522222005586888072481657209659724436330380565170571724294532159173807"
"-23/50","0.471955827283574873089164163364641544985768333580187930082315472143470813907251569893941933339710660619102453439185467180225674476056963262036430882224413903290457379555685845248689242127101351651011312173358120140830406097920183015561541888711452665541619447148894765234599"
"-9/20","0.532901047667253841167437906875622159874621499995435578000926585759143375204781512167201615313204050691660740318030197402102117748111582448792341273087718280119321525516568827654381238543137447389593264230612808476921269712659781688718624731507706360809195190315550572593821"
"-11/25","0.59581018393512648480783332218119752924947849351851129424417964250864446103279881971502077647210182484875635135025053528954787778031599447985441572431725337375489535779620749189745735645473577074554411388649544964450634039243555085749113316097186065882871184812332620274661"
"-43/100","0.660715992217555062606018368620275418842913918917830441820571308054249944192520290242523164794278999337415729027641297564461571903150968347040639148462285024064540704840734093925619140867387029359288734370020700902473906689402538623346425656873298135383599156402000728881526"
"-21/50","0.727648909603856693320919225755840011035019871774921621435049246027521302075397283528964367576634690499013945845965037088994838022533661266446690455997261807078721006047496721218884246983112002448899060277682847246000957603102646965555350606984805203685483133815424826228255"
"-41/100","0.796636446937144979625272701167983672562017927330787505702236004262625636893065365893973630987077422645459281542187200263287686731007527320252389925126392535261111354510336336933357067883285314253929191502628704713449590216506364978511620052042863960465247244742117028106589"
"-2/5","0.867702501342317292259953036745795546508590391836538741284191234421742032799389655110545437478065560807227442803296197121619710410230268727431884332539638155064548583541735807736013289708631061337406522341513753586546603570222549331108364114474907926874508804769665771801027"
"-39/100","0.940866582217872752713104287246546010606845921252224834197346519203559851961089026029620324853872902989039896562049656434587454698110414453007441399228887739762754569516039194677839205541202693509888672649191531743182347060340895755723945757263878709230679039593707609764153"
"-19/50","1.016142944644372189406563627078126002415481074214407074895687047277332976785886287526220929844491239006116294613694764294704911652757866554655695472492990190252423166025554876124197424360468960973273874327214625131392070901527220423901876660280282319486173876143856457283064"
"-37/100","1.093539624606695489319832832836822004685556277244629021581975855617058660266893886717225009772077502265805858553786561516104694042257918793141870195802136541828701741388170197103197374895314448729416336395592056603941287218555503466483248898272689461996536511720580356798043"
"-9/25","1.173057371148538770045523695601770340526901406802713023276596707347490228293689976516856626539907034798391640996844493547089597997255641116502640428603424779989808303815311649860127198762741437246196876083458855533997440159556236389195883865082494087872987940021964498606659"
"-7/20","1.254688471637755883157846729067851564629558057695555408154335566942005790701931028387247611365457109388545066158913487597270280815266668199643776048518065355797621730151991263011241743426292864198706320134340319569478026435730749151638548121531876121363866066591799802529415"
"-17/50","1.338415467788814547675946244552531076118598337830171431749749630195518903579614363116176869580482859957102989098843035307816734371545084294326654216649085319895463900440139203430801883318548824428320359124294547366375991623577258671317752231328095330069408730852943818642657"
"-33/100","1.42420976203796784464400345103924884433602191726305154411040714638637629968716254211607686466394896276478475311939849457778716727479232633207377148289260072538747860110431466788015980548373165068676139953218125241045624013550770060746253952751574734011936723636259432151691"
"-8/25","1.512030116375398580981967700261027144429253024011483299804784608698210699424583288408092884219378776260239817111069682991607011462653040289136137982525509557619988527467049675654871005680643766018564306683552116675301120721232274112226811829454352603766661693029446990333496"
"-31/100","1.601821048884597386093749744302337964203698508769956257053097057861120737035914405857174391697769581152138637035825911370636834622313564051756130682843160320004766378557193499454605041442433301127672514496708836502209293044024201549337463992284974721042609475905357618929077"
"-3/10","1.693511137096449790669923290737524346818441812149462869723171161510564147212835240709761872621405219061808410785130751672453423457637187671555600764673223188272528907360412278328193139049036722853994067178307839151818684080706992090377837758385785309100814241185491773752392"
"-29/100","1.787011241897494644117164362060782600181041907401485074095949541333398020314736753639832985051585636906196336550672671772720575021856937580323649995057612697070409475356991743831115881526176460122392576633211817964331349175765764227562138547687458099438064511056999991493003"
"-7/25","1.882212671183825895181830137403908428081944298975915162695909488848094154484987023423063185142439066620822838570953417300953134575165030455544170807833387156026618716343432379183787891629200544528224479006212729846553472909867602151050624614372375425813355769428994432054745"
"-27/100","1.978985308741054521174639745379469107862618894970088843469950824910111221645377979604789645913238522142020676852859489475243420493516221628554079652057533838117250325106481034062603384472399193942017672533149428163873538797163554229175463409256922635210647234225122145629959"
"-13/50","2.077175740933141275239129488123163834997126533345512183252510616352315139419992108824053130618028473505463220548795916409002382471806124769885831794290560115587922477299128696392178869607847997825725765262983989220091823707462756664400497662115707970520576853575405736110553"
"-1/4","2.176605421620963945437997118415689790409987811881219540177586350126332520111800930722586848510259205812493250338668911229422864236463340963379836496348921224016891925241439792046933960664238990892565270728666445021844796617573560231671658724090951754261294132265360070670875"
"-6/25","2.277068924157843262631866294875426741866709365448876950452597201956132778072436243024386022303108064383524523455143471522561150782576963597302506368656000565931531198319599016837226909647019803689118904649245039484204153097077709928903514423086051609302910721993582888787562"
"-23/100","2.378332338091286644852213607638285011330842242955060274954727540859767326124061483418468078221275923466034968133535392678556860727851570699629968688889715296483557462388993979145392149925275460584848445451930014834494652825296261413911908561126809895369402048494545103715808"
"-11/50","2.480131877005206714846317323987609853663629392495606725652366904453510817745703424986407021176543276984807121823522327802417804976623493828699968344129223689140877993118042490572871009960548407209362731851425652438968945332448845487666849285714984190876347150447455377866689"
"-21/100","2.582172772320110908140553582636135771957608723848163771798359989142971696196990198539494625404579339599730348166039643189784778504248511342971889492583249325485034987181513034182187830809348559786289851897570940577007290596095661572807640108939901661318378426356815375277486"
"-1/5","2.684128535266979486082977360899155250253985102373385696119277839191735546403801717617822720595430769520859963411478242725968436220373614174818143740918630539813838960568050307581483111309314699342359841136861438919902423564947360157426773187322599706071662972545570383438574"
"-19/100","2.785640674983880697507686315514169528940219478904243482187624461957251507569138487329455752344108478696074637892016612276316180120736071678689466543306821661266321128084013370203773393775165243944424430014271465809672370811282252234331704537235833584095810962056696446544985"
"-9/50","2.886318963970117636107389961463579080057773478797935617552162501864325105694126379192743084544542842814634913787355814455033621053909822629922676609335946943847356952556371108324290490947035211931280970563530857353320371330257896953797661895565846081786120318473119590592324"
"-17/100","2.985742342114392215305112800584956318049403901339884277590573389676403116519195297659297254294256430668862051339835609424102407995945195245415359749308442351084913270471273984270703328112159752158565933067533806912884492348237829160312378705711380520593089976081556058056212"
"-4/25","3.083460546308076682367172350040747609389643042397434408339732366874949066216471783014461794357161669700749856490588315908114328064955020192698899572730044304826010241378843615537186465357121008206425487710820764965615069036700268983858907973324591318472410308657248982178713"
"-3/20","3.178996543419667147725334398033943095709214214035789357873624115350360016975154708903843628546192296018351301787644396885557653192882715454483717749845411719883812723686224683886931706551266343007913294918295982903812799902965931480805554883045360918219686970350958627414085"
"-7/50","3.271849829426366485053890336198225799603931587425932388165916435692569000915941988296019764176304081596622661385415045377959478307108610514909173065106308929824878081534331487287292583207746622742655608351624397146972211145135523456062890331509810066036772815424683113401124"
"-13/100","3.36150063628783836649453114644181746255950124875317506288657239635283303332890271484011865913444650776568052926179947586904676380375301301605717029468290936049362387515530711280168963732392010357401175353764327921682879856433161613040060953593527474876610690161044637683337"
"-3/25","3.447415060561743183868270998202022960031002361046674264051687241637840348794486973959848267980296030046120330672531453885043214919960199173215120118870979431389647163570788503834984348708853997398788705108699208903505050740426081704808159214633340025241781979908714806995292"
"-11/100","3.529051094109353141249133639895379261476579516087345703343795621170904042756061242597066051179741820144240987524567228850146449601774702892725424798087041910231344669066167243872398449987405005157134654073119868508436493521993107417567556357642063260243339248732848129771824"
"-1/10","3.605865498377451516103717303100625030595161710925200537298044264458966229117492407775294534248225972844052103354918686616415269502226651111689268449048226794629440321866522890918177316879371100415053532752521289940011348572469215922329895849094551342721527594163540106608486"
"-9/100","3.677321421131541680863731410865305068942857630178451506988016833266243538813800720212208502481151817402698334315711095144317797008129428135770454247215798108044369190199690285028163827746389260728053291671463442902853967663328598842924966521295014505142139305000125033036358"
"-2/25","3.742896610231296622004348130100070744247980872304381131598835416139377834470126157903905473415689167315717195935873235391692457100672459209769450052305076304545977967535532164677303483303052770575434466800695919201940950668387539524028540517086859145357033772240352890492555"
"-7/100","3.802092035712395895342914757903850016998290554608976573244697581181795739850172986020186895281789922000042162613157531593264700851897879609145138841387715390362203995200390543573955321973211029642864034321595728149744798359827166724780732186011742596473734092867445908787329"
"-3/50","3.854440692114686305662134948304581117412567793320605172298885610233591783017133171162924690278675750328400863605348925071454137707245731053935430413031868658416946840078671794661563343569728753464452438900748680581154014665519812650531696537978787469991229460550811093355696"
"-1/20","3.899516320916823062673959505156925172047810294798551841527231053637501719429582554069473944662737208314717113646672064772669419187818743629893200181114333838251061324000658324477596845563987617895105239370535117333024725953308329083207506429063408302638675952808485229437047"
"-1/25","3.936941771254296502706221862025351633947347981147956858737725218810664482183401706842020424971172860557268865571557077482121515625909473741068757383056504102530833371240057002782599443143671869582243050610896723472387378468472608245201591166289113786695810283072808283964081"
"-3/100","3.966396708544113286149392135916070703787219340102678778275348350301312433250956688096376492100582700771894327176747206988365107251825791125706389504986313526859788177046449926312761436618890580316223035747404125262666836261306298853741469356165783733656765314767442665427742"
"-1/50","3.987624387194595710643557934560753277821913938349800834386941189763262200026505880974452062594272823870514739022635778767719335553917438588954270152161785424861903144268420067343669083271051432799514897226385644646182205266905147931414193724411738121764251551716165097911075"
"-1/100","4.000437226173056843932810014162252514566856806275227731360527055962165813525247538828084424293802884879283242054761903259090578936355514939025039795439738818553605618377150901284088141933483401456570662951682626082696635770324049374469856636160716179798675455983759404537932"
"0","4.004720964510356834112071377765505552895125343893623602872300973227185299430694933074801499891033202535186424590600952064874272889216107172837114689327984849045470314620169857664549921023017664462570609708900815672850140389548533795295479413317581309847357257010643120779796"
"1/100","4.000437226173056843932810014162252514566856806275227731360527055962165813525247538828084424293802884879283242054761903259090578936355514939025039795439738818553605618377150901284088141933483401456570662951682626082696635770324049374469856636160716179798675455983759404543571"
"1/50","3.987624387194595710643557934560753277821913938349800834386941189763262200026505880974452062594272823870514739022635778767719335553917438588954270152161785424861903144268420067343669083271051432799514897226385644646182205266905147931414193724411738121764251551716165097846578"
"3/100","3.966396708544113286149392135916070703787219340102678778275348350301312433250956688096376492100582700771894327176747206988365107251825791125706389504986313526859788177046449926312761436618890580316223035747404125262666836261306298853741469356165783733656765314767442665428872"
"1/25","3.936941771254296502706221862025351633947347981147956858737725218810664482183401706842020424971172860557268865571557077482121515625909473741068757383056504102530833371240057002782599443143671869582243050610896723472387378468472608245201591166289113786695810283072808283930799"
"1/20","3.899516320916823062673959505156925172047810294798551841527231053637501719429582554069473944662737208314717113646672064772669419187818743629893200181114333838251061324000658324477596845563987617895105239370535117333024725953308329083207506429063408302638675952808485229456974"
"3/50","3.854440692114686305662134948304581117412567793320605172298885610233591783017133171162924690278675750328400863605348925071454137707245731053935430413031868658416946840078671794661563343569728753464452438900748680581154014665519812650531696537978787469991229460550811093367319"
"7/100","3.8020920357123958953429147579038500169982905546089765732446975811817957398501729860201868952817899220000421626131575315932647008518978796091451388413877153903622039952003905435739553219732110296428640343215957281497447983598271667247807321860117425964737340928674459087823096"
"2/25","3.7428966102312966220043481301000707442479808723043811315988354161393778344701261579039054734156891673157171959358732353916924571006724592097694500523050763045459779675355321646773034833030527705754344668006959192019409506683875395240285405170868591453570337722403528904855483"
"9/100","3.6773214211315416808637314108653050689428576301784515069880168332662435388138007202122085024811518174026983343157110951443177970081294281357704542472157981080443691901996902850281638277463892607280532916714634429028539676633285988429249665212950145051421393050001250330551781"
"1/10","3.6058654983774515161037173031006250305951617109252005372980442644589662291174924077752945342482259728440521033549186866164152695022266511116892684490482267946294403218665228909181773168793711004150535327525212899400113485724692159223298958490945513427215275941635401065916289"
"11/100","3.5290510941093531412491336398953792614765795160873457033437956211709040427560612425970660511797418201442409875245672288501464496017747028927254247980870419102313446690661672438723984499874050051571346540731198685084364935219931074175675563576420632602433392487328481297564571"
"3/25","3.4474150605617431838682709982020229600310023610466742640516872416378403487944869739598482679802960300461203306725314538850432149199601991732151201188709794313896471635707885038349843487088539973987887051086992089035050507404260817048081592146333400252417819799087148069723903"
"13/100","3.3615006362878383664945311464418174625595012487531750628865723963528330333289027148401186591344465077656805292617994758690467638037530130160571702946829093604936238751553071128016896373239201035740117535376432792168287985643316161304006095359352747487661069016104463768502848"
"7/50","3.2718498294263664850538903361982257996039315874259323881659164356925690009159419882960197641763040815966226613854150453779594783071086105149091730651063089298248780815343314872872925832077466227426556083516243971469722111451355234560628903315098100660367728154246831134188852"
"3/20","3.1789965434196671477253343980339430957092142140357893578736241153503600169751547089038436285461922960183513017876443968855576531928827154544837177498454117198838127236862246838869317065512663430079132949182959829038127999029659314808055548830453609182196869703509586274533802"
"4/25","3.0834605463080766823671723500407476093896430423974344083397323668749490662164717830144617943571616697007498564905883159081143280649550201926988995727300443048260102413788436155371864653571210082064254877108207649656150690367002689838589079733245913184724103086572489821669325"
"17/100","2.9857423421143922153051128005849563180494039013398842775905733896764031165191952976592972542942564306688620513398356094241024079959451952454153597493084423510849132704712739842707033281121597521585659330675338069128844923482378291603123787057113805205930899760815560580609663"
"9/50","2.8863189639701176361073899614635790800577734787979356175521625018643251056941263791927430845445428428146349137873558144550336210539098226299226766093359469438473569525563711083242904909470352119312809705635308573533203713302578969537976618955658460817861203184731195906048477"
"19/100","2.7856406749838806975076863155141695289402194789042434821876244619572515075691384873294557523441084786960746378920166122763161801207360716786894665433068216612663211280840133702037733937751652439444244300142714658096723708112822522343317045372358335840958109620566964465553464"
"1/5","2.6841285352669794860829773608991552502539851023733856961192778391917355464038017176178227205954307695208599634114782427259684362203736141748181437409186305398138389605680503075814831113093146993423598411368614389199024235649473601574267731873225997060716629725455703834331584"
"21/100","2.5821727723201109081405535826361357719576087238481637717983599891429716961969901985394946254045793395997303481660396431897847785042485113429718894925832493254850349871815130341821878308093485597862898518975709405770072905960956615728076401089399016613183784263568153752797059"
"11/50","2.48013187700520671484631732398760985366362939249560672565236690445351081774570342498640702117654327698480712182352232780241780497662349382869996834412922368914087799311804249057287100996054840720936273185142565243896894533244884548766684928571498419087634715044745537786997881"
"23/100","2.37833233809128664485221360763828501133084224295506027495472754085976732612406148341846807822127592346603496813353539267855686072785157069962996868888971529648355746238899397914539214992527546058484844545193001483449465282529626141391190856112680989536940204849454510371588167"
"6/25","2.27706892415784326263186629487542674186670936544887695045259720195613277807243624302438602230310806438352452345514347152256115078257696359730250636865600056593153119831959901683722690964701980368911890464924503948420415309707770992890351442308605160930291072199358288878898676"
"1/4","2.17660542162096394543799711841568979040998781188121954017758635012633252011180093072258684851025920581249325033866891122942286423646334096337983649634892122401689192524143979204693396066423899089256527072866644502184479661757356023167165872409095175426129413226536007067591085"
"13/50","2.0771757409331412752391294881231638349971265333455121832525106163523151394199921088240531306180284735054632205487959164090023824718061247698858317942905601155879224772991286963921788696078479978257257652629839892200918237074627566644004976621157079705205768535754057361156715"
"27/100","1.978985308741054521174639745379469107862618894970088843469950824910111221645377979604789645913238522142020676852859489475243420493516221628554079652057533838117250325106481034062603384472399193942017672533149428163873538797163554229175463409256922635210647234225122145632984"
"7/25","1.8822126711838258951818301374039084280819442989759151626959094888480941544849870234230631851424390666208228385709534173009531345751650304555441708078333871560266187163434323791837878916292005445282244790062127298465534729098676021510506246143723754258133557694289944320491036"
"29/100","1.7870112418974946441171643620607826001810419074014850740959495413333980203147367536398329850515856369061963365506726717727205750218569375803236499950576126970704094753569917438311158815261764601223925766332118179643313491757657642275621385476874580994380645110569999915051292"
"3/10","1.6935111370964497906699232907375243468184418121494628697231711615105641472128352407097618726214052190618084107851307516724534234576371876715556007646732231882725289073604122783281931390490367228539940671783078391518186840807069920903778377583857853091008142411854917737643709"
"31/100","1.6018210488845973860937497443023379642036985087699562570530970578611207370359144058571743916977695811521386370358259113706368346223135640517561306828431603200047663785571934994546050414424333011276725144967088365022092930440242015493374639922849747210426094759053576189150375"
"8/25","1.5120301163753985809819677002610271444292530240114832998047846086982106994245832884080928842193787762602398171110696829916070114626530402891361379825255095576199885274670496756548710056806437660185643066835521166753011207212322741122268118294543526037666616930294469903600829"
"33/100","1.424209762037967844644003451039248844336021917263051544110407146386376299687162542116076864663948962764784753119398494577787167274792326332073771482892600725387478601104314667880159805483731650686761399532181252410456240135507700607462539527515747340119367236362594321529841"
"17/50","1.3384154677888145476759462445525310761185983378301714317497496301955189035796143631161768695804828599571029890988430353078167343715450842943266542166490853198954639004401392034308018833185488244283203591242945473663759916235772586713177522313280953300694087308529438186528489"
"7/20","1.2546884716377558831578467290678515646295580576955554081543355669420057907019310283872476113654571093885450661589134875972702808152666681996437760485180653557976217301519912630112417434262928641987063201343403195694780264357307491516385481215318761213638660665917998025078305"
"9/25","1.1730573711485387700455236956017703405269014068027130232765967073474902282936899765168566265399070347983916409968444935470895979972556411165026404286034247799898083038153116498601271987627414372461968760834588555339974401595562363891958838650824940878729879400219644986185518"
"37/100","1.0935396246066954893198328328368220046855562772446290215819758556170586602668938867172250097720775022658058585537865615161046940422579187931418701958021365418287017413881701971031973748953144487294163363955920566039412872185555034664832488982726894619965365117205803568091106"
"19/50","1.0161429446443721894065636270781260024154810742144070748956870472773329767858862875262209298444912390061162946136947642947049116527578665546556954724929901902524231660255548761241974243604689609732738743272146251313920709015272204239018766602802823194861738761438564572980074"
"39/100","0.9408665822178727527131042872465460106068459212522248341973465192035598519610890260296203248538729029890398965620496564345874546981104144530074413992288877397627545695160391946778392055412026935098886726491915317431823470603408957557239457572638787092306790395937076097874355"
"2/5","0.8677025013423172922599530367457955465085903918365387412841912344217420327993896551105454374780655608072274428032961971216197104102302687274318843325396381550645485835417358077360132897086310613374065223415137535865466035702225493311083641144749079268745088047696657717880423"
"41/100","0.7966364469371449796252727011679836725620179273307875057022360042626256368930653658939736309870774226454592815421872002632876867310075273202523899251263925352611113545103363369333570678832853142539291915026287047134495902165063649785116200520428639604652472447421170281128239"
"21/50","0.7276489096038566933209192257558400110350198717749216214350492460275213020753972835289643675766346904990139458459650370889948380225336612664466904559972618070787210060474967212188842469831120024488990602776828472460009576031026469655553506069848052036854831338154248262502172"
"43/100","0.6607159922175550626060183686202754188429139189178304418205713080542499441925202902425231647942789993374157290276412975644615719031509683470406391484622850240645407048407340939256191408673870293592887343700207009024739066894025386233464256568732981353835991564020007288618826"
"11/25","0.5958101839351264848078333221811975292494784935185112942441796425086444610327988197150207764721018248487563513502505352895478777803159944798544157243172533737548953577962074918974573564547357707455441138864954496445063403924355508574911331609718606588287118481233262027445938"
"9/20","0.5329010476672538411674379068756221598746214999954355780009265857591433752047815121672016153132040506916607403180301974021021177481115824487923412730877182801193215255165688276543812385431374473895932642306128084769212697126597816887186247315077063608091951903155505725979258"
"23/50","0.4719558272835748730891641633646415449857683335801879300823154721434708139072515698939419333397106606191024534391854671802256744760569632620364308822244139032904573795556858452486892421271013516510113121733581201408304060979201830155615418887114526655416194471488947652405938"
"47/100","0.4129399808676885217143566674547962957137740657389109373499972508992364366969424815925532710770679349465670237073090044782472157375291026815564755897933287307010575757273715452486791571479458438741701455815222220055868880724816572096597244363303805651705717242945321591775096"
"12/25","0.3558176462518797297635444612167030841705254491208858978794256419949625495994872573685667376127487151495384772162817039994086340970472405557338562656607744438180385953022866883758647475593910922800506603385354735440248177024511490773598376166719823997009792697082676746303934"
"49/100","0.3005520448744409985994190354421572952431929652317460479418002623347386224274965890272067079185264463655829937249867085904723197328105651186518276338317408844210909068981735798931169424542824957507055887183039579803547399733123327081390272626538683012344468804510408831759595"
"1/2","0.2471058297435459565820444181452962292566000394390641322468763702507240895608857789088916486736162999781433702208396114524995221890333440838697398370085287695398490944588707771567610553658057306001615243619239141918912684701590184563784104895864021753971915283320281225792424"
"51/100","0.1954413829839273383706369711715411550136133927079556605734530344063388340884956366416024017647141836416144212060870767057020979650976613609520371408233519741884497357383441371194523097020814132010655581027403870726620723888241636119166207661818799971118981051886323429403598"
"13/25","0.1455210681053188038883280731735759154791698576621890772291150660459519634794189070482775471849129932179735173248054665865899983879833025984459562058912067768610071346729060509254011421415188664246342276949016055569280974702117967514723118527526042230719748126823891520447809"
"53/100","0.0973074417837831184479740842499097764309462901654678437934460353644071495810459616899192967600777114826266851439314153547765752336212887047100255981671642498783160055728461108627322361749711436171457924977781122249939596017138668736970894141381470499118581852234954094761448"
"27/50","0.0507634296477503375610769866289591313199980537960800457846719625003670716208108410470746466724172157739679527592052011028943116510378891885876491278990073001782348878863245035164346683324467046646902854722889825861759319642118220478580882251441048916201126512565688985759235"
"11/20","0.0058524743174750137178599109909277923415270928876559941258783798359744792175163562532526394693787172781343184331141253422188052640773922437469428258905820904880136981430217294390728484824811025842691110657412807794900316951303065133114757108603712383793863185363134649803063"
"14/25","0.0374613749735201642403551315262644801032219106600236686727691612992672064433965907541939438096995316236777245952567990799226487760101636718215984190879131902178128774420265182955677572176259436776783039308088924494803942614011260114343241312291363756033419630860565945308063"
"57/100","0.0792133147970875505053888835016259775378025972443926732526271891334163078985686630081862081705731122534969726133914998734060117007030903194933215436114922562675240941031851198771030742251014355202910066128940284739142121685537845775149791588762594020007709224939945817928188"
"29/50","0.119437781195685799541923231467244382842589033562159223323140622142197009830258924286930435727216735309718475208364076281414412263586794082242803047674482666163241077133971580333222947474252851379832301800931184234620116588028607678550204225058528788245444702010188350072314"
"59/100","0.1581683656047594142334034267504277560191395480692741013727611164652687280247481016684311598693959336985143484210904783493228055799218942517944057881109216841670926788434230078083664432289277047292611903077371669771049394004305967925326544206907805931446545102162088804423578"
"3/5","0.1954377896930249554326945828492321738353848483179399111900819582324045343405505345313789329998568569159156849346121212802338251731222766919612783012189916601693606721196380225121029999777132214626970341843944554331927799331541932834183669108573083337952639551526561200996239"
"61/100","0.2312778862594888307101621528646519698259737416195988448072799999634208214031397665849973718934298480339017966015720792492111137460956394736490933556833706059037481822023936255650208778669123597402056558153878942572297675700671400537901285669395904176227458011714681941643587"
"31/50","0.2657195925046518675458892265747364758704017770655520927275633254860928158075372112984860061749252424379902791686961169023654282084389293983163793815386538660123171092003536970662997014489154084140171855220376345453019267980572843992833598759242882837629694409759665328532175"
"63/100","0.2987929537154745800639445482681594810939447531969297729886388248530767215568348811221626448667156784571231636824425560256687442542113048211240473438420110845287792313751893070750713991931041965342250409445530285011404974181619911898290762956682860481090753293264749688474214"
"16/25","0.3305271357239182330819057815998950427827421682825006060382000051562007330761909421058264480906856723896758583233282997650676379540868738173299019651764725995540911447235242041322936616979015635088622008504399541230765241804609025272893044640038348705006332430066866241632371"
"13/20","0.3609504446852241879103692643299010835196701722042352561478461919716096930513987356776477444910182864810247574663046731847030854476543457603675405058753735625198002605502281241680590980714985712010377991026070618465252269402461955394821914154594086408197080432345599617374899"
"33/50","0.3900903528826423252292850743248074691551590983836342773790167130558421231703332328467859487632253423539320633304831380643405327358652545608209264807524740734754440654117134477824460399180805069640266571242487409665263292947138057320502042543504955838069605183032394261270358"
"67/100","0.4179735294091292626915423525851205759517315475284121290583294599321818223098178925153219551883342298538318096715520627925073589724656202131675704926964534220235799327154573667809540163371205425522356094894708137671826208409588394493984617385508113606933078371201564923124036"
"17/25","0.4446258747059994701819025055667993276469278072229800896984852241477668479403178862188784967227145433561358377012478899679381464658781788790044184406097812870039718085658101868248610940746325455621367121994004679394615815588106725589845411269399804488177186862763390378482058"
"69/100","0.4700725580550947369487462964760832328188187190520460218135780782835718921960992328895892349207359075533971163016301415000667448605217835751536512503608179083537056854247310034946203325032264225099710465157067202653731410350540481249554659084225750742576835792300890153479894"
"7/10","0.4943380572259871062551697444794031498447039907761091309025030707802534803330018421335066695442495398258992391247615023058365856359810881951408031138289627209390001716132922967879586632091649267616267607477369241222243805871272178671956195211162663544388041732004713863619618"
"71/100","0.517446199574190135469708675884066547483458578655322612012371857797007517084395838845533208010073284618721577528887956234341690384916029298783138579901576838805544552169223026199177520870465161995353247109069921668151023070142561178769723849433792149429543824344524828219841"
"18/25","0.539420203971381287991164174631008469189296461220581567956984056093969737969897749999313955573694182780731144168984548101574946895242872604163969300166766867934671722523654271286400961708185294910373431999008172688095847137953663199594519734981294148436252662671941116577779"
"73/100","0.5602827230252101587240427070848267621504964112269123070131359692780585499739462592271621430433588229489875093440033458451870015085949193874898524045007948001204530889431581646167262899954336201544375357294603327708716445933298337973840472274161469491849975241113153611451995"
"37/50","0.5800558851152762937898827348885886176986692116278316956617746476299050303353761677389821755018108425636172349192350643777061122243117836639054090245080645688967491915641277779643686084326297261576799110403832546107684144484514920466135251061876625290728537070876802596340731"
"3/4","0.5987613358341179431853611794769174552315853316259934535231315296936345878278960228630625564189414366021261490416825714803200781306964350780569384897775239675044390147861559814121278931572323412496023055909133546200603523045290307849981252923607579041640454190225410656988771"
"19/25","0.6164202784782906377860505126233932071116924731468806761495304661982021742119250018798235448028558443208549513235390200213680157364980939650666982191633200777922281205775710773477250912066329726911604716173995749055311438170594622256117319059087388200259284597794641645934962"
"77/100","0.6330535132854866831235559710934842910935836012919990061051297077111912020236267560010366141850738652759630384844745860902919352366178974958711773476789348765995688230346679900417755445754030619015020096106807938860431430233578623376301195122598289821970224876775559952876326"
"39/50","0.6486814751597354075822014748964557232566455886580639038152785741850010767218290469482063801859511906549385663496033281224109776423788461066367891161793468202501381106153051362183101889921439390645161043531384893278388199086063023292164489367278439936971909297009637948668134"
"79/100","0.6633242696685430377494324161139687674013642845410424860014848132182653304937767753281285669129158391213967143123281567005464095214856275966652947086312629205041975444882284404556040607592607266907968592843995171204157042055672176118887810826184574680150706723448509800237637"
"4/5","0.6770017071338310225150488564410623779215307664457892643013689640397541644055918449106495658124071341819032576802748979674141183362303164949655501252178409221148649905340029898203107874552518154425233994983264507132186744540528893764198462442367871341868649973905441020047462"
"81/100","0.6897333346731052415596572163410924399375539067453129935198028168356115220970052969098865976543687460679367447005206357026893907187270091061838029645483358134834200588094470743313906764529064646844781825906741399031354479504438387808228891632966650655066489768558022064126233"
"41/50","0.7015384660787760204100243418343041865684001030877375979127574504143953086544914220812322034632178033578765676102878337888237819954356876101356027861397496306176982624630001051159458755316103457769441824719563782155342689168398466869844895420000053538877342504960773899038186"
"83/100","0.7124362094522431936472504704649743031607800726337145415088866621549096462034906184333931304450207251578016108295585569881578880879718850058799295887065425648301095970735115189764719550324456812919313043607628731379568907863206897503147547407714459496131552240171926358962361"
"21/25","0.7224454925355125044995816560775510412028333442483429276786328521109630645339885647550531146958670575131012405366187201599481322271288910595201828177400819936176800404623452549622431495651124481493874062357949575163270385383489526110871666241994229888490632710578438228169956"
"17/20","0.731585085706933230913515809604875359539842935170929848680555183253238591149545583635264666371927606081757071993389865046078478501347808957511471880681921258575025184521580983369348635101518442530683368862004688526329846090781979990442697731547400905988484910389482972617253"
"43/50","0.7398736226293236159159635963614174309836923711360425180053241493435847659340788539921238684998442369982540763444919746095276801808305065589810207660434002034368713119121935133288415385464138862808753795066015528321047671597671763720580191194224995676122477796461205634170572"
"87/100","0.7473296185584341885749259223098677901331102784858115635081597056301154257386910064797388066059240449615036108835186897967115728268374933541760239996038713009450981898902848091175188349007008702428532792459141976723714862127184161755572814616184124804371608648848974003807616"
"22/25","0.7539714863375195374884393673525611644544165580163027406426665616114080946991663400768583395187806767455109566405779183578281894292040280049399627822146490632956510528361323467957474451169611282714926462694482819141958515112746558703590716768589407208755371119562591301960036"
"89/100","0.7598175501198569928560410924821174953171129258806972757942426118583804507916970323945680324837756216888724971051283812199789271269604563270570707351638884017699831325566228469382491059235644730405851857951598746819673670924345418785977227057710410345780328261721482974086761"
"9/10","0.7648860568754603095925351817363217254059398150121158819207403803745783762297283210729689533728174147286654672727245747622103684596750478348323373338798300854934576132435976064785506012289671377350399390327145441405666240982601459466887964764868061417817510165521528731238947"
"91/100","0.7691951857510692527647530244863373268994589302835996703187789002342401577604709971906512001109166677030263555639650445714215090904784696825381560292092167128318163155330650883246744791081401614852994832211336020121605398777557864838762204761129838388483455093349751429060097"
"23/25","0.7727630553638234023049599051318635139159078104607756112276101702188414576069521162857059940539172169036512178834487243524210714859734028674490616270044207266955978569356999488056097482811474886610410949730914341588476353045021374857072322068964180080235359122010566482682817"
"93/100","0.7756077291189145186714310328982659161629925663872921469321314366411627919892501639658396417497298941923966069108204307733902452663578644598031766698886613307985008654667370675143689720129722749202520288337621181050469911955486952666072137626208951342460410538131806852678557"
"47/50","0.7777472186500152489637957389410164465063764913682746783867028332836070575666083107880426220555579054889610134550670824641961872238577285191498354313599762312550862029552833958164004416547080655719157309732658615345563977230249898433765166755349255010633654242718892129177269"
"19/20","0.7791994854884583232147253373333831125430796001649545454651471733064044670086371225666505687110265463643990294291666643568280307537588739719480146756217194264438108680691741783179743215635465468166268829893652074002170921926920204906486905771255447171281934793390138474093673"
"24/25","0.7799824410730435315864194880713556127851445136903722678049044074442527582195450571898141564152660482154415463408141699616426366898451960779446374985568334467941642848164898284409041762495282472059724459705142518751973085020935384794516932378947858972136320404529537523131099"
"97/100","0.7801139452170331515003736149868437470535545249589422530224149527961990962792900945409178329331766350377477099490042912405326233761223757255735513907576577172827145164892136753214286591127411402108377612107555093239519652549734182421190617190127378303045225021669568171527108"
"49/50","0.779611803152414234503440239033263465183870512474978573947115191771524657948655195952161437612223690409975433194504045044941079618033817209047490066663398698590194809307616430195782427001320620623653624705235649953003167136804335176772917325826417282971448123983843928406936"
"99/100","0.7784937612739138209399194954942996915898442726325845615723065723755142812892524912034841734236436348903031979158795641287056812607044139338654089789368975678186727374623758576517739004343058424006016540208309942437472215887677444314120516495544315791297930923736237568163613"
"1","0.7767775017066082435464036363039095816103113478644175825009635313995623578190733494615026311888024336679457521690588575298532637095512598634630651879853810115267717431877751503764138639074581975674025780769063450915453781739713770756447279239965216420166884567717675891223847"
"1 1/100","0.7744806358213300043873997134118523328907230962552429553991588102989888268785158521628923016543788517780445296890267450069095471660900726503366334284260621522683286632478681888942842211161899862793007105603775321820575086557178481981296766326830814682232357281247380649272243"
"1 1/50","0.7716206968215074594736768426336925826906766081188280088238056022148440930033600369349319090512052809941114586328935032845359590458866163224405516636575993843071447421820581065860188295952264632040854309470618400639893194197543231935167535391721913855454741509857964369007971"
"1 3/100","0.7682151315236382727456687139059564860659858626488951910483886348625106110485525105582785699698053727652304749774142535059352869284597037616311754088859973763329978223454139391614121283552060377535837023583019161742350632720116276309544761334129731530343334621098470108023617"
"1 1/25","0.76428129145136401978727905520945176381944702949894642909590285245731040858424915334843282811441816406953500461422453920804454889396149761053047758456002599803001246492062871570514084413335998584189561114560647320604394631149798689220294770762067374664572402839159935224322972"
"1 1/20","0.75983642336014899688257972196557606846100112066437065750088452926626828160043341428997304423914239150481274346869804599840886881183748837255091124578349911492444836517234033778301869508394399261886993879501092692330742475524917568785603998659661242270888799703317307295028585"
"1 3/50","0.75489765930594123080187144519358079909990797144434991911445791504736432447341980348148942629324852850274194993663597162374833795476825332419665613803453683885531390358256933827445604986929070890392705591809849481258087008335579085660357524787352512878754927238622590497011129"
"1 7/100","0.74948200636697885745011124688304223304044544184087549884551097061410121071321125265729345708837754305099160333314619436247216510312301290271672207120663323901593432419900425194419851298561212157697426971563114142831884751828459991282783108144189605433130793403082567007557235"
"1 2/25","0.74360633612317183806656675774999214750043223009841633543718112308392289098154048955466992795332866348537087085204068087540858592057378236649206408673451519809427575792723894219152201181520729125821079090373912976101629908902452032859646832514071228896529928124656910589896592"
"1 9/100","0.73728737399230866576954272363797130694704323960000846895645950494144483871360547393870766509324947985203763769083057980825279253521099327971434730460174443066743401690791841452996866852193751549107972086435999620131854651396035409995964356523322732452281292717134903588528136"
"1 1/10","0.730541688516780821412459326582577135560997912693483093075405758481595726101470264429074416997407550683994527798356361124803001401365890346861520293394114901053022482563239116234977442371014804686700991145697606556305898471547146437929737131071200732948990117169695279044027"
"1 11/100","0.72338568068865351337845760859798231534646165459311152271565947583316096000403159319939976386198037828064889979602382191770676210122930878924615339293827858648971635880279729679266170016405402134284324012836508380543025114696393698346163220977104896402257225618789547325688504"
"1 3/25","0.71583557339480708265291986499526004764308613295806382801847099350592429549878053585331786768740412090861688756044650371902151923590216268922688203828364562404143285716708685058977204429422639116530294158359267610143986544721020951699804470025039365036286095543582739551800267"
"1 13/100","0.70790740105759440509076927736466064123398372735549662407951084993958248315075196441191673699416252792929801785519780381408014952158905873116243855633886686615477467354995498774933593240333129623931058195104598757834353826568056143670226152473277591078556253245112631214671542"
"1 7/50","0.69961699954006786088568062619297032397009867686245044754618187346253708601870570301344608155820667444936992552002565325486734716743400905095682074264846128771956694344197566194851746205221495588800795364417114016868429171092159322521268725790329985621449940796208664087334544"
"1 3/20","0.69097999637838387184743832865146865149406997462415648972590815446461971369826516307696419765216742470234001170944415753062428292954109744567293385331323170584204462020252252089946832581443558014577395961246151456615938426181447697048870010727695261758601653000534398968172132"
"1 4/25","0.68201180139754888436189180513955201586054324235542937723143057312041531926308128277807970268898425073873626127326887641651356514979490938437377189568605110717648998396221866567110904817722409115297247495680497233859593898220760700242946020144695951752145241881958331474876678"
"1 17/100","0.672727597760279292656848120156473654226847137417848361398534473375973484538870881519097058639431893613380653049264398666472173233100325912867069522677490941119845447988457220113598290145544590300058202740624190448211506696103244475632876097321431700972242982462019613502026"
"1 9/50","0.6631423334924562383484886484524137713337862200179384322490029032132735926233479320978811035160871404192367388580765134168994701486612018202197900345872507900477664844319980287711483605086027392501622413579085663844878978830295811213986481030404023533348116603394231430965406"
"1 19/100","0.6532707135225071842447533084645823497868238231482224338025674559635654956723687883739718007143281848301721300860826335661149528127341064937800760297182081647963599760553575478399507123209699321040959954928502978750022968929669730664193442772402987454008544087341976858247965"
"1 1/5","0.6431271922660778328322545926816487149839564901019438801392542285042861145365683507194057831115164966147745879714565483066604241815095415460063443852548828878772975876504926665532235949419549321798459112075364564538976953325946204908949215713470742193726321390022566394304621"
"1 21/100","0.6327259667816039712519843642947441526354065761247532673980373365069742493765166912064284182576144495917677951939277672232527567152911907377617744297222203425760536656036967442445063076208799199654588669128965271101860375718935311595424942721896473293968342846170000472984271"
"1 11/50","0.6220809705168822458438525163512986273157395658430172196067594834754440717305417727918881235402910640947323756034390878829959456566685769747166467753721370088889167184042650195405832150101943604837824599637665073019410680787180511240144146351847105694534031824985575349150541"
"1 23/100","0.6112058676614962724632042089004910568352222141584010967217234593605632163982443400925033738386538343904829175682433272974166414138304558980045041650542749763400027480048921351387238338567339708441328339048743677733246943112319673005381776955476472451065627591868918034870485"
"1 6/25","0.6001140481150000549564591777830114715945473862629165694631685196223616754828471399483932696828813516776638878187849647431429069359808330276441113702265643629199095149070962736898321343714414153507993309884018261026623435085409914005195396655628214405456018881957328574126905"
"1 1/4","0.5888186230761103564970127023905642004716577314097542860565990908558260206178759313787933956414917820723076695405659004099332968633521880465447566453640647413092241110469673597219646811675099472176008008623547935230344935965322474574614931884624252551709147935915771521084335"
"1 13/50","0.5773324212538253429536634444074004209930517823538818554962484356164777978474401508450692927604494886593262685721365684188389659783340557755721336917420248957440034525973293469934085069986211165036580571283504018868817239695826523186163535486580575878387253868567019564667778"
"1 27/100","0.5656679856973765666797761333143537528971809753953998030951469716441021417767687006960955307073918473929228706080196107796811566141136252436597901681643851003209010764290216605490167487278670381655429798757143442083922549700007617400472491645485107644009012257643017447300552"
"1 7/25","0.5538375712382396822841494899867211360091405779056054130142366434046296989185031510728899266437151386001161703539327463424766840527782802273577333559787602967937085496955974242623665104858098561575986631402864384493498666213136477250269924445479360169862954272060739888831327"
"1 29/100","0.541853142534077379494504622160177568301038731879118558740031823809948479477976461645181422391253453599638287328054332162591557394763486255330566486875355774267638020316771241370740765228419189230022883422925249392206146333134702517933089159552462303279274737388433535416378"
"1 3/10","0.5297263727014640611580053656618332278893098597733151120310328465202785962004357131278506627992099446731680400682520801624801098407703009034829994515750290021214022699732955864802404980939131055670368924867401636844230140850625746220651773746525509090779663258611448996297479"
"1 31/100","0.5174686425215412430871649940462790398727460724944305515806952971526680933852400202247001408086594126167440540000873357917006930906501358236807761627478341802277428669819034928508605066613311627957492061016499210625877461453858649166188117284274235660603898736281483588756582"
"1 8/25","0.5050910402003685396422854078196680228151527636564071520490653500392207944330792900582932212947063405425791535846405888787419854481886083925068903211574830946258861905245268400086419993323926757341735830566433701712814832923440762172574411958967813316277932528501957828024206"
"1 33/100","0.4926043616636583327341807943370916336422896326076851340797108198464973942567983100993673546812419111240651328761411866460858793871370910058038065725136923513814643210615540233544933564124803487515632985143006418375833778848509244786488306077943211750713090249118161732464744"
"1 17/50","0.4800191113638018802458749074829917551326305542378249346724073435915835373297882943130285880500472758902315463552441303721316585613126502517353921715993813918066574839402700291151334669427228312854436416181717496786404050758316166750572707215672298152545847200063385802447231"
"1 7/20","0.467345503575598237026444306772648846219978675319628184848083959878715173366183022547127807175865753621449733306544467131485489326335355180801007144326597283323001886991424632819237311977217050039838112703941665972687887896825652212782234592657086426052153434048332898739475"
"1 9/25","0.4545934641558712038977307579767069765118676702991887418561080190890934042640208107920101732492885343976451274363341894551881625185889445061159418339226441939096193065866360316910967357729867068319604353504731739336334911762516439631041389559403380283636530928285811052677584"
"1 37/100","0.4417726327411888478046293218492412600644084223136545488356661425634721626772810739503428096785578411123395936779522725852662965141120054029414664355052309064983930288237992641394798040275606650403368074033094543111883794617861682259402436919221733647882370720059524373738083"
"1 19/50","0.428892365357169449945686151703934964745860376309771064283487877481666347469739636696970231171690803832450152553171644421189698499487202798134310185059170475288425619029114488171123636795291360035632886040809710959137086051781986758972626567407043131765178125208737774490943"
"1 39/100","0.4159617374123510085577931058699285111723139501704266002246856509148840112153981887933499155165050020581167418356528832314943335170965904293655095869301494087778541105453977504234620983888044600540032542280248133246677234320366848975257260842964647166720452835671681195938334"
"1 2/5","0.4029895470493022994281894786416209241777172418349192143591684903356141705775098539883921149479106195426300580938899248604257221970102186365910314256667788145785383585227888610062098673023836347285342204757658317497364798297304781843175004291632622989159133035730570779999043"
"1 41/100","0.3899843188255455026729014110240560339684007578461037660632695076555083155186282074094395047877788407639229571865118963619922093731029413277783122508510282377817482202553464562936369911020355396244087040077009098604201964882308045954157747463615037697721005245300999141039093"
"1 21/50","0.3769543076969271057873570954566489694182374731232249451814290671548256106975116768867602454372164835449550755544307790964916759793851082068788275319583352859119965193314155571751861337655570128481327323100264144846098471622440453883213788016222822424477929894931588386078188"
"1 43/100","0.363907503276298954759318075188172720712770562662568237599931942772278478627160204539401998738166929934211815199847587568167962205975841437587707100677965197039487067115802541023639957908589536271283292965314281786706031913429603481087291870428287817149913194784910643001365"
"1 11/25","0.3508516343407390426736627516760450929804076011017979884888997431192750808593199422447745779285231709544767239811177305759979397287656978807463903903223120996215659040949735129110088213273380847556260275182250060565269041566307166226650175243681104908469505566625213118656113"
"1 9/20","0.3377941735610364407540271149548047867156315669481646859479700447951563625489613138126091825290721068047017016329736003912835881506977970709732639269919516225029228460852782600230989518529226194461563802867793174399597690323222946248148027338084567281920090989628178410856818"
"1 23/50","0.3247423424277717761307148304596836927051567238781778696293086751150075490802312206318782451950322818792750959460405967600680772549344836869931971233495679795013757120031005317224309790163235257840742992161266842715517090978787862461183500184170695713873093295250734424234846"
"1 47/100","0.311703116349029554252416046827084134617730456201116393860031357434594975668145015570757556079725062841393500189659098085556161479437097663784314779611335316748180450111994672807070698604192607006832869231391989787585904175216619410035451176385640453945790562167036119452817"
"1 12/25","0.2986832298955678115100828037451787846419089842620248058492624881049658204101681987720682712345985462363183360545515964512302389821270610163619852043715684693034996207540229587132832428737100834444834028535173680342427392530942909511783107182841661920201921406422721439615756"
"1 49/100","0.2856891821701312045540887482378568767628493080460651956002088309891706915400347753716737874539129837238745172498703271914411687451071118451650100851155974273708394099377296215717796241953283773181585170075654687837075431629709333347047676696650044717408702371698667451307816"
"1 1/2","0.2727272422785136126978875723238056910409544388957019200934879003373839810605903452551320981289391374132763049500784328985877292253967978635880403191590993261138179149153856327342541515224790046272297504148493950434668992709912193605246895350661941178729389147450094730391474"
"1 51/100","0.2598034548809443662184486863435991690876571179871252835112989567754904958942994047176800000747685781719936058087649463213811931878792769970559314875692673139224348684672258198860582793036901033702560008927994066022250558478650234181338356677951445399908585048416027483012107"
"1 13/25","0.2469236458033778507953590185487123392850152298301091098963604401460544630108567205058417788332941757017752184147303800672889823329796605527377395995137635751178077378150747747008134233832668381661782689632565630243926574938418712425421351062477835591496558694872817230009199"
"1 53/100","0.234093427689299835519311304344889970477884496974276564805890441379028411792299141603968909530828288437413049798224061452456426354467799558151336856407795582234134414402274597084621860240958604110223805675657094299211025902746530772965888996115351738773798896806246120684325"
"1 27/50","0.2213182056737166136890834139936630037966887853529573653752421058308250640135240430649966097344907714400634972672106792095117252479555296397869297321558401822686862436250003093391010836434645824725032628471530770282043488791735252111964084984750773802614606173883969561382058"
"1 11/20","0.2086031830620569432803750072309433727311839004386202407418274147050869721742518495631255950734304642758744440402851087724399947349189308807030762585146181229209787430760533601248805887399267487436931681603207513748106141722538166945253948996318216044738885985251118544141003"
"1 14/25","0.1959533669977846702168675536939488740375444007671954637694329045172592610877076474207134483273067448247717567868969617447637408213263456597918934397899008778681310027252617992074566165008062893000050133761990162907054247534967075669618053439025737117863099508328116110313791"
"1 57/100","0.1833735741035855072396697065076276605666417164419885933316653683854571086482862277712942321244558714554153151186220476133498865556223720060315582179200943391874971144325005896398870579614408640238200825385188868041585704087137577120282618535727137798473368165958311901548634"
"1 29/50","0.1708684360820493289050868572228686000266548286964178775629368563189481170153956747097698493234499725211715548714626703183925866146519686027712848890342120175762453301466028851527703177548356225141238507990389440533705966394902049666296239669890873051426781687163972902679815"
"1 59/100","0.1584424052628151818898452726326871786542337731713987398804665032584906793635564017603857606130346883518997674939187906285774826452524861645223436542429860702142697693845977309684098070097511433920429873520759323118451942826960757252082110041731082484132930944863281374049075"
"1 3/5","0.1460997600841770143614034268324425022551970020650790914625962629104019959105138861568776568320059918156713791966378859947342412502477913936583343743151979833158464473259456531001392532443958995727824427430332691105103712536751500589857425213365170657940788301967117061903913"
"1 61/100","0.133844610498162982554497240911507754953051573132886714323510705086363693110787352721666472559845365084513257299476943512893992074085867912819923562305646145946192652229394632646488603589428321114930026921114224822255706985720085479933882334646287577383299358625509003839356"
"1 31/50","0.1216809032891028743076702711501210520379375111508738088605742370868218446836520362025076064727554067438520886881750450062810307559297037131495776318685926700017813316000971219844854590345137863409311779971471786967009308321552849954968226091810250678291125981900195013062705"
"1 63/100","0.1096124272966970625205601744018289308335165161899759744883163735938255076191005914186977725232977259668441527175847172964990302598684999887325447934040114418917099347110516888335511028074541490814568939209540386366011177156445642427725030918077526487644415290869560156193097"
"1 16/25","0.0976428185356243039803951495848153735956226195169595160790890097837658920287395874873122358652702466662868215315969448915897691333818393867071528268611695758509348534289391388890558620955123384424843125375867100407709892187442615640573424428613854079484087244835767890168719"
"1 13/20","0.0857755652048469612722703054474881985272452941403894854678398048078687340227017769911603134548113323911967909324791109886663318906847136795808845885662509983104546676317534357932240166334658493634331677404703985852257745363866921266319332816720978807303363298092292894619577"
"1 33/50","0.074014012581188544649677600644608976038984078318740771323908425708838049231515569265047457847170181577132201201514397671943853749117192257887307914094051308203239236374053575149952683235822068965210786450189159536695762354197944966006615336007438712743367078943069107707725"
"1 67/100","0.0623613677940639288807496214129290781972717972032805793562062221865231485586540738756550225809391086948931802486071764661075502292484546648826091803394699127777317647910738266358297706484224207091588394028210464846264838469738842478755234785457203572477143630591689327927994"
"1 17/25","0.0508207044834762129707275113997052104665952844340602661012879710858138422606605063833082284885555484543628116366305371271208619798487000717399044265697305316054335689572695901142416956382988605025128818252552644043262115602689585829998389701403055084919642670473879521377531"
"1 69/100","0.0393949673599479588204905680005270193674420907326025613551420902347925802878678585571101242757175007511873974850848348948348442747441510877142277430743658150228258512052761945602303636232423704766217410223342694463881284788991399700634110928086490005707469814125236456705504"
"1 7/10","0.0280869767577813774304686719966887224666649381181880164665426644720082699306354755287375651363696220043248841330947328615162322864338959493029519418481896862399330427150593860526892613533778181618453474696215715157893590569655096276470921331733845795616043549677169908552005"
"1 71/100","0.0168994337688551784385409408910949050583345846342848492892628931025886633921555222856531253257969072370693416949917230845617435878531825967384181285598420996148917877036575081440351711473575697185943169465599826285882667026350305283977504022154088761668792436439477027298466"
"1 18/25","0.0058349354170442956480566248833724862999603729470525789213455809582293246905213797173114926788663313071276096764990833066299693417848978057869930257451287734339590632773708137653378298704856423618464617248426540880678745484340473670368991398066412553979102747517427896254497"
"1 73/100","0.005104152400125321759653288650789461082553073039020844821873675493316316556012581996132365822161812804289946368139226659872617764724614733278804509491198813040375765408629696124299656414251906608590219821523315141264049727089554105538408787696318385699398364366627213415697"
"1 37/50","0.0159152866778873786520045798566366861966098347517280215104586690232265597359480382735931852977414041594728779515546134672308940336466005967517620132615308466753139943115397112425541683539520012732473304962301480911832370795220421728619910845563887106499593273364157348548594"
"1 3/4","0.0265963224121207693120797691076516920792436527407152167309985072946407488719975738435112718968738508362276468972016721307151509083871196133326762633635190475800794663439665637036457328323435586595151286015994182807508860451678717347617662408728467285325665422476140101265274"
"1 19/25","0.0371450865312600767551991987821739308282071843650317322210033365061707156755829294064263304200769810139601656706337712793928024486929016053354797940856104803309123732169114151593230403354356279403377463015197686393375082617028278809036331829478915462118465343335771147440737"
"1 77/100","0.0475595194015167641327535198955024752736314134318237738895706922055762584180570823655550907684669394625866803788566362573071518403277951583601980036236767975482776203065955317675629114786253652251789914913200228332759971197390501215431278077826986645863614430022058513743477"
"1 39/50","0.0578376574995276147186435153349031588282769700157147200980351778218355675974530768467713232280640507700210955892435913599227919304862955022257734155420074688352856625323786064746399974237918551355447342849523785684738126632979076395190141744477970440881830753050015388867907"
"1 79/100","0.0679776293005690365451181212366377131898953245689639480566838762528402009920662174506291412435538505747262410981031285673318141937032324527187876137820366762128829427182897186300516566481574660753345916576832234072965249082451911657900597599910010571778989586785131785126882"
"1 4/5","0.077977652125328034842158091681186355042530401962525000509121489911741643573097582923714795176252819955388649945312948512666558302526350430557168398003241503046544118926316141414824410246197308789195953590909908261605781173032570451083763171387664744454484481992602339242239"
"1 81/100","0.0878360292658309618828868859991835975934095986806169110099733739272778611668462413209060279470481541004613962778950436297744849632730817077923645914623256165327487059533135444051731987392368469026001322702367928855396576044173893202087951368574619507246071802105184237072597"
"1 41/50","0.0975511472831655014729955786500913696273449485570017485958361850590079089158408096272629010019566369808388969305558636758914831321828031383325642258471486069582044897442268090395642146696651022785276962584838123803399257830996120191466390753161322084960389904511665556145078"
"1 83/100","0.1071214734496140866703373685955982914218684235439078622892603760934336195017395317094939074256307496707769128055247193103420654063105591252305976277113100443136025288077828903285644630092538960997640280976696877211850716030090631772102371198251695855732373005633022171192117"
"1 21/25","0.1165455533248334003772201781750433924052562079360027436167922499912311857332862065069719387335042986846474682524217037363065779168311084514723882211935552770168629639061918446397524735602501110854275358843270994576749541870661758928872383881715288897404162876845099891894441"
"1 17/20","0.1258220084602861744570186110309536549985326574557743573988339657212869239566557818664744810088718648983114683186102867342295859229263604919296110454388469585428100419852655518090515762242730942526143913657335243550998793281318743068300104386841079814506112750998523542918739"
"1 43/50","0.1349495342275154397655934102310937348252029261158317908182458170502047049838334440914341568790721227406051151139263894423519480156454930124307119098291241709989657581186226257816807279745199203024517151321500709965187489074902074315276290211763730672559772116546013352125964"
"1 87/100","0.1439268977662658889813201569807476936998158011973663961921802384035042495610048592834898010488824661016579544540684947912753609732179776316144432620530685884439613208956077757040571124861238992998769656243135154727360631441997125237023684035976053456109821883166726281197208"
"1 22/25","0.1527529360485421165007076931059101045513040571281943488492345105719155558231670195081187078980060837576719870262365928381715862976075394096499756350096348271086710290143369364488483415481671015192365143833358640347054457473942921371320942176517357259013046340847483369345046"
"1 89/100","0.1614265540546610524511143961732861896756317602355283851806577520293995957455984731053148959094715676731987165934612645300756763823834608046573790758565305844073978066808099004407707397088647238307740571537155032028828380236687278338567716035937672391412492641015124663695635"
"1 9/10","0.1699467230572837637088023560984501368653653814089378304877018537339531349643170457423153508227315337129539693782897751891859334566880251681731185851885665401889376005002281328008082266660529674467407956446979874269545768250905156053116876827877089693480214053385615406997457"
"1 91/100","0.1783124790093308970206997485114517984105415857280635289016150763047457702357169433557104449568801694015044946920599756017512678799426140581126327715560664384073439218594450357683152701295302799732709541759280031832944941880589103095810877657213325446100289143986928854085369"
"1 23/25","0.1865229210316093588708108446913930128273537343687045012629264289437419265657683783319236692716360386233386928956065831737002499888446256193720836645881187594289058269327648971198847661989739522629268814134828865950262259907513124830022500060595547566736284501578480515588592"
"1 93/100","0.1945772099959109203028320406997819390615089069226543406285771305647869585853419662080664869672611643792169627308663193908502246235308896495157302629623302995115403488857515921216590912104633635609747633018459866489510722532621439907684061591857108471405955847331175865650827"
"1 47/50","0.2024745671992886093227818281344521727604204475230336643479284590846681500125211431311765522919731191029400045651392840991679621355680399070935316743125049970754212161612506023689768125364186154066880515633306470369186908267592635486667013343974727702716232370938064549766594"
"1 19/20","0.2102142731251748200834051077245126298709875028272997467055829911981538009171710778443120790149117986963196872686312794721737037667842655964677036437120147759070837620909470839963193831763607846351331402353898192116871769539807433243782369953126981801135434083437327951626872"
"1 24/25","0.2177956662869761245329337377618613766098999830799019132791129206726883763161084480803517965546276212308952040498403267330024074308167781444579256816455713028244962743052291281982266785815431839069807880210454169220219618259224307901056358025171834160134509058869797771938359"
"1 97/100","0.2252181421497635684399230752773325784317784665199805160686466015391384344828883767382629312222300006724287988729409936210238045531177302347386853896345744757756169116915519705206012434439413670992221565307712441830992384130621455856602635830733356245970018295080484019354873"
"1 49/50","0.2324811521256733498023372699153093626546457054021078904775865955625883014095491278906304221175609408043186556476160933351449944669168744795044527108419674524919187828726336777008446309500642171563508343848626003191505553708035114942771279797753567121320182949280514116093388"
"1 99/100","0.2395842026386407137489202402868316584906742605555686666796793213869532340185273504256843099920729505391107244915813222615745056130435431817105805334458591446316752653175523815605374143321832592544595952225045885485287213597884269189648332399940379776351257048707526095812297"
"2","0.2465268542541091206293256253576146814432945377145461024486840767722551138407227238978727017030901609292241029828092571929671817501527001388563465441906539872877959801152420622816215510100088435404435596723676068574844459037674632379631716521600939278059825330405749906928489"
"2 1/100","0.2533087208693867101360471428168170603878456491283135800897830523688322479662888524540593411463025987386622965061827025061251837391624147010648098062679545124768839621940865887902829311199030365562821390106099112257958188408233749059518127665166766704586819781428657011662959"
"2 1/50","0.2599294689603622542819223984074939602298599304641928628838139477781033813527402157843702174323429370856058558340263079504149807453144004399258677106342996791109745440056570396278590090280784132642573584672852156926547532229643346973117071677755528044977192469118487992441478"
"2 3/100","0.266388816880342635701290476792091781338283630923665374269458609512753688692817867355084926653322735459351732382785251974634272494730161850718477618770608137668347812902881971374658213263931201511818339142939605622644644415934909308119789110819829024148348486776334356070074"
"2 1/25","0.272686534206832887312571497104575251557205413298190746744229436868090009840322876479786048428382292859912217147985986694059195221372549087019391338082813927845861311214044601598900616674935161568391815008579489430611346259265579904314172448676756970294978078998801866983147"
"2 1/20","0.278822441132147480502477452832690577825862755691663309950456920048161630200110992472247816334109762418507960824405218855266259761699966934938531723018339629161779663998583442326372982928161170414277395023434180195108331502932170279601569143130808568153474592762968230443784"
"2 3/50","0.2847964078938173604973612462692622443447657323627800403597846859349469077037474243520442401239058262198510408270347673457469769094575035032847918955343277660174791387445135055529442775482524480602951671343399762023723018119117535697772632904694276358815267205690718671108686"
"2 7/100","0.2906083542408407207376512538273186981496000250255368003498897494046333947108352413938775595822848759779559333589362195988252565249422449511863118709560732325196675551819893554862199099746575424113119006404071470727570724684690499276627267084015867979535111631973194783351938"
"2 2/25","0.29625824893191621547174225953561877402999000601517836183544257302190611253098331557021512933133652053475704647455325260974252713842720445931333127301711379221142563604658555549306841659949883526553222719152348962329349374053731088725702046712408403187298403589854916449601"
"2 9/100","0.3017461092618947741502132737397109717122702020029540989537006615458531026727513661903256349143867290474637465674040723048169455203948917385811182646320163568903983215635494418956969252742253963938093288560351690349868189460805941360598598430958903550453312717206074020730214"
"2 1/10","0.3070720006127899540856699938432551689923193448623033132583077839239864983501848804083248228202084650781146779395990658696296552524217562747345233527160207350520367988977762941848537536957118422302148140430663333655526964474073943288142056905895869548825250089430448942394341"
"2 11/100","0.3122360360257964084137724998939775240813036937665607861014707042818287799985135190400059364965797995389077741386400796807306170722535913565781644274124435876174752088885631075157551020120598313969666544547201658352304137231001756659535652274282591576931362438892482192928268"
"2 3/25","0.3172383757908811202727608055243913522453953873332010196084271286719355731919298007325537148199765466107630233492626763971216791987586584410296425127529709071794424544110668455948222177981345586485466108343903612260790028776878335841588505850921681778248548676136167156031911"
"2 13/100","0.3220792270506321323585261915065004163092753246964388353704332323799616493262494456270299385987762481799681488502538200818285695237989263682446264932526637487125762257765764965231992688363575324686986707409570410795552088968797025703468220743962631803376378827287899112609212"
"2 7/50","0.3267588434151741591695077152967016206916720016286992469671602979199819687231223952636993623247420939553568014313187924790945315304026925028275024822391636017334001996042980641464977279704122684781562778534504662348182503665552839266048038265681179341612017479774083373317944"
"2 3/20","0.3312775245850892866387446011870450149107782545499390644479925971975278706368105817531869311714284979206841472666944391084679065022520801809157995779590375026945247738682806715217402788469605675868921604374319200589508368520810968380311267144805878912296784109675867748062665"
"2 4/25","0.3356356159794135229031986896124041888688571435791752406841171067457011881396034777143701899577747607859122949689879543111070673114824886033657170654541866932998409176476764425355891832224748218889589630374850125512144538566666359913162521811185514813383179512207952699026015"
"2 17/100","0.3398335083659158498037287886076130339062780063177858550432185139002231044905639941205907309924941236183183919808910680395780041291473719621907165627167057678020188333261384617625951264247705125325559842331294244379440113049425409643681020877153405982901659553547888480645468"
"2 9/50","0.3438716374910052248366116248814457525876922415842849078338185718517273245240797694629063534705534528691506102381959480731764768406037542628401281678495316825950373459856968357285255633582259084055595706649119467425408666221560805141416674270243403834021420622706184772900855"
"2 19/100","0.3477504837067522874051005636136012678504145508527154419039955821432827354428007079979348315939210911842821623352846627111855954978153833988900307897333092271558069337739654293096751850507349186825321853527966473243707343611436133813848756045963544581435442467667669975352785"
"2 1/5","0.3514705715926559232830096891996385549452371195911417718644163646081168684134469183090428024195879201339071151607271125324950044287927530644638259089734782444009319829316503015386290320016924125902608190368937819746174795797208015103283204651478994993348471914255170538784158"
"2 21/100","0.3550324695699299314984327356161779304642695348280387209440994719834431930393242250145593242883932228745940643667773274558465802356808226154974798030481964903784381793664384300277596530893628349958687315995150048796015280700599843397151576789515819735253227902782945526688354"
"2 11/50","0.3584367895062314153087654418767273435931981620856323515247081865613736431258573324975587253102300933339204059414089210956462994501351508289096383001644462760090445816068679959446688196946411877648247243123700641933789285331253385404028272509326665958129346266490874568710255"
"2 23/100","0.3616841863088997835439575831413300820027480885485041057271486632909288065146380915986398975595902857659437382622253332922080654452004684492409807426712504595085715643658461965292983304463861852524062273712801084020337650460776695270826370632449186704234198937058930262403162"
"2 6/25","0.3647753575049230038819885869484925259917129345662946466513779285584454324307252380125019201952608005485567456440700295965967471238737022193130769173882344715340738520862598480191830323429300745401377536925073790866604257347965280001732151041835659897695157035900603100452829"
"2 1/4","0.3677110428059956033187638187224990407105500861300229828777297945561492134544519898889195269768558574346721376605111143864318834348593679886690296077234526225192428865157420445777329356268080147166358963846968682897624634413816262638586642057800581110028040196080162510885026"
"2 13/50","0.3704920236571804758489945589165412409227761697513693296124746736178955955095574752598715343884970486582798272776285944883788800840574339581611989424057558719901203244522858914814353503762380834125011363439836845619928997532584420001118469036236324963418092820742594214920546"
"2 27/100","0.3731191227678334515530340321901021157413293812364687449272006079615321998275177104910969100300038900927474164377288858136564318019100957408100340895525818052482853814138221320198540152321003304459190252936640959387788557961826345620956704377578619051214468373601470973528504"
"2 7/25","0.3755932036235954298567089105305470505186733836297017097368181345649998514710462352522669686839153995702997040250738652146618156766906632299192537145489829856960402428811955587061177585625630710394183972153693876892384784536323616980696048518165279531031003824059373280967217"
"2 29/100","0.3779151699784013152055941857295002603877546153734018257779546854737606013447356688960905185767766050911204051062329435864187102309364040597345507821468193468849832123412428261503885512901196138700441744295159454656180023408146964990510096607242080814928972253964488902923204"
"2 3/10","0.3800859653255976568024965309462663834853093129358659313763006578037130247558576033571241488958625383841400689309084805565200834369726927727129951225871078924671202156496218859660929925525392642457115899527357542490451033350697111027546266406425959452102594687653788816676201"
"2 31/100","0.3821065723474014359648309951476577415659664094859032379510209824747597008440131957630843774794055571829816669731374145720974421887135663124340330034201001401982953438960090714358610826984950671950284422754089087265583427469125359696486354069968892239317733042178949692777472"
"2 8/25","0.3839780123420705262065917623790149815349114408865154900542194770297110134271301745816797788009488646511265489474273948381463243439712490133817288978951093464361036179856656723180061998212271727520887922291635531548168409506185345714314725237466542410532459097184355612358214"
"2 33/100","0.3857013446282916450903031542856810563907906289201499217606155374275416017229112681377265566637406496595354887398710973915889368940877374301091241642363024321279089330003346584044133665566738527736154607559249121261906949346589839209027065558281466083939137526216795627867018"
"2 17/50","0.3872776659264238086286955637777556407480801950309793609353569337876451781333464293432559059007089408811862278284056039871591953581103673942139925708658829008561226108158740846456649927470205548292237349089740685087748172330768390621375991512267266468860948522709511830501601"
"2 7/20","0.3887081097163640876105993402312816582793964977209936062632863049436483100278266086028630459499337544989946281262876021137029048396458031808417406139489087382763372838037133587163217097883646513170872711305852244255831675363226785346480301036741517814207097324667964764573451"
"2 9/25","0.3899938455719275644006962603040975477830558515836572097978106260697709532130926669331695899431823392217769700075736650946799815896430396121711252311816457037729721819369887802834820670512178845448854414864470098094197609664148282603557682516976545691729928331822164268442962"
"2 37/100","0.3911360784717545278384447377871555875923440327570575778802540928049873266254683695032280878672001438443045098264012006692839731887348759614744181117338143821634848785544899580076487621790490338147799980061217685607952246065890091032206527682050243716139560239111246895509393"
"2 19/50","0.3921360480868748686536802187352425070199671636925651454330037500632844204269633732842089099898427242611953702431590971343907138858352280636688814490422668391129284753925717860615817467776141749787965018473722820503858789220376855060490887634213048701668515805091173627048198"
"2 39/100","0.3929950280451721114719283778549311023285490002366585578204901109608861636285140632341275527927626474163684121740956320748287467464218239959332770163823674845976217870482233271150430668122727427540090892113213944096671574357469749422699352619705842798681580427717003246117231"
"2 2/5","0.3937143251730973232445965934702435050300929636351424483246625916487436249479272802803390661439858579044372328111673069713524922129004438080533593910044228274096950005332788968432747416016855286197320898909555536525912162825224649347990253955405678160478351544176477728740231"
"2 41/100","0.3942952787150860718357378108904233295322612437689139089422585359928812497801133168212518477341857560635822928856816801451090380567717413965713389741654562834218391521794274554463177087462695197144693102640788821188287316890278172219310447940916171831851680761070891896974528"
"2 21/50","0.3947392595312294919442415432031510178314923463833957431359808618410526692020597838222265533347532636379635049438294825236406193274228401887509359283566689100227732693031618099805536110123105445665539853988434893557846900985408874660187814833177525296777356226213439973871267"
"2 43/100","0.3950476692738431878563152148506222903810032964254596188027896239859196682989693323341019710728684946447556138646776936266144982974938362626793664569969849891614868725024677464495357368576404940961286176681614235571044332943541992939317330596177524622606778227777430260483318"
"2 11/25","0.3952219395436650233464725343685161528932961915495499250845524041097814416248525281190017254189293010258020028626734644106368487324197208029297443832944575393047918724592886844729221345086323999838051353596838316326307311298681128326280957394794723489724169779405855297761942"
"2 9/20","0.3952635310264946986537986981600188943542442391271475500301401325840223908445651474882803539165391002766519732439623437832130159770723281559845449720785150982079663655919676229142992813231982618752720378255568665896482907188558590277618703128556806462853428513218327466329107"
"2 23/50","0.39517393261116429398815263370372627584273906332805889708960696919734388033833190733468529153460835835580240015827329312917976124562101199824848092064105559789879227764666636894948664978101052449215657419169676426005591311603894156064467893739267875198410442683528404928141017"
"2 47/100","0.3949546604897995905714828382360450494617489118059976085460698743845044613787986383960445681325755540687356374002834917306750863007356090539087530728209409152872935554339688332549720046161571906527722425209765085567183213066616299577243507060305667760839722445376375172895444"
"2 12/25","0.3946072572413969068729270177145679368437580110155071830605192948291759616160874328547805037147942637148257811314133021509580106149673758099598755796775600551643662020100936021493617970987690050019375877422622034623686812794340722835649925799619262407756387195970421419232888"
"2 49/100","0.39413329089979937341329359479827733016858923860866667787386477135752168109998713022232894447342380295674327126749174159293486617974011564719992583993246062114031966908301323201667658368993063629750028160846380178535436425568642503158730397574059467653526284613498564779543952"
"2 1/2","0.39353435400720999893466301123983351082155656666313000471228199142970339050121846869100669727682953111415857230642641214143185729511166109715663102480420218253904310201045017397958293441404367308594482456363614499209639857558429596970964270219127409835055258067101512758988596"
"2 51/100","0.39281206265442655887064003203025423137644026558782875330986555901826487591879909470866408003328739716580956292366984439799625588748635601901996183469842221602121534399089771765749031348937245565662981294586610734623885766377942095843049516326516272429679154876442047656491292"
"2 13/25","0.39196805550902528890363101861313867867642288263926471593870935275749933945478866241769687656211453267738348522114053955923606690111942719320322044986656868335503476402295946053250743792152540829230049111336890499109829599028350905619923135717062030131578783106747670314237725"
"2 53/100","0.39100399283275663642663360605284654816796431776138679775497235680609370646019896262227432406815191686201916353227227416286461164230200109603936928091553437866172681859627697357288189328969138780789764474594603926379806002168857437939247563948477625203026036609097448110377336"
"2 27/50","0.38992155548944697429728801298049192514269342112208105042524427860612687609113868522038317004242780283403698372809445231138895298800788091689727610915091960818995102218575948781749146619063566679021791947440606504085094035247396716609115271688605240846674793230691897818794739"
"2 11/20","0.38872244394472529595573957359971562414601094791227470354287486823992537177018620243398775124763080515398510879875245401972618007468750499057526006384005370425948644072154617168260620363603643097378850573147507203158106627712869728908502247002933387599196531411209309311030793"
"2 14/25","0.38740837725891358781066206570512893198500767891561890558436353765368131796105449238688996679679939021909927725158144591700519110595659830570197983742933532522095862827394804986305768531858792723769386641593773724214066890762108601426532605394805135048398523569110889128964324"
"2 57/100","0.38598109207443392944759840322721048937708303457970404016952410317821174223589063829112083823188660697100726215002795027837766463678048511157165318821948105429945737133852315550401203427339287465338104662230706810339041762716277822639697610467954237697449871109772339741399162"
"2 29/50","0.38444234159909453608521285617939608800926730454064693467317053426456559214866859059186421281718039426526075793749787183874045904001961903157449542983709500195545838002865035638875568270481068841471796062830784403100516799674138908127828667993739773531404424740469044781130881"
"2 59/100","0.38279389458662107698308163068926561862974638562015373592685346981860859929285387746659313073202694221214048457717022864876644917241233437959264151500899982560427336628467240680535669879952395504255765705649269673148008957382385532216717554427381997522136835824789217347564625"
"2 3/5","0.38103753431579883814532604522014476088123220424282296959674208126481446960448493711393897677176007160149725537955472511287208548748883711686779818948956007075305072449557246956272023526982181999137365170671013698387980469091223221157455425729031297236637388747806193461370819"
"2 61/100","0.37917505756958582034020376656350010561789528823925804288852388439752836545568548138847880206538406007455279313975457558974625812762592291385235387431324187421786221013121937594617001695175300796855119528142182617974747321348935773050954981214211253727722649214807609556245198"
"2 31/50","0.37720827361554685846334938269644903024510458060741438839964749066488436548699426858834575458632136728225719317915993840812988137365355880714066356080207525691707347560059469282765857875778546394458849636290643989416840469022244848732648411424013783251402901347930197315389501"
"2 63/100","0.37513900318894451041032836637096203078037869192209858204021780607479137993170049868015659719427116374504587936603307704576902777485097001553629660320390920986603735312440158710400039020946189904584992201508056140753266720663068534311909973652083650999309872635659395646439203"
"2 16/25","0.37296907747980399704899778122711235257400849457811841436913068672065212496554810729829397020440283102479922266314465879176594455210289398240552231764361640256043947228115742231383793293946615815028667022100093738787154912514970948164856730189191281508737066506395122547321755"
"2 13/20","0.37070033712524709194966669190135727072348867988401803634857885568866407575310875805021349036779375849878492398239806216166677034729964366820931188249891325083336929718729041066678138406523277022690390406529150255700832685713065928261848094810277686142623191342972291439387849"
"2 33/50","0.36833463120836377963121310644250876228776205234200453974692961591805510508859252710725247071050493999952673150431869846307395652653900652039055355658787841661327255152116707936546583484026507635392399297925874868645132757616845167985297386642599723225617045918686066349940181"
"2 67/100","0.36587381626486094947383812865785088786952987906569810035485661012309312568828841744634009783917552857735515953087425036048665258406718406015058884330039127315166647355712978384663397454130422948618905764084380081023799035955236618334017494022855954996643427578966576671552197"
"2 17/25","0.36331975529869459910677569144502074920390915896621670497204535359584524261247764479044883528386846088802607482273417042545721783225454651375827674113376236087292454288521164399605354038485697062911885731223944811997190373587824192922786046265425834890545795308379298253200481"
"2 69/100","0.36067431680785621954586002800596718031909847933202816081645381575932982334580837263538514333724437929131350959684382538281723827732125042602952963157841169343877163303815697457360890068022066021027120186296547094979951778344005806252662192207145889520632962778886892226986876"
"2 7/10","0.35793937382144546062545041985282775652826915762873034068639889970737979146657851352375576866144510711415671386803263495830909628413816768941305073226242263360417897167896624642684309126968173880830910020746849260651765288677644570813303199835247725119994054413233050725161647"
"2 71/100","0.35511680294912006669249540800669694708591844861608784927664621768934497850370907346892712146110274778687665093248614218378326572438984443383333799061862026301227731112763392468125511002669502719787707761213518324254247753419270874505307993092099095570137406493715402472864389"
"2 18/25","0.3522084834439706667539864558688576729246632459621591620299908117151008878313011776134754937432971679975668788247737096305533733753248689115547985381639659548749289978926152325059304966906115107276383109171767915883776598958703853712118230024103424764892260722567937966325971"
"2 73/100","0.3492162962798225372122929929554459984870382315682566902059230712953291811143417225432060854585558495119613407999485890949733505805973995519557479535482368036789274011930276665736895458297931052924604930141346076721721894466214535532676209625515822571549845559841387869312259"
"2 37/50","0.3461421232439191641985596690700969039667422899186932571333183001199986578043793864525216614831866396487226947415660933967387658570843176520358040310061370372811255763258937146951312794458701397756096213812220186243975656583578391061980929725898518027915763836485839228466689"
"2 3/4","0.3429878460458935488951628128920512153464963313428885950759247976741385609489525736552613361327576414732727464097447342904868325401358722207701975962727783711657539373781797599492785909095656076053640974505207839791840303189655527018629160424751438100451532764083240058338902"
"2 19/25","0.3397553454438829521743881927456857385576222710333583836863689642428303945839117727776201592102949572241372146423705297593514730999125544502983334173523155200665402099856390812529295448764050218092945445208467087776762009405534082077136261741448137776571433759718718138441135"
"2 77/100","0.3364465003885913890710748312553258795151940274551353049572864218406017086933756545032985552331081981074106630770250551790303600000002216596676874428178388638121604183396441216294192652671060512072588098983721249811729562063237850911737472654527002002257373541473627866392301"
"2 39/50","0.3330631871860518786276031899133446866784880144066819617217081703916661361488699409290348722295925359881995143954141564397053227390954589286667603041855349147646667192376763262687259490525538272659847198956699260657667244703785651884651060890607949436500309760377072897152842"
"2 79/100","0.3296072786797874442387423859343092077222410208414384346611164916888736808894583081467554067008586294069801214753705088733870381654696882036898316610371153021388229342512463780718454243439644546537752404199499254955738673770641030000833470347844347398345486669933920556971935"
"2 4/5","0.3260806434530163510291857511676496331719276563399752997278519361241022082439484426423790600450612318695089522139445217324191494178263880149030070485809662165951650554982042697831106512792351712438977619890702286291219115015448236451660233402669671657382098662664211366416935"
"2 81/100","0.3224851450514932601826726766607211595263109416894456783801610990142445752094852144408507841557651528908780562770880379464726403460508096812367564580544344523978765701754223340699174359499478392868476323431026050797228953742194892555895350459865567477553309546896752466433509"
"2 41/50","0.3188226412275240680594823687314532824808255903648952909146117099912775124754062034489588087765384823841824683753007244238816781699498438226183179616882958948732195894060689271368240842983687219262682523070024143559852910324922101721607009679834872380171588861714415310174956"
"2 83/100","0.3150949832056383648580309934613074843456351787588214081353143367183950078723764341884928334688560872936096151569223433838977682114635464969310555041916373893016015102915197605426336155071377540319031452495678172027840777156575434183806203398696347440876564336840921318735577"
"2 21/25","0.3113040149703498694772484961873032297873254535877537204802080949662286406931486191775932478193289022376679881698826409322331919475395149907509329272685322888668177006423903547789176689739022517933730647404064383202177773010421101608955420746207413887597337586348332087635869"
"2 17/20","0.3074515725763820412667061038347421191063863482337939731503350838790023955601834005958185422874787190768056312683023418269679518965570905436152287807888786374350888868215471291503947854196849727250929012411172657530564361821674361676698190728651571272852942094717664681457659"
"2 43/50","0.3035394834816834935397170908480709638092824821927100136678455703574055581808354129091285246460042699217129563310885969000916828096685445537445222919255400646730465631599183621678707418448147359898829305919324060708836222937047796363907448738267560405802036888868649617671614"
"2 87/100","0.2995695659035059867542926020768863099117813706136273016603768916919276974541664278978432152176876393277633198545906336408586460064082425686951337747694110245831643335988894353820207074416605567156748137351841903569288510433265612183448057206996964043386401529933525153196579"
"2 22/25","0.2955436281977668003068097958066296479258661743417536610411170605272966999467498430659047743713301148595548303154721064479641732416038157456154006467261532409720382759184346499767668055374248245357783436257320123086948028228885248350731775736336682911984293750832362459264209"
"2 89/100","0.2914634682618673004735433853257894259535526238261659335101760029820418505311188417338900110073768482399374272643009793530311211579402328705349591030287020130269606202603030452246575165690568082705029034902417327108380895913653860981373499897279602124890796732153976623618087"
"2 9/10","0.2873308729610906580253163348645257545874669186471419839839067578746322509301434740418300231762690233324691367929270362932323342021658737790241379515272479285815190131802175711617198608746417936072456755415614274100348755004291271075878397643684018357577435352001632923297332"
"2 91/100","0.2831476175786540325780989001724531287468227647211310269786444308827748660963632276111596267544831139237209605262240027088951156854623902776072403069670422844845747755243930889112713708351789296474067430786742116854332290756753058777400811169632552889109379311409057506502815"
"2 23/25","0.27891546528944423230953010618000459057157088114965912588031760503352198161088288912595378335814468741572350959176470903128290095082143483207186065903537973689179173339522951779141554890560473766957589255030443560307450720381176682076536953638662246044974440884253737994946"
"2 93/100","0.2746361666574209681656523239446075907904526467571961589180530040796286277111494650207520965298598347251699200747236579162818313366985899235865346175776317171987236109323791537853945803554811739330096313766920651451794624814181073415119503505814504448972402933392709890709538"
"2 47/50","0.2703114591566284325396042171018096651991519189486958661970865718608781093618211353704657885984360850880408193600002687630224389028006369942150958641503700367137240179662715900398898165269208827139018721734665934019367134238086348487521743641434926245658399716217645226753033"
"2 19/20","0.2659430667157141157605749198913507997669016190603005207442009695563142036799735183271626139443263331872758060714731088055597195172746941347218473173592340903681994706875509533681541670660169241210304918921585614594271942631128247043549373704645807546102551034480776818040893"
"2 24/25","0.261532699285813592620225045729059279563828502769410215535762876629547663167844771877791627470019477443113963222315988717612844040024892072733136055837517055602201648120122863065416531967747561010796633354981058525267763574066575456374833937333230881922982317236732195036425"
"2 97/100","0.2570820524316215197453182478566376253711670722011680791920792314692624081578783331451203835619019757486559696240875250857531386674927529583359151272087704712681547093163636207038775097904008332118583330930165492750959623496501830767761464030825309717924174280343683447306366"
"2 49/50","0.2525928069454323284459188182092915102200916720630017402654651152332033079218530543251944103631662429517988249659093054394836169947609165280132951216804154553249361893174433444669175723108727039348390896298565693408748652829804359410526232191735865030049239983693805830546779"
"2 99/100","0.2480666284838991139460652914617976976593768651949355720713501324277798516813588634590141318971972782313337651080718940516406433859088955435299655212445263598537785720156076630479086243602037588724291939670513572832632123246230317463499453396129742605775601212962959250303118"
"3","0.2435051672272260398359883165960577239054365288672168934647928666087945327852399178496174339937527964101631211400921936817087966495544760297173186637749329501059728929381280192809804437034955957670636108288935781418818876402948684079672899091738296614574247937121451717904452"
"3 1/100","0.2389100575604782176775568270462897914974769393815341377025127194184771430589898056849103852305028921578579075856311469166898329436885720013713759542627902891575594104969036925669072147553913391384999058526058319104369027606592080208052027866601942782107189933889638242310451"
"3 1/50","0.2342829177766635001072448766013926419950379783249854171251984339044172996063803425593789158261706418196860999631720406466052061250133661843500914529523669441432562374349909494129347804227286536216422516449930447864297787740702958325833983400426525394292593368648443835521735"
"3 3/100","0.2296253498012129486864653496364070885557642465806982943260528950365630977592406689421590003523507681451994212361016139016900242149733268982815454738769576413479282190616991941567671833169072083802944021053631867858767482618114835799530770827464624440055761766149045988631938"
"3 1/25","0.2249389389374609057052622415659834101503186158094934592498017136607928196481956793250520258711609463672947307112660566848302886334006919145551570628252219951389278960412449508389680811431010830886969838836345663405371034760638605589584854998087053413201620796562467939864944"
"3 1/20","0.2202252536327016064746903705522660774443292404248841116605441958985898358252954446893486550007945467623702731060423848425577591491871822939612491348528618220058717527591987642416092411097352528287458700004337345339081553312570681994237882938377173539503528624756812493241552"
"3 3/50","0.2154858452643771038201660621446999111114055234187686607497248539454967443659178223960399994509468892478302982073569511948861605160270850830024737016508554956984029865048257816444041235223276224012104758242504317036899071562194853603538447950007045877537120329059051619440293"
"3 7/100","0.2107222479459309225302127163340132406411874622562648864744488448432990875449258082293673067696032580338804659595127447893417028588703129733371117476936662834212368304140422486949077928343926598341717758246182738368464294741401054219085934616094884937948738941910010144564919"
"3 2/25","0.2059359783518432963768974462838129217589357658379204752665807855727806691278458780934976295813724375006078241844221248431407415692067224305718175455553501452117998283150059689975073498366968859456503817283908847047603421211994709784276565481460435942868556049052519888972054"
"3 9/100","0.201128535561347037292096902469254717305477346398313930311794885924434002182483412782696761723759165573066679244584477249052343744216243042896922586057100289564885107290124307093438544371619851287676922161234715834688682215757650141129526716833848888627716687781423870635482"
"3 1/10","0.1963014009203080143697616637532644546629431692200070104505173842729069633047753754419976462099185232076475353612804926588094160562362713216036484165816516349830329425217452083728423876039699965386835857105701171362892640429922036823659984228997424186916901027574302830627547"
"3 11/100","0.1914560379207408446997562703321500932732877023879329872709090787768789247936150843128054163731981220330332826811035926159035876220757128961417464765123870288460317924341148994359594742542075961991107324458160879346875277210129977274985327022537233842346742313751204215932614"
"3 3/25","0.1865938920974186802651175199520505576146434547209857140653103632240595631924267226027851670659216339201173898933584458010856148500789257813429753967590880560967325946067211567789608361365974510527119474381977559617028876540706293485663740797571625853085351039796960956709633"
"3 13/100","0.1817163909410258737934746378287393701414843290658007987988578315224215560963210069546163563580824678787461781441546870455623161271342207402159142519045393840365142640417301079056940289744003586914833349561274743718032324906574859636477360544533380500690380149311204950446346"
"3 7/50","0.1768249438272937773769126616517388471290323723671622354650095819275781594692899305291838173003618639356872363881964217474394626926356998894869553974629212463270459505150575424427221214314551620640190037573619541656999881267556585754075300447377536245548211627731025459655321"
"3 3/20","0.1719209419615529243773228704329069787981138568943410464098783328064050530404382185141798883035384094038600856610573130946283845977237099543672085777071552998123507823596120923049722977634194734345406859965197689290509138177784351684037218403165308934329798256306342633488724"
"3 4/25","0.1670057583381293192125233075463078303612577117758396614396536102235245681889168854005623713408831665113153815773108246913148681423974551045026821691510714372123911858426459636476456609432034399595570312220690964709098204404326247599873986991171227194949055263381006429125383"
"3 17/100","0.1620807477140084611626744765254254507041433024970052060292525532155140200788199232694085195099775541577338425629459273540278546383494262182859533458916782658343877910653682868131329525081673093661210741240565450878898106880578872771615165989720281394488827477123950715074446"
"3 9/50","0.1571472465961880063682385291745155251620623925372628385683954553470956375607422283084013748400291263745768918534707635253768963794022317431103272749038358218804261193480630834774267996371306425573177422293990218043071441243331616613433320721979151248538947522234396130958715"
"3 19/100","0.1522065732421385751391794850905567671498141791171074570955694646382402844734923911019952527775577525201446626065743996824344600708674522056397542435122503016611293087076031194128104374849333415867280131236518978568547436045084516394352423844488068275387244138043213471162279"
"3 1/5","0.1472600276727920879386721779473027715042207571540216313091884794996169264015057472417996023913850639992807828165162832889731936951423832911214011884194680210451672591385932089025364475497723105705828587568923852559477331120057482018768509826599815292753880040645643023402654"
"3 21/100","0.1423088916974781119140533845423070201246201722783623052655450583326713556030169113201876252790047440405728615872127784592138641289086707048257858772427373792154027334222129446449468290121955626064333863634327231360148037649378085829307286193010633358113718474601809150749978"
"3 11/50","0.1373544289502309709886151083039504166691572076692591139188390895445571092638345238563086220628367464447967044870358108607593045192332848041560609241299539673366366967026041703439290986810957033587329421977951696993193727665959398163395905300702880527670088615878083977792001"
"3 23/100","0.132397884936893769110692499383319511872943675455422874861413282541753824316696411513619311221741996057331661251128275601046655330358824761504706343787222481467458885379983526127384132913690856922251335846580561452728505641594673886654900253584618175653202535891515834859875"
"3 6/25","0.1274404870924499549749076269436487234454112516773421199777740467203911513795164937369809471463068816730111538975490657038587303217553159361299717750540861821820831871796192695926402198649401124789536419950528284322483816562308275882927647478834435481132805556596771490141855"
"3 1/4","0.1224834448480185800084937458377274988184118001591827294523523699153589757764518465102741592516891404130373577006255043966228425237598120570700585449255607501838491519196289995318100716325248255185557925775517032223868887918204712276540783713708975894896923927112902207091363"
"3 13/50","0.1175279497069559412237989730743739440714581598704574649513678512828927307406363766013071721582623605262069400147794971448878827568940139526584230763465519802426293910676753100920711256472639996422532345972356571377358854776742870880211212946918145259287564321497218091886741"
"3 27/100","0.1125751753295138417657907380494399328194745513902620222083692805069487558344317502123362587131191865308607790158987658069659566755077028000881700916565949635547042648171906839282680560102220280824747193242399458787844671472825073411647190668484467119299282594369634337499584"
"3 7/25","0.1076262776255132503509492388814461577521091333855304743135245856824919428823360621905760626810233174918203076614831499103912381675256941125294966648827235061537379370222295152120188037107364281233119712186227526903429374973806850006195711127234502079150668047160117256980127"
"3 29/100","0.1026823948545017339744757272694987849716172421131385465057615833158288827724242244462222142254462104623196822835838663266640110314865070168008730171157556972891119613948625527676687819499341534120520620366132730342379744565354112644126908063825604279475768380480417277270787"
"3 3/10","0.0977446477328737643132268377634738874440407046915688012616868914196822222232472603290823476530656864503714059356449411750861709845845175193697619281613547791564296016789270734839959353239456072657025631050910747171421333691426088086192095788140008940610558674567142637257607"
"3 31/100","0.0928141395474450262927995536288386639473328879926043518771482968517089269289922525377421134156883724647399963435114322103695478265261717981311217191936567428295282285621991151708581963167591520281140630271519608046659626857095182488606730805815628874292552396769604351076837"
"3 8/25","0.0878919562749854897597727672770832446180137001000284965594912698954003836065892565032935596330204104672198006619911882441380695406304572246606005195681343766230549009440436393868721608463626527912099132474968567421204650248666094809866967761530610434306092329970050208313874"
"3 33/100","0.08297916670723176906748304504015534091519064921269056659454685568620943903059780793444604271747996640744828888179258409926356098400724432045580677282455444719106575619260821487581717239850954515086880582548250638136715839992727583016266729101934629288859012208982022403067"
"3 17/50","0.0780768225809181055262785662173412216514283136422376060226466919131400846020264373040706464909805146443022498920649361939791052547723907335644594743755359500360053583133847419988284761586345077029466637997231439906310923065678523832568448053775703834180050011960145913666202"
"3 7/20","0.07318595871238876809673415760969393717658797030052337090804670532640356409108703996286767647632663449903627310295706495268838413078541565301517269073921663922851557914975073872381682071349388146119491445791600649074819030654152356895171744998567768197202416118127706699843"
"3 9/25","0.068307593136385644547054869985518924912267710312365284541897111624007809610646149603121727752063437263412293180772627046998768340673522858495861117071210953783190971887249383996501055551046790200670992587192582158415587746764421304845556602493254708403457400347146984629461"
"3 37/100","0.0634427272486485454458013719981496047735501803168963596795847786798205510657091420494559480178622596086354398008978904288904934208304758796878766196080499608137946399610884455667289491412933867114364990441146770260404796116500837048953170438840193080609122348756776135313612"
"3 19/50","0.0585923459520322259105072294516059616822462381494595275674627602730347000591241990224169862740364598146453947279753127064430685647951358079782462301638862396145348455473634657109406415512663070552298842608064833747558366647647323214865590692070327759343789687853478155258606"
"3 39/100","0.0537574178059529525474569555652579615897084110777851220898158664607467728630274312340011115392467590355202189658644047636737919433403858786925205719897084479460729115247282421309936285088906504544839913733919100875984946396134187116171984301138243386629796938220806464680485"
"3 2/5","0.0489388951791689881200020258001214999870857614548907755301114446155489101324159087859594146229429096209775419571947415501257855200839559655897813841361728869181345291001719209449533115207645454464207715458032184662426725207191248070177538697284164886575604453374471881226879"
"3 41/100","0.0441377144062612993702061621219722119254571885203370899826890198663035725743590126948266585345989188425151254728105139987217909846835078902690988352967108802894114773532132009725323500164521316413274369099286800100635079905156062149978864506982316399263013623464321318556036"
"3 21/50","0.039354795948915572435283642238913276417728195641025140830510034517609299042780984347409533399135627438413374642186726787094407993305691031348192173326766214413037138974033444019457391362910837519120113459263967381315506928299665582619346103165471083050851291433312882027766"
"3 43/100","0.034591044564717539960563060390486091757637681228601077025286224337789131835494630368184114604309389554557023138853375840731148801366354422375678042519724876246175763373867584531903931169668486260551735766342043071867707034640067877932259719499349524995054525196062207421936"
"3 11/25","0.029847349490028510341297415465359005347567532073221867436472049695315048721875290788812730606296172848593823983628356053978651025290809489668550608664172647544473652870118120893455192566764841443195470496382882613077585865906852816226933824719868950833193407708793693199619"
"3 9/20","0.0251245846537588858240034361595131256164161020827417569604658644771809686261768643927982045660416451569155788507442125246798858062808913310941629132915797387306785395149994397051067415841689225896033725972073486862816726866855037238660765485732079124389278135441270938796406"
"3 23/50","0.020423608970026700029558659641776967771355019512432732893666241668443563994227405313171935950591077382973435140382316845211469851505030110054319501652869167402790037561728153340137691957642307837061676581242862059702775272744011302825735244289062753795042084049639834865668"
"3 47/100","0.015745266871224293638578910667724181560175748477491404611123239805313833046416967338698373219907303944811322982076898527872110163735833256760013871395944913500486354502666986014453431410472758086582938802953643777491204609282184612281577466138254485191544354308790960610425"
"3 12/25","0.0110903897815142601574823835464822709590546847140083520738067236053065403985189319078181394761434953911622536914746551095080455614727821107096115604016554671682126307653795580864708969200341267245243168762706409702222601398929375206991212309473438082221749456369021775561115"
"3 49/100","0.0064598032205768263153193876639303857429572940568017647771851817939142971417205942055004055197771172087988820626334673189847287747616461582147640027664464513709200553913568878500033671154217342454331077200670848615503612113128956286174382846592484804150925528063641952575086"
"3 1/2","0.0018544370468036310640019368655001692700197026996680872465467703569717605488831453911252978223999376005055596744183670831171641806388224418741153135077377179300390997621076910144321284542472501730561639072523483700780775164334229649892382245121066480817878854742359636063634"
"3 51/100","0.0027256729740060736421600883491127433920997207365141691221970390777785665517294232497407978403735617126470407287631326500477693285344205366431391354529193441503066433453332278239575720423221080876894252529852069710692295233950715719955543932499220300910243885321758755750012"
"3 13/25","0.0072786290495879657588852742275111395058444997036372726416051190767523450383518299427357196962749724921265859457554758989523989793662354584528743161929546660574414053644821804167106599345837377963759016144024755261036362737630471630653877993217545143135414649596340591915364"
"3 53/100","0.0118042854486646134346890986569596054355947760297448200108845739838952243446124010148591893118201045564078411652144375294858557014669098353787469607888636516479172497525200724449508713251271561544270124017277136921851470298344065157089802842328593725230898137534414162034882"
"3 27/50","0.0163018318436698808766066442616178410191274587599170723361160375919726229536818785192410008056170970490715957993958045213224157403844016771602909531869691866779316061627544806925739661315705581015745081784412656758118329741401252910061137993499110425642955421793947683700075"
"3 11/20","0.0207705314925754897809640118497065043443434929964396206170186411389590683139019235440696874674964231360905542354078917153628793918142429998277420406963347581114910223712092164841821668230515370877774129697516140641592911296135590536948470219948400188922595741843325670840178"
"3 14/25","0.0252096677677064088053223770239756370788196466290580834224065493402161307421961978896252017231086168872708621400783694753985000649557836095132323029765178092169346655426780410500771448458980340499534127750324177103874787126609988449612491287046245779699786507630004496963143"
"3 57/100","0.0296185391969674939212026162740180914223734950423856460445765548822567831790360500714597679681506360834516052888985066524186778370648418927510166028956312328841839847117933315522215491190800799455919990692635565293537679379518202088381677076280391762509269461100386027701969"
"3 29/50","0.0339964583129811329308182308110830514735000101260297109081734489114994134439409908143448693077615451296374089188904716677034796018366317528403303481080334534982839716765267196839144429540351756216166258208443573079213097695492318298369392603252359951380089706337206491191286"
"3 59/100","0.0383427512113765628176590489387709295827169536565423208317050377079245799283996705787024901068550421243697292715821823058759684597096479528615634437750948264004228555076428528342769378802276068477414160080732276780142597083294054188761405069473707043029027184866528468653433"
"3 3/5","0.0426567573029924105202914454715159813841859175304481247969326685852320100124111688391417551740191352175569228986957826428094639637437874117775678905633966564818706739291866068833441051774777201984940284158705907599474059968621102214254879785950135473406867049081835600891408"
"3 61/100","0.0469378291338482797183757320283942657753746097136621214501787426870887837192642184437007256895181370955654625861389769532668602247193688192099907301484578414146742398309639164502813788341635551796423385179930615088602055344546926474774564064658181687787789561054462871291328"
"3 31/50","0.0511853322338341764084230473331800703500982619017196735597393363313326723795179434682917995276935393997823576192520292761382380124380884699045128416560870929238337586290501047808862799319038188567296352530281325448667907782509033064134205133488975629521199453571332718099953"
"3 63/100","0.0553986449799212165337924962890471775985511337770901478041537985123145565422399252772034591206421337935208005344392103165278642559492854407045467169321880356645272214403417306289147435362040362571496358715468378383871176023802144925946155534409086940272356775959168815362025"
"3 16/25","0.0595771584680910828387793025298053626961119801702825343577419842384587513113770606965198180877555003676592911480474211035487846451066449169265679306273881297149552017796553844407731764188778080087776719613204992866627589691354843231283804001838058784829821221088576275746233"
"3 13/20","0.0637202763913929102909333263955023746910466870954675287437412142288073615296933906499324826280158012193500123517419574654349048699296566055546401702661547485671782677463076344321348084838216530524809200068702059298658107764217496409916032340812949456843714799444953272578757"
"3 33/50","0.0678274149228880694711913806721430470190380873287755531030739174157674558571407364287167434064303008359995887840079516492636284250190877110473784737887276155368145421351330793454460087098993118397051497669686542089113703537217104105278471921520222187466043094053391236524577"
"3 67/100","0.0718980026028562796931752090978957715571001977995546985390358366624723626962281358673043204781523269198952984817773816154154494698848306353588226668248841104917143544795056036147818664542017512063189068499953322830461681464865651724613019092824369160704761220588881661464238"
"3 17/25","0.0759314802299306786875304961002146633485854222793675282685602998389803468751735977260439035681819938033877057303049748081649857759806934167140752402633575534773027125505530284379843085108121557160520564248867761321062927288967766708469220342525988530644779534550609917201687"
"3 69/100","0.0799273007559764882553847590992062465539745057827676712612752786143403846958757931959190597116899183679747151732596472559018343859075566762611300357042733798745824807706469444014723154067138392351459945208133632340559517132607472064125324186718612775669223768377167151176854"
"3 7/10","0.0838849291846030144876854289696221034276710131722021010257292045180642997867681204329310070404516638426155030030691807227650331285245544175513141301845390713089718991188562086540245356756564094633998823309768367854828897237523267251148448563504570840549118383698699933335963"
"3 71/100","0.087803842473236977711344113677071600039063822944068613076161592223088834064173513709504508475113209336795324160512797929207143473244398462165956096029320862477699948254425015814503405425551465599661035981265328654118307366381626763999600400120905585413370520959499898064618"
"3 18/25","0.091683529438703790101170071142341218531804598400230643163996781418410411086281424264499000692458054234857791395417260751165118542277843254933310313562221527175910633366317233244284953830022425188790106888114562137344145019055709204670815455313404627105890214294329682051207"
"3 73/100","0.0955234906662712205311129858738585973191459145819331320619300891702901746276876336257565587184749505324145695557444981387637408731588534989196349141114065182606992339246921811915629848975615294666866373732693107208110022081907834812486690889854300395071343925273444722901485"
"3 37/50","0.0993232384221116227898669500075824740345485750896713142618588865200345076353423115307491630476362532275162087867148403327133109201513859495355504559587724420691777907725150154545465920735139102382035838724262334102837807158269264530759853016482857271071357875427062985685649"
"3 3/4","0.1030822965691371624629579092700584767973655728564531476972561023330057968995262826294042613562734964864001877289630505038736483866920085582691099490357238663524542312411502305605100467434926186644709658833313317677210491935292625165897967298738469235363080164634413453438748"
"3 19/25","0.1068002004861587472124646160124252199414588893014404267402142989119005579433925441033135196944642774989095247319144200822193479665168473824515063000288700654347896941164027107053929036483459370068060299383421636788046048083328763069722165904245045905560496349736055998905198"
"3 77/100","0.1104764969903145176249224207145552594508102740801116978209487372136553068045062349536267834367854729104942161036199304288745484554537803953985435077362673824323684047636717408841205481286515993930414832099635922161766451548372104059016698940221451790279001363471323742795125"
"3 39/50","0.1141107442627083163610247121269634795098208021376392554641324647384039644472972771373236614369419774455079842301792395541719284536662217101005899250011544440552168913849102237905520929505243795712478636823760867731102931755369369697375556882088737339618160022508702785252493"
"3 79/100","0.1177025117771928452427278831549609738533643870087579314567948957541498245621730455573041309144305275174800242949899359974399481615216804570000219951809300959756568665956700812007692685272648857917077116186841429960730923862756877271238902192181466366727426901625310300500692"
"3 4/5","0.1212513802322264462049435339310188128647721865778685463421726026891186604616703335433738011797252590708111877746071013641711296903806012398293056859050371924285686978862696489739884514736196698565705285709212518870323703403087419805239594386661193222261510025872808911092939"
"3 81/100","0.1247569414857267326166406973043860335042290716581506654856569934885525607480062516642671103379499466805322179117744684932798494305813965586470879296361891251657951814726110106974399550203859649300929389932396797858899484791231721899209876619742744635115651751834248525430383"
"3 41/50","0.1282187984928387367545978224845461354808491586862087618604950111758344996671456700616482910694157392086036975275701863447109185354247810841961724026786270059774894967294351593524250871082692939928618977948099968876687554313660931801634112205490924219622335705767050794261202"
"3 83/100","0.1316365652465298827648084576564175463231824994397344798999903465856409372965467572628484513468095738780664179634399466087646593601796781039704424767162692706007384093456399084149016601566148715965684410162838186151296846753807579735900539410364342624402702368120647854456464"
"3 21/25","0.135009866720918979205947675190481957939477793142434474398006159393510562891672484349229328761144055460296085547377216905569766863810990636469616322819099020811439361848379108158635887527779810641345386314875434029527336891965069064307978099165964294653925163417379970607127"
"3 17/20","0.1383383388172415759044115556739836542603850763183432099741465531338354932253352117086425640826635620548923506488914325718844335626472892902323579593333410306542194758053401767931410909092315170247034510561895630332826057876383871406162457723193646794801267750425099558927338"
"3 43/50","0.1416216283123494628099849471377326990584850566012507736516086538323971774633565859614075424460693478417093557522133859640052463436421612475960420261747847572919263199342033012068861901221754114292640832296217568608051611082827876366971153233149657464693762665197131880538451"
"3 87/100","0.1448593928096378146654819631827530935508953335082556327815275196360903731643380868405483012407084539388124789946294992325810306572833656598224388225962193083090384936690135730697626415173278037401216520924800690383937504357626942366822075929862510493984131858471794752097998"
"3 22/25","0.1480513006922895115339552571174598269081906904569618885418036633944531061200484208208945435169412268229314857265811263128521422210042212168258704137558518930497350910475750439246293139940910234797253489008275179569878083385061617648794517692621275804455878916291125254767969"
"3 89/100","0.1511970310787224957399388178466693489494464413220565526922179326627617216413229906296713575760711462542442359373795593913836944161880253751482611889638482498435151790526744411431587896919183118943677993643960621537831296136901135579244593397030869687828603168639447061995749"
"3 9/10","0.154296273780122662751509699655507483157013456660946791345430050968164119811173930699002228838099906502318765835035935237229486499752264287785496373581145191396328775277323308761915839022018848216906586975181398532713764567980086893140110311257011787406176681205782980063405"
"3 91/100","0.1573487292599417276497262218478605494873176374853646411491483845492663720404132443903998990933910644543082596700867788450052812891040953739968737870008658660899800786209397653334896528922845716786134642975579403139085039590563459592678237008748026886485802242167059455433883"
"3 23/25","0.1603541085952367596675121685950015991052928600981414078238921002730896889335129930929181645091933769169148080172386797544646011149621163142474498736625565032919541724770530437976820693066378699493885489832448002646146023656954176583733664840570328214239065148758516128047589"
"3 93/100","0.1633121334397256335202378520525357480482713526933206222686624262305265991841547340129248641869282501213280076832689848501410680433355393362712992658004277958447746836705956522899769402177696860954986705125576034725650091413778940714944972862730765299991873790744322026235232"
"3 47/50","0.1662225359884305058811028044385140142402934913997811776626924328362638554606266491819755264527231479699009732253296180531962837039942104169358411298150021686584413963644885765375196485049686800707107055984772630565208539871230411237205885834544457110849091471045158001755051"
"3 19/20","0.1690850589437795857827004506939289927220447884869377590869442357404911361153571321875746200521051585314686146001435715255232404897591911626524002738746700663537843605061222225691393430305280494550392514235297565626162689740506735963956594549288253475107139077326703998007205"
"3 24/25","0.171899455483035925867816558776782651692046706583706161923076312729562272896652968454960115609337379653301510259521890306625303818170298695429338166612701370452803877520055191949354566252377483156061703314893660341673199418985125632667941567465743451154371990617617670914231"
"3 97/100","0.174665489226920713756648228695613563160717857064382080925612231203522000995103838812583695859164623522531920587831252583968677952916128420084381998587409256998418297357265303171356086909455594020648752698887213706406152032898481226941056523586031317997500798283003360489009"
"3 49/50","0.1773829342092975854529190603289340447550816594541138565122039076565299642941485599275763253528945600293696552895286044100554051977373028158214307501795281063007699285868146903058822788846409423861900817425733024199100220977328270158116125818656795222606882354821173717169097"
"3 99/100","0.180051574847783811440362042100887053354361397633538306385482953728961813792841809085744740583668629027358757688466826223511636149560049759975225828629304746395889198627535088614041932096297635443213314091825817305186164751419583360737222449238801194773881390238594900224481"
"4","0.1826712059151538163656548622224425483419841384281818598614882629382091368328584520149809553833613701865519553986970778657487605142358214333827175999164942087247619701656082388668581877740272927255435420849322134501348424266016731582442364836941486240526009151080590770185606"
