"-4","0.22388621443271124906423654611325683735552316935637435107195461843391550133148909678414788789800246299063337107720909592619035919621352668189889160942737101671788132539843450711907186972877111192854938032842049242199482661960293334024015402005578176860442079519069946047059988793"
"-399/100","0.22194014972295730834905514289775248727962180449225854374339221174577541593615220867117261427763926954179680199385374287611319487704215425856114925119496320929685470897825827405877431915738334936831338732342937425445522532665154055863128740483290047520200177893555909034028684388"
"-199/50","0.21993607304771225335882137892170316476731583886062521511663207876312901940013030460955985832456249349479280634087951155213159349390319387203618986301048557461058578495697231981673303829530172971935555957385613576468268625858194256774254677061701118072607773830687499498410355159"
"-397/100","0.21787404188030612180924464485103115057246092292487460933491277439418609382600121605566173288122592951646412316716424660327060587725081274022873604929216221199521192601914901330516043965308602183098838359965440870550044567414614903566906132739225622618521119196089126274946017024"
"-99/25","0.21575412626377261415356225331467925427319993708364057728779525042833402422443491601617886301724950489518615458236441151642595805158504432112200027214650918442690880026232437828518072349039760994351326210170508806393592818928049511521914271874505819679853061935672846879232791804"
"-79/20","0.21357640885391751273952190372614657078112076525669512923354619899678359137503772529496331922052712559936144837105066562988013191685426833233982321028435546063130058656337674490727050131126794169932806884629624544995584132892905078763876037548276630516792007123330538205578876428"
"-197/50","0.21134098496060861134440628511949663567028066710154120119513692688634217309150457754588194100783300485858591898200931982024874863482648830550786546416260267644636219958843203159221888514867993537934723825679815114866949642509833826984061305426381697170840682514182405805763825218"
"-393/100","0.20904796258743646911187325274296194325830890893269059765840423439498680807824619415783067452801829433052624851475344952494098369523496737796886493551432148929314733402294555151663545390866385427495221324309616147176431875820887183104125979631723409737285740422766913881977063387"
"-98/25","0.20669746246990010975095643347148805963220280424459435292770331293641756178507236121951162977876560197734375877260536216987633109515496498387043017007827002911549670332794514242132584378972342098213119107757873936121446472741431176662413824968227304547401981184899849151058948723"
"-391/100","0.20428961811227631812004766508205097332281742560450826969736188529699490593469588123321445654057832851186040517878950155259451056572769481840268042095910702881775814969084101091249870346665392521124415955203097172368139928980868864525008266044061298029252018293562203325363559124"
"-39/10","0.20182457582333542846682297208121461502871336683212642599082741425837974609598786446544858074228517473391086851632073168460737269504028357327954722130847253195756119284265309104277044225770431497389204192831658119412905393089024099001976961328035440172176487412897020947810105893"
"-389/100","0.19930249475107043841929725123541975855092281661243298764674159402599111349710282956762027029806118777962889990935174979010956316682604177191193533497124867734830841007609915890859951037407530145395157288908172602626164832234732327843333743777957822356610603440358554416571748396"
"-97/25","0.19672354691660990746370248168760099955592903231184647321531920547349902558083276116714059689558687988850113166457245210723200684041503769858197617190808719226695044607209646972846056331277147241178940739217538691773248792403706079053095019144969062539969534114615390133270917022"
"-387/100","0.19408791724748839561005337581479514037777981890753444969020628038724065007976291013065652377488312196697006856824190236649167925704981177078366599162809257095512958978892466661763386832254237776795746894858553047386652662482313665631030094417718071229522216222104651338461747708"
"-193/50","0.19139580361045115513045914859484336666312997313669732922169856175470702787014193308714089866763291745773474817506070591777296453336321001294548156078999009626551172918148652984433469596015331831086574354658515794247507645953213793428441096747930261189408804924856196271813617709"
"-77/20","0.18864741684397239395631341928050460502018919013993894574620349229267669057203675688595711007831398535504683633963479834662717147725527368257286697934509606587567678571895326574894582652632075367268425065528555868967290062018241710188578283817202854942604433147790651211531914571"
"-96/25","0.18584298079066867225726758259437909927953717850392685149339690196178377008143946392579633079627713370001921197073325158769703717062565221563085148992112387463149620969939544120605144853809964085477075980684374071143176993242312228490509601176924091597305794444261630541836138321"
"-383/100","0.18298273232979086305504925069278276815628480302892720479382091890362465990337707458499091087941864904552045201706730588096235138730092136143218613571889667668382862725393301076669709127276712030367778605542323670077179302086398537632110810760816638766599021744798087213092770893"
"-191/50","0.18006692140997959306413946675817707496169951204480196038444430741498315786306548085030619000402747691177843419493249535352903456714710279602931088745854277036076970696604586158874756998129646326568982286505364247366089499932294659872970274777044286421694299157782514920038632117"
"-381/100","0.17709581108247017139280959248301111756640127808177717066044512232155035937142905755056823146681730240417709445553363868167005587956091110638103494378886222127806582423603106958015040907607423590397392558474975657611200367002587349052550659210709369391039607391503560396789423937"
"-19/5","0.17406967753493370187743916110965775038506531392763579511809147331179966323809864729585156036955749618421023185265880024065226508744074336384720539818326591407312506161227766963815022542612910830876691895615151333941288489025140855632617400715578739126203132776391078153866073196"
"-379/100","0.17098881012614135078487229983387768904010631543310928369615781486252120983988608027698248598481103078449398636786522343646250980161293547288626541548462198136154292808588658244064763230880759912892364422950168224113721607959139777859793936796833883621821192016365089437999777451"
"-189/50","0.16785351142163859708874933723197294746132968835643651635218610740315001405745560478373342319754823948497676198037189543375441770463210851770579679022804379006864743190729876561887506769351582759219586563336859988602716218914208042511220312519601413710581298283062591657007616073"
"-377/100","0.16466409723061571979744951280133155213360060899310655222088180728606471774035285294267589664165907562566061474397095511621015740584448078670022185007170860287489350517091425724760838214705500523674602549947153210135587126924909764642495334162017622765106099843438040130263538806"
"-94/25","0.16142089664415976883264520028227949264546461944745865376053701469267744609583082762794530197607966310420086883910161983293053407129996982403600642381473342514585209304976054615279642188677152779373887258412883255584854278231441455560849683702921385402791310857380336929446016677"
"-15/4","0.1581242520750718164060464059506206879929272434904179816954441127605686110616676661816504693805148125573067902742234492703158596899958758444495145454721374127088802428718612822077413835554221026959189618975381477767116179289019855775724581520769259920829727982285322467515390204"
"-187/50","0.15477451929943138921755831911017549382385433881756272775402210527491706880069257407673335532648022032495818923401848121043950742881695615860037304296791709109325979665150668433609344533211521205301813274390449467064789760692864926799734843462711752657754400928016938857619868028"
"-373/100","0.15137206750008763354984187710315670403953804127852005202560664311789926743180522448898474774139386002198967162603051189508701872403281755567470571549744701303013725619555408599348554546811574845990353357555932210780532217548807629112388920502812960525147747954420463385912098453"
"-93/25","0.1479172793122539620339532506716480023944216889825102097672447446129214230291054556620524974362598545837268982225519422485709602454222057683559487796629274410416727871641978614359032404623886269946929721214363833657544380988814016039465235827731292234779661922293422887309219535"
"-371/100","0.14441055087137967044269382534673443820435790455862331309765360502590143011068133528476162180977423751129925827345018176270509763813060464213977644352951754666133913988285451137535133387928562797027327219928407963947642522948641807829512905188016319127636046660673086974421578828"
"-37/10","0.14085229186346829496417422470766004736516667545504514579303602437735352058584651404194346425193011843996604654217415827607722127524953566103750006649059510460942522344999192652359982432883161739038067034805001054986301751954020961279768841423243902063588513890292367983552296612"
"-369/100","0.13724292557800830681865498890921265950851124395860643816010007222588693393662733370008709253887140167257775756330075158050416152607849570434381655665513710619158328842220555775858564217953714430006544775726679454503055769389636190094226853831470326921193781943909806751734462643"
"-92/25","0.13358288896367711644854686377291763232919136099641852418359464351182429267993274673519031512527152778265614049812771765140446155811599466889130319753178049087803328248692633633802736947761245075349094675045387892579968418570935676472295007530074335882034519834882651663570165417"
"-367/100","0.12987263268697429228293084874022955352950923137436998797397037339392743040885613489143971473541331558564433671722851327846007039531484144577346799338801610522584567347974829780332758941318960121453670839779814457805545491191798203099634774121340903282907331366817804725337611334"
"-183/50","0.12611262119393440291362544492580592665072599916087600187441435312675593548816408854768561908589958560338202104714344710892623724072627423582351846987720792703916420902880796882071697870736600208210277279331426352417778891342333637535991202079692053803496968458100816881209724615"
"-73/20","0.12230333277506398735507628238532521919460033738588335367340018703552349522516777302512950515589009949330501603192675277927189922790582243629466123857387769603093340190546993879235183284191206944944041019479019409512841971943434517632403847379567915625534495491047226683464616952"
"-91/25","0.11844525963364087717879134854534892652153778792093601763885487792326774160443677754220282370799185562310420431573479856776192623960258629856849041727623096360585274528761200800849370224968508201524404164973091718004172072047626191415581160894907001633669899950814728924457915648"
"-363/100","0.11453890795750748297717121404806236053996207205360927222507000908630480970078832815689895617895731041648438637171400170284937777196065933762453314067536491797786147585880170542810692118006452520164101375452786275483716544691501773469837805782720616248936240394362351399832315842"
"-181/50","0.11058479799448278413781552212980162744118678928153540705153064972997204434017181528325501505866236364203739547390258647842193831610234260984792152399960796501821207010484031703412753925946097762297408885218790791810433288863062429622180362670066096121419809400997175518313720785"
"-361/100","0.10658346413151072663697815027996793957360286205553909623380687207040124192986002733323860993439363272052820829682468466933498655360675909834628375066547265007670372937264272649303440537447558183050819055676635874120057136335098118790459714050792387950827112579782950869687203139"
"-18/5","0.102535454977655690125600879125540917423685988425932007001083609671077523634550962713863821651272438621570100782061656197123596540918690133529396087112312876770469876223187612957245262795079950659328764108052207529698926421658270821934911451283392113685670292879302512664410173"
"-359/100","0.09844133345104886257937273002105819710664457707116801486314907702820540437234825401768786539747015411623424765124415196869447081769054042491198123808145742200536393213305575850836299889123734667091921775779564591391901415248514219784864650603374352329357394185968746298328755479"
"-179/50","0.09430167686988311088504558035464989179782509691381929027837989739223401949188081399032357130097406926856042225239054429045992120638340896351614395259566450089570812959323935206218244940764695547022306241656837744524109762154911214223137851367315868781377230627834427696562099235"
"-357/100","0.090117077047548809705555584657601541913517167709454611474187180826704774897724408406274083606728250597122762418536183748218497090545001277008146441344232245383650214098612537590864834785659785401386871593573799212293508235344116834756638574752831246806550222262717779618953681"
"-89/25","0.0858881403919999651146006461539578226089548661039661338614324975366811027854878636407025799585661491974771178507870298705997156155692951443774400175363075622519237519503469260203603497218213829754067621310186405857861431172723366041720288470514828337393543289707635052535973135"
"-71/20","0.08161548800944026722329397035574123195499231240768312749370738519149236396834704009060489947945253680774800467442012467767652340928479012174252492037047355675386126843695531327578314633400469847815362127548335579916852044212708487583540824918595351537706174311176154488931840766"
"-177/50","0.07729975581242479287043000060910781648693906236308340167556020248508032216382539630386420568314392103407163377375435221645745906351253582481588264119505593276966926988131437984244236120400065737833670545371716594296826029184376041874060886004979663379660629882984369563961925168"
"-353/100","0.07294159463248898723524609007592785250425656696075164713933396568671121689197812689546720621592747605410005639362104960274481766484359769026470237850682459044469557220640627634733214736286166251532866024755920800035603424501442941330394365339953733835810181872568754989204196419"
"-88/25","0.0685416703374493489234966968439470564321519079442097527247083725067427722441671871335623705144230947714416826892580381269467254341887466653890588945435274545867433665904476005177427064047777810750726388974909972657073764848317397596595715994821743287980768715938635928996583564"
"-351/100","0.06410066395358270589666940795647005598253933978282677827107549223048310942426251325929350262292322119935541836072253366741579049401205144866396608303354357513605459545083041754803469908009914200899365310981894939893755472157699833286242508280774230393266249989913678652279455969"
"-7/2","0.05961927179300702979983919805943685709869181903477976474237060047366110096436884754323728189874256873369064053972117214715860616375882333595875975121189082010920294921971771550621378022200147334249110808743691083689837316393266926090996509442087336004475914941543485296042693757"
"-349/100","0.05509820558680300793459113768597817655666709108989665638296175744939690208719716902567617140831218824184719470310070092097881513770618816544547443361185327548038684388784590676704557048856646572111766661447848381192560290996409535919084104217324345453867667854238653951233947888"
"-87/25","0.05053819262482704774348449339654251915372633973117704514202756764196492686592424028744240169524718277569714487300637028672150435671831739285568950649044329844246215225437592905725528422623837556493709192104393225306056927384033957800805612457475011086314362580831530602656920819"
"-347/100","0.04593997590397679373099515615390864314470500725708917243605176368217571064674660275185869523375777151457980990882978251149142779520750314674212177593995605167806815213718494363346816531720843099314341807522080994598359383011588300280924895969195741655126548654739168062509015306"
"-173/50","0.04130431428834391915679900243038507583220078375547242822299504245294075009395451773166253092768375726399892763743318774172345535998817910256359109721686571931214300656081744541208821312568140451536861177271707019012306787559520997082826867619877652737706985806114492858398563565"
"-69/20","0.03663198268836211406898767914972959172060973351131286853123857655730208629065398955524350184817116612784372951515617339320929553658730145044213715295868105041960045457604014748519077668294986407295143511147793185138014905852231158404010467463813731803018046023455435161381204716"
"-86/25","0.03192377227476012601973152686145318337375808838072361840181418646055764394934221332281545594636061150464668610609291759852015060443783736858081211746396498935415398867910505249248844387099373280004806650973452455726789266883352846273397584262487519048044087047861987854310716296"
"-343/100","0.02718049076583806457195853634929615475623128934620944698507970977403400100312047721785074150430319502547369852087815228841207190022019490297521815264049424719811980480599644909533949857969050613441250911230247765759515738555328762437001040459520855025113029249549378193711696146"
"-171/50","0.02240296289373686683309596351400903381434013907872920711236234616189881457923749568227683887438462992408038760150748209682446859328306264645317386440455631345324728629804911588103141435473868675056756237504975059947690137367377235740181662412667829527692509747431865339414749611"
"-341/100","0.01759203139035450291179824367589318449237278482674587992976039205121191818733787796545651940796494551680945076172787324336890419204303668915740047174055103028979848218148958205928932530896927822719286914905361544775874089384963179810032931761016664253766063531480304134887355357"
"-17/5","0.01274855988140638646363252337834718845808202671819592962657770224344820373003574854944724966050828225580625710456119308211699479286147506525112207772188600633117039401046760118928223426192786485424066048412433070818708673971590945469135641851106306420156465040861104943037554041"
"-339/100","0.00787344601201380095468620373239711052770949862811020907241073797586128620175914676176941667973562843747700378082709688433330659915133892715980159999693726915410055881843155982191814065948974562179821614399885542962597198849596195807219146680519566309537710570353573808977147143"
"-169/50","0.0029677637408928734208283176692088882265817224213755770383336351877024351735111916336136209795765138724670003920569050308198507690414996875958507152751655462873348645850812933048979901759474832173626524895079068843960269012176242739484671818044080910142117459584490769908421891"
"-337/100","0.00196923647176112980988520869831616168710117723188243925283573006452409030796526052204601567579529898022710821860216889412123755212072594182275444273763814852940294157545641496363870768812795569194141699894275287471253255524300105421708193905359381121122313415643613152516228816"
"-84/25","0.00693354455165841489746503326080282961546057875427622664054479815423828937600003438140721123058194914189658668713775215303588266475066602073621123761513817662606327617499898954035106152506888678962744361792704446640066558635951106975761938007796336589282193628327670574630350548"
"-67/20","0.01192627786279914666654174028603484698761658740792080541838920487859438543277131918293758737001440487069511686041367243851089768615146479953506523825221310216301025916857929266464959188083559572482076161374709900086162766604680311090986290955568835262495880128611605320390981095"
"-167/50","0.01694611069629147065935358931048371784854584747668140957125234208632009273876443462560172313375577705870297904138364877092672211933580727974084702775556648340571710771784637646982496036848557710659205572421013261687990413499440357206227197152499878174678876534519828717814331387"
"-333/100","0.02199203124640238818836358816698449259891929018913843633678219638609340462676501748992175601562552462380717588239536410360421185196867186948887783689627853824481098610889966615544466102684581099489849642269653194509870445891353261253218323630208816636810664951324517894577127398"
"-83/25","0.02706303405014870825036352542615426907862007980442191038130129859154192980723937356940628118308056650062408664367853045241840827982575876239235428665940924146165598923822234879609620067672622907898809868080919650881769323396544029116284545246138366029966349531935050695157609524"
"-331/100","0.03215810067347324878456537615604372411006524008164005769279752591680003057864916622556938545515415096804384995530104824334477905507408967358486618769266909207426412634961714383969480371084667095646666448618379753507918390946276730216930250491084959314502612397546718057087886477"
"-33/10","0.0372761959130535524858927619896527417781560185958239029431420715907687907230423340081207485497841433795605071761436748386434198190927660463153898368008633556968253089515954548562060150224851503285000012866210962058048544896907322022851940674149628627790014361934899910035747223"
"-329/100","0.04241626658119658125184002123636024309322712635236808945269869383890775850754131572034300503085043191333422737160963114434740585801996204409685879127970318681340127370675570212005616341032229675183435514960719074971294220441105044303356241389393373562398876208966988443340705395"
"-82/25","0.04757724095018010988811240683739431316177028045089236422694157019216421002503426802682574751019180551594956496181524237624024109660128061707051205819647897562126970738273139699239906009819686877764703980386625250952307861273043350110209300463999418845369067885851504738589444409"
"-327/100","0.05275802841272076583481854331543481673272682551830248867881940895047163744731258082075262882718502869645142380948766654132496794655402390190588720395915846093133490315452715255906265971948731918723677289425543642303226185588317855268805076423173899849088985095195062754907675688"
"-163/50","0.05795751922672263722083872450817923762565918834709897364587447084864435938161346380321752167690812501614478544757956134598889348202293634785788384706789547172728714101569213692481936986305663146084016416405699952169986906166509756093382662329305147943164320404927874331799278647"
"-13/4","0.06317458429784563498898735609828143737868837535861708572221929204901857904655519583325545211181197104126078364509170845241520825421198648222634162311076609223084317378853291058780825891351081621252870474293806359634594625736846346684027624661696665446664974143774726926765010126"
"-81/25","0.06840807498147538068139426663850137433903921205072838302565868404366079742002163625711480301686628643222991345984044680991764208409775669020643278342124720064988774440729597084985168031327617028758795554220783691293191327643704014407694317905044613712287443502701945286649110189"
"-323/100","0.07365682289620258357776198002399633671237955539313636416776864662789637927245941669102509071810516235098350411344622367151913498177965386353677117349558712207395932347452342162305117264281735215674644271141366873087134660675007612896685127036288012793456120561835093288491494601"
"-161/50","0.0789196397453051552723379511724497649243494463980842249671985781752318162855761489685880603825328036736582928335667310981527292089696865917825558705283887342013575063538042703352288083797214494379597218843222332313052948479977374155969716950150769715995129409384777185020325215"
"-321/100","0.08419531714471537441969554693455787358411966762814640868053942139350862047377991737982204091878837800065459688762788096210529900027066822051576520983223314415868503652324820197227092543461762552420146619229699331528095335373661001149786482867697952253837770349103742489665490478"
"-16/5","0.08948262645692432691140790874586571767589196321120755897102808517850158464746140298960193114095047708924758762652018362735298835109628036925309925643662502803767441200090633685031912248515245846305322429458580263227180999397789530869890113555149908173334795028871853774697328513"
"-319/100","0.09478031863078030880559148805656999996686265451111531252095738130863051671392049136514383432323560658420788717158026711235039334578559104261112433176964638440935129619458047341638479356797641480628023369867277450475671536149598241595570604313035386660892878110901540310375586318"
"-159/50","0.10008712404741657240798883435822946708048251330313416500331053008925541220687538998559075166338434365896994734190151833811612753640539915742496289933838274153246047962946701206868236419394210191138996503756320128980585216931564261640595084124706248586413563824843473604347688036"
"-317/100","0.10540175237270711451625536135645007556737336354374829487591099657133817834679278653648945230292762958106858051716100956585362130099937465937007187657591516478582747190079244337724764753122518246125078233594401249672069261051563395803630991135483026786094595303856861252064622609"
"-79/25","0.11072289241675075990560907657680390220348371447985752794758843140975900675267033748178253070399775741671519752302248616294235201120007583584370756057834996824098704679902370217392679254831772614426255074880172756564681757123324197606002437715799313713121755602517930174681479237"
"-63/20","0.11604921200095082960883320880313107303713483266454039295422980623830465175730502706576687883764521020771990704807737925952799359091212210016739736498224224653455396503417285237143217948279502152189672624437188297941547757339191115124681307227424128425929479295354641324256576068"
"-157/50","0.12137935783330460584693089390482818979454988446491419318543788828791148125697133127937589954956224925563940719540370590658796493637003728659099270232494858397256200580397109112218264524130689151643363898979191924788306347238076893940969548832885755452975809733887256607469395218"
"-313/100","0.12671195539255148944026450378748241173339887030194968659089880205747716519886136158853371377320956285098749861948538370306652495427765303807909297504515033184149461839734026285765901277984192152664574666366418059672636943189082652400322834481603734370519644867642378907622671658"
"-78/25","0.13204560882185562264102920216146865598324232069842611518677045461750831997637064649441568718316823668922516155083436967947132662296103456317376449682134883872816309049333094251837212660053087036675165513067360442458824350826637969155123144168502032596937512256276430728224157165"
"-311/100","0.13737890083272037259074003317952397593375230086988009327048419276919876290092951900502092243497336204848533107868062230182323244788874276166849803971819710945483247853620221618691539365594876297906043010520079185341544069182877606711575684815933715058453148517469488108519798131"
"-31/10","0.14271039261984993304987961325503111667758064328233555761860148356504482651583073223294882064706405757491766502385324988535621436093777344200836599000821167755647256265941998680910905596856005810772527458364805451618283560955686164444879820623485346248949886410631793495547237177"
"-309/100","0.14803862378768828876093795706286988227948886548878887436683809568109887188467176675721224784247415891243586516761527312894967221462497025131072009677509844893812028042408614642800510601497449664091439343987878663178787261494590063373788081552536108769921191161771338001201753453"
"-77/25","0.1533621122893784198380167046342924855940416126179990071198844500478889106053951302820621003633610448799385071340554699773956237635493705683225617451726975914153154345038666200418598274830194133436853422415828625004496264057304680286678003603259555518293524544424510038000193261"
"-307/100","0.15867935437889520548548739755380285316296650704198155503327076959832898060512931577591152197958831941335067759450195630861268179209444667641441082736172931419429531504907267221360257875984241898896134062301378114174064944128610410373193854731239697283832137188177779070716004041"
"-153/50","0.16398882457711418384750540031708903846038967499980449852568177497561462341899263279624207481654372567753008363481620574064572542905621521018050773871315716279746153266002528254119614666879097795018439509015475405471349048191000830153224369206055038580774927590062834067851627974"
"-61/20","0.16928897565258521894080408087325007937337996919379107021636646547892043144335016070016163842874560856400987185793375120237404712813219564743014186430710593434971728387447325766118560691399023870276281486273971071356207922947801325713328074483683849789559201213991960605596720445"
"-76/25","0.1745782386177852426159049243132893845627991563077590335635981746047252583725163117483010750371873433790303493930494282711890725366412333488869155730077962982277433790042888363831167661361574379838729221603688534493991992713515827154952126789463667800623603856987353607157774195"
"-303/100","0.17985502274162756992511714752836499637268240087282235633063001053286192765942965308865324281147168149053106843094946022023596437053956430454432819846934729116141223376516465609886127896656600157649948298775518480412346943271720289980828251773740520941737086138188341619036242583"
"-151/50","0.18511771557900679749070978589226465222521712955819041526379798717149930940216258478466796020154442852217627358355032365113951557739717877471523248710350054316679454045409259091659997938037812991584339910376754532425009045548968013457884368842604516619891009831785786042339511746"
"-301/100","0.19036468301815793862003815040011674281709901062812994330584753353808175747025460207174495554282768189725346846777733758557263110770384044423053917565157976862074702748828107551790600043721041206052975601703638927789072346343794344087807356744173396401788193845023718142657112917"
"-3","0.19559426934660616839346043791603741182510503056726170695497630442163948603495525826418006121635592574528146666889392500993090954304689071989777419614650180836116744907925548634499058107916903302711760565627867653496753637146171183826327846081932080956014740582653580666853277919"
"-299/100","0.20080479733647928310950982912179226510657946306671982296755915799557243945146288094247725340899995921409019862196831943535225091775942790075723849941293574563689759710109793929526233434159636316083507991468379786820872970865866770028515511155645210104810853444800583377028376881"
"-149/50","0.2059945683499486542927332878852091465952455788487101943417776931135685770948048287746445830797348070409775006892739076707865404031804638483507426236580037645443610954413063016721555996494817121922007933880443873279184122753277818038889225643651751489522726611936620844004752586"
"-297/100","0.21116186246555600953305720005113329582345645888065095008357668097755448641827241475224487134351101613590482610170493935653615138733772052826763812332171544816994363990017108669338625936228996540202874543355812998898999899144168884655532135993510385890373060616720423831840731748"
"-74/25","0.21630493862617273242631440580906720570797854708280858517306799681707245814041528289727920355586300854366510200013964028987553600039583945312608618061579142507529092408886886465702483945672764625955142585220497836765305743782111652843760570307128077264310481737199111856774802647"
"-59/20","0.22142203480932547485483924014812612495334636699959922759133480531417497847212473396004691993102978889323563093149162681181584169469033448506457903861101087571257347015921876833217612763842048874932579655092585280716533713835146932387332497196886701796979669831536847963857430797"
"-147/50","0.2265113682206066521800497218329566467829270292070534323222695761349462805769124941327302822633304559391241665177442039460348699711534086413616132876304215234721338752294797729663972360030472284294838829635923741300503187983179355866728661247101206911556486296259798174087494387"
"-293/100","0.23157113551087078427527079455411254986541355046318072953708884405694450854224181890179842202086467234337719167158615277256243925591183421848290485068150510020664655680845537516890572233373645799065870538676106987178562971550982427489101672415469165233795257052084678339726115288"
"-73/25","0.23659951301789759544726103043115390391774980791832560091617495092801820535282425800911693957243785956257786303246204535625889762585312296356914283231657057376152687716459086329456392423437610001479263592774413927235923204740944957107409597030327385998328783284082080040778536639"
"-291/100","0.24159465703318024176233056020977766089056031999249376396379000025274349446526556780361438616015984083233386697603238618894906376068916871147518122306525743575439369648792313247324641311022484193650883023259566992495440666698749725095852817997999916540045068686841714950740425045"
"-29/10","0.24655470409447194825953125631295617118254758791550562231291008932853274240185320734269335878663241914691635360898445418254077661538038312319682266675921143334876090142888268015656836532054307584605745756856577461579189099256153568082213576690821819162308240262446086121879589152"
"-289/100","0.25147777130469667042152748651180507280027964504810653929225550063980663885190196378750887195597052843786376790897079514874473322582757411561531997589968189702520789840427367986211375027974108236349761822921384765434201879970819837607653037136485707181700574795625385680558309129"
"-72/25","0.2563619566777991104612959612819677274716352720989388560350435743142792199721723158732049443348048285093237907508988718405947954763338528441024551243345198052494548977750711269636931436702313031636878089409091210649655641053062229202115749593813019761694156938945848071275512599"
"-287/100","0.26120533951207649347553959736771204528151468601368758706385573315509965951784028470963281356061773031962327239091932083720103330170114015001024551773312050904595364889444088512622266029347151427196624719874054316933184498911630197078768168192483501442577083854273408513539214162"
"-143/50","0.26600598079149892360865203629597495788559591367504560861258765009325300205508858121615788579310218221712540342096040382940568446776065526636754953960889554513957215192349984396353888853832789875232548963302896866937756352250255849795576919735201617302209226708616257762655122407"
"-57/20","0.27076192361548688729868868384350499522642438075712195445776113870244617666445341163052951889473651104000623427039201692912988846864059802154156538349698548801895349359723571615743170350376542254212721343689809040199045565549068029304382283348676807374207165113451081445023852762"
"-71/25","0.27547119365757355025068006809343723286354348344354953941452275302662389150253994188238395038293344060412019117990593063014117810645379553684806332113578743529339707636360084892043062878469859765328917002441909666206432877541136721036082166085589908120887386972489071787141650665"
"-283/100","0.280131799653335918014387668938089317352676452384236507851800211002797319096349499603964886862132539011490405180138075295992789183790178191357193799813271840313361604303841930694713732059173256479524025192491294418551702763962350548818231390350543934961000990125178648226850556"
"-141/50","0.28474173391793271874989268295909297161636751022223489685536465731023153694183074383096653541300409828223708328708808667840858499001364128387953198996629007206584775772317462055396050332655365302078601347835890253683598213724305416365746094823611558978474614229197042815262283589"
"-281/100","0.28929897289353805415029099421699515734768613197829946454509773535393491384433431525575449756428174267532597911763917947429246809555588832140160556912261390570783038634271438010637834234836957886230890250656127422120234502444132583574268291165134895466837079288763547398691779514"
"-14/5","0.29380147772690849570741146779827482681115785457121619543655462532982775734788428395735454060690337627507815894680713040609104887661052506859887776543359715086117587738148716197712995431501744781080627498409006027483388380252616630400167454057432272416025756502022037544693568615"
"-279/100","0.29824719487726743617857058404825576193353496164923534740562791859076137288455799038065727590761292910046717034840601410274383586422892729133521935206397210640229511796713874159391970703852616900381921281113765678634217705563418576464948635944576397520143299368132998132616495144"
"-139/50","0.30263405675463421083047851937379942563936172366252853632917732637628829064311606930611090372332033801330477434043517098776553799602704452455273908740461392483824015900076799368061384440012356091412426383349602763406901025976264195788692318998100028438158105428215964881784640721"
"-277/100","0.30695998238866686380914655375663945107272736411879148865966002693091207997819413606197897932204590382330851086014342248153088543274412058462550023299258423393095089679003746899974132203395221776000173196307082928217925981125039011642451198667881942781184194939722955401857768055"
"-69/25","0.31122287812802654964557227923902907925135190313677278647972222627678511949197011735767824135304894674149415014558842135618305992668652320621934969574149692330758493079953343599410077520395932864036219666920748367063598888996782036341282435379471181725234648619783813648707296444"
"-11/4","0.31542063837020854047077570484492718154683313002582111115800138418292839520827162710434275074655211881222082291340514649489873114477170011011925299625021328274634172920573944356714605228388767817554671668761175987464417676607613830604355978675150817210161225418752459568008406748"
"-137/50","0.3195511463217197824763609742093426125080322487323418349163046915171759999425634307700512094450315680080438325165726915963245897985476714933624591967764283727874639062293267625557982495952778784110419466935728146668718518921605721367625999674709961588439572160099799234534149995"
"-273/100","0.32361227478841605173409760302399130980718889266955057586821953915285738061858506243421186682525886493226126964037733298323077863444034097845333025938786805578787928406827646176935390335787360527797808539688235902745736837033586567963261106510647565496446959759509498016493845506"
"-68/25","0.32760188699574315578794213979415515544966092228499018276744600829041881178812049373935787801788497226903151701603852073945283354027089688373193583084496286183758636811815704319762845975723806869330825851478607304255327101231263300125382021986377749097474092862757595341805864621"
"-271/100","0.33151783743855648455442181032211426700827908313860839169056186159607056690440243069616695748753081197384920296939709123248727791769988831096450145010200836859077602953299974645655281916342184464087598317428486954763621418893867367343031977030689769789552522806486167389625421588"
"-27/10","0.33535797276012171812761404337400835809441134706925815757686293626250054491817890766100234546126991232669485442389833766139472251983305206824587200755492456453114820732581398049151929611394009134493809081529075027226550229114451600911176216693040989119862209553426946910414275183"
"-269/100","0.33912013265982685115512846926064822863392174846168500849942831263375198313749154550506182948817586594418598464934260763215775819783591637260905855322530025240219246405434030732331235309162523419573994086165554763908263029925996339373177110323867556877479396232289558994491201916"
"-67/25","0.34280215082906210941581833674916673861840416384164535817854397920360199112450326021942715788166958080110751482319840694412579446500384938771714306648504111549115862944225375729937877349123259020840768279215550732363559702823890971757009475830217957105873400131468994710698836401"
"-267/100","0.3464018559146500445501734725268955379473364451655425066620485131256241740436007256331137229412838074070241982427691930839182361321931915810576010152392555420629175542103922422564105378361986779643878513514025856161635942545184887548922917706132154934494090232636471818459731588"
"-133/50","0.34991707250913334228108075366772066326071975083408206091931387792363962807231679643910404801107004946483256545486809918094143706971756387820932601187748619986813243000477889932264960869589293675334728526386880635925951332530977531626824922164286414112523620853938806918258017906"
"-53/20","0.3533456221671529264496861316995156266333822706266651592790635010614558836341195827942736934517365175421647623466995751348061527631073037502535400755265850709265257533706365236014788365181113562885779988747360498410788172807897251387049937601959020930519816959920126860527123887"
"-66/25","0.35668532444707405761017886935968558305524735280252136216252513959777248785621565895706146331789973889541634968676236447249005480214621101434510818287139039885910488088975607990602566510149768679165835473028961687738517997851997518024583409508307461928228146213588665414968655055"
"-263/100","0.3599339979769435952811601088031721763484679135255474945200736662213372690103075279256168109000512314287589614776596066905809599955751963063749687552721295447214913881017230114059286862062671805026553204999587281930823113378946033867445175908331943637436417632076199691084801305"
"-131/50","0.36308946154378771368365268580201194564842994915258210936236212435317419898319035760578024616120348621122238514609936361546454034215283233152000926987103250037424306687266822777763887923326564943334184546570791897020563670875532980510551013810243286268791596324753769961251871199"
"-261/100","0.36614953520518643945812668318998483211763078913299998587015910436443842488090222876628620375934377619756599589995681666315173558498624727125822998526932615799063840709159165871856566103866313134670955831057035912276289801859301036798866955221546920270140258867697799475903635568"
"-13/5","0.36911204142198973416713418800120996218668027699690094743421243115173282889115005499144065038370189953586985526215034958534298832260965361218836944070344762369503908962659990549352416333836783291672594274361260399433726789287648519186606948024838220900319800856429728056864346384"
"-259/100","0.37197480621096980120940783175273606149046972880060832293685530709102105198452924407692274614233187624592470890944206356521634818788048041945904477414792396422878894059651710596446665748595298336136394809920536124641061527432582828654290502805203748179090251901298956899854576829"
"-129/50","0.37473566031613619093976977517824374447496863363754293431829388139494465673757277192477508035113857026744696812430725709541781179910194461423355776634077287515801457831603298832184492019327914382934102927045748130528741859073841312207546385025983919244766158909591781231940610176"
"-257/100","0.37739244039737445090407995996520522880248377673409617186387242930086916512992774157737417487594917971398721685236986721297845983569538415034386699483135478169600946730444892989200563989085962348847252180931512627685397174027755321635844101990698444394956497631393256744895532605"
"-64/25","0.3799429902350058671774258829816272360019489665934782903926158731393249436372920350876442568132985261524225820167054759979555133524011140917332174527055619394103770783051709583381119321561413291268805116957077841753679883695666781251031977971759417400361949405813883406452935674"
"-51/20","0.38238516194880561885282538222001869292027242049974331481414393419554559387997066156116314150024322948736657543690196566781538884756162271193636853089046878498724720909267875368363117986109095106531669391500651618243701560390982800162763788365366613488707593954069822204211939585"
"-127/50","0.384716817229959774274611830362522087408028820643308533248661440564261120290918890515204647436768386549189532458944299255222566381826956991577028168777517868609562332323578316512587250475751574127930726769276894048947701465865231068825103584384451993602341926880569209291226697"
"-253/100","0.38693582858438834906035458699342519675387514981595954465041733072373810898418123030141298012489218056347236586658777703222224425493909248447573621802680818484884940961883476201587290155912460639460841085054962257264031169413645416865415059738354426849699603476757930867082094644"
"-63/25","0.38904008058581247597471139209326452690617000541873220693421048002282878011541942086960565445257409416466959479895358166610180477702517491656955632720843164513898679247567993371026862758712885631461874464535572207101113144244604411399236803694113105349285389968979981200245403163"
"-251/100","0.39102747113689895650972446334904503191221147777325447478548077163620856198632902613677849338856357505919447576089051252434073125636419428538917161906319099685277055206745092727400552303870872011320994507351588047039739778977114856115709779475423013228650686428858288559592209915"
"-5/2","0.39289591273677542055433809800755283995913897639012221708704589802629911194515028857821554843896696610059783157611811053959199268010405736212243522836126487668254285090382130659332663401953296700348159255502977844539552270964819212734734416529867014439160061318324183013288510939"
"-249/100","0.39464333375317435471663911780910478830101611528550983614086215013883720916991119257655796989352689133842989798905697794525835438761419585148099432754527777103981665707086165669095011049436501943859172587290138185935241190993367981440689064605085473997874084292107738869406784972"
"-62/25","0.39626767969743470471369336173275635309396935544937570746111843054245168161456418396771394898944997050122102846383948898954551108031158848019003058538666774065644191969637647722287073185312134045010444658950389869607507250458310818558782500011502227282161912180332177519579075795"
"-247/100","0.39776691450056593601877414893660575890802113325101743858936169381768463039448147527909362447980584517114337893396826677694292759451697927209986198999190352436656424225726641113611271658757335078879715035503498926097409291189714486520055702892206049785170194646514191226754062065"
"-123/50","0.39913902178856166126435172909119930550418528164633671082805138117078284289473805251132358985370369293864209062907246059034422467066843844557232350098629234314095253282960649536605232153227839531628609247916640766978519580809061553093441426281615961418917320459311375385398353683"
"-49/20","0.40038200615513851083439170772834262085664058138804856291801892012368415638715101572955757224603744452552863986909010706819857586094100644637141310597244520606776117280409672585805490758309807973984548795431384721159701008984385878620782855836733585930476639585017356983162112827"
"-61/25","0.40149389443007111735888289332499923357114473422756905776392221370591934842205414355188900915482240633157011564565180154868747235086755443342256695510991378084381219691736007857431909249544102858091360923862836929341120582048652003871729649883660108235718713669101594070573366946"
"-243/100","0.40247273694129617096045544592791850120378721023623196956441610763284731874814541086724900213618483026281089863153379602924570276902331930131908005578601985980419675969788302945976566288597442098697491149732104939261349710429793309780466572598015970275753046527850033822772783833"
"-121/50","0.40331660876896772662061396895010952898247238787062522704538123208329090756351753141561357869804538947239760391566869064093769272356678882858212194475944998408537454774449273474427629543779754130217774441692527276389322057196238023044518405206565192479849088265492908953898103464"
"-241/100","0.40402361098966253373479982678884849275297694474552017932733288753819692044553798220397061532455894332576536771150033894217145692879295707050050867552986663187532113830888273845275746660352488133899597734286091235978145372939783776132366125160823976423444875958291033095403502418"
"-12/5","0.40459187190895831423487290996868089899010878063777594229151582983089510760135094111840711916839946835020631452790547465540887333433798026776527438838673330732957626238650312648839168765088993539994853455392309023876973637082371156423657243607431594519770981928287010013788915303"
"-239/100","0.40501954828063981904201047990619147553930397393159209365732158726886307029115017960176416870819854244840208319454437082941245880961854329908907042748559008261258674084431663379829873559607725217932899738890795681144711423836698897669221902008221595289424669608269865031877466221"
"-119/50","0.40530482651082729710286115291340431033061004875026808072539110655639526788633167478684132581007855635752438695211233423341400195689460673417627987921847012639805284406496104261235098441705909235132823235212406614768955229302684396557934325406964544961364108855923631287665022684"
"-237/100","0.40544592384536984407837919072028558598817598299650269579049918782574673038151847739921493630203547040001449735290109689793528595745232493675363330656882729918199530397996650338785844689081818419763792608191449255825745742309964774783767735951446267798637635169661524441914023533"
"-59/25","0.40544108953890205805846727043749025631095934098074738944759146273151193621220772991179581896086156069090937108213650631831720153359221072443632888625761758677825541554446420512331203615691491103974329368015205733288788023903730163641820514091432673042253050318208227950830824105"
"-47/20","0.40528860600402658744525255019618161316323047475705550141871766830918642634560102896575017473712600561533469540471558155982201762147594581456523398577530416737479368880199300366810506722373842383286638392394663901089203717140319798915503265521250211202429644927478577976464467107"
"-117/50","0.40498678993915755120175669366850728525348921456610771771228334401879701011698152922596256445548608246294156562466900327117126299367520266048673598007964949190458989470908219526784236000505148685280220138627069331370350960818486675166762715736723833859526694723913491709028269229"
"-233/100","0.40453399343364045282980752074063355326319065621179589087011281039908180110108108596093625478713959157057942344779588488548950423115007125636981917887637587234758387063955874987706092096812215716998824056725124967554768335165164866597259059456537358486500591775747456964248966608"
"-58/25","0.40392860504885307389043073506238742297612338734068660834931432802275762384632028003436914985871089235998905653594676497852140335334873088298915098632715160161982473004863455650526670152793952331016567862941450930764174634524371919503046588251457994348911301807475690394684395413"
"-231/100","0.40316905087408886561541360790747937331728072327619152156515315122378953706970792443390080535065123156714090486901317884160086247442242579086992422532376923456002475778253140199185858118922350804092047495027510112620178157815126680058966422990857863767070070897397898192944090253"
"-23/10","0.402253795556129470682850734259059861693765011158920002888085887364917543530484829438222066855066818201671677513864141674409808745458968273699441400721177223864512430491776113163431549324109695696751420296228033684800124336224708103905450272230171549334583771501440447167295573"
"-229/100","0.4011813433015260813813609821100173132984899583551009999201654026766999906073977496797528574228185484981507774326530713007350139915193204706935617610576504658509025814797126141896201832811275532925442055349537406959895632305644741951045080572243876218818008715194644962043257037"
"-57/25","0.39995023885073022235587248335788062217322073248669186952584312067163301783816727364729607988262007474584433551623808974800779958712463089414390817708497435434608806865155407838667073080072472435795073770678134628814331012949253995450991469168282649540608620697368754113492003519"
"-227/100","0.39855906842334305063896664278907458665776976574052909444838027920881285701033566296889917108470036826726994394742290709172669924932042952835676153208270067814143064588613390139607448981111431515823870074795942972281772810495450839066836232413018049565588613261846454097319839341"
"-113/50","0.39700646063388817535280832833046295142629221759281239460441299565171607221910318901913758821078546098812376653979070640106352881835599402652145638875504630084300101734322467577958909285929639126696105117384628025873590412269636259984276072589054704013619910814537128368684717416"
"-9/4","0.39529108737765606537836916016807977747516554353891672368630475181951671521071882979488299097644587359264813851533430332149405358936095462248611518132812617727748120970911334928674966441173331890710345687248651841011490965872337605706947765008180114047090028771415410601511732654"
"-56/25","0.39341166468631805562393360433393715795514843402743428893778896338211302509257253909462186580652945400730204982098349154793768777497408072520342935658219520254977410048718778621426964795248998825099220166301092521456571303751972599445205381653831368863207064498252039246105182548"
"-223/100","0.39136695355316447146605397308462467442141344995274221185449599229344692599173180327217140591185523711699389632908782901829556759704581465867859884893845833045153068252853083729988106833937615393833542750988413554540476252937679527614224791237296738364472079186118603614035933807"
"-111/50","0.38915576072798412766153186684596671212635349875219385909744780383525277484123324681427036161699508992731922978640514184442224045108561469160595025879318776107728501192795006863211626650847361483138208966890396263958916590675470075234638561431698044369882786708314752613663681988"
"-221/100","0.38677693948177105585881969347787461838353845645400130481916935308662029445720650069198915563052342871400358783817904691139321183714852278913652637277923812742564012817613310385704046072219941542787813812782224099893163998230441728196054171084916148176565138345183654789413171331"
"-11/5","0.3842293903416183805059830681828170021220585435086979571264771070908927948879081692327422289991979065649271117717674050581028645082656086725893553127557223148256998389217142297166566936771462414299315646945451145847843430965652274277231458695451620325349105226713851540779146394"
"-219/100","0.38151206179633837799425955006576529975600440467548436274844466744391804743331252014356095167700315180184620125895774494209085530034880454816655848721529686864391052755046491968552202812121318253508243786348945366559294770381573845591500842153501992731588424821576655538034347584"
"-109/50","0.37862395097353147610784628682351887786036754734974731151545662108895203789472515594328130570455799164271413066460855615389450097779770845775833801620413821217723438069671162786947509355538239910719100714547663444396598973654073640336308215786822997614350048853953889881744117406"
"-217/100","0.37556410428901481593379026056391800665296561684690712096531333372288912624062123199731948385675732220539530756231926032489374668288970986149199780914807534364202053833627980631752758128482078463572838085242109267948961052490153415469819141465036834162255172392218821608940804434"
"-54/25","0.37233161806971252145330831895713554952481645877789146143729143944576477126228228080371563569010732452482447680975020845461547462758348899133761772507516503289293406874369926104399906773038937740015808827284630555029636594688884375440841092013243106505654159468113902394840412068"
"-43/20","0.36892563915130449935881160530090220803331145735718090731509803297091236476527867595003245061592417884502074802827249056482515027803508273090227843214671618966929298884875949377228495358672036259100438672317934119716733102259313051857068252660656743268530366711298332249067223082"
"-107/50","0.36534536545212790231996147724668619611679417537357379610640792392830518713312796830342263943079454060458786105415297148745008470766513275888296946717514868475841409423404730057510231261835328162381449219941427906896476772864607699196594512187267623163603933905922853755542228883"
"-213/100","0.36159004652502479657922607700535312079073868917067258873179436718664708513349250273718103266928597805506556672062929181507946881023787350816508900579114784536609987424930369844302885311765322500340525048406274356405584248934980221517490514604216469706802361763449811085535057169"
"-53/25","0.35765898408903052920777669662389526150384040044032529037493963026525423406953132626707628177537390900063290357584565294906466991553227472206930796746156758064803154903100523528701929614523741196397468789505386316072154316610035676355208658800153292973060927900745738485524008882"
"-211/100","0.35355153254299922923389939501220718130645828846579061270366123774435921416484798461548218826071173287430737440359796730268910890818415018428561988268794770712598129770866319474062713770312765707345721033680314881479467131334021306465839175951063039951566778486784376009149360943"
"-21/10","0.34926709946346522719362136998967711837575911971853224480799744882584190555059197088752614156803406560691430802285395427839963586449881336920180423120024128059821864486327331983661532095752138272126136065155159566168033882144617043604052040001635068055795508053262409042030175729"
"-209/100","0.34480514608924135733782763402742574642447093182521914971162427588883024716753691291664197252634356664507158445123584257629370360360181393359632945598543735845488125571787775947133201410393927339678023187242539018385188584448477268931925798829280183134832903907220157034804422229"
"-52/25","0.34016518779545652588786308213639436039339558180014669469449346298911733972905734964969416237749269096306164147623262928801092190724361995567841325677738197760607300430829575785720726609558533680639112544999603092548731260967661486610765178106535018603024542602443679647829590885"
"-207/100","0.33534679455993499096350349963413123318866461540397638121525068036148408913581007737163573119386166865428764143914611806687266082846493722000146030022241854568745975447191625461612998870178208610868027616751046523704777835593213930136151434428578638852410633293735285573975219325"
"-103/50","0.33034959142501790327852228804251609155028977582699793275005172757571089864782926713821556314607612081204949900175832119048998260433731690062527769628507713948717478574074201594470961881531650139387894333821296234342522024683496838718331360549687375626343932335698636218660515068"
"-41/20","0.32517325895812319505892199372187432349771362867548920440653066629309408069603845747972447255296412665092280076736376189406810471850617358745753506677791855361924941011622833839042486275924407421365999147938942383708274316633724784804574381626110930646433302674753709332879857937"
"-51/25","0.31981753371453226775158000411010057697894010649419126625641498078249502673877904601315369890519030233301448107933559296599909171353679064574356115162557622193108908338449689040409113178112086983710166144988503444184252175842417828925427350306004591610245661278438858895833818452"
"-203/100","0.31428220870608050356323338011038470190165343054241286080355159492792633138431716753307525385683966666744760055462131248083909127927645059509436214110248655186968995873031367540430351751182672469119351588044614419368170777670712319300178424225557227038579687087684703413880004568"
"-101/50","0.30856713387961279535819788390028212216342103593473062733788275110094340765670067533029180686947782520044664374493195498525769046282554958735484881193142341513024006043027299669342553222877881652170511129529506184741656580483008465736202330233239293485129052927215002189033249552"
"-201/100","0.30267221660924443473101498249720229113931959674502824568741501404468767384812750959731065477225903791788373139833162132229602206187265485056278985182015238739174574776457012839214466860876001284325919088669235934215391912496702799828060427586079052300602944807220742481511470487"
"-2","0.29659742220664119690093279065104594366050615539633345054680056327638734341853832607630090458387883382281396541819376422687925662509089265604900282821064365538184663182338012749700175100906152048987499938897348021425725324437139027176667444306075669543950671664761119447442617256"
"-199/100","0.29034277445369968773823035258494043613564240927690176916582989496093669541595093103215433317976659739408045224118700208842698595386093210903980907598948418589466455376968559765341925051204227641168873065156169365206270540322749260126398139310430224142819038169370272450587337012"
"-99/50","0.28390835616216934289572640045186592501241894572573693758237155998375900884287333691078196857497305094688979111813351251912821803977085506652587932062446993892944203773168660451490293376672034052598753347952487354429130590780476380042543737420917218659391407909460441794049104222"
"-197/100","0.27729430976491025680811371469875274958309913289467662846158766140818305760782889107037916574681836985200800444845411210039456111732977412845782486299144476755787748227975533495639884748301133648249177897454770518680625396526492914784857059306369252611771274902442886936770708204"
"-49/25","0.27050083794362562915186191129802031474734637534080273159711968902552072224319813843739140891687615060270774383760644489966569325352146496848638582943995776882909397814489619733843668725878700184588070242363108442122167735697488996042897641717286899540468150370198585298600759725"
"-39/20","0.26352820429804339952637507408339014574317811240089222264470812276111303458691716839610352855005011529971096553812467547533925613995084782154807452003483791726480621135168753728091887292988782874566541151708643495066372797925697420862559306368502512350317233974360382621172804218"
"-97/50","0.25637673406164793967478252163936093843165172146324389063116181028428557283600754492024507559465223784199186029651748063951088649394931788041663237016991194670371586165834730535728503085754029257731982105158911262273669178828175603303839645065811888722246510380370754660508329211"
"-193/100","0.24904681486917881749671306251084539574344469117827930424351619804332181217699030187466903693492525994734788352013323983585674677775759085683642282172730190100824218428083777195244548518113904960248691706653013743114004583153849077432234041692281224292381186002250017017115365564"
"-48/25","0.2415388975812189563653587286364989056138481947412733976355578139639332453180029505828207997682066338872506156278309588480206709204641492585707907472978009771474076871316130271138313708715945776001532463271174244689500216988053230191766550774826005307094971936982835142767971463"
"-191/100","0.23385349717128828970014924356374460995407082196913124053570496237944263101425185820443480769946006303020736575927019218546188686933476102790915652157500668540668645094613032637203805385976364786431785941737518615322232790828771445248347701902539131756171005556200549393221713885"
"-19/10","0.22599119368094054006892192153883989373620096829722576698462133903300783179696478388719793396429232216290503111035831498386680794821449572522363778412054343022726689084035731211231979970075734004116521154623537680416924279300708610255963779989070057791450451463640471248637726793"
"-189/100","0.21795263324842930096225803919332972207617688665828322431763281137613694911353937934360183749964048073719435125591284645433272465208163189259107572757962035865736336371797955215218990159559680805218395787899908639256430884715105347083402177108057712489253802443038006348012918823"
"-47/25","0.20973852921656441392828563274685581266212425858580448654147942742335069326493099525044347546281201506613208211179601658077441344269570226473911446688362787591174671420472298642664585519384097281242018861194777640528747442831779115352069190219994396222487413504118859489672867157"
"-187/100","0.20134966332541993889913004574117886192573492445297174026444578493221940743124340665711492529094829677767665012213472265114196431685543159844631596394094311119978677775010519977239599187289372350483098180700195114435141638594503589205304860862656855647838344015860948309923457562"
"-93/50","0.19278688699558001583405341862162011311973750069537434046524797055618401781903313441160668596722092659294713325052979065512588850375551907745562026223225531546921980825228909098474698608595592646368718265003677753081649635554400219847886623826550826968653334700819049327647080453"
"-37/20","0.18405112270761779907581659846618843748975598599764439657926632180277130807037356689575921347080833341213493184685889738134435321175498633582792048875809384903267201086643192662776518519868276825693581522171722930115528796963586022501578650413450951622011062298637476344877073812"
"-46/25","0.17514336548349459197052052746099184651850218584050077767877810151192744814735686323696513349577038239272318770860827761668573483561662200147157098459142866530049490497296289578086901361745976152601061753906331875199884776181446414462283459055490578748316477061682904736607693355"
"-183/100","0.16606468447554050885124615024124715970649154773884441721860536652049612578398293509155075169686583931114470640555345677580437622222941770295058137116953170640023182539933241731671203842391305509032583934752664338830311415480170243900733651762485242209717265880785756310161151604"
"-91/50","0.15681622466863368291566661244362302026330939770755543247750049086442374623679562809844872236992791824822902877949348671472877636671522968466991052697513837544669812230679999208863034722653323437965743868770892140924182583531516114311109333682401443270977145078552050853400473883"
"-181/100","0.14739920870113158334325569548219608991841714027696792457112655716491527800870396940696353688318048982594664796611928927010740448727557576327459386758822705808555134821540447937845793519632101088683291366431415215404131005164210447071620148858492524874681754257055443479792475371"
"-9/5","0.1378149388100250412096519004698982017857440750723874185080386591033097766393263987336582085750398756856673149466029686176806347855793929312970448209948636197277683951092478514700251021487139958125851327736431978742674172801136326587606410667409253525084366064723906310187387349"
"-179/100","0.12806479890568334981732623565768178006152609842453337835122339292157078720551767638612852271677616724559897070412892605105998394578712878881471729856561807542292164294465060168583313461648092269357081486090528343484316644544844394126417607597210887951620304359234152907983710889"
"-89/50","0.11815025678143885289771691398212638251275856922406340834135623083110522996516728672631228392882435660420800856051231164130828737101155832297337272752573090313032221627619629853689275316599920766826645570324720528555083738625739355138382449750370886970434928747524420715341215089"
"-177/100","0.1080728664631262812816486657461085424443894825125879889147996958348121740128938397537748411054187006537195336732693311929820338829922753449783285251001196848026976486538968589800955617711259544584075454985167796758696366499275240031760557220261199527324587437262022083766981002"
"-44/25","0.09783427070355729704254342697501644924410772421731362064263430689999585407038842375240295139445562297974028492304288239077198000919813578874186807960486076197780013837111594759053315438155771304451910721478816149925815485070820002753930337818117302659689305310297608938784456377"
"-7/4","0.08743620362680361113282620213849382282055009589576579691807451359651713738072625449995920636180201470736599146378630599281789401668094995080623964385028169748730393801881556024833343687970519661936311050489778462542268002339701484029477789751212780015117959012176518978674790319"
"-87/50","0.07688049352716090290953524697999291419284859217837031621557090216436818848366211323188108098740214006754024974259899844056857067413631150993687581115666903090919151968982196946276891752491887752171839453855873852650306039296020432330895096537010387908851739728405753019383679834"
"-173/100","0.06616906582799737722568963540491462855909060192029079549055407972456671295885222205634964854681709335737638586860407711284157135450212147363239520701444646195526555230719813020927845732868236827118468188555640973958269096808984513546633384658972991798733680721447952505003001279"
"-43/25","0.05530394620709489477727042761171948885522161613103223273818268025962287859888846998523030887569493553382122602926381564626701867184963276085774734532238130848118573149956122902420100784746000676324007473326509436193524551609566745310570934618316197562309256566465439917590177718"
"-171/100","0.04428726390040123847098992788041512970668848142982488972145130951206696116608654693449985876979494377160839479312201752954576035424519112609813558134836447235479302444026709874972977747278027740123684751960151023392116752640736518821747759010426129454536970157803058005131083614"
"-17/10","0.03312125521894490128556925804396671336833680910630215834064256295242959102724385812108092098036852045386223867058734736365247898009233190396708295790711343276922804402901681602974224790453006235999242501508513214721121758842229776512239952911204780709977490996866806851491953239"
"-169/100","0.02180826744676522363499072000957430906199496215476578188366123493912040622756302475219227962953835436601318458298268902000584077016616599729525932618509295384021467929242909090142033638205587939423608331659490660844961000490630580858868843880729047524647673819506126706841089631"
"-42/25","0.01035076476639084108778274361688122328208977351880052159174586039832555204142038467142730695862240335230673664131370287857556953636256447064347808023118964664481140607646260047434654076591799549937876543524190493263871824858940875493539662425983583493357534704712119874029673807"
"-167/100","0.00124878498691155886411663919155876408958981167921357490913870877217312993213770727739435836246691289797351552584207411199148222885502742717972466354225023783131892934075009205758257745327245053099618987275857276417194336626740927348742457716922902436230820225784419178009286163"
"-83/50","0.01298738811651563689154001400610328468425869121023412854285227346204994712356264263708016639407991229952672687489295581542788939414613484669827588224893319584312190919195533845354498159152296752729634249210206313974126410000261547007542677687296586423667936987548247479757222845"
"-33/20","0.0248624778808399300848806007882997510649446837494070279209550334116925671534213898200546918939643900832799966606109695415286522642164146987177866649914831894887556362864670811345530604513234007594679195457194870795424874233483150192027428037720391916155161762769245641025530459"
"-41/25","0.03687101881915592373811964092903143900977834220432973455055987059700237046392183776360936173366959822549592201506262673762254947885401271638983792388339593233881213203792252925882796976980471000120816651166594831472855009568085417533462150333538794630129558711714235256717268782"
"-163/100","0.04900991280591851354924228439763645296116627671494662278589976193571534084303862108488417086635028872235667366900212345378373372896211769673860320233954651924121606437238902438646206899080858863976911033064200177458463278779638931859675928130289585403230697832518859691721725217"
"-81/50","0.06127592238169096911556754236709710909388065772167449072002032756101656075987715301117457636321930880590630963588932589646279007809203691219057168922830478861823849949888260655152956055354413298724028933134034754254429195198743862869789170312110218179831288198306104562912758164"
"-161/100","0.07366566446380064048194582480725508617111718043333632794804911797267404899251564702968983701528848728719837956016597592870864147686878208864710075977417671571912550978436937565514949219146315298934243462371902008140800811969446146996162579789449355062913529123436948927525969292"
"-8/5","0.08617560494865323636806355887092301945252626284971754836115175170543905246595576787827071733329961118895270705819122441101787236864978750107585347510806355555570105108081815314899395822768177756275682655885451014584616468842033600792173145874883217909901904468988714954328408516"
"-159/100","0.09880205329143365536717596401413481657978142608001674672545876056229844105710701761483357218716281038363508746645795006905685750216600271296884044501024417938070117335795428160137338624990304270367072565685856500761666383874277435062773590593015912414023215783509809603059744055"
"-79/50","0.11154115695606867417077737569463052427655066873995181074974093894466838930549907860973004168678723500248644176190002329456254463365051416466149673568187781913067377004330711365048173665303895384124151057055843963765836428951479100254716203390082858425381588982897348912325408621"
"-157/100","0.12438889571757778464322466665244109698751425482786755074870355651529992944319994778497499561732201106126240819888646690326869037229762633129180346051241983387437775260078229720209797924196454047027451574837138623146420817750689292969018672389822268257538723622872765388933601198"
"-39/25","0.13734107581667929956638297545392936902724032001370767860777670539390287849477140272584548354377734735842724522260137020548012357957294886396971160334066230839787427123240598071027156130499499769686325693461362074648198376685375088366059933998981077408346006396759276624299687453"
"-31/20","0.15039332397185490311157260965911560633013934315558217291466729595489202451588183727576406842136776204427928155255070870992348784510144219158073400517562533936813238299220260691396090834332532248742689984831597241672305688706246630808802318352270134203432239143466198645373794528"
"-77/50","0.16354108125650811488700775178414815853884574527987521480692798252219524679244495230071214065019055278679135686694496957372555208462834211079803920353678514859657525063516152556763196512559220320419478931926453603398506143890510032498511492241270802597146638340623450227170794322"
"-153/100","0.17677959685047223320954414425610306508049642628489963953124488616054976134057658439851823516754448640834832697991198572943879129675108126436816623675532530391846574893005028045241037005936322679264193717211984021892471501622911988378930392438472178243546145850591372496361552322"
"-38/25","0.19010392167649848580533253769658862957547417328469534392275063666339304027820769772931143381273447110933572311775879848807520307447312918386198190877063196950893030952815137727154626427501614192655614833069989922051122254694123207142213201442695073776532779874416421154448491769"
"-151/100","0.20350890193366350544976192133448224491552965482094001586363432018176371293636902163287659780184993691371626962099671672128219002223257950099116850579424227602873580927892025080086459768293927572813191477369314286891105428376099046920075665689875350666693684585271857149266537584"
"-3/2","0.21698917254093842133223944092994501941698247467943040061880562050645886213932924770879362540333119348973202665327828175757955284103615429990714077563591190583758610405189960979368937153101555577929799646962199430622139673385461094431599698720821115991721048967689984884857898132"
"-149/100","0.2305391505054815828721315972886312143145439604182552633577537332270000490445704478768025045517853414302642611916830455494566631840951197260527313566864159970098606584454748879515551693068548906447074522569556970770244917333981499689496895063915042644204909963371505162314056512"
"-37/25","0.2441530282315597030555861288581361077723446309088000302172834912698451008211536540977043753049065625421255021506455287354165427487490501429281582850216411799027868697171445848124803695334039114641512282390530044365192534922475162825286806758774580614547914464977004321472420557"
"-147/100","0.25782476678736786341583669841526237019727465743296479040308597110654090066805367147263268503304494548830372923409329021279461074584677902625803826920567266924256718667326758587276097755011671028531763152202329681623687855487604230574175725840747926152407557355008708185494946804"
"-73/50","0.27154808914840382848639238567353051100422711588000266048906175185018142206362919468495233384732554788121409840595186452911857248131626911444590895310683425404244545065828188468116082393335081032698946065978003789068033059533053751482732137359375174751006583125495801813856467541"
"-29/20","0.28531647343745088239856430441356930690829954275154807602056623425388042757002393047092538928146614986732639990530037220837408903336934024089098889362554012443851834340762730738301268074297141450749667580239326130198440088927822155086746596221307058612465629338090181346338498723"
"-36/25","0.29912314618262882148595146821838532506072078414239845308495646066366788599413778527434603570578727076616280903241538860354390224556672235380196221729691906350436515582752060493547289885297558475577863497089259726494573078474643666974963391084127366644725188481116969359103511246"
"-143/100","0.31296107561637642583195238570473997515622346838246762882277137906756969145145385956699458445369037247517577766038340032060337817877792484016490651531537855471723650375336637823187268288130357892651772689575932367287774431609125307714380038337543465934793286348137767010379274301"
"-71/50","0.32682296503962110246719288121924032212168005751743612381361790427272944338668602730212986381152848457916675872656631478958935231108887871164984656501660788175842524136950342344718460930781263546800400239818842924473002224734115499000329146605013598699223483817993305830607933326"
"-141/100","0.34070124627676168409336412740124951776568086191370025865303586764332190874087286236385337008774343671025736335323677901966882264564940211486726634207106460264259798827881533788741302947501477259581945532800693330369400254723860456210460019952904775843732345585778112869452661191"
"-7/5","0.35458807324842665045019853689639636332154406679424520034455007012137216207986012562481451449439791862416541333938094814254456674571287362469657245363716931170098786787984096607933444159824667170049134548087745563448675076098766730372193446177218675089139972096669441307533111862"
"-139/100","0.36847531569025921058537016143420566595665943117381064663416404451375773622487651065804975605086305014654724293925337793658910093521908611365567768645416532001945927014213243376163196101184628583568444528829136478632664643357403025684155594297535545297215339330278647565682998836"
"-69/50","0.38235455304720846209994684105625281078004177716559489135802140598569505711623319533551629523800704403529670592957224760963584268190048094727983563718510705369926739773107666539725256456907473675247489381587357163014780744364463968709635601473231857449101587318107788913429569417"
"-137/100","0.39621706857395677568904140913857303923326473084956549354154234375936131096540142774976660421459938831636758424117390362059908550142337388967621752945208083494873395027553649523982647287897283684469140597702526135238621473428284299917387496298526875902387575761040814869754988425"
"-34/25","0.41005384367317103499052290542559727163641920018475670026793204410949390834455244627516238581401831021194547870633573438541452896717253181791774100553066497801782728318678490027561631618904935946782023933209788602578148994048348858906798870490465097105040706276768653305905955277"
"-27/20","0.42385555250421166859846777932038720276880591878591627562034934520605748489609366387970024317644639069036816602396440185037222692031840628787494432821628540613296879942247356400147244322353302578695661670154551890057663071337715469679072407160144439129943407411579087361115068646"
"-67/50","0.43761255689574975067015693139808902812773634555168054930674148610015386129175943361262140883461415856594594242732263602373613790157755682626875730941809557333698240426044138390588252015107225518169345649444992577605740127880452958741577414444638936340384408782549405626654845882"
"-133/100","0.45131490159640902949371673958685989731723506312477580446790466409263182898071337008644143742072798903327831676761981411779225172061946459527350086860770969468392384830354169119169908264895371605922012465488706181304791131779433373283129194146269728902232290195719968002405554282"
"-33/25","0.4649523098980458766546738393549009787336984268699822329219713663348968573368484627825804258050228161972060606083316200807334586977484491387597488295401417077145087332609100255823973313174551613098394868195694566411795714187116744569016876479737892029118032426871004225850388343"
"-131/100","0.47851417966658435358802571797454548209324383245863252435529072263164698785961040339197818941393052845260092942598640664143504017842595569289778952304537126701554715765002836273059689687283258970269475774466613833947274882597424740980372951472277412071078722987161501280410541311"
"-13/10","0.49198957981541374438115866616552444382494166241425903592774315127167830618878876088615612402729096709205008727068709153681686472363836868421590461119105114492101497623927301689439971006443372656948156360855798823654956443190397004562108940094148178819233949590617933397906223529"
"-129/100","0.50536724725620940734709887107436760986154413931193835692362437987908419715429911456390625414627328389799236653594197288992147149700462307333599213105412780442874327501503800720516358636344297850605773961195264640988543730221636825844831164089223329641076864577629105600350208372"
"-32/25","0.51863558436163178177185444192149353101302540377504191042984347100743763247591251514690066622753474049927498777865748155555318091964394417501420883432152449341856877566497668152587342224622237262615948743073204209990193165520507824549100869576414335865465976493470021160990554479"
"-127/100","0.53178265697366993160980335916513312887896765170006745945247755414925338942772405517303935442840174358432421977497397676244426521549313518877110854782928780408843251413004533933259919195160793198015219532009876393056878533845324073726777962198848702065403234111103786175923183722"
"-63/50","0.54479619299040240580723728784412325254506526545327522870922121787644773726631261925737572221963859213375815686363399612494784026376557684676265225920621478174255417544338574615297528533622419086228895505321885954583606570583048866164991166943124149348367257316261679108970699473"
"-5/4","0.55766358156262723296446058328233979692321399564787256108488104813227410965671700580212800916361327517771884667933569812067720104662988356606063081524615354069223810952219125729682245567089502316760689301468170670582683291691092430056807271721888975010648481094207579201053403426"
"-31/25","0.57037187293014314602320624475318689865038249499873234405824204767666121998362985778693543159371515042287615117630339448117699664156449943487968636583270360850744315049442444493613148019501281454625358136904531146315485502570270145714089804877255229111466467760333135414820068522"
"-123/100","0.58290777892542540607641204165473763941088077242692864488967224219626120948049783744193181188688494115953807209329255026758321044004870280430836635842998946006578607280482739807733494964130990227909507744939899215681082845615345230404263195879322281785808834352418799352164173435"
"-61/50","0.59525767417001314366900351048370772423409371703087151730762985880273849342991089300064013883079891261564955908797957896148010953096585866973253136120747107118246196171318948141103576818271953200791455709296797041282923553538325933737842731533458847948123673569798741773062141885"
"-121/100","0.60740759798609415894143887778377747090335514284323938418426137361073651910332563973087560072211977974781861132256796370135804895021672629892250434444727918211591616303993171840330672597222006562230459751550434645243020308473842666901314582470781715007496807973448777549928249136"
"-6/5","0.61934325704252314621192878481721638240544326118274692406124227524272844788043039787952521653323896578609680711214061549084186391885217880066346718591824264845561509631754546288542533656604803838097546565074559770651326017957116385463257746381258698755040003966230711808391802484"
"-119/100","0.6310500287508286191822319733326605054361313360757649697843187873939747108792981035233790737382350453471685024973576372835966279837449810576288059592080184124722703941126013930908867025634605021329948762926315619691947091162012452866147105086175708574970028282035429746846814428"
"-59/50","0.64251296542264389082452256550940631128668104270108307611938202040462331503219622805540187996663233461616995756254670188592582074552717506364196530024839106442085543398038262316908052489150003992609572159621815147849431735208046097688479222046148772394503527830316959995120396943"
"-117/100","0.65371679919543342685458902429498205465956232800447240295245785169593230556521011768816291049860444336505125200538691791632340231312996947265056305541915121939465966929048370650269218248292623897228525511336936250018921851580577734389667775354128391865274117820117318557325883926"
"-29/25","0.66464594772837694271702648955450163286757855371007782451420406386276987334654861817254637330785438424018823062435378767393514926581702973406714031048073501969806358256612062624275472043722116388685274798308032729150292459988356014350795218306521658469228495891129260296064590582"
"-23/20","0.67528452066482346102770474783420829000767995269959374659221904531493721094335064886428970220254724626624652505904767263335281905328468828814541248629431330304642530209371834651902578093309588834775071456603360539187505974675825180634547792601672965295927677703721346501336935705"
"-57/50","0.68561632685184482321582497828270363220263567364448717659419889899501550349093146757639510637668612995750446828004572292685950135255568599289712761035000582353021181088484153283719917560299043592730772855606500743679406971464020178961062229276074161708883984915224716461794450753"
"-113/100","0.69562488230111680018634168411778275674165727157065930278533751286050225412628244780030622548301830340202087993485925111307983792942229971334592740659878239280946142362459149072172570601632369500245161928874011220231094832315907832292584966435869986577949952540001222985467504219"
"-28/25","0.70529341886865557845638825840750744847776319317709602453161922001303373057438012184185571865391624561408281480186274413572451354850435455571830925894518974349283873986466357168161498463934479759958678304453398831294342999015334480054466454540279016743404567932216672591754914008"
"-111/100","0.71460489362386358431743456679691721063945060114564663493251847387158042217810551696058129973601044514991584841330756357043286665757644066337429010582605566867888953850156289981290056123452364523960051170558860788469635507858606859328960666297609801408039854175792044455791780929"
"-11/10","0.72354199887092314188684039221230856874760711949872540519948490813517393582867060999126210473108861622268577322253023015935379427390763218384836158393561027902343089429613707170388148997998820048120781937844519858239205305232221076544444291941529122726623794745301325910858091574"
"-109/100","0.73208717277785754025001176344183328012708590405971907788379245895339961326724415540139352210752703742272671862055286792468967261161781010548347430764184969358572254253544161001266831532281885088234050440801501708330038482654673008249412679613272084324767008855512812348978190678"
"-27/25","0.74022261056060142953779338178255702848683505610088451753523921694455180678142825930620205681400683069371620913570900530070371546349378627844473021931855473702215920445293446404669249744864618735787788164707635093518643282104683314179064082260957721858777504423769576923981265324"
"-107/100","0.74793027616123734897918221874716315646926030678746175874683568903850098305338512279171608932996105023395615258811145233177841233954946378463722596128047408593313106937839718465640431265143718778601905210730718109142735576425281185393831605089102006931087398372118380890066903175"
"-53/50","0.75519191435122038450604385036895617291973789385141978577603696058269806486478737485397464071030973774141979112431644023710154845521122388880428314193174745099944804457726224625764025676803817075375328506517337114262181435051574018103234475472008234245939694730858043391166033511"
"-21/20","0.76198906318199258374982496642761127126937998453833928084215440433090454778185986764210685220997979094788184052814546731723024310092408314079791135538469486162375844117579509014737895360176326864366594227573763545769215505145039626307722535935873785391691719044434812454019101241"
"-26/25","0.76830306669695305291739397417696374290103569145360752367697272870095452438320934733582654177021636547835714824724360543378015787303142260307925705415059105242352372225322319478559066370601411649733960691001759107082635052310625876552956202489876349309823604147427170887346286916"
"-103/100","0.77411508781037461552073403415665656510882341024771840479103253238219268644446274301842510648801014936046515193936712218464207180104704062889622846828349748407049662129296507808528187938546610962123534124045251998187018015181760479862839281311291414112089989672785405385880811489"
"-51/50","0.77940612125062483854234903002484380412520209291098264943876142076076527360716423830378870137802450913028591500670694665225302027391584715304014218684037171921080437325716843553537425778045741340962462376998697469779275713235316360751894655735169532320986665750290229560995883733"
"-101/100","0.78415700645704421931845054823858277526746077988845041062684588789665426597349611532859925973553341994868753086406620527555975653461842024106125155292699442957821627710130935754743175519409724627578366203424363300636452524143914619879640543927540610563176795395379068154545433331"
"-1","0.78834844031214762193634139355981327478217897318395285190694906057775575926187148240738277458732667070563094780943535611697463334116237293803844026629216440322630722113171457565678623671669607462193579102438043691969507835332923226705890247696145123577177059740399592236177418414"
"-99/100","0.79196098958354034850329624299321925573182116914320309327110547874054467443312079842419089757459097847060692766252884845675477345570292293503147904908566909511681853433827110910955686057777599500521273293848287564817867820736714915138376453086282099551872090955373207212624063602"
"-49/50","0.79497510294317389635849002362976444632726636473287363365474047288208000725614655983571988794953598259368356877205670107675115307126084748983780205853960654565393375194032857220171287240662320808598135208387955543997247915252266052768154139529484989829051988073744065402677539925"
"-97/100","0.79737112242540670745201966817309059918538175009420847120774355226189870459618384128746734952618555644380800447576545268241179300401493704151782518991943253353430999930743965090171597641109744106499136620136115891922364240913147316400407361837845086454823504212053000864887183831"
"-24/25","0.79912929417988128022322055050704081618595474958602609799067654667691595729250928154156391133933510673277653289447777974671672228920132744373562500220746434959052166943962521816839705074311943066611537006168807538607539653861713529974592417965804676641819458855319969246579142152"
"-19/20","0.80022977837058024614163219152638559159787422615565749639783814100605030638858050857153061179681316516340480400421203608546259165892845658552938618203200567732551324727381932367354751097017399257752200341459992242443810311779959437753645815981341633129673673126747922114067295717"
"-47/50","0.80065265806867907008345777014922726382218338948764182428942238298747905041153309593036745382921895761436101839163768765540474964994109269635012808477277487122902920300521146371974563109135616862856418513887319713302423507819441853442696437878828697504339732971429504681404834256"
"-93/100","0.80037794698406908036353495164292362305011949697950681669351315880523506362880014918152409905190686919508573930307310454973723434588076839942806052912645201446226226516415974972593153020867801209368801325119200421394594941434062993062772885139471865318572249128077749916510804564"
"-23/25","0.7993855958787765313063208889661951448099931252394735998904782391199742564093729534378488328172528782971228722928920230117594790840759503615522334162245967619604995585438486584935963197602315741266760342061035257948605878489602551268871848999564128966851202723291281920631520626"
"-91/100","0.79765549750504351049738290112673503641120337155919258650950563348396324560805261279683243590639200328295851121961286425368571775756386066026336649606690529864948180223020107744006485681036974349038709843905328986547954578762553959594617632021629799837468557783608333289542370503"
"-9/10","0.79516748991165364324635170883008159553856056484256963457177933140202912448968416082277843731937108202396554438738757398995471434415372231590785029896245312540154056027239699260555350479730455074157717580531051193383718654579284700505648618133941361787874272144444008103598857728"
"-89/100","0.79190135796426513934777167810492534873033146555590887377947612650615198574097982687368512314452831962607859093377579753336102193054633324140653736061102054405578261219888016924946677051252939099897048165522238674736128509018419832660903698593774665759188907131686275287614336746"
"-22/25","0.78783683292913766667251700093819055698521835278548572893950043024125993611665907292329816092799584062814105638839465367483213868863322165502537147694420116091628238977792681768428401102366878521274021796651017712099482392927836971730942237601405453301446950367207142527471619294"
"-87/100","0.78295358997478642692053777203887818473219949353587091222858924662016709297416396904601006898115502139357055550747121407120198821375725061206826734391417319273908986172215980660398307037742194426830456937611327655590441821727247438909913193616458674495116124674472758492655781832"
"-43/50","0.77723124345284250277139689149870769277952577410440405597498893475323792548702585278209636877699419672475859377944160561959250874308553194974243536761663011088682998165354643655417129057465026985676623609380527516617592892095413737574096613409257714046387224480454564211027341767"
"-17/20","0.77064933982781701645413822770094436751851902573911235759066975970561224182543790009263361655324499542947914207857391258068943929061067586437247997406938417314041653092884558456821152727575575182045486860189327428411473986292722715078118729222422441993401715704434475277916591748"
"-21/25","0.76318734813563122868790451186280978112335285470739635917057455406081801102078065694380362056452398642053975557650469533572487861820338726425396407662049407524838369607736313286071076493485870978926983462609580731688462020197812651866502733931602122861187424029836937733768128594"
"-83/100","0.7548246478627597699274911614406664173617318371311311485210260206320574438895001033194065575833315231808349266159114467645081895582889173004374102188947708207474830553040453478858657246144969600577570502636961390952618103837146385662467899121750323213738279645190182691237078183"
"-41/50","0.74554051415171717991258223204424689499193373999453662316458498979953536971566907391165017796380338819449078626125773658937620862852474510280626112292485025629904150075934201225905316803170969809824703177052493069662882508475067687548049353208555360084091445157408977649399849223"
"-81/100","0.73531410025448190448665681428001550818532714941294573866706569529059780897965580512099087181807591024540341095001767547257694936289946982325479267495176117756114807374832074921503918555964117957620784705412479656206059741497632086017583738792392126371881494309617481480681179255"
"-4/5","0.72412441717338855157160047504462278188413308075042954427584717396541573504161867052284855682579962368129855048501500822430850688724292108430311059960662001141043800340632549217622174894626158717783194725530006755749981950278235965729074831680917048927039875756899565947172449556"
"-79/100","0.71195031044913234534817315488081788729207114966961739825647841491387749418856953765476509107493731874343934726770024813438384773608426790575244979416265131488827121473721291998360545587205044636103004062545533192551782890524536500882007651175109682917804643095913532178325668455"
"-39/50","0.69877043407793924378596753344595492141255783179319807625873013444077233317479901310298620764592559916801828500766356649786019721528391614958171618478192517666330018573530020216938074147850435575830661200821578675149346870492052455105288854604039214712491021242730283870162724173"
"-77/100","0.68456322156480159286105269657681440289103290535683645399206911102172883596020072902224328156862028198324348934156580324900811248157424364195125119640644587639225609027394599688784554433446886119114339953912673633829781040596819713641818790083485450723969992886703424624668592743"
"-19/25","0.66930685414712854918170961993812908346858743283335754910192867277795361483446084301462040682470991719351700152882798562070167826554620672325132420261469870618944491895674355942854673858524204686188293539360684686076556786677874801272063849762950835910562487022533767973269482992"
"-3/4","0.65297922625340992924844101314093066078095214292617203429006637082889850640870065581624578974363335886314306939601767865384002132748504546694110784361530494534473375778707170739344883080142262630859460505073552464931561318755065137005997061825232068970516781116960326029046056714"
"-37/50","0.63555790829477575125287412376833335316932606910178952271632841189249218283551029375919171519689996298477593946294274428185437069133003739864315255184976944186314723147020585420485955635477894709269595060887471912373466510885962689115248888955613604803415467993829471246279573761"
"-73/100","0.61702010692392901985610435058374449060402690101982695793435806659011782474152194658672751541208846091679977354156684407770319962587056034094379558791697060146165460104685711049676095525406161482655782293866215792870868448893014763453199122497743182640131534515227124528119111165"
"-18/25","0.59734262293616393378145483152885043876764480249548206826703594175210894010960854424807418306362478876668985018195919951401439753497676290011402603601644995836336328767115698830806586060427723433097407616160118458764412166201122335381435868758221348725789470680054102340746320412"
"-71/100","0.57650180703144064741359474275189166398239481240986864483191676715872975273689292333415942493029774030806800247093560730335231506383789540223883537482504097877705994658170836427276043192996339284891037782694656399313453813650456465502131050347024740314181462785423394234056358504"
"-7/10","0.5544735137052206870764429417645798637072442398096565153381948507399827612842357391190156154252404807023781864878027799207482986542067491924997382622302960542914681543684990288711241595852401151124300998378532254298802627516217664409604663300480754391722361748749822317669134807"
"-69/100","0.5312330535894961105496785319653766784170159004106852044605531139417498549268150184164419173984684202355333645524582403727446517118542120449868297646100751553989089567690178213962427407330335175100335480946233357663171854461631209315047721556145728623543142762023951391505189465"
"-17/25","0.50675514462477244025270537330287410211521070584927680207642441561808214732341931048652039159546077967067273088808768102986833953090764793893277033620970397782296619856057200716533636424074655532125252314909480048998633417592936884441914326258352887929578397329543915444210458538"
"-67/100","0.48101386250937967574575071026121598908808406202925598142749297359760325998671931112304206713293752532763093009073884827115510121571197841196903237493639473698569981380155143967994511324575476290264520588791430759934425297472966035388031358636569809715542521735216194434655963643"
"-33/50","0.45398259094517128907071331474754757715949462269012896170622776599221558263927109177435603272152783430448537469499382883639506360329008173895689579445984130551172570551360527863069440500053481437952852207781936495346329489296531907782630045394735952063748378774510806575555361975"
"-13/20","0.42563397227931316538340060701574111078103239176807173230449573336756660036709356628298503160842113498583627941210849141659010856103729295362679595875862816987785747228448444787595685761517268841490297668295509930483890151083223925506286720286118823515551123868257859052422368945"
"-16/25","0.39593985923145480451966890246125629338805093454983479140679911922261375794317069174786043489584331984323725643274128898828888981329460771800472899524354225058408870466071183651588491310149875771084764111522891990676335866258704675236806855408949322853976680744305949964194097703"
"-63/100","0.36487126849521635837008621865042975697977598179924847250764085727301905974200544173801265103361994557499680488637997125438792858290003092447074307505070706712083214018493066886518288180835450193824006042030035434346812777919570521182979992791782471237918815542237764725672481803"
"-31/50","0.3323983371138326646976831295123886372943658822996334557951341708255650463130701900559808508873930066058062689679456103283042339137753882506373763677588353834895836124748909239532110030024483448924453729637679682581531817618288290386923464983119629864676433320551848445181265448"
"-61/100","0.2984902826532968259801197725046686343921081639711366868252930173325255317228115880629510169805317428856546904787232054618106038044360667017592978675868642609174065171195740384627913656905380888622914036059851418622735230312926530254478277322611447465954369119990546064552609246"
"-3/5","0.26311536833387622057772522314855131593640283885280711988710993499280904636300890911637074907546339167619231248590310928953072673262709194319832846243628716016427183249970009265592367744689347272070956912846982884054075137729630379190497550074459977281109756755708903275620276468"
"-59/100","0.22624087443396718273116345737241934282877759676581874990270769821335147279774803104262606751385266260534915684403429970840204353686063050570305348185268916320743757043890046307088798110138885614539172760452147891576597573288790391031550691824653431239773563365992952667159645124"
"-29/50","0.18783307745053130364524314137602883244811631574140301683137848748935877439064045822256372927679271733665657299380849269831659151013990789466391269167483373934972683362739795166295623132422225030307632342958162833375114124368924963983359578310171396953643142083203011378812745258"
"-57/100","0.14785723868951573744568743761843193840048831102327997501898910784503670826934530810288445418186758879239172595602153735566054823068725624922757322552175644947205437173875679865351325614899388574149599972093652662719145110985206940065539290943338149261007565579451551761750684241"
"-14/25","0.1062776041695562337019078337446186002626242464107019396138731327384410191264341251948676099981159656743069726289825578019528795348383762807735368508749366999308372700329230124519731033442692765368943928599761248086021243849035802736017217546310049731018958340113930287727112442"
"-11/20","0.06305741795600240798217950051675103921923289624948949232341006988324560817848967108071691412315484716582058760394509653949502822338720183495193277660016434369928498685526116293883872896421161767108536484446531777448195839809428101875553372626618381428221818583093197836667628804"
"-27/50","0.01815895134318572523309384530821399868344603521454678419379480428139255994042456787263909630559114719845931598853248096633958567751043455145360400323759667536664158759858934916483523104538599535602010429821183430352921930618930895786539866008302606625526954827469698262630080948"
"-53/100","0.02845645004335963188814240009459604068583576979931333781853324385292699280272932315906831847172173669704962135797954508666285261278749121161457086949336089780491585135035911031721055924944771762016405942205058822591197980683913889998336823479659095662871443108962215496853659342"
"-13/25","0.0768282959593218562312524813838100515981400590608517942875204335691217536667184530988564251381457998817592184064572709342842354123753464422917704393275392051449063033342911227097646050909235956453267932489316852276945608388087888427158577886696553204788309108087933688803602656"
"-51/100","0.12699685955183583679602170078190169542639853812053954816930739264564757639307635807737872477111219872528879789103179417720396473127557513325813621379424567360525294104348477367891968682928500215738409697213008350316501249546972585073712981174468831467170877994398306995325066704"
"-1/2","0.17900305419536614886297281565618720627244227514197507088067540551609632319604388961994033727991772504081711082169658051912458055740386805471153615644354430153948035385136414842669748315520600624591506170246737001782098741714477565658472529394667509123066452336916366818894005959"
"-49/100","0.23288827940056664889057259807116443171237742613831466735473964302760761196435825860574455901207490321335769000749346957571911141606155927532683092875747972493920255111398596363304268998761873371199725016894831262018980300755375070260268800949033926578626816047068083855083378351"
"-12/25","0.2886942295131484850451176023352310763213373712447327864273633869130624118760335289592749312019794409690748412799044977515223403101133840111521670950295356672960704920297022210939269143521434570077383249378257803237577376419665725043113649097606993205583157095779479012857789822"
"-47/100","0.34646266070472438183958051089595052288107811816356387622576952450733910367049209995532911090378727234725331282252967660526720020238710698156621646861931838329401088299801672508045334229910734423626497280192634430681132993179810763303837154585304936626836928263414393897783955035"
"-23/50","0.4062351109029426064544925455043666963755084356320077682370000700364056009353151997786983538881318519201083733811789033883434650653129225393793552793153681844488186547360880683814534499982507939872430396604566230179925521178542210796427246068518604104553572955991132829911492128"
"-9/20","0.46805256687033858995983370512962716886312091750823633131761280329873519439310586519663251532797294198316013022923510734296308251866426375781048611716555557748909585552060907843486750380781109307402765169436173746975552104829627130188505260170487581259458987714924267369168702767"
"-11/25","0.53195507218822233248688086709642617741364168762987879128896554281304445676793879128515381849871144790399178085391577614395871195791315135635186165193690056115837930446604363029636567628408321049922401024254227814105459900083584450662088229128483821921403093805968677078318399429"
"-43/100","0.59798126946402081164221304189155259952512679360063002226511489809463490315997792456997837604967642681487102259585475766242933846773569936632559533183472555349154920249619618965846960994144779912058068814956986732364202958138766332511614177694564818395182635094835000199149308296"
"-21/50","0.66616786967696731186900898830290024798407381397658334911495879485567411269383304697406938039932476549027177180939787510818323216579951215796667020502048309818826168880114930428366264276237847149838586203430554960034412036213117344278366892737157004158294861046160574684252101749"
"-41/100","0.7365490412314174005484180510436313340241212254132358804140617229357016299736997826513884504084221912796628356502622034824021630216067930166701057952659739196876049448980864627965590190505826504382121298173239985608959045175970527466059721733190568864122438591929738637896248382"
"-2/5","0.80915571102886070414784269154696569996060590669300342031296171524846201632873988330969087086584660434208617008398281564367344147310085562786397917148072637341887041494918676282060298379802007691373044499144074282642160519591314526099111624750389835088440905627037952415674423023"
"-39/100","0.88401476973533514014976135726033527565859027296966781719930884592292827721423636354633874132678344478881805192093690247631280829955648698059038064196734038236754296180235319558482827004994467838966795406258836287605175375797760069454287045250668050003217902226774323830081678917"
"-19/50","0.96114817345480034125730253376807020203238554785346411281079320043781630516920066213983212030019356750630584397344694768092141761983127094991854159283945794760214889918049988950685416851583081734331861552872484437091791748908234107642743741739371144409725493764324735920343771618"
"-37/100","1.04057193427425747894287166919142415027339218877872058877711542767554610994342111767148334327062996827541633532224848939359529118497638807458027117540272633503189551752380075226974501294983517898931680579084558224008036520852424071335489393793147968282760452822851548572981165307"
"-9/25","1.12229499268571147024997852068413446736471083179069812824457565539129233684169578005746178637793762148805901072794654907684867867500664726179921622614095352753405671296381076298467634446962605835966152462915487743268804110097918801678417527763242306894782096091576839808629849214"
"-7/20","1.20631796578612848355976887167124970441419337236947190682280369410604914294887747594838254017818559796449430782917660806054140280447622502655597734067080319568745528757720192724468854675113507922650181433123133225096763108477397729262704604816400286643558244038239273552792012339"
"-17/50","1.29263176649197627012925713790749904011933407568037477948618601167387533922929439032662678839494294759438130607586470481209063585477417856246343447592050815336974206629866834121203705086568461824257368250745416649705451599093405924386847851433105228447083487031615401760191269383"
"-33/100","1.38121609087165324893080176444577376352652211800354520540392020800543053466042419131277347030229640058327208463727737426911622523697234387599656327428144925145441105793290565261622210381308795327746427778368933026020371040425693201297230989104972481857604473741712444868160764894"
"-8/25","1.47203777319667524222694012210809592035381916226797346522249293956704026482312494877988369668604308861948704231730965364940086921080973758293401899892010803905816771839572694961910455747717010909609179555658884175583334470609873193186965359042079824586040601613820013573035173346"
"-31/100","1.56504901154523201647966614272312569641982431118883098030107097605788432112825042711200004946148675376937824485663389283861664333456459070974756652165545275250153828127064780740600236919405990345778538918869258258219386587445380464147769887721828177911972357606732624906308012145"
"-3/10","1.66018547086425926904350869284751242750489664831594261058647491255742445455164720889396505038855307324367899093501208312147860121038715084331538934480687068301402787217925754930819912358487241723101220645494444122068972921248490733185130691729775682451844945659244160492633817875"
"-29/100","1.75736427540686724186577617014444511225616922660995678358577898391098999929678430795606204008771387454523458393447794861147664306558774144562414686229921492700064905020637632259183937039141311594689126077348845498326071966410117176067472551574382502105007023213308464846775954334"
"-7/25","1.85648190849404699825586715674065453234512266980887181038345537476874844320725204870068624971766976489425364116580257701295979320210178931036356617845100229256858264757654357254433770121088351244705116185010809749145265351474069757641169387666562100014454910855810637131123336338"
"-27/100","1.95741204465946625708519156209892661399121618980323849115440385273563647550931335625424396681498045548999964106796814159435659434061800032790657775639467479869568678212194448906126895865597691993216976110208822588848782719556353961380774235604036505608347596524532233138584429099"
"-13/50","2.06000334743890711839395642904125530704369068264960210523078212795190307875666740490827024966005145617247079217891872163752131861295996119889518634926563531131807055757017543659448520842913435229089751977189248965937077119060431066250664853597624319627874343745190559300918357366"
"-1/4","2.16407727531760780987024176303498613783167785154489486774484538571872344140239939540361693152896253211791203160660015688224402189407574591863616281770664913791595257938543464467517651054211810421577839889761557571435656084129371950968716319242265788763942352422509545857889798449"
"-6/25","2.26942594852653346182075750030629253998562940653739650717729379512757210030638771328173072934188018800422660559187420152294020962689121242852963307565991852465686841532860650102703062453752512293366994277903411284448187813526652331923199386555210301955150253041307150723757496612"
"-23/100","2.37581014025859993084812359181727843990967928638967043113396064828972944481237221285274714091067000035317909692512494290154904828401222754760897448918866394094265294043892449206369250583953545761385966717651859656553761869454036046803132445270002508690633204293503790866314912002"
"-11/50","2.48295746711126119657732784591588991022892318538604972081686085963279507326399191718855347623893339261086090175072252449624124852350821466117226726235979901096048046279483337101199715411740323020899762477775563159887325288705446178071823081419211448868920535627859211516303512014"
"-21/100","2.59056086466263237680409358871593967106373615339358972163780591934346800103908962184271673050180554682636168684966031906285959737566417723561899734983140686481628665178820472723681978754837304122885421140082075987629549467555569058188986884221917599723107811392448610979897403793"
"-1/5","2.69827744440629364205578598689400323394018871197270678728846459729081419758201213119956352577728611345362883903483355195725366152764858410135195192622313873407528628272487341159680468924221212462791345495014607890961791633721847016341060672537923324704048601924823867064085378798"
"-19/100","2.80572783699298029707456041880630485468968033780398093904596129736335635794313305114721064838488932305941811851513847864468234620222116134299904511970564656077987529696370616795383736705089069530192096269466386759061808817934556234857422248342733950437632604526263270763706158884"
"-9/50","2.91249613288755807543625338915959135394627537787350633383750292973786897357698368807898577996860663490893119212964255686767734613873314146484839579055661046957620045925546044491352422203813536350474696764555660807176877171770640316659890799510534052639519003943853491970658187388"
"-17/100","3.01813053405045159249505891357952669391469549932191037169933423013221295173026903227361080927890203941990330964597135370233391244770824562729370246530316150592195152331155690744503394682106097257694348171322254561962559562248489030720119800227179543394197176319853744655017105575"
"-4/25","3.1221448279200740243852965323305041271571849416906850297140845866964323246841691858122280679725395643206470732016228987810564823661808490162312365311208473173820477724911771043163654563658894714856034894554545958004375739404614817987788284435581277954946893046156859375906881036"
"-3/20","3.2240207866343162377845665909797354932745607302823221294225549021681532998276987483843351037469256893523003763466116439373242548352628450965019122370848220554122024207397694506309847310931450554791669875296437726811937725035461355414262959840964060739430256233377221620467138176"
"-7/50","3.32321157902170500337694280842485106946776986295143926267235158829100857431247987865398695558080460374388749735428029429116565050264059571404063550652565701847066790605753788472702409370608850199430631981712479235592089233492897102004065501250758283803453081460070911558290079777"
"-13/100","3.41914625959727178798325436100533507489532035834860216162300853653402187267151520016655220111149125220372623653441986299870671641924836516582130972341866267072292948005365782841472568461605455774277184418214707850236581942091248955949181234847072807135965447647702245291377886854"
"-3/25","3.51123536719298358829157873700269623991881621868902345054624999185724895166944074552990300823313654208180425502405093745622295806873277009282324016454790543998353246959474773633781491360514901486302858281844179679682527187921986766761495040799443483370887849783680190797107183143"
"-11/100","3.59887762607345506936619560379438317672128179279078465062294091249382118193931577579956409566254354243433855641280914240977998976417814803585807887006453312375957463093765429547903690196659970369636341620804100142892125935009365667742866612422849241177129239764646143254844584071"
"-1/10","3.68146769527322742664385008042442128001205216441290407672947790393451470532995511713762181768605418881577069917586976240118688676251825731391172583470571476639733389481113831771005801378983494207170763535483389834539918020474239183595131717814526112439332755966619299070703905602"
"-9/100","3.75840485909114358155029519269167311822563826771570876364150488200712576841280877906803521192085342059426967333718352325997241629254177073612172816516825212028665550394017790652910057164677685236468656510047924174099459119233364441881013552197811370769726659776046658870052923024"
"-2/25","3.82910249569131468796150455485773346355325314666188207242272817800760355619928678453985594977039784907819491631278632101747306522697732896468248521462392382861836231455675212553616495486514898743480772670593611571396897587650827506743038139024366796286044162542414397308405937516"
"-7/100","3.89299810489227582874794889006012959885539638621130809611023607256707703575631408702212965558071665162715327328647970146518441809327774249972659673877497698253126332081902253709310171134581998562232722453020338483324028597083982709429985826252974971564416807821868052149742013973"
"-3/50","3.94956362442193590942028692455111640530332547742943955252286684579665487116516846242377945904633755677212019248093695961592128570230682145744112882552247316538854992825563835439130005569942984204532144438614865076258946147640185081782191137706752019076771920821232270033451154487"
"-1/20","3.99831572048734090269696092032596571633343261228163363295042965152047695153199673287246782602851252412083332516912646699569764165589683865103928249212800973736371964491210166120949270203534043859510387599274110295172406404496520693197611452669795132299445299973731061084543195576"
"-1/25","4.03882570775057163950089611211885403153370100311998616388112917252984999192748144077056486457046605940794556154907503017319078700925542417729108285049439252137532123381256751114941741886822016974379567621909906737036871096141653009835532883562178540573956101257716439336245596628"
"-3/100","4.07072873953977780551741152091534209942522850133667460342914120337135886964434239314564746658195275477324045312544248611303495415200043126743122345460145811807672045610274780088118686044377225101047699660683665196030835613155066636020286394367740572280366052674301548127706753351"
"-1/50","4.09373191423426157772072921231248012934246273070848728765325428014536245048611631666538504608591770987117337854606305066240420927099729035898945404355085116285821413602854369474274946474241784889069953627669761226827864192678114168535298608973705900793418094519760795189900028606"
"-1/100","4.10762096974128970785467819346510664107545296395693355663926254026897863074201575262589381805669232691290972794696029702624320356509041806474323504251790541028343851076228131273048464525541136250604164229593579535967092910356605960970994872946640198213502157931382848173528492175"
"0","4.11226528462796722017995500510917444683060852544328933539725875668546175726294022440314728964409112868140083279881641182323876692791624363327114334071297604491316059988947079348437284864513097333373565366896674137617650123607948933139679201348454556951007055775717004607336728542"
"1/100","4.10762096974128970785467819346510664107545296395693355663926254026897863074201575262589381805669232691290972794696029702624320356509041806474323504251790541028343851076228131273048464525541136250604164229593579535967092910356605960970994872946640198213502157931382848173528502117"
"1/50","4.09373191423426157772072921231248012934246273070848728765325428014536245048611631666538504608591770987117337854606305066240420927099729035898945404355085116285821413602854369474274946474241784889069953627669761226827864192678114168535298608973705900793418094519760795189900031059"
"3/100","4.07072873953977780551741152091534209942522850133667460342914120337135886964434239314564746658195275477324045312544248611303495415200043126743122345460145811807672045610274780088118686044377225101047699660683665196030835613155066636020286394367740572280366052674301548127706743946"
"1/25","4.03882570775057163950089611211885403153370100311998616388112917252984999192748144077056486457046605940794556154907503017319078700925542417729108285049439252137532123381256751114941741886822016974379567621909906737036871096141653009835532883562178540573956101257716439336245609041"
"1/20","3.99831572048734090269696092032596571633343261228163363295042965152047695153199673287246782602851252412083332516912646699569764165589683865103928249212800973736371964491210166120949270203534043859510387599274110295172406404496520693197611452669795132299445299973731061084543195638"
"3/50","3.94956362442193590942028692455111640530332547742943955252286684579665487116516846242377945904633755677212019248093695961592128570230682145744112882552247316538854992825563835439130005569942984204532144438614865076258946147640185081782191137706752019076771920821232270033451165885"
"7/100","3.89299810489227582874794889006012959885539638621130809611023607256707703575631408702212965558071665162715327328647970146518441809327774249972659673877497698253126332081902253709310171134581998562232722453020338483324028597083982709429985826252974971564416807821868052149742018765"
"2/25","3.82910249569131468796150455485773346355325314666188207242272817800760355619928678453985594977039784907819491631278632101747306522697732896468248521462392382861836231455675212553616495486514898743480772670593611571396897587650827506743038139024366796286044162542414397308405944969"
"9/100","3.75840485909114358155029519269167311822563826771570876364150488200712576841280877906803521192085342059426967333718352325997241629254177073612172816516825212028665550394017790652910057164677685236468656510047924174099459119233364441881013552197811370769726659776046658870052927127"
"1/10","3.68146769527322742664385008042442128001205216441290407672947790393451470532995511713762181768605418881577069917586976240118688676251825731391172583470571476639733389481113831771005801378983494207170763535483389834539918020474239183595131717814526112439332755966619299070703913456"
"11/100","3.59887762607345506936619560379438317672128179279078465062294091249382118193931577579956409566254354243433855641280914240977998976417814803585807887006453312375957463093765429547903690196659970369636341620804100142892125935009365667742866612422849241177129239764646143254844580834"
"3/25","3.511235367192983588291578737002696239918816218689023450546249991857248951669440745529903008233136542081804255024050937456222958068732770092823240164547905439983532469594747736337814913605149014863028582818441796796825271879219867667614950407994434833708878497836801907971071715493"
"13/100","3.419146259597271787983254361005335074895320358348602161623008536534021872671515200166552201111491252203726236534419862998706716419248365165821309723418662670722929480053657828414725684616054557742771844182147078502365819420912489559491812348470728071359654476477022452913778819798"
"7/50","3.323211579021705003376942808424851069467769862951439262672351588291008574312479878653986955580804603743887497354280294291165650502640595714040635506525657018470667906057537884727024093706088501994306319817124792355920892334928971020040655012507582838034530814600709115582900881215"
"3/20","3.224020786634316237784566590979735493274560730282322129422554902168153299827698748384335103746925689352300376346611643937324254835262845096501912237084822055412202420739769450630984731093145055479166987529643772681193772503546135541426295984096406073943025623337722162046713837851"
"4/25","3.12214482792007402438529653233050412715718494169068502971408458669643232468416918581222806797253956432064707320162289878105648236618084901623123653112084731738204777249117710431636545636588947148560348945545459580043757394046148179877882844355812779549468930461568593759068814696"
"17/100","3.018130534050451592495058913579526693914695499321910371699334230132212951730269032273610809278902039419903309645971353702333912447708245627293702465303161505921951523311556907445033946821060972576943481713222545619625595622484890307201198002271795433941971763198537446550171021233"
"9/50","2.912496132887558075436253389159591353946275377873506333837502929737868973576983688078985779968606634908931192129642556867677346138733141464848395790556610469576200459255460444913524222038135363504746967645556608071768771717706403166598907995105340526395190039438534919706581845919"
"19/100","2.80572783699298029707456041880630485468968033780398093904596129736335635794313305114721064838488932305941811851513847864468234620222116134299904511970564656077987529696370616795383736705089069530192096269466386759061808817934556234857422248342733950437632604526263270763706162531"
"1/5","2.698277444406293642055785986894003233940188711972706787288464597290814197582012131199563525777286113453628839034833551957253661527648584101351951926223138734075286282724873411596804689242212124627913454950146078909617916337218470163410606725379233247040486019248238670640853756409"
"21/100","2.59056086466263237680409358871593967106373615339358972163780591934346800103908962184271673050180554682636168684966031906285959737566417723561899734983140686481628665178820472723681978754837304122885421140082075987629549467555569058188986884221917599723107811392448610979897404489"
"11/50","2.4829574671112611965773278459158899102289231853860497208168608596327950732639919171885534762389333926108609017507225244962412485235082146611722672623597990109604804627948333710119971541174032302089976247777556315988732528870544617807182308141921144886892053562785921151630351117058"
"23/100","2.3758101402585999308481235918172784399096792863896704311339606482897294448123722128527471409106700003531790969251249429015490482840122275476089744891886639409426529404389244920636925058395354576138596671765185965655376186945403604680313244527000250869063320429350379086631491196237"
"6/25","2.269425948526533461820757500306292539985629406537396507177293795127572100306387713281730729341880188004226605591874201522940209626891212428529633075659918524656868415328606501027030624537525122933669942779034112844481878135266523319231993865552103019551502530413071507237574973405"
"1/4","2.164077275317607809870241763034986137831677851544894867744845385718723441402399395403616931528962532117912031606600156882244021894075745918636162817706649137915952579385434644675176510542118104215778398897615575714356560841293719509687163192422657887639423524225095458578897992333"
"13/50","2.060003347438907118393956429041255307043690682649602105230782127951903078756667404908270249660051456172470792178918721637521318612959961198895186349265635311318070557570175436594485208429134352290897519771892489659370771190604310662506648535976243196278743437451905593009183584027"
"27/100","1.957412044659466257085191562098926613991216189803238491154403852735636475509313356254243966814980455489999641067968141594356594340618000327906577756394674798695686782121944489061268958655976919932169761102088225888487827195563539613807742356040365056083475965245322331385844272296"
"7/25","1.856481908494046998255867156740654532345122669808871810383455374768748443207252048700686249717669764894253641165802577012959793202101789310363566178451002292568582647576543572544337701210883512447051161850108097491452653514740697576411693876665621000144549108558106371311233403723"
"29/100","1.757364275406867241865776170144445112256169226609956783585778983910989999296784307956062040087713874545234583934477948611476643065587741445624146862299214927000649050206376322591839370391413115946891260773488454983260719664101171760674725515743825021050070232133084648467759491477"
"3/10","1.660185470864259269043508692847512427504896648315942610586474912557424454551647208893965050388553073243678990935012083121478601210387150843315389344806870683014027872179257549308199123584872417231012206454944441220689729212484907331851306917297756824518449456592441604926338214692"
"31/100","1.565049011545232016479666142723125696419824311188830980301070976057884321128250427112000049461486753769378244856633892838616643334564590709747566521655452752501538281270647807406002369194059903457785389188692582582193865874453804641477698877218281779119723576067326249063080113595"
"8/25","1.472037773196675242226940122108095920353819162267973465222492939567040264823124948779883696686043088619487042317309653649400869210809737582934018998920108039058167718395726949619104557477170109096091795556588841755833344706098731931869653590420798245860406016138200135730351717898"
"33/100","1.381216090871653248930801764445773763526522118003545205403920208005430534660424191312773470302296400583272084637277374269116225236972343875996563274281449251454411057932905652616222103813087953277464277783689330260203710404256932012972309891049724818576044737417124448681607554681"
"17/50","1.292631766491976270129257137907499040119334075680374779486186011673875339229294390326626788394942947594381306075864704812090635854774178562463434475920508153369742066298668341212037050865684618242573682507454166497054515990934059243868478514331052284470834870316154017601912728984"
"7/20","1.206317965786128483559768871671249704414193372369471906822803694106049142948877475948382540178185597964494307829176608060541402804476225026555977340670803195687455287577201927244688546751135079226501814331231332250967631084773977292627046048164002866435582440382392735527920080167"
"9/25","1.122294992685711470249978520684134467364710831790698128244575655391292336841695780057461786377937621488059010727946549076848678675006647261799216226140953527534056712963810762984676344469626058359661524629154877432688041100979188016784175277632423068947820960915768398086298618029"
"37/100","1.040571934274257478942871669191424150273392188778720588777115427675546109943421117671483343270629968275416335322248489393595291184976388074580271175402726335031895517523800752269745012949835178989316805790845582240080365208524240713354893937931479682827604528228515485729811722448"
"19/50","0.961148173454800341257302533768070202032385547853464112810793200437816305169200662139832120300193567506305843973446947680921417619831270949918541592839457947602148899180499889506854168515830817343318615528724844370917917489082341076427437417393711444097254937643247359203437733737"
"39/100","0.884014769735335140149761357260335275658590272969667817199308845922928277214236363546338741326783444788818051920936902476312808299556486980590380641967340382367542961802353195584828270049944678389667954062588362876051753757977600694542870452506680500032179022267743238300816834703"
"2/5","0.80915571102886070414784269154696569996060590669300342031296171524846201632873988330969087086584660434208617008398281564367344147310085562786397917148072637341887041494918676282060298379802007691373044499144074282642160519591314526099111624750389835088440905627037952415674437957"
"41/100","0.736549041231417400548418051043631334024121225413235880414061722935701629973699782651388450408422191279662835650262203482402163021606793016670105795265973919687604944898086462796559019050582650438212129817323998560895904517597052746605972173319056886412243859192973863789624851481"
"21/50","0.666167869676967311869008988302900247984073813976583349114958794855674112693833046974069380399324765490271771809397875108183232165799512157966670205020483098188261688801149304283662642762378471498385862034305549600344120362131173442783668927371570041582948610461605746842521025081"
"43/100","0.597981269464020811642213041891552599525126793600630022265114898094634903159977924569978376049676426814871022595854757662429338467735699366325595331834725553491549202496196189658469609941447799120580688149569867323642029581387663325116141776945648183951826350948350001991493094969"
"11/25","0.531955072188222332486880867096426177413641687629878791288965542813044456767938791285153818498711447903991780853915776143958711957913151356351861651936900561158379304466043630296365676284083210499224010242542278141054599000835844506620882291284838219214030938059686770783183847238"
"9/20","0.46805256687033858995983370512962716886312091750823633131761280329873519439310586519663251532797294198316013022923510734296308251866426375781048611716555557748909585552060907843486750380781109307402765169436173746975552104829627130188505260170487581259458987714924267369168708392"
"23/50","0.40623511090294260645449254550436669637550843563200776823700007003640560093531519977869835388813185192010837338117890338834346506531292253937935527931536818444881865473608806838145344999825079398724303966045662301799255211785422107964272460685186041045535729559911328299114907286"
"47/100","0.34646266070472438183958051089595052288107811816356387622576952450733910367049209995532911090378727234725331282252967660526720020238710698156621646861931838329401088299801672508045334229910734423626497280192634430681132993179810763303837154585304936626836928263414393897783968684"
"12/25","0.28869422951314848504511760233523107632133737124473278642736338691306241187603352895927493120197944096907484127990449775152234031011338401115216709502953566729607049202970222109392691435214345700773832493782578032375773764196657250431136490976069932055831570957794790128577898219"
"49/100","0.23288827940056664889057259807116443171237742613831466735473964302760761196435825860574455901207490321335769000749346957571911141606155927532683092875747972493920255111398596363304268998761873371199725016894831262018980300755375070260268800949033926578626816047068083855083364197"
"1/2","0.1790030541953661488629728156561872062724422751419750708806754055160963231960438896199403372799177250408171108216965805191245805574038680547115361564435443015394803538513641484266974831552060062459150617024673700178209874171447756565847252939466750912306645233691636681889399375"
"51/100","0.12699685955183583679602170078190169542639853812053954816930739264564757639307635807737872477111219872528879789103179417720396473127557513325813621379424567360525294104348477367891968682928500215738409697213008350316501249546972585073712981174468831467170877994398306995325055408"
"13/25","0.07682829595932185623125248138381005159814005906085179428752043356912175366671845309885642513814579988175921840645727093428423541237534644229177043932753920514490630333429112270976460509092359564532679324893168522769456083880878884271585778866965532047883091080879336888036025845"
"53/100","0.02845645004335963188814240009459604068583576979931333781853324385292699280272932315906831847172173669704962135797954508666285261278749121161457086949336089780491585135035911031721055924944771762016405942205058822591197980683913889998336823479659095662871443108962215496853668101"
"27/50","0.01815895134318572523309384530821399868344603521454678419379480428139255994042456787263909630559114719845931598853248096633958567751043455145360400323759667536664158759858934916483523104538599535602010429821183430352921930618930895786539866008302606625526954827469698262630076148"
"11/20","0.06305741795600240798217950051675103921923289624948949232341006988324560817848967108071691412315484716582058760394509653949502822338720183495193277660016434369928498685526116293883872896421161767108536484446531777448195839809428101875553372626618381428221818583093197836667620342"
"14/25","0.10627760416955623370190783374461860026262424641070193961387313273844101912643412519486760999811596567430697262898255780195287953483837628077353685087493669993083727003292301245197310334426927653689439285997612480860212438490358027360172175463100497310189583401139302877271116965"
"57/100","0.14785723868951573744568743761843193840048831102327997501898910784503670826934530810288445418186758879239172595602153735566054823068725624922757322552175644947205437173875679865351325614899388574149599972093652662719145110985206940065539290943338149261007565579451551761750680885"
"29/50","0.18783307745053130364524314137602883244811631574140301683137848748935877439064045822256372927679271733665657299380849269831659151013990789466391269167483373934972683362739795166295623132422225030307632342958162833375114124368924963983359578310171396953643142083203011378812752365"
"59/100","0.22624087443396718273116345737241934282877759676581874990270769821335147279774803104262606751385266260534915684403429970840204353686063050570305348185268916320743757043890046307088798110138885614539172760452147891576597573288790391031550691824653431239773563365992952667159645657"
"3/5","0.26311536833387622057772522314855131593640283885280711988710993499280904636300890911637074907546339167619231248590310928953072673262709194319832846243628716016427183249970009265592367744689347272070956912846982884054075137729630379190497550074459977281109756755708903275620269842"
"61/100","0.29849028265329682598011977250466863439210816397113668682529301733252553172281158806295101698053174288565469047872320546181060380443606670175929786758686426091740651711957403846279136569053808886229140360598514186227352303129265302544782773226114474659543691199905460645526099868"
"31/50","0.3323983371138326646976831295123886372943658822996334557951341708255650463130701900559808508873930066058062689679456103283042339137753882506373763677588353834895836124748909239532110030024483448924453729637679682581531817618288290386923464983119629864676433320551848445181265969"
"63/100","0.36487126849521635837008621865042975697977598179924847250764085727301905974200544173801265103361994557499680488637997125438792858290003092447074307505070706712083214018493066886518288180835450193824006042030035434346812777919570521182979992791782471237918815542237764725672479236"
"16/25","0.3959398592314548045196689024612562933880509345498347914067991192226137579431706917478604348958433198432372564327412889882888898132946077180047289952435422505840887046607118365158849131014987577108476411152289199067633586625870467523680685540894932285397668074430594996419410614"
"13/20","0.42563397227931316538340060701574111078103239176807173230449573336756660036709356628298503160842113498583627941210849141659010856103729295362679595875862816987785747228448444787595685761517268841490297668295509930483890151083223925506286720286118823515551123868257859052422362286"
"33/50","0.4539825909451712890707133147475475771594946226901289617062277659922155826392710917743560327215278343044853746949938288363950636032900817389568957944598413055117257055136052786306944050005348143795285220778193649534632948929653190778263004539473595206374837877451080657555536011"
"67/100","0.48101386250937967574575071026121598908808406202925598142749297359760325998671931112304206713293752532763093009073884827115510121571197841196903237493639473698569981380155143967994511324575476290264520588791430759934425297472966035388031358636569809715542521735216194434655979282"
"17/25","0.50675514462477244025270537330287410211521070584927680207642441561808214732341931048652039159546077967067273088808768102986833953090764793893277033620970397782296619856057200716533636424074655532125252314909480048998633417592936884441914326258352887929578397329543915444210453771"
"69/100","0.531233053589496110549678531965376678417015900410685204460553113941749854926815018416441917398468420235533364552458240372744651711854212044986829764610075155398908956769017821396242740733033517510033548094623335766317185446163120931504772155614572862354314276202395139150518803548"
"7/10","0.554473513705220687076442941764579863707244239809656515338194850739982761284235739119015615425240480702378186487802779920748298654206749192499738262230296054291468154368499028871124159585240115112430099837853225429880262751621766440960466330048075439172236174874982231766913564609"
"71/100","0.576501807031440647413594742751891663982394812409868644831916767158729752736892923334159424930297740308068002470935607303352315063837895402238835374825040978777059946581708364272760431929963392848910377826946563993134538136504564655021310503470247403141814627854233942340563501368"
"18/25","0.597342622936163933781454831528850438767644802495482068267035941752108940109608544248074183063624788766689850181959199514014397534976762900114026036016449958363363287671156988308065860604277234330974076161601184587644121662011223353814358687582213487257894706800541023407463122195"
"73/100","0.617020106923929019856104350583744490604026901019826957934358066590117824741521946586727515412088460916799773541566844077703199625870560340943795587916970601461654601046857110496760955254061614826557822938662157928708684488930147634531991224977431826401315345152271245281191167595"
"37/50","0.635557908294775751252874123768333353169326069101789522716328411892492182835510293759191715196899962984775939462942744281854370691330037398643152551849769441863147231470205854204859556354778947092695950608874719123734665108859626891152488889556136048034154679938294712462795750387"
"3/4","0.652979226253409929248441013140930660780952142926172034290066370828898506408700655816245789743633358863143069396017678653840021327485045466941107843615304945344733757787071707393448830801422626308594605050735524649315613187550651370059970618252320689705167811169603260290460632825"
"19/25","0.669306854147128549181709619938129083468587432833357549101928672777953614834460843014620406824709917193517001528827985620701678265546206723251324202614698706189444918956743559428546738585242046861882935393606846860765567866778748012720638497629508359105624870225337679732694827468"
"77/100","0.68456322156480159286105269657681440289103290535683645399206911102172883596020072902224328156862028198324348934156580324900811248157424364195125119640644587639225609027394599688784554433446886119114339953912673633829781040596819713641818790083485450723969992886703424624668583963"
"39/50","0.698770434077939243785967533445954921412557831793198076258730134440772333174799013102986207645925599168018285007663566497860197215283916149581716184781925176663300185735300202169380741478504355758306612008215786751493468704920524551052888546040392147124910212427302838701627260212"
"79/100","0.711950310449132345348173154880817887292071149669617398256478414913877494188569537654765091074937318743439347267700248134383847736084267905752449794162651314888271214737212919983605455872050446361030040625455331925517828905245365008820076511751096829178046430959135321783256678718"
"4/5","0.72412441717338855157160047504462278188413308075042954427584717396541573504161867052284855682579962368129855048501500822430850688724292108430311059960662001141043800340632549217622174894626158717783194725530006755749981950278235965729074831680917048927039875756899565947172454552"
"81/100","0.7353141002544819044866568142800155081853271494129457386670656952905978089796558051209908718180759102454034109500176754725769493628994698232547926749517611775611480737483207492150391855596411795762078470541247965620605974149763208601758373879239212637188149430961748148068118095"
"41/50","0.74554051415171717991258223204424689499193373999453662316458498979953536971566907391165017796380338819449078626125773658937620862852474510280626112292485025629904150075934201225905316803170969809824703177052493069662882508475067687548049353208555360084091445157408977649399850126"
"83/100","0.754824647862759769927491161440666417361731837131131148521026020632057443889500103319406557583331523180834926615911446764508189558288917300437410218894770820747483055304045347885865724614496960057757050263696139095261810383714638566246789912175032321373827964519018269123707802933"
"21/25","0.763187348135631228687904511862809781123352854707396359170574554060818011020780656943803620564523986420539755576504695335724878618203387264253964076620494075248383696077363132860710764934858709789269834626095807316884620201978126518665027339316021228611874240298369377337681277347"
"17/20","0.770649339827817016454138227700944367518519025739112357590669759705612241825437900092633616553244995429479142078573912580689439290610675864372479974069384173140416530928845584568211527275755751820454868601893274284114739862927227150781187292224224419934017157044344752779165932296"
"43/50","0.777231243452842502771396891498707692779525774104404055974988934753237925487025852782096368776994196724758593779441605619592508743085531949742435367616630110886829981653546436554171290574650269856766236093805275166175928920954137375740966134092577140463872244804545642110273374922"
"87/100","0.782953589974786426920537772038878184732199493535870912228589246620167092974163969046010068981155021393570555507471214071201988213757250612068267343914173192739089861722159806603983070377421944268304569376113276555904418217272474389099131936164586744951161246744727584926557789022"
"22/25","0.787836832929137666672517000938190556985218352785485728939500430241259936116659072923298160927995840628141056388394653674832138688633221655025371476944201160916282389777926817684284011023668785212740217966510177120994823929278369717309422376014054533014469503672071425274716191491"
"89/100","0.791901357964265139347771678104925348730331465555908873779476126506151985740979826873685123144528319626078590933775797533361021930546333241406537360611020544055782612198880169249466770512529390998970481655222386747361285090184198326609036985937746657591889071316862752876143390804"
"9/10","0.795167489911653643246351708830081595538560564842569634571779331402029124489684160822778437319371082023965544387387573989954714344153722315907850298962453125401540560272396992605553504797304550741577175805310511933837186545792847005056486181339413617878742721444440081035988512566"
"91/100","0.79765549750504351049738290112673503641120337155919258650950563348396324560805261279683243590639200328295851121961286425368571775756386066026336649606690529864948180223020107744006485681036974349038709843905328986547954578762553959594617632021629799837468557783608333289542376808"
"23/25","0.799385595878776531306320888966195144809993125239473599890478239119974256409372953437848832817252878297122872292892023011759479084075950361552233416224596761960499558543848658493596319760231574126676034206103525794860587848960255126887184899956412896685120272329128192063152058884"
"93/100","0.800377946984069080363534951642923623050119496979506816693513158805235063628800149181524099051906869195085739303073104549737234345880768399428060529126452014462262265164159749725931530208678012093688013251192004213945949414340629930627728851394718653185722491280777499165108027298"
"47/50","0.800652658068679070083457770149227263822183389487641824289422382987479050411533095930367453829218957614361018391637687655404749649941092696350128084772774871229029203005211463719745631091356168628564185138873197133024235078194418534426964378788286975043397329714295046814048311733"
"19/20","0.800229778370580246141632191526385591597874226155657496397838141006050306388580508571530611796813165163404804004212036085462591658928456585529386182032005677325513247273819323673547510970173992577522003414599922424438103117799594377536458159813416331296736731267479221140672980984"
"24/25","0.799129294179881280223220550507040816185954749586026097990676546676915957292509281541563911339335106732776532894477779746716722289201327443735625002207464349590521669439625218168397050743119430666115370061688075386075396538617135299745924179658046766418194588553199692465791431447"
"97/100","0.79737112242540670745201966817309059918538175009420847120774355226189870459618384128746734952618555644380800447576545268241179300401493704151782518991943253353430999930743965090171597641109744106499136620136115891922364240913147316400407361837845086454823504212053000864887181583"
"49/50","0.794975102943173896358490023629764446327266364732873633654740472882080007256146559835719887949535982593683568772056701076751153071260847489837802058539606545653933751940328572201712872406623208085981352083879555439972479152522660527681541395294849898290519880737440654026775381019"
"99/100","0.791960989583540348503296242993219255731821169143203093271105478740544674433120798424190897574590978470606927662528848456754773455702922935031479049085669095116818534338271109109556860577775995005212732938482875648178678207367149151383764530862820995518720909553732072126240627383"
"1","0.788348440312147621936341393559813274782178973183952851906949060577755759261871482407382774587326670705630947809435356116974633341162372938038440266292164403226307221131714575656786236716696074621935791024380436919695078353329232267058902476961451235771770597403995922361774191627"
"1 1/100","0.784157006457044219318450548238582775267460779888450410626845887896654265973496115328599259735533419948687530864066205275559756534618420241061251552926994429578216277101309357547431755194097246275783662034243633006364525241439146198796405439275406105631767953953790681545454321045"
"1 1/50","0.77940612125062483854234903002484380412520209291098264943876142076076527360716423830378870137802450913028591500670694665225302027391584715304014218684037171921080437325716843553537425778045741340962462376998697469779275713235316360751894655735169532320986665750290229560995883956"
"1 3/100","0.774115087810374615520734034156656565108823410247718404791032532382192686444462743018425106488010149360465151939367122184642071801047040628896228468283497484070496621292965078085281879385466109621235341240452519981870180151817604798628392813112914141120899896727854053858808099172"
"1 1/25","0.7683030666969530529173939741769637429010356914536075236769727287009545243832093473358265417702163654783571482472436054337801578730314226030792570541505910524235237222532231947855906637060141164973396069100175910708263505231062587655295620248987634930982360414742717088734628629399"
"1 1/20","0.7619890631819925837498249664276112712693799845383392808421544043309045477818598676421068522099797909478818405281454673172302431009240831407979113553846948616237584411757950901473789536017632686436659422757376354576921550514503962630772253593587378539169171904443481245401910044327"
"1 3/50","0.7551919143512203845060438503689561729197378938514197857760369605826980648647873748539746407103097377414197911243164402371015484552112238888042831419317474509994480445772622462576402567680381707537532850651733711426218143505157401810323447547200823424593969473085804339116603350209"
"1 7/100","0.7479302761612373489791822187471631564692603067874617587468356890385009830533851227917160893299610502339561525881114523317784123395494637846372259612804740859331310693783971846564043126514371877860190521073071810914273557642528118539383160508910200693108739837211838089006690323092"
"1 2/25","0.740222610560601429537793381782557028486835056100884517535239216944551806781428259306202056814006830693716209135709005300703715463493786278444730219318554737022159204452934464046692497448646187357877881647076350935186432821046833141790640822609577218587775044237695769239812651466"
"1 9/100","0.7320871727778575402500117634418332801270859040597190778837924589533996132672441554013935221075270374227267186205528679246896726116178101054834743076418496935857225425354416100126683153228188508823405044080150170833003848265467300824941267961327208432476700885551281234897819017413"
"1 1/10","0.723541998870923141886840392212308568747607119498725405199484908135173935828670609991262104731088616222685773222530230159353794273907632183848361583935610279023430894296137071703881489979988200481207819378445198582392053052322210765444442919415291227266237947453013259108580919636"
"1 11/100","0.71460489362386358431743456679691721063945060114564663493251847387158042217810551696058129973601044514991584841330756357043286665757644066337429010582605566867888953850156289981290056123452364523960051170558860788469635507858606859328960666297609801408039854175792044455791781283"
"1 3/25","0.705293418868655578456388258407507448477763193177096024531619220013033730574380121841855718653916245614082814801862744135724513548504354555718309258945189743492838739864663571681614984639344797599586783044533988312943429990153344800544664545402790167434045679322166725917549145141"
"1 13/100","0.695624882301116800186341684117782756741657271570659302785337512860502254126282447800306225483018303402020879934859251113079837929422299713345927406598782392809461423624591490721725706016323695002451619288740112202310948323159078322925849664358699865779499525400012229854675028116"
"1 7/50","0.685616326851844823215824978282703632202635673644487176594198898995015503490931467576395106376686129957504468280045722926859501352555685992897127610350005823530211810884841532837199175602990435927307728556065007436794069714640201789610622292760741617088839849152247164617944510202"
"1 3/20","0.675284520664823461027704747834208290007679952699593746592219045314937210943350648864289702202547246266246525059047672633352819053284688288145412486294313303046425302093718346519025780933095888347750714566033605391875059746758251806345477926016729652959276777037213465013369356239"
"1 4/25","0.664645947728376942717026489554501632867578553710077824514204063862769873346548618172546373307854384240188230624353787673935149265817029734067140310480735019698063582566120626242754720437221163886852747983080327291502924599883560143507952183065216584692284958911292602960645910918"
"1 17/100","0.653716799195433426854589024294982054659562328004472402952457851695932305565210117688162910498604443365051252005386917916323402313129969472650563055419151219394659669290483706502692182482926238972285255113369362500189218515805777343896677753541283918652741178201173185573258838076"
"1 9/50","0.642512965422643890824522565509406311286681042701083076119382020404623315032196228055401879966632334616169957562546701885925820745527175063641965300248391064420855433980382623169080524891500039926095721596218151478494317352080460976884792220461487723945035278303169599951204001554"
"1 19/100","0.631050028750828619182231973332660505436131336075764969784318787393974710879298103523379073738235045347168502497357637283596627983744981057628805959208018412472270394112601393090886702563460502132994876292631561969194709116201245286614710508617570857497002828203542974684681482878"
"1 1/5","0.619343257042523146211928784817216382405443261182746924061242275242728447880430397879525216533238965786096807112140615490841863918852178800663467185918242648455615096317545462885425336566048038380975465650745597706513260179571163854632577463812586987550400039662307118083918089623"
"1 21/100","0.607407597986094158941438877783777470903355142843239384184261373610736519103325639730875600722119779747818611322567963701358048950216726298922504344447279182115916163039931718403306725972220065622304597515504346452430203084738426669013145824707817150074968079734487775499282575417"
"1 11/50","0.595257674170013143669003510483707724234093717030871517307629858802738493429910893000640138830798912615649559087979578961480109530965858669732531361207471071182461961713189481411035768182719532007914557092967970412829235535383259337378427315334588479481236735697987417730621475154"
"1 23/100","0.582907778925425406076412041654737639410880772426928644889672242196261209480497837441931811886884941159538072093292550267583210440048702804308366358429989460065786072804827398077334949641309902279095077449398992156810828456153452304042631958793222817858088343524187993521641735955"
"1 6/25","0.570371872930143146023206244753186898650382494998732344058242047676661219983629857786935431593715150422876151176303394481176996641564499434879686365832703608507443150494424444936131480195012814546253581369045311463154855025702701457140898048772552291114664677603331354148200760506"
"1 1/4","0.557663581562627232964460583282339796923213995647872561084881048132274109656717005802128009163613275177718846679335698120677201046629883566060630815246153540692238109522191257296822455670895023167606893014681706705826832916910924300568072717218889750106484810942075792010534025422"
"1 13/50","0.544796192990402405807237287844123252545065265453275228709221217876447737266312619257375722219638592133758156863633996124947840263765576846762652259206214781742554175443385746152975285336224190862288955053218859545836065705830488661649911669431241493483672573162616791089707062018"
"1 27/100","0.531782656973669931609803359165133128878967651700067459452477554149253389427724055173039354428401743584324219774973976762444265215493135188771108547829287804088432514130045339332599191951607931980152195320098763930568785338453240737267779621988487020654032341111037861759231874873"
"1 7/25","0.518635584361631781771854441921493531013025403775041910429843471007437632475912515146900666227534740499274987778657481555553180919643944175014208834321524493418568775664976681525873422246222372626159487430732042099901931655205078245491008695764143358654659764934700211609905539223"
"1 29/100","0.505367247256209407347098871074367609861544139311938356923624379879084197154299114563906254146273283897992366535941972889921471497004623073335992131054127804428743275015038007205163586363442978506057739611952646409885437302216368258448311640892233296410768645776291056003502139254"
"1 3/10","0.491989579815413744381158666165524443824941662414259035927743151271678306188788760886156124027290967092050087270687091536816864723638368684215904611191051144921014976239273016894399710064433726569481563608557988236549564431903970045621089400941481788192339495906179333979062217515"
"1 31/100","0.478514179666584353588025717974545482093243832458632524355290722631646987859610403391978189413930528452600929425986406641435040178425955692897789523045371267015547157650028362730596896872832589702694757744666138339472748825974247409803729514722774120710787229871615012804105447387"
"1 8/25","0.464952309898045876654673839354900978733698426869982232921971366334896857336848462782580425805022816197206060608331620080733458697748449138759748829540141707714508733260910025582397331317455161309839486819569456641179571418711674456901687647973789202911803242687100422585038965749"
"1 33/100","0.451314901596409029493716739586859897317235063124775804467904664092631828980713370086441437420727989033278316767619814117792251720619464595273500868607709694683923848303541691191699082648953716059220124654887061813047911317794333732831291941462697289022322901957199680024055573953"
"1 17/50","0.437612556895749750670156931398089028127736345551680549306741486100153861291759433612621408834614158565945942427322636023736137901577556826268757309418095573336982404260441383905882520151072255181693456494449925776057401278804529587415774144446389363403844087825494056266548482712"
"1 7/20","0.423855552504211668598467779320387202768805918785916275620349345206057484896093663879700243176446390690368166023964401850372226920318406287874944328216285406132968799422473564001472443223533025786956616701545518900576630713377154696790724071601444391299434074115790873611150759804"
"1 9/25","0.410053843673171034990522905425597271636419200184756700267932044109493908344552446275162385814018310211945478706335734385414528967172531817917741005530664978017827283186784900275616316189049359467820239332097886025781489940483488589067988704904650971050407062767686533059059578958"
"1 37/100","0.396217068573956775689041409138573039233264730849565493541542343759361310965401427749766604214599388316367584241173903620599085501423373889676217529452080834948733950275536495239826472878972836844691405977025261352386214734282842999173874962985268759023875757610408148697549881834"
"1 19/50","0.382354553047208462099946841056252810780041777165594891358021405985695057116233195335516295238007044035296705929572247609635842681900480947279835637185107053699267397731076665397252564569074736752474893815873571630147807443644639687096356014732318574491015873181077889134295688229"
"1 39/100","0.368475315690259210585370161434205665956659431173810646634164044513757736224876510658049756050863050146547242939253377936589100935219086113655677686454165320019459270142132433761631961011846285835684445288291364786326646433574030256841555942975355452972153393302786475656829986888"
"1 2/5","0.354588073248426650450198536896396363321544066794245200344550070121372162079860125624814514494397918624165413339380948142544566745712873624696572453637169311700987867879840966079334441598246671700491345480877455634486750760987667303721934461772186750891399720966694413075331145228"
"1 41/100","0.340701246276761684093364127401249517765680861913700258653035867643321908740872862363853370087743436710257363353236779019668822645649402114867266342071064602642597988278815337887413029475014772595819455328006933303694002547238604562104600199529047758437323455857781128694526599434"
"1 21/50","0.326822965039621102467192881219240322121680057517436123813617904272729443386686027302129863811528484579166758726566314789589352311088878711649846565016607881758425241369503423447184609307812635468004002398188429244730022247341154990003291466050135986992234838179933058306079389197"
"1 43/100","0.312961075616376425831952385704739975156223468382467628822771379067569691451453859566994584453690372475175777660383400320603378178777924840164906515315378554717236503753366378231872682881303578926517726895759323672877744316091253077143800383375434659347932863481377670103792826277"
"1 11/25","0.299123146182628821485951468218385325060720784142398453084956460663667885994137785274346035705787270766162809032415388603543902245566722353801962217296919063504365155827520604935472898852975584755778634970892597264945730784746436669749633910841273666447251884811169693591035077994"
"1 9/20","0.285316473437450882398564304413569306908299542751548076020566234253880427570023930470925389281466149867326399905300372208374089033369340240890988893625540124438518343407627307383012680742971414507496675802393261301984400889278221550867465962213070586124656293380901813463384987272"
"1 23/50","0.271548089148403828486392385673530511004227115880002660489061751850181422063629194684952333847325547881214098405951864529118572481316269114445908953106834254042445450658281884681160823933350810326989460659780037890680330595330537514827321373593751747510065831254958018138564629951"
"1 47/100","0.257824766787367863415836698415262370197274657432964790403085971106540900668053671472632685033044945488303729234093290212794610745846779026258038269205672669242567186673267585872760977550116710285317631522023296816236878554876042305741757258407479261524075573550087081854949415137"
"1 12/25","0.244153028231559703055586128858136107772344630908800030217283491269845100821153654097704375304906562542125502150645528735416542748749050142928158285021641179902786869717144584812480369533403911464151228239053004436519253492247516282528680675877458061454791446497700432147242070547"
"1 49/100","0.230539150505481582872131597288631214314543960418255263357753733227000049044570447876802504551785341430264261191683045549456663184095119726052731356686415997009860658445474887951555169306854890644707452256955697077024491733398149968949689506391504264420490996337150516231405727749"
"1 1/2","0.216989172540938421332239440929945019416982474679430400618805620506458862139329247708793625403331193489732026653278281757579552841036154299907140775635911905837586104051899609793689371531015555779297996469621994306221396733854610944315996987208211159917210489676899848848578963424"
"1 51/100","0.203508901933663505449761921334482244915529654820940015863634320181763712936369021632876597801849936913716269620996716721282190022232579500991168505794242276028735809278920250800864597682939275728131914773693142868911054283760990469200756656898753506666936845852718571492665357601"
"1 13/25","0.190103921676498485805332537696588629575474173284695343922750636663393040278207697729311433812734471109335723117758798488075203074473129183861981908770631969508930309528151377271546264275016141926556148330699899220511222546941232071422132014426950737765327798744164211544484996374"
"1 53/100","0.176779596850472233209544144256103065080496426284899639531244886160549761340576584398518235167544486408348326979911985729438791296751081264368166236755325303918465748930050280452410370059363226792641937172119840218924715016229119883789303924384721782435461458505913724963615621874"
"1 27/50","0.163541081256508114887007751784148158538845745279875214806927982522195246792444952300712140650190552786791356866944969573725552084628342110798039203536785148596575250635161525567631965125592203204194789319264536033985061438905100324985114922412708025971466383406234502271708088952"
"1 11/20","0.150393323971854903111572609659115606330139343155582172914667295954892024515881837275764068421367762044279281552550708709923487845101442191580734005175625339368132382992202606913960908343325322487426899848315972416723056887062466308088023183522701342034322391434661986453737909992"
"1 14/25","0.137341075816679299566382975453929369027240320013707678607776705393902878494771402725845483543777347358427245222601370205480123579572948863969711603340662308397874271232405980710271561304994997696863256934613620746481983766853750883660599339989810774083460063967592766242996895305"
"1 57/100","0.124388895717577784643224666652441096987514254827867550748703556515299929443199947784974995617322011061262408198886466903268690372297626331291803460512419833874377752600782297202097979241964540470274515748371386231464208177506892929690186723898222682575387236228727653889335995229"
"1 29/50","0.111541156956068674170777375694630524276550668739951810749740938944668389305499078609730041686787235002486441761900023294562544633650514164661496735681877819130673770043307113650481736653038953841241510570558439637658364289514791002547162033900828584253815889828973489123254179244"
"1 59/100","0.09880205329143365536717596401413481657978142608001674672545876056229844105710701761483357218716281038363508746645795006905685750216600271296884044501024417938070117335795428160137338624990304270367072565685856500761666383874277435062773590593015912414023215783509809603059745639"
"1 3/5","0.08617560494865323636806355887092301945252626284971754836115175170543905246595576787827071733329961118895270705819122441101787236864978750107585347510806355555570105108081815314899395822768177756275682655885451014584616468842033600792173145874883217909901904468988714954328411644"
"1 61/100","0.07366566446380064048194582480725508617111718043333632794804911797267404899251564702968983701528848728719837956016597592870864147686878208864710075977417671571912550978436937565514949219146315298934243462371902008140800811969446146996162579789449355062913529123436948927525973699"
"1 31/50","0.06127592238169096911556754236709710909388065772167449072002032756101656075987715301117457636321930880590630963588932589646279007809203691219057168922830478861823849949888260655152956055354413298724028933134034754254429195198743862869789170312110218179831288198306104562912762627"
"1 63/100","0.04900991280591851354924228439763645296116627671494662278589976193571534084303862108488417086635028872235667366900212345378373372896211769673860320233954651924121606437238902438646206899080858863976911033064200177458463278779638931859675928130289585403230697832518859691721718565"
"1 16/25","0.03687101881915592373811964092903143900977834220432973455055987059700237046392183776360936173366959822549592201506262673762254947885401271638983792388339593233881213203792252925882796976980471000120816651166594831472855009568085417533462150333538794630129558711714235256717266773"
"1 13/20","0.02486247788083993008488060078829975106494468374940702792095503341169256715342138982005469189396439008327999666061096954152865226421641469871778666499148318948875563628646708113455306045132340075946791954571948707954248742334831501920274280377203919161551617627692456410255307001"
"1 33/50","0.01298738811651563689154001400610328468425869121023412854285227346204994712356264263708016639407991229952672687489295581542788939414613484669827588224893319584312190919195533845354498159152296752729634249210206313974126410000261547007542677687296586423667936987548247479757221086"
"1 67/100","0.0012487849869115588641166391915587640895898116792135749091387087721731299321377072773943583624669128979735155258420741119914822288550274271797246635422502378313189293407500920575825774532724505309961898727585727641719433662674092734874245771692290243623082022578441917800928623"
"1 17/25","0.01035076476639084108778274361688122328208977351880052159174586039832555204142038467142730695862240335230673664131370287857556953636256447064347808023118964664481140607646260047434654076591799549937876543524190493263871824858940875493539662425983583493357534704712119874029679304"
"1 69/100","0.02180826744676522363499072000957430906199496215476578188366123493912040622756302475219227962953835436601318458298268902000584077016616599729525932618509295384021467929242909090142033638205587939423608331659490660844961000490630580858868843880729047524647673819506126706841088855"
"1 7/10","0.03312125521894490128556925804396671336833680910630215834064256295242959102724385812108092098036852045386223867058734736365247898009233190396708295790711343276922804402901681602974224790453006235999242501508513214721121758842229776512239952911204780709977490996866806851491964828"
"1 71/100","0.04428726390040123847098992788041512970668848142982488972145130951206696116608654693449985876979494377160839479312201752954576035424519112609813558134836447235479302444026709874972977747278027740123684751960151023392116752640736518821747759010426129454536970157803058005131088327"
"1 18/25","0.05530394620709489477727042761171948885522161613103223273818268025962287859888846998523030887569493553382122602926381564626701867184963276085774734532238130848118573149956122902420100784746000676324007473326509436193524551609566745310570934618316197562309256566465439917590185335"
"1 73/100","0.06616906582799737722568963540491462855909060192029079549055407972456671295885222205634964854681709335737638586860407711284157135450212147363239520701444646195526555230719813020927845732868236827118468188555640973958269096808984513546633384658972991798733680721447952505003006833"
"1 37/50","0.07688049352716090290953524697999291419284859217837031621557090216436818848366211323188108098740214006754024974259899844056857067413631150993687581115666903090919151968982196946276891752491887752171839453855873852650306039296020432330895096537010387908851739728405753019383674883"
"1 3/4","0.08743620362680361113282620213849382282055009589576579691807451359651713738072625449995920636180201470736599146378630599281789401668094995080623964385028169748730393801881556024833343687970519661936311050489778462542268002339701484029477789751212780015117959012176518978674784066"
"1 19/25","0.09783427070355729704254342697501644924410772421731362064263430689999585407038842375240295139445562297974028492304288239077198000919813578874186807960486076197780013837111594759053315438155771304451910721478816149925815485070820002753930337818117302659689305310297608938784447079"
"1 77/100","0.1080728664631262812816486657461085424443894825125879889147996958348121740128938397537748411054187006537195336732693311929820338829922753449783285251001196848026976486538968589800955617711259544584075454985167796758696366499275240031760557220261199527324587437262022083766980909"
"1 39/50","0.11815025678143885289771691398212638251275856922406340834135623083110522996516728672631228392882435660420800856051231164130828737101155832297337272752573090313032221627619629853689275316599920766826645570324720528555083738625739355138382449750370886970434928747524420715341220461"
"1 79/100","0.128064798905683349817326235657681780061526098424533378351223392921570787205517676386128522716776167245598970704128926051059983945787128788814717298565618075422921642944650601685833134616480922693570814860905283434843166445448443941264176075972108879516203043592341529079837098524"
"1 4/5","0.137814938810025041209651900469898201785744075072387418508038659103309776639326398733658208575039875685667314946602968617680634785579392931297044820994863619727768395109247851470025102148713995812585132773643197874267417280113632658760641066740925352508436606472390631018738741582"
"1 81/100","0.147399208701131583343255695482196089918417140276967924571126557164915278008703969406963536883180489825946647966119289270107404487275575763274593867588227058085551348215404479378457935196321010886832913664314152154041310051642104470716201488584925248746817542570554434797924768678"
"1 41/50","0.156816224668633682915666612443623020263309397707555432477500490864423746236795628098448722369927918248229028779493486714728776366715229684669910526975138375446698122306799992088630347226533234379657438687708921409241825835315161143111093336824014432709771450785520508534004751796"
"1 83/100","0.166064684475540508851246150241247159706491547738844417218605366520496125783982935091550751696865839311144706405553456775804376222229417702950581371169531706400231825399332417316712038423913055090325839347526643388303114154801702439007336517624852422097172658807857563101611598083"
"1 21/25","0.175143365483494591970520527460991846518502185840500777678778101511927448147356863236965133495770382392723187708608277616685734835616622001471570984591428665300494904972962895780869013617459761526010617539063318751998847761814464144622834590554905787483164770616829047366076903014"
"1 17/20","0.184051122707617799075816598466188437489755985997644396579266321802771308070373566895759213470808333412134931846858897381344353211754986335827920488758093849032672010866431926627765185198682768256935815221717229301155287969635860225015786504134509516220110622986374763448770609474"
"1 43/50","0.192786886995580015834053418621620113119737500695374340465247970556184017819033134411606685967220926592947133250529790655125888503755519077455620262232255315469219808252289090984746986085955926463687182650036777530816496355544002198478866238265508269686533347008190493276470839644"
"1 87/100","0.20134966332541993889913004574117886192573492445297174026444578493221940743124340665711492529094829677767665012213472265114196431685543159844631596394094311119978677775010519977239599187289372350483098180700195114435141638594503589205304860862656855647838344015860948309923461402"
"1 22/25","0.20973852921656441392828563274685581266212425858580448654147942742335069326493099525044347546281201506613208211179601658077441344269570226473911446688362787591174671420472298642664585519384097281242018861194777640528747442831779115352069190219994396222487413504118859489672879386"
"1 89/100","0.217952633248429300962258039193329722076176886658283224317632811376136949113539379343601837499640480737194351255912846454332724652081631892591075727579620358657363363717979552152189901595596808052183957878999086392564308847151053470834021771080577124892538024430380063480129172035"
"1 9/10","0.225991193680940540068921921538839893736200968297225766984621339033007831796964783887197933964292322162905031110358314983866807948214495725223637784120543430227266890840357312112319799700757340041165211546235376804169242793007086102559637799890700577914504514636404712486377303869"
"1 91/100","0.233853497171288289700149243563744609954070821969131240535704962379442631014251858204434807699460063030207365759270192185461886869334761027909156521575006685406686450946130326372038053859763647864317859417375186153222327908287714452483477019025391317561710055562005493932217127182"
"1 23/25","0.241538897581218956365358728636498905613848194741273397635557813963933245318002950582820799768206633887250615627830958848020670920464149258570790747297800977147407687131613027113831370871594577600153246327117424468950021698805323019176655077482600530709497193698283514276797126241"
"1 93/100","0.249046814869178817496713062510845395743444691178279304243516198043321812176990301874669036934925259947347883520133239835856746777757590856836422821727301901008242184280837771952445485181139049602486917066530137431140045831538490774322340416922812242923811860022500170171153701414"
"1 47/50","0.256376734061647939674782521639360938431651721463243890631161810284285572836007544920245075594652237841991860296517480639510886493949317880416632370169911946703715861658347305357285030857540292577319821051589112622736691788281756033038396450658118887222465103803707546605083361655"
"1 19/20","0.263528204298043399526375074083390145743178112400892222644708122761113034586917168396103528550050115299710965538124675475339256139950847821548074520034837917264806211351687537280918872929887828745665411517086434950663727979256974208625593063685025123503172339743603826211728011778"
"1 24/25","0.270500837943625629151861911298020314747346375340802731597119689025520722243198138437391408916876150602707743837606444899665693253521464968486385829439957768829093978144896197338436687258787001845880702423631084421221677356974889960428976417172868995404681503701985852986007679028"
"1 97/100","0.277294309764910256808113714698752749583099132894676628461587661408183057607828891070379165746818369852008004448454112100394561117329774128457824862991444767557877482279755334956398847483011336482491778974547705186806253965264929147848570593063692526117712749024428869367707162613"
"1 49/50","0.283908356162169342895726400451865925012418945725736937582371559983759008842873336910781968574973050946889791118133512519128218039770855066525879320624469938929442037731686604514902933766720340525987533479524873544291305907804763800425437374209172186593914079094604417940491025255"
"1 99/100","0.290342774453699687738230352584940436135642409276901769165829894960936695415950931032154333179766597394080452241187002088426985953860932109039809075989484185894664553769685597653419250512042276411688730651561693652062705403227492601263981393104302241428190381693702724505873482145"
"2","0.296597422206641196900932790651045943660506155396333450546800563276387343418538326076300904583878833822813965418193764226879256625090892656049002828210643655381846631823380127497001751009061520489874999388973480214257253244371390271766674443060756695439506716647611194474426177691"
"2 1/100","0.30267221660924443473101498249720229113931959674502824568741501404468767384812750959731065477225903791788373139833162132229602206187265485056278985182015238739174574776457012839214466860876001284325919088669235934215391912496702799828060427586079052300602944807220742481511467373"
"2 1/50","0.308567133879612795358197883900282122163421035934730627337882751100943407656700675330291806869477825200446643744931954985257690462825549587354848811931423415130240060430272996693425532228778816521705111295295061847416565804830084657362023302332392934851290529272150021890332489155"
"2 3/100","0.314282208706080503563233380110384701901653430542412860803551594927926331384317167533075253856839666667447600554621312480839091279276450595094362141102486551869689958730313675404303517511826724691193515880446144193681707776707123193001784242255572270385796870876847034138800083996"
"2 1/25","0.319817533714532267751580004110100576978940106494191266256414980782495026738779046013153698905190302333014481079335592965999091713536790645743561151625576221931089083384496890404091131781120869837101661449885034441842521758424178289254273503060045916102456612784388588958338186961"
"2 1/20","0.325173258958123195058921993721874323497713628675489204406530666293094080696038457479724472552964126650922800767363761894068104718506173587457535066777918553619249410116228338390424862759244074213659991479389423837082743166337247848045743816261109306464333026747537093328798620648"
"2 3/50","0.330349591425017903278522288042516091550289775826997932750051727575710898647829267138215563146076120812049499001758321190489982604337316900625277696285077139487174785740742015944709618815316501393878943338212962343425220246834968387183313605496873756263439323356986362186605155598"
"2 7/100","0.335346794559934990963503499634131233188664615403976381215250680361484089135810077371635731193861668654287641439146118066872660828464937220001460300222418545687459754471916254616129988701782086108680276167510465237047778355932139301361514344285786388524106332937352855739752254375"
"2 2/25","0.3401651877954565258878630821363943603933955818001466946944934629891173397290573496496941623774926909630616414762326292880109219072436199556784132567773819776060730043082957578572072660955853368063911254499960309254873126096766148661076517810653501860302454260244367964782959208"
"2 9/100","0.344805146089241357337827634027425746424470931825219149711624275888830247167536912916641972526343566645071584451235842576293703603601813933596329455985437358454881255717877759471332014103939273396780231872425390183851885844484772689319257988292801831348329039072201570348044307378"
"2 1/10","0.349267099463465227193621369989677118375759119718532244807997448825841905550591970887526141568034065606914308022853954278399635864498813369201804231200241280598218644863273319836615320957521382721261360651551595661680338821446170436040520400016350680557955080532624090420301718913"
"2 11/100","0.353551532542999229233899395012207181306458288465790612703661237744359214164847984615482188260711732874307374403597967302689108908184150184285619882687947707125981297708663194740627137703127657073457210336803148814794671313340213064658391759510630399515667784867843760091493578997"
"2 3/25","0.357658984089030529207776696623895261503840400440325290374939630265254234069531326267076281775373909000632903575845652949064669915532274722069307967461567580648031549031005235287019296145237411963974687895053863160721543166100356763552086588001532929730609279007457384855240172265"
"2 13/100","0.361590046525024796579226077005353120790738689170672588731794367186647085133492502737181032669285978055065566720629291815079468810237873508165089005791147845366099874249303698443028853117653225003405250484062743564055842489349802215174905146042164697068023617634498110855350588093"
"2 7/50","0.365345365452127902319961477246686196116794175373573796106407923928305187133127968303422639430794540604587861054152971487450084707665132758882969467175148684758414094234047300575102312618353281623814492199414279068964767728646076991965945121872676231636039339059228537555422313464"
"2 3/20","0.368925639151304499358811605300902208033311457357180907315098032970912364765278675950032450615924178845020748028272490564825150278035082730902278432146716189669292988848759493772284953586720362591004386723179341197167331022593130518570682526606567432685303667112983322490672237751"
"2 4/25","0.37233161806971252145330831895713554952481645877789146143729143944576477126228228080371563569010732452482447680975020845461547462758348899133761772507516503289293406874369926104399906773038937740015808827284630555029636594688884375440841092013243106505654159468113902394840416401"
"2 17/100","0.375564104289014815933790260563918006652965616846907120965313333722889126240621231997319483856757322205395307562319260324893746682889709861491997809148075343642020538336279806317527581284820784635728380852421092679489610524901534154698191414650368341622551723922188216089408037512"
"2 9/50","0.378623950973531476107846286823518877860367547349747311515456621088952037894725155943281305704557991642714130664608556153894500977797708457758338016204138212177234380696711627869475093555382399107191007145476634443965989736540736403363082157868229976143500488539538898817441244144"
"2 19/100","0.381512061796338377994259550065765299756004404675484362748444667443918047433312520143560951677003151801846201258957744942090855300348804548166558487215296868643910527550464919685522028121213182535082437863489453665592947703815738455915008421535019927315884248215766555380343582473"
"2 1/5","0.384229390341618380505983068182817002122058543508697957126477107090892794887908169232742228999197906564927111771767405058102864508265608672589355312755722314825699838921714229716656693677146241429931564694545114584784343096565227427723145869545162032534910522671385154077914649512"
"2 21/100","0.386776939481771055858819693477874618383538456454001304819169353086620294457206500691989155630523428714003587838179046911393211837148522789136526372779238127425640128176133103857040460722199415427878138127822240998931639982304417281960541710849161481765651383451836547894131764189"
"2 11/50","0.389155760727984127661531866845966712126353498752193859097447803835252774841233246814270361616995089927319229786405141844422240451085614691605950258793187761077285011927950068632116266508473614831382089668903962639589165906754700752346385614316980443698827867083147526136636878258"
"2 23/100","0.391366953553164471466053973084624674421413449952742211854495992293446925991731803272171405911855237116993896329087829018295567597045814658678598848938458330451530682528530837299881068339376153938335427509884135545404762529376795276142247912372967383644720791861186036140359387029"
"2 6/25","0.393411664686318055623933604333937157955148434027434288937788963382113025092572539094621865806529454007302049820983491547937687774974080725203429356582195202549774100487187786214269647952489988250992201663010925214565713037519725994452053816538313688632070644982520392461051848826"
"2 1/4","0.39529108737765606537836916016807977747516554353891672368630475181951671521071882979488299097644587359264813851533430332149405358936095462248611518132812617727748120970911334928674966441173331890710345687248651841011490965872337605706947765008180114047090028771415410601511737393"
"2 13/50","0.397006460633888175352808328330462951426292217592812394604412995651716072219103189019137588210785460988123766539790706401063528818355994026521456388755046300843001017343224675779589092859296391266961051173846280258735904122696362599842760725890547040136199108145371283686847215927"
"2 27/100","0.398559068423343050638966642789074586657769765740529094448380279208812857010335662968899171084700368267269943947422907091726699249320429528356761532082700678141430645886133901396074489811114315158238700747959429722817728104954508390668362324130180495655886132618464540973198454433"
"2 7/25","0.39995023885073022235587248335788062217322073248669186952584312067163301783816727364729607988262007474584433551623808974800779958712463089414390817708497435434608806865155407838667073080072472435795073770678134628814331012949253995450991469168282649540608620697368754113492007275"
"2 29/100","0.401181343301526081381360982110017313298489958355100999920165402676699990607397749679752857422818548498150777432653071300735013991519320470693561761057650465850902581479712614189620183281127553292544205534953740695989563230564474195104508057224387621881800871519464496204325735315"
"2 3/10","0.402253795556129470682850734259059861693765011158920002888085887364917543530484829438222066855066818201671677513864141674409808745458968273699441400721177223864512430491776113163431549324109695696751420296228033684800124336224708103905450272230171549334583771501440447167295558664"
"2 31/100","0.403169050874088865615413607907479373317280723276191521565153151223789537069707924433900805350651231567140904869013178841600862474422425790869924225323769234560024757782531401991858581189223508040920474950275101126201781578151266800589664229908578637670700708973978981929440918797"
"2 8/25","0.403928605048853073890430735062387422976123387340686608349314328022757623846320280034369149858710892359989056535946764978521403353348730882989150986327151601619824730048634556505266701527939523310165678629414509307641746345243719195030465882514579943489113018074756903946843987096"
"2 33/100","0.404533993433640452829807520740633553263190656211795890870112810399081801101081085960936254787139591570579423447795884885489504231150071256369819178876375872347583870639558749877060920968122157169988240567251249675547683351651648665972590594565373584865005917757474569642489667023"
"2 17/50","0.404986789939157551201756693668507285253489214566107717712283344018797010116981529225962564455486082462941565624669003271171262993675202660486735980079649491904589894709082195267842360005051486852802201386270693313703509608184866751667627157367238338595266947239134917090282695517"
"2 7/20","0.405288606004026587445252550196181613163230474757055501418717668309186426345601028965750174737126005615334695404715581559822017621475945814565233985775304167374793688801993003668105067223738423832866383923946639010892037171403197989155032655212502112024296449274785779764644661902"
"2 9/25","0.405441089538902058058467270437490256310959340980747389447591462731511936212207729911795818960861560690909371082136506318317201533592210724436328886257617586778255415544464205123312036156914911039743293680152057332887880239037301636418205140914326730422530503182082279508308235036"
"2 37/100","0.40544592384536984407837919072028558598817598299650269579049918782574673038151847739921493630203547040001449735290109689793528595745232493675363330656882729918199530397996650338785844689081818419763792608191449255825745742309964774783767735951446267798637635169661524441914024278"
"2 19/50","0.405304826510827297102861152913404310330610048750268080725391106556395267886331674786841325810078556357524386952112334233414001956894606734176279879218470126398052844064961042612350984417059092351328232352124066147689552293026843965579343254069645449613641088559236312876650219895"
"2 39/100","0.40501954828063981904201047990619147553930397393159209365732158726886307029115017960176416870819854244840208319454437082941245880961854329908907042748559008261258674084431663379829873559607725217932899738890795681144711423836698897669221902008221595289424669608269865031877467523"
"2 2/5","0.4045918719089583142348729099686808989901087806377759422915158298308951076013509411184071191683994683502063145279054746554088733343379802677652743883867333073295762623865031264883916876508899353999485345539230902387697363708237115642365724360743159451977098192828701001378891483"
"2 41/100","0.40402361098966253373479982678884849275297694474552017932733288753819692044553798220397061532455894332576536771150033894217145692879295707050050867552986663187532113830888273845275746660352488133899597734286091235978145372939783776132366125160823976423444875958291033095403503826"
"2 21/50","0.403316608768967726620613968950109528982472387870625227045381232083290907563517531415613578698045389472397603915668690640937692723566788828582121944759449984085374547744492734744276295437797541302177744416925272763893220571962380230445184052065651924798490882654929089538981032179"
"2 43/100","0.402472736941296170960455445927918501203787210236231969564416107632847318748145410867249002136184830262810898631533796029245702769023319301319080055786019859804196759697883029459765662885974420986974911497321049392613497104297933097804665725980159702757530465278500338227727837088"
"2 11/25","0.401493894430071117358882893324999233571144734227569057763922213705919348422054143551889009154822406331570115645651801548687472350867554433422566955109913780843812196917360078574319092495441028580913609238628369293411205820486520038717296498836601082357187136691015940705733677524"
"2 9/20","0.40038200615513851083439170772834262085664058138804856291801892012368415638715101572955757224603744452552863986909010706819857586094100644637141310597244520606776117280409672585805490758309807973984548795431384721159701008984385878620782855836733585930476639585017356983162113552"
"2 23/50","0.3991390217885616612643517290911993055041852816463367108280513811707828428947380525113235898537036929386420906290724605903442246706684384455723235009862923431409525328296064953660523215322783953162860924791664076697851958080906155309344142628161596141891732045931137538539835419627"
"2 47/100","0.397766914500565936018774148936605758908021133251017438589361693817684630394481475279093624479805845171143378933968266776942927594516979272099861989991903524366564242257266411136112716587573350788797150355034989260974092911897144865200557028922060497851701946465141912267540621382"
"2 12/25","0.3962676796974347047136933617327563530939693554493757074611184305424516816145641839677139489894499705012210284638394889895455110803115884801900305853866677406564419196963764772228707318531213404501044465895038986960750725045831081855878250001150222728216191218033217751957907617553"
"2 49/100","0.3946433337531743547166391178091047883010161152855098361408621501388372091699111925765579698935268913384298979890569779452583543876141958514809943275452777710398166570708616566909501104943650194385917258729013818593524119099336798144068906460508547399787408429210773886940678498182"
"2 1/2","0.3928959127367754205543380980075528399591389763901222170870458980262991119451502885782155484389669661005978315761181105395919926801040573621224352283612648766825428509038213065933266340195329670034815925550297784453955227096481921273473441652986701443916006131832418301328851084275"
"2 51/100","0.3910274711368989565097244633490450319122114777732544747854807716362085619863290261367784933885635750591944757608905125243407312563641942853891716190631909968527705520674509272740055230387087201132099450735158804703973977897711485611570977947542301322865068642885828855959220987827"
"2 13/25","0.3890400805858124759747113920932645269061700054187322069342104800228287801154194208696056544525740941646695947989535816661018047770251749165695563272084316451389867924756799337102686275871288563146187446453557220710111314424460441139923680369411310534928538996897998120024540384028"
"2 53/100","0.386935828584388349060354586993425196753875149815959544650417330723738108984181230301412980124892180563472365866587777032222244254939092484475736218026808184848849409618834762015872901559124606394608410850549622572640311694136454168654150597383544268496996034767579308670820944817"
"2 27/50","0.384716817229959774274611830362522087408028820643308533248661440564261120290918890515204647436768386549189532458944299255222566381826956991577028168777517868609562332323578316512587250475751574127930726769276894048947701465865231068825103584384451993602341926880569209291226684155"
"2 11/20","0.382385161948805618852825382220018692920272420499743314814143934195545593879970661561163141500243229487366575436901965667815388847561622711936368530890468784987247209092678753683631179861090951065316693915006516182437015603909828001627637883653666134887075939540698222042119393104"
"2 14/25","0.379942990235005867177425882981627236001948966593478290392615873139324943637292035087644256813298526152422582016705475997955513352401114091733217452705561939410377078305170958338111932156141329126880511695707784175367988369566678125103197797175941740036194940581388340645293552977"
"2 57/100","0.377392440397374450904079959965205228802483776734096171863872429300869165129927741577374174875949179713987216852369867212978459835695384150343866994831354781696009467304448929892005639890859623488472521809315126276853971740277553216358441019906984443949564976313932567448955312965"
"2 29/50","0.374735660316136190939769775178243744474968633637542934318293881394944656737572771924775080351138570267446968124307257095417811799101944614233557766340772875158014578316032988321844920193279143829341029270457481305287418590738413122075463850259839192447661589095917812319406079605"
"2 59/100","0.371974806210969801209407831752736061490469728800608322936855307091021051984529244076922746142331876245924708909442063565216348187880480419459044774147923964228788940596517105964466657485952983361363948099205361246410615274325828286542905028052037481790902519012989568998545746646"
"2 3/5","0.369112041421989734167134188001209962186680276996900947434212431151732828891150054991440650383701899535869855262150349585342988322609653612188369440703447623695039089626599905493524163338367832916725942743612603994337267892876485191866069480248382209003198008564297280568643447991"
"2 61/100","0.366149535205186439458126683189984832117630789132999985870159104364438424880902228766286203759343776197565995899956816663151735584986247271258229985269326157990638407091591658718565661038663131346709558310570359122762898018593010367988669552215469202701402588676977994759036337011"
"2 31/50","0.363089461543787713683652685802011945648429949152582109362362124353174198983190357605780246161203486211222385146099363615464540342152832331520009269871032500374243066872668227777638879233265649433341845465707918970205636708755329805105510138102432862687915963247537699612518728667"
"2 63/100","0.359933997976943595281160108803172176348467913525547494520073666221337269010307527925616810900051231428758961477659606690580959995575196306374968755272129544721491388101723011405928686206267180502655320499958728193082311337894603386744517590833194363743641763207619969108480127275"
"2 16/25","0.356685324447074057610178869359685583055247352802521362162525139597772487856215658957061463317899738895416349686762364472490054802146211014345108182871390398859104880889756079906025665101497686791658354730289616877385179978519975180245834095083074619282281462135886654149686535584"
"2 13/20","0.353345622167152926449686131699515626633382270626665159279063501061455883634119582794273693451736517542164762346699575134806152763107303750253540075526585070926525753370636523601478836518111356288577998874736049841078817280789725138704993760195902093051981695992012686052712379067"
"2 33/50","0.349917072509133342281080753667720663260719750834082060919313877923639628072316796439104048011070049464832565454868099180941437069717563878209326011877486199868132430004778899322649608695892936753347285263868806359259513325309775316268249221642864141125236208539388069182580147112"
"2 67/100","0.346401855914650044550173472526895537947336445165542506662048513125624174043600725633113722941283807407024198242769193083918236132193191581057601015239255542062917554210392242256410537836198677964387851351402585616163594254518488754892291770613215493449409023263647181845973159686"
"2 17/25","0.342802150829062109415818336749166738618404163841645358178543979203601991124503260219427157881669580801107514823198406944125794465003849387717143066485041115491158629442253757299378773491232590208407682792155507323635597028238909717570094758302179571058734001314689947106988355452"
"2 69/100","0.33912013265982685115512846926064822863392174846168500849942831263375198313749154550506182948817586594418598464934260763215775819783591637260905855322530025240219246405434030732331235309162523419573994086165554763908263029925996339373177110323867556877479396232289558994491200454"
"2 7/10","0.335357972760121718127614043374008358094411347069258157576862936262500544918178907661002345461269912326694854423898337661394722519833052068245872007554924564531148207325813980491519296113940091344938090815290750272265502291144516009111762166930409891198622095534269469104142739872"
"2 71/100","0.33151783743855648455442181032211426700827908313860839169056186159607056690440243069616695748753081197384920296939709123248727791769988831096450145010200836859077602953299974645655281916342184464087598317428486954763621418893867367343031977030689769789552522806486167389625418389"
"2 18/25","0.327601886995743155787942139794155155449660922284990182767446008290418811788120493739357878017884972269031517016038520739452833540270896883731935830844962861837586368118157043197628459757238068693308258514786073042553271012312633001253820219863777490974740928627575953418058632461"
"2 73/100","0.323612274788416051734097603023991309807188892669550575868219539152857380618585062434211866825258864932261269640377332983230778634440340978453330259387868055787879284068276461769353903357873605277978085396882359027457368370335865679632611065106475654964469597595094980164938481899"
"2 37/50","0.319551146321719782476360974209342612508032248732341834916304691517175999942563430770051209445031568008043832516572691596324589798547671493362459196776428372787463906229326762555798249595277878411041946693572814666871851892160572136762599967470996158843957216009979923453414975313"
"2 3/4","0.315420638370208540470775704844927181546833130025821111158001384182928395208271627104342750746552118812220822913405146494898731144771700110119252996250213282746341729205739443567146052283887678175546716687611759874644176766076138306043559786751508172101612254187524595680084083245"
"2 19/25","0.311222878128026549645572279239029079251351903136772786479722226276785119491970117357678241353048946741494150145588421356183059926686523206219349695741496923307584930799533435994100775203959328640362196669207483670635988889967820363412824353794711817252346486197838136487072952265"
"2 77/100","0.306959982388666863809146553756639451072727364118791488659660026930912079978194136061978979322045903823308510860143422481530885432744120584625500232992584233930950896790037468999741322033952217760001731963070829282179259811250390116424511986678819427811841949397229554018577631842"
"2 39/50","0.302634056754634210830478519373799425639361723662528536329177326376288290643116069306110903723320338013304774340435170987765537996027044524552739087404613924838240159000767993680613844400123560914124263833496027634069010259762641957886923189981000284381581054282159648817846432415"
"2 79/100","0.298247194877267436178570584048255761933534961649235347405627918590761372884557990380657275907612929100467170348406014102743835864228927291335219352063972106402295117967138741593919707038526169003819212811137656786342177055634185764649486359445763975201432993681329981326164958895"
"2 4/5","0.293801477726908495707411467798274826811157854571216195436554625329827757347884283957354540606903376275078158946807130406091048876610525068598877765433597150861175877381487161977129954315017447810806274984090060274833883802526166304001674540574322724160257565020220375446935706124"
"2 81/100","0.289298972893538054150290994216995157347686131978299464545097735353934913844334315255754497564281742675325979117639179474292468095555888321401605569122613905707830386342714380106378342348369578862308902506561274221202345024441325835742682911651348954668370792887635473986917816441"
"2 41/50","0.284741733917932718749892682959092971616367510222234896855364657310231536941830743830966535413004098282237083287088086678408584990013641283879531989966290072065847757723174620553960503326553653020786013478358902536835982137243054163657460948236115589784746142291970428152622837337"
"2 83/100","0.280131799653335918014387668938089317352676452384236507851800211002797319096349499603964886862132539011490405180138075295992789183790178191357193799813271840313361604303841930694713732059173256479524025192491294418551702763962350548818231390350543934961000990125178648226850567567"
"2 21/25","0.275471193657573550250680068093437232863543483443549539414522753026623891502539941882383950382933440604120191179905930630141178106453795536848063321135787435293397076363600848920430628784698597653289170024419096662064328775411367210360821660855899081208873869724890717871416465908"
"2 17/20","0.270761923615486887298688683843504995226424380757121954457761138702446176664453411630529518894736511040006234270392016929129888468640598021541565383496985488018953493597235716157431703503765422542127213436898090401990455655490680293043822833486768073742071651134510814450238511697"
"2 43/50","0.266005980791498923608652036295974957885595913675045608612587650093253002055088581216157885793102182217125403420960403829405684467760655266367549539608895545139572151923499843963538888538327898752325489633028968669377563522502558497955769197352016173022092267086162577626551290924"
"2 87/100","0.261205339512076493475539597367712045281514686013687587063855733155099659517840284709632813560617730319623272390919320837201033301701140150010245517733120509045953648894440885126222660293471514271966247198740543169331844989116301970787681681924835014425770838542734085135392168107"
"2 22/25","0.256361956677799110461295961281967727471635272098938856035043574314279219972172315873204944334804828509323790750898871840594795476333852844102455124334519805249454897775071126963693143670231303163687808940909121064965564105306222920211574959381301976169415693894584807127551245213"
"2 89/100","0.251477771304696670421527486511805072800279645048106539292255500639806638851901963787508871955970528437863767908970795148744733225827574115615319975899681897025207898404273679862113750279741082363497618229213847654342018799708198376076530371364857071817005747956253856805583102965"
"2 9/10","0.246554704094471948259531256312956171182547587915505622312910089328532742401853207342693358786632419146916353608984454182540776615380383123196822666759211433348760901428882680156568365320543075846057457568565774615791890992561535680822135766908218191623082402624460861218795939653"
"2 91/100","0.241594657033180241762330560209777660890560319992493763963790000252743494465265567803614386160159840832333866976032386188949063760689168711475181223065257435754393696487923132473246413110224841936508830232595669924954406666987497250958528179979999165400450686868417149507404251081"
"2 23/25","0.23659951301789759544726103043115390391774980791832560091617495092801820535282425800911693957243785956257786303246204535625889762585312296356914283231657057376152687716459086329456392423437610001479263592774413927235923204740944957107409597030327385998328783284082080040778537544"
"2 93/100","0.231571135510870784275270794554112549865413550463180729537088844056944508542241818901798422020864672343377191671586152772562439255911834218482904850681505100206646556808455375168905722333736457990658705386761069871785629715509824274891016724154691652337952570520846783397261145376"
"2 47/50","0.226511368220606652180049721832956646782927029207053432322269576134946280576912494132730282263330455939124166517744203946034869971153408641361613287630421523472133875229479772966397236003047228429483882963592374130050318798317935586672866124710120691155648629625979817408749488843"
"2 19/20","0.221422034809325474854839240148126124953346366999599227591334805314174978472124733960046919931029788893235630931491626811815841694690334485064579038611010875712573470159218768332176127638420488749325796550925852807165337138351469323873324971968867017969796698315368479638574282866"
"2 24/25","0.216304938626172732426314405809067205707978547082808585173067996817072458140415282897279203555863008543665102000139640289875536000395839453126086180615791425075290924088868864657024839456727646259551425852204978367653057437821116528437605703071280772643104817371991118567748028744"
"2 97/100","0.211161862465556009533057200051133295823456458880650950083576680977554486418272414752244871343511016135904826101704939356536151387337720528267638123321715448169943639900171086693386259362289965402028745433558129988989998991441688846555321359935103858903730606167204238318407293905"
"2 49/50","0.205994568349948654292733287885209146595245578848710194341777693113568577094804828774644583079734807040977500689273907670786540403180463848350742623658003764544361095441306301672155599649481712192200793388044387327918412275327781803888922564365175148952272661193662084400475231006"
"2 99/100","0.200804797336479283109509829121792265106579463066719822967559157995572439451462880942477253408999959214090198621968319435352250917759427900757238499412935745636897597101097939295262334341596363160835079914683797868208729708658667700285155111556452101048108534448005833770283752432"
"3","0.195594269346606168393460437916037411825105030567261706954976304421639486034955258264180061216355925745281466668893925009930909543046890719897774196146501808361167449079255486344990581079169033027117605656278676534967536371461711838263278460819320809560147405826535806668532825915"
"3 1/100","0.190364683018157938620038150400116742817099010628129943305847533538081757470254602071744955542827681897253468467777337585572631107703840444230539175651579768620747027488281075517906000437210412060529756017036389277890723463437943440878073567441733964017881938450237181426571034349"
"3 1/50","0.185117715579006797490709785892264652225217129558190415263797987171499309402162584784667960201544428522176273583550323651139515577397178774715232487103500543166794540454092590916599979380378129915843399103767545324250090455489680134578843688426045166198910098317857860423395087262"
"3 3/100","0.179855022741627569925117147528364996372682400872822356330630010532861927659429653088653242811471681490531068430949460220235964370539564304544328198469347291161412233765164656098861278966566001576499482987755184804123469432717202899808282517737405209417370861381883416190362458391"
"3 1/25","0.174578238617785242615904924313289384562799156307759033563598174604725258372516311748301075037187343379030349393049428271189072536641233348886915573007796298227743379004288836383116766136157437983872922160368853449399199271351582715495212678946366780062360385698735360715777449677"
"3 1/20","0.16928897565258521894080408087325007937337996919379107021636646547892043144335016070016163842874560856400987185793375120237404712813219564743014186430710593434971728387447325766118560691399023870276281486273971071356207922947801325713328074483683849789559201213991960605596719561"
"3 3/50","0.163988824577114183847505400317089038460389674999804498525681774975614623418992632796242074816543725677530083634816205740645725429056215210180507738713157162797461532660025282541196146668790977950184395090154754054713490481910008301532243692060550385807749275900628340678516348454"
"3 7/100","0.158679354378895205485487397553802853162966507041981555033270769598328980605129315775911521979588319413350677594501956308612681792094446676414410827361729314194295315049072672213602578759842418988961340623013781141740649441286104103731938547312396972838321371881777790707160133351"
"3 2/25","0.153362112289378419838016704634292485594041612617999007119884450047888910605395130282062100363361044879938507134055469977395623763549370568322561745172697591415315434503866620041859827483019413343685342241582862500449626405730468028667800360325955551829352454442451003800019298361"
"3 9/100","0.148038623787688288760937957062869882279488865488788874366838095681098871884671766757212247842474158912435865167615273128949672214624970251310720096775098448938120280424086146428005106014974496640914393439878786631787872614945900633737880815525361087699211911617713380012017602495"
"3 1/10","0.142710392619849933049879613255031116677580643282335557618601483565044826515830732232948820647064057574917665023853249885356214360937773442008365990008211677556472562659419986809109055968560058107725274583648054516182835609556861644448798206234853462489498864106317934955472363642"
"3 11/100","0.137378900832720372590740033179523975933752300869880093270484192769198762900929519005020922434973362048485331078680622301823232447888742761668498039718197109454832478536202216186915393655948762979060430105200791853415440691828776067115756848159337150584531485174694881085197905154"
"3 3/25","0.132045608821855622641029202161468655983242320698426115186770454617508319976370646494415687183168236689225161550834369679471326622961034563173764496821348838728163090493330942518372126600530870366751655130673604424588243508266379691551231441685020325969375122562764307282241587462"
"3 13/100","0.126711955392551489440264503787482411733398870301949686590898802057477165198861361588533713773209562850987498619485383703066524954277653038079092975045150331841494618397340262857659012779841921526645746663664180596726369431890826524003228344816037343705196448676423789076226728774"
"3 7/50","0.121379357833304605846930893904828189794549884464914193185437888287911481256971331279375899549562249255639407195403705906587964936370037286590992702324948583972562005803971091122182645241306891516433638989791919247883063472380768939409695488328857554529758097338872566074693933955"
"3 3/20","0.116049212000950829608833208803131073037134832664540392954229806238304651757305027065766878837645210207719907048077379259527993590912122100167397364982242246534553965034172852371432179482795021521896726244371882979415477573391911151246813072274241284259294792953546413242565781808"
"3 4/25","0.110722892416750759905609076576803902203483714479857527947588431409759006752670337481782530703997757416715197523022486162942352011200075835843707560578349968240987046799023702173926792548317726144262550748801727565646817571233241976060024377157993137131217556025179301746814799567"
"3 17/100","0.105401752372707114516255361356450075567373363543748294875910996571338178346792786536489452302927629581068580517161009565853621300999374659370071876575915164785827471900792443377247647531225182461250782335944012496720692610515633958036309911354830267860945953038568612520646199464"
"3 9/50","0.100087124047416572407988834358229467080482513303134165003310530089255412206875389985590751663384343658969947341901518338116127536405399157424962899338382741532460479629467012068682364193942101911389965037563201289805852169315642616405950841247062485864135638248434736043476882961"
"3 19/100","0.094780318630780308805591488056569999966862654511115312520957381308630516713920491365143834323235606584207887171580267112350393345785591042611124331769646384409351296194580473416384793567976414806280233698672774504756715361495982415955706043130353866608928781109015403103755845135"
"3 1/5","0.089482626456924326911407908745865717675891963211207558971028085178501584647461402989601931140950477089247587626520183627352988351096280369253099256436625028037674412000906336850319122485152458463053224294585802632271809993977895308698901135551499081733347950288718537746973237911"
"3 21/100","0.084195317144715374419695546934557873584119667628146408680539421393508620473779917379822040918788378000654596887627880962105299000270668220515765209832233144158685036523248201972270925434617625524201466192296993315280953353736610011497864828676979522538377703491037424896654975794"
"3 11/50","0.07891963974530515527233795117244976492434944639808422496719857817523181628557614896858806038253280367365829283356673109815272920896968659178255587052838873420135750635380427033522880837972144943795972188432223323130529484799773741559697169501507697159951294093847771850203247039"
"3 23/100","0.073656822896202583577761980023996336712379555393136364167768646627896379272459416691025090718105162350983504113446223671519134981779653863536771173495587122073959323474523421623051172642817352156746442711413668730871346606750076128966851270362880127934561205618350932884915003774"
"3 6/25","0.068408074981475380681394266638501374339039212050728383025658684043660797420021636257114803016866286432229913459840446809917642084097756690206432783421247200649887744407295970849851680313276170287587955542207836912931913276437040144076943179050446137122874435027019452866491089612"
"3 1/4","0.063174584297845634988987356098281437378688375358617085722219292049018579046555195833255452111811971041260783645091708452415208254211986482226341623110766092230843173788532910587808258913510816212528704742938063596345946257368463466840276246616966654466649741437747269267650073188"
"3 13/50","0.057957519226722637220838724508179237625659188347098973645874470848644359381613463803217521676908125016144785447579561345988893482022936347857883847067895471727287141015692136924819369863056631460840164164056999521699869061665097560933826623293051479431643204049278743317992797119"
"3 27/100","0.052758028412720765834818543315434816732726825518302488678819408950471637447312580820752628827185028696451423809487666541324967946554023901905887203959158460931334903154527152559062659719487319187236772894255436423032261855883178552688050764231738998490889850951950627549076730452"
"3 7/25","0.047577240950180109888112406837394313161770280450892364226941570192164210025034268026825747510191805515949564961815242376240241096601280617070512058196478975621269707382731396992399060098196868777647039803866252509523078612730433501102093004639994188453690678858515047385894381844"
"3 29/100","0.04241626658119658125184002123636024309322712635236808945269869383890775850754131572034300503085043191333422737160963114434740585801996204409685879127970318681340127370675570212005616341032229675183435514960719074971294220441105044303356241389393373562398876208966988443340703125"
"3 3/10","0.037276195913053552485892761989652741778156018595823902943142071590768790723042334008120748549784143379560507176143674838643419819092766046315389836800863355696825308951595454856206015022485150328500001286621096205804854489690732202285194067414962862779001436193489991003574744582"
"3 31/100","0.032158100673473248784565376156043724110065240081640057692797525916800030578649166225569385455154150968043849955301048243344779055074089673584866187692669092074264126349617143839694803710846670956466664486183797535079183909462767302169302504910849593145026123975467180570878882958"
"3 8/25","0.027063034050148708250363525426154269078620079804421910381301298591541929807239373569406281183080566500624086643678530452418408279825758762392354286659409241461655989238222348796096200676726229078988098680809196508817693233965440291162845452461383660299663495319350506951576100006"
"3 33/100","0.021992031246402388188363588166984492598919290189138436336782196386093404626765017489921756015625524623807175882395364103604211851968671869488877836896278538244810986108899666155444661026845810994898496422696531945098704458913532612532183236302088166368106649513245178945771333551"
"3 17/50","0.016946110696291470659353589310483717848545847476681409571252342086320092738764434625601723133755777058702979041383648770926722119335807279740847027755566483405717107717846376469824960368485577106592055724210132616879904134994403572062271971524998781746788765345198287178143314845"
"3 7/20","0.011926277862799146666541740286034846987616587407920805418389204878594385432771319182937587370014404870695116860413672438510897686151464799535065238252213102163010259168579292664649591880835595724820761613747099000861627666046803110909862909555688352624958801286116053203909826372"
"3 9/25","0.006933544551658414897465033260802829615460578754276226640544798154238289376000034381407211230581949141896586687137752153035882664750666020736211237615138176626063276174998989540351061525068886789627443617927044466400665586359511069757619380077963365892821936283276705746303508047"
"3 37/100","0.001969236471761129809885208698316161687101177231882439252835730064524090307965260522046015675795298980227108218602168894121237552120725941822754442737638148529402941575456414963638707688127955691941416998942752874712532555243001054217081939053593811211223134156436131525162257755"
"3 19/50","0.002967763740892873420828317669208888226581722421375577038333635187702435173511191633613620979576513872467000392056905030819850769041499687595850715275165546287334864585081293304897990175947483217362652489507906884396026901217624273948467181804408091014211745958449076990842178022"
"3 39/100","0.007873446012013800954686203732397110527709498628110209072410737975861286201759146761769416679735628437477003780827096884333306599151338927159801599996937269154100558818431559821918140659489745621798216143998855429625971988495961958072191466805195663095377105703535738089771438409"
"3 2/5","0.012748559881406386463632523378347188458082026718195929626577702243448203730035748549447249660508282255806257104561193082116994792861475065251122077721886006331170394010467601189282234261927864854240660484124330708187086739715909454691356418511063064201564650408611049430375532732"
"3 41/100","0.017592031390354502911798243675893184492372784826745879929760392051211918187337877965456519407964945516809450761727873243368904192043036689157400471740551030289798482181489582059289325308969278227192869149053615447758740893849631798100329317610166642537660635314803041348873568425"
"3 21/50","0.022402962893736866833095963514009033814340139078729207112362346161898814579237495682276838874384629924080387601507482096824468593283062646453173864404556313453247286298049115881031414354738686750567562375049750599476901373673772357401816624126678295276925097474318653394147567809"
"3 43/100","0.027180490765838064571958536349296154756231289346209446985079709774034001003120477217850741504303195025473698520878152288412071900220194902975218152640494247198119804805996449095339498579690506134412509112302477657595157385553287624370010404595208550251130292495493781937117008129"
"3 11/25","0.031923772274760126019731526861453183373758088380723618401814186460557643949342213322815455946360611504646686106092917598520150604437837368580812117463964989354153988679105052492488443870993732800048066509734524557267892668833528462733975842624875190480440870478619878543107135497"
"3 9/20","0.036631982688362114068987679149729591720609733511312868531238576557302086290653989555243501848171166127843729515156173393209295536587301450442137152958681050419600454576040147485190776682949864072951435111477931851380149058522311584040104674638137318030180460234554351613812018159"
"3 23/50","0.041304314288343919156799002430385075832200783755472428222995042452940750093954517731662530927683757263998927637433187741723455359988179102563591097216865719312143006560817445412088213125681404515368611772717070190123067875595209970828268676198776527377069858061144928583985571734"
"3 47/100","0.045939975903976793730995156153908643144705007257089172436051763682175710646746602751858695233757771514579809908829782511491427795207503146742121775939956051678068152137184943633468165317208430993143418075220809945983593830115883002809248959691957416551265486547391680625090193553"
"3 12/25","0.050538192624827047743484493396542519153726339731177045142027567641964926865924240287442401695247182775697144873006370286721504356718317392855689506490443298442462152254375929057255284226238375564937091921043932253060569273840339578008056124574750110863143625808315306026569211362"
"3 49/100","0.055098205586803007934591137685978176556667091089896656382961757449396902087197169025676171408312188241847194703100700920978815137706188165445474433611853275480386843887845906767045570488566465721117666614478483811925602909964095359190841042173243454538676678542386539512339533605"
"3 1/2","0.059619271793007029799839198059436857098691819034779764742370600473661100964368847543237281898742568733690640539721172147158606163758823335958759751211890820109202949219717715506213780222001473342491108087436910836898373163932669260909965094420873360044759149415434852960426926992"
"3 51/100","0.064100663953582705896669407956470055982539339782826778271075492230483109424262513259293502622923221199355418360722533667415790494012051448663966083033543575136054595450830417548034699080099142008993653109818949398937554721576998332862425082807742303932662499899136786522794582959"
"3 13/25","0.068541670337449348923496696843947056432151907944209752724708372506742772244167187133562370514423094771441682689258038126946725434188746665389058894543527454586743366590447600517742706404777781075072638897490997265707376484831739759659571599482174328798076871593863592899658306185"
"3 53/100","0.072941594632488987235246090075927852504256566960751647139333965686711216891978126895467206215927476054100056393621049602744817664843597690264702378506824590444695572206406276347332147362861662515328660247559208000356034245014429413303943653399537338358101818725687549892041963419"
"3 27/50","0.077299755812424792870430000609107816486939062363083401675560202485080322163825396303864205683143921034071633773754352216457459063512535824815882641195055932769669269881314379842442361204000657378336705453717165942968260291843760418740608860049796633796606298829843695639619255004"
"3 11/20","0.081615488009440267223293970355741231954992312407683127493707385191492363968347040090604899479452536807748004674420124677676523409284790121742524920370473556753861268436955313275783146334004698478153621275483355799168520442127084875835408249185953515377061743111761544889318449502"
"3 14/25","0.085888140391999965114600646153957822608954866103966133861432497536681102785487863640702579958566149197477117850787029870599715615569295144377440017536307562251923751950346926020360349721821382975406762131018640585786143117272336604172028847051482833739354328970763505253597267074"
"3 57/100","0.090117077047548809705555584657601541913517167709454611474187180826704774897724408406274083606728250597122762418536183748218497090545001277008146441344232245383650214098612537590864834785659785401386871593573799212293508235344116834756638574752831246806550222262717779618953699163"
"3 29/50","0.09430167686988311088504558035464989179782509691381929027837989739223401949188081399032357130097406926856042225239054429045992120638340896351614395259566450089570812959323935206218244940764695547022306241656837744524109762154911214223137851367315868781377230627834427696562105555"
"3 59/100","0.098441333451048862579372730021058197106644577071168014863149077028205404372348254017687865397470154116234247651244151968694470817690540424911981238081457422005363932133055758508362998891237346670919217757795645913919014152485142197848646506033743523293573941859687462983287592699"
"3 3/5","0.102535454977655690125600879125540917423685988425932007001083609671077523634550962713863821651272438621570100782061656197123596540918690133529396087112312876770469876223187612957245262795079950659328764108052207529698926421658270821934911451283392113685670292879302512664410155643"
"3 61/100","0.106583464131510726636978150279967939573602862055539096233806872070401241929860027333238609934393632720528208296824684669334986553606759098346283750665472650076703729372642726493034405374475581830508190556766358741200571363350981187904597140507923879508271125797829508696871971168"
"3 31/50","0.110584797994482784137815522129801627441186789281535407051530649729972044340171815283255015058662363642037395473902586478421938316102342609847921523999607965018212070104840317034127539259460977622974088852187907918104332888630624296221803626700660961214198094009971755183137170526"
"3 63/100","0.114538907957507482977171214048062360539962072053609272225070009086304809700788328156898956178957310416484386371714001702849377771960659337624533140675364917977861475858801705428106921180064525201641013754527862754837165446915017734698378057827206162489362403943623513998323219553"
"3 16/25","0.118445259633640877178791348545348926521537787920936017638854877923267741604436777542202823707991855623104204315734798567761926239602586298568490417276230963605852745287612008008493702249685082015244041649730917180041720720476261914155811608949070016336698999508147289244579086926"
"3 13/20","0.122303332775063987355076282385325219194600337385883353673400187035523495225167773025129505155890099493305016031926752779271899227905822436294661238573877696030933401905469938792351832841912069449440410194790194095128419719434345176324038473795679156255344954910472266834646094906"
"3 33/50","0.126112621193934402913625444925805926650725999160876001874414353126755935488164088547685619085899585603382021047143447108926237240726274235823518469877207927039164209028807968820716978707366002082102772793314263524177788913423336375359912020796920538034969684581008168812097173709"
"3 67/100","0.129872632686974292282930848740229553529509231374369987973970373393927430408856134891439714735413315585644336717228513278460070395314841445773467993388016105225845673479748297803327589413189601214536708397798144578055454911917982030996347741213409032829073313668178047253376084759"
"3 17/25","0.1335828889636771164485468637729176323291913609964185241835946435118242926799327467351903151252715277826561404981277176514044615581159946688913031975317804908780332824869263363380273694776124507534909467504538789257996841857093567647229500753007433588203451983488265166357015309"
"3 69/100","0.137242925578008306818654988909212659508511243958606438160100072225886933936627333700087092538871401672577757563300751580504161526078495704343816556655137106191583288422205557758585642179537144300065447757266794545030557693896361900942268538314703269211937819439098067517344642515"
"3 7/10","0.140852291863468294964174224707660047365166675455045145793036024377353520585846514041943464251930118439966046542174158276077221275249535661037500066490595104609425223449991926523599824328831617390380670348050010549863017519540209612797688414232439020635885138902923679835523032151"
"3 71/100","0.144410550871379670442693825346734438204357904558623313097653605025901430110681335284761621809774237511299258273450181762705097638130604642139776443529517546661339139882854511375351333879285627970273272199284079639476425229486418078295129051880163191276360466606730869744215731009"
"3 18/25","0.147917279312253962033953250671648002394421688982510209767244744612921423029105455662052497436259854583726898222551942248570960245422205768355948779662927441041672787164197861435903240462388626994692972121436383365754438098881401603946523582773129223477966192229342288730922015029"
"3 73/100","0.151372067500087633549841877103156704039538041278520052025606643117899267431805224488984747741393860021989671626030511895087018724032817555674705715497447013030137256195554085993485545468115748459903533575559322107805322175488076291123889205028129605251477479544204633859120955069"
"3 37/50","0.154774519299431389217558319110175493823854338817562727754022105274917068800692574076733355326480220324958189234018481210439507428816956158600373042967917091093259796651506684336093445332115212053018132743904494670647897606928649267997348434627117526577544009280169388576198724434"
"3 3/4","0.158124252075071816406046405950620687992927243490417981695444112760568611061667666181650469380514812557306790274223449270315859689995875844449514545472137412708880242871861282207741383555422102695918961897538147776711617928901985577572458152076925992082972798228532246751539073627"
"3 19/25","0.161420896644159768832645200282279492645464619447458653760537014692677446095830827627945301976079663104200868839101619832930534071299969824036006423814733425145852093049760546152796421886771527793738872584128832555848542782314414555608496837029213854027913108573803369294460212205"
"3 77/100","0.164664097230615719797449512801331552133600608993106552220881807286064717740352852942675896641659075625660614743970955116210157405844480786700221850071708602874893505170914257247608382147055005236746025499471532101355871269249097646424953341620176227651060998434380401302635425128"
"3 39/50","0.167853511421638597088749337231972947461329688356436516352186107403150014057455604783733423197548239484976761980371895433754417704632108517705796790228043790068647431907298765618875067693515827592195865633368599886027162189142080425112203125196014137105812982830625916570076125711"
"3 79/100","0.170988810126141350784872299833877689040106315433109283696157814862521209839886080276982485984811030784493986367865223436462509801612935472886265415484621981361542928085886582440647632308807599128923644229501682241137216079591397778597939367968338836218211920163650894379997837007"
"3 4/5","0.174069677534933701877439161109657750385065313927635795118091473311799663238098647295851560369557496184210231852658800240652265087440743363847205398183265914073125061612277669638150225426129108308766918956151513339412884890251408556326174007155787391262031327763910781538660700112"
"3 81/100","0.177095811082470171392809592483011117566401278081777170660445122321550359371429057550568231466817302404177094455533638681670055879560911106381034943788862221278065824236031069580150409076074235903973925584749756576112003670025873490525506592107093693910396073915035603967894266669"
"3 41/50","0.180066921409979593064139466758177074961699512044801960384444307414983157863065480850306190004027476911778434194932495353529034567147102796029310887458542770360769706966045861588747569981296463265689822865053642473660894999322946598729702747770442864216942991577825149200386303668"
"3 83/100","0.182982732329790863055049250692782768156284803028927204793820918903624659903377074584990910879418649045520452017067305880962351387300921361432186135718896676683828627253933010766697091272767120303677786055423236700771793020863985376321108107608166387665990217447980872130927720649"
"3 21/25","0.185842980790668672257267582594379099279537178503926851493396901961783770081439463925796330796277133700019211970733251587697037170625652215630851489921123874631496209699395441206051448538099640854770759806843740711431769932423122284905096011769240915973057944442616305418361440961"
"3 17/20","0.188647416843972393956313419280504605020189190139938945746203492292676690572036756885957110078313985355046836339634798346627171477255273682572866979345096065875676785718953265748945826526320753672684250655285558689672900620182417101885782838172028549426044331477906512115319110247"
"3 43/50","0.191395803610451155130459148594843366663129973136697329221698561754707027870141933087140898667632917457734748175060705917772964533363210012945481560789990096265511729181486529844334695960153318310865743546585157942475076459532137934284410967479302611894088049248561962718136102047"
"3 87/100","0.194087917247488395610053375814795140377779818907534449690206280387240650079762910130656523774883121966970068568241902366491679257049811770783665991628092570955129589788924666617633868322542377767957468948585530473866526624823136656310300944177180712295222162221046513384617460159"
"3 22/25","0.196723546916609907463702481687600999555929032311846473215319205473499025580832761167140596895586879888501131664572452107232006840415037698581976171908087192266950446072096469728460563312771472411789407392175386917732487924037060790530950191449690625399695341146153901332709156142"
"3 89/100","0.199302494751070438419297251235419758550922816612432987646741594025991113497102829567620270298061187779628899909351749790109563166826041771911935334971248677348308410076099158908599510374075301453951572889081726026261648322347323278433337437779578223566106034403585544165717385102"
"3 9/10","0.201824575823335428466822972081214615028713366832126425990827414258379746095987864465448580742285174733910868516320731684607372695040283573279547221308472531957561192842653091042770442257704314973892041928316581194129053930890240990019769613280354401721764874128970209478101098384"
"3 91/100","0.204289618112276318120047665082050973322817425604508269697361885296994905934695881233214456540578328511860405178789501552594510565727694818402680420959107028817758149690841010912498703466653925211244159552030971723681399289808688645250082660440612980292520182935622033253635571457"
"3 23/25","0.206697462469900109750956433471488059632202804244594352927703312936417561785072361219511629778765601977343758772605362169876331095154964983870430170078270029115496703327945142421325843789723420982131191077578739361214464727414311766624138249682273045474019811848998491510589498968"
"3 93/100","0.209047962587436469111873252742961943258308908932690597658404234394986808078246194157830674528018294330526248514753449524940983695234967377968864935514321489293147334022945551516635453908663854274952213243096161471764318758208871831041259796317234097372857404227669138819770617229"
"3 47/50","0.211340984960608611344406285119496635670280667101541201195136926886342173091504577545881941007833004858585918982009319820248748634826488305507865464162602676446362199588432031592218885148679935379347238256798151148669496425098338269840613054263816971708406825141824058057638239091"
"3 19/20","0.213576408853917512739521903726146570781120765256695129233546198996783591375037725294963319220527125599361448371050665629880131916854268332339823210284355460631300586563376744907270501311267941699328068846296245449955841328929050787638760375482766305167920071233305382055788792101"
"3 24/25","0.215754126263772614153562253314679254273199937083640577287795250428334024224434916016178863017249504895186154582364411516425958051585044321122000272146509184426908800262324378285180723490397609943513262101705088063935928189280495115219142718745058196798530619356728468792327880878"
"3 97/100","0.217874041880306121809244644851031150572460922924874609334912774394186093826001216055661732881225929516464123167164246603270605877250812740228736049292162211995211926019149013305160439653086021830988383599654408705500445674146149035669061327392256226185211191960891262749460170136"
"3 49/50","0.219936073047712253358821378921703164767315838860625215116632078763129019400130304609559858324562493494792806340879511552131593493903193872036189863010485574610585784956972319816733038295301729719355559573856135764682686258581942567742546770617011180726077738306874994984103542938"
"3 99/100","0.221940149722957308349055142897752487279621804492258543743392211745775415936152208671172614277639269541796801993853742876113194877042154258561149251194963209296854708978258274058774319157383349368313387323429374254455225326651540558631287404832900475202001778935559090340286890573"
"4","0.22388621443271124906423654611325683735552316935637435107195461843391550133148909678414788789800246299063337107720909592619035919621352668189889160942737101671788132539843450711907186972877111192854938032842049242199482661960293334024015402005578176860442079519069946047059988645"
