"-4","0.234325821788620342743533102983808080362318417815640819820954053741237615060676179291058330062936262960556891599806449751337683097935784002183599792885669821611743405593115626133038468951891548992217169445725376766501926607987631920077474561799246169334162985733741018236086919426280323173"
"-399/100","0.236263823535790332957363994424711798184910545781261609010856327991297314332525709177845669124500528866367083557120757218787868106229090695289162909463499571681352674778168402770804178476973894591778816312501548331733640644335030922366451598926699600920411956320433203244309574329518390037"
"-199/50","0.238135857750371791771392657783608579055184399269852808878951408777875995569242432367577888067209052561507363762867571502450663189980321928347890601326778511230182322423782112131974349554000307172665261155486471963913251702509411585755662966520261406842274365758167834801537990426924383442"
"-397/100","0.239940851257886995327818667915991088051181077870048567294495757450214238223838207851550856366548527397847173451379808025958537792102078291549776557144847842300042986707449633303919759017647381735879202624103513843194494523307831743513124955960534767337773100144903854972600832429601653024"
"-99/25","0.241677743868292077091984462132223309778451362299524261547583134105025823775681983205301915852337275923464534269873482569677243713931547436166370717753861522847819184958862331714672749514928002283684353999638013873074971284653186131597724107827705926406561922414031452163359500100355487994"
"-79/20","0.243345488930583810149538151634815638615540799644087352185752569872969444034160362440487357588475073299047538746059603315324291071078402814581394958616832970934447649902539371088309601247228278026360986193157463098483390981530233160905385544412982616959092114983638212280528780452200310631"
"-197/50","0.244943053887663481651046617457726636849573403592105820015909343281365669212592003979974609240097178564851649090994505472222010260760767183588116015205812070104442635438742884099309899281381304536526245050516656301800461752634778146039443890198701503405706460467249551475252814052856366006"
"-393/100","0.24646942083095169855037409919898181410530493147450466821379855434467315870341108109523334961601174646383907524368985455572016956082632725926262321985912091661186933105384259961982301820626739521021335199217012114262287146828646803568940641327064431300191193257264086256666717310760517559"
"-98/25","0.247923587054241755844634964387887644809615181761889416319264573195162110236737829559566601096622056362464850106068367630226042118220373816244032815853956438621398314860658611045593834650990336941100177573729606751479633516239253464065940868923803009132753560691028086998549167924767349874"
"-391/100","0.249304565606274155824787548134422799525615327811979188173371503357416131001996456319803487922993856062717119510052438949726829240481132861023972863013509462546190286317499144642850025060987667738098343834326663032915277069054377887847893568844427868278850813949888624309790729998181554738"
"-39/10","0.250611385841511030604487247378222805974395376904960788125510514611319882876464949394166754121631012677458024515866798247613725291017149771984932571326001042766515810728111336215219443749408027474097049045572081804256808966071515755161843047599829119302758858661902675093372408442379126608"
"-389/100","0.251843093968586628530466936115636011993581947973019124774413975073134900227958460160541099901202115339473572912179963603753629883174237814548447938892712598241425555476221090172129537087212253368414597294795914726243338010391530478905188039713092593270531479907819639687122642191535707282"
"-97/25","0.252998753595908712791486816050918927216546676197783091614572991897516533259594701567317564296571489232743961715395310704439429822001290443235418254352980408961013775620735655354695452127705692706294639250653175630237858444972521938528897506639709657881192574153637197363383970434591232799"
"-387/100","0.254077446273885718902706705932658802379588120103737102602973967309296051486374692330863137167111261682580304043851933159661617068100147239599366197803306997486266697949436214889808926807615093345774522676223095240079350459565454777112295353058110469888046650861744106225764439648851131787"
"-193/50","0.255078272033255854276837905470181312327908581908139416711233234753780302248206436254095163745693341353356839465714578276767150086681611090892210821345832098493162605856470913730442508224372508622762602610342811572093481815407475627129178583843191045017136459091444852996914878906290727133"
"-77/20","0.256000349918997021395502036808762354730676000445643049112997559381231285187651492909749790685609968030826883744478488605576784617726734730983835678337711396698042510744331739638911783975209045128870133654612609595827514098158561438059826215228499487367853339985868310919995869211170789204"
"-96/25","0.256842818519300525635421981584359268824444504012340568242540967590550022210172463627630065694898811869105778911140440369044696068479468539565439669043365841216978885317655981630841568174948855643548732193402160300232791166766920224625664023476917624549309751465047710423633969652114540513"
"-383/100","0.257604836489097004761450262323362688387411499157266482955122196918349513276806868041780859103734728139325521321746481055728714979998461312585560748569206139262751922012514450687612302065075544118056867524392086608313204612540281879505490449026269388921158565296088595475423169778106453541"
"-191/50","0.258285583067629900194969833274749706317611729154860938340608663500563825094559962358524339346811939031407038873259740982095291419370243106724348235873328358480196143482291916024488641608411862741655227768784962699278883624232962066718010839445362457842922652504678633814633520076754421189"
"-381/100","0.258884258589580086526008578559639175226213385556450371457823838255151619637299281098505204539441083629179104706080675013887648640278380274028152753592634479055626764151349378749636435058763127972573248671257140646985280477819716334903583121175553078937464804377331933237993761468534620568"
"-19/5","0.259400084989254986757008630648298307790574649551126351910136871352104555380850268094650137494252725166467317071279350032605999669528317535407490942559654140926670394468310830358034222017244784734256421518775997873309791202100061245469578674914363008302179981574018517874287456343391672746"
"-379/100","0.259832306297366623002775120580638928691320540989307160205199378441659698946668424171712421940709049722464388126972613296156771664830000229299539192001707249365438394836400659865623441943210760773515723895810389987496756017302973625562827148723967418531008988643598319223728731061828987365"
"-189/50","0.2601801891299355774488918801419369670853709831791437307699877450721547157670614617119135906422808995205590985349320216907117445296672252763404990525774917104064007253583133318276196761569773752303929244107395332328757095345046377858310812689689216886372350707240583953005345858277623764"
"-377/100","0.260443023168871752906320461459277456340007138116617550641719172948482328777388705615125882094146357651807525359393058123378694250989906615378708587460812979578255086203489458313035675072878615772367953659296135985689069016313024125302034092257285188636368496937187353302034138209023132287"
"-94/25","0.260620121633798107846820688785635732022189167865137420525135091920305415454120195750528044416706015037179861765718575532700263871900737944393436369931383897174696171259492741084350946957408946610209411755374831589726989262056159558701006727905988324116980586415426495410624316076452187793"
"-15/4","0.260710821744700173818939956199180660262372411355686912576925808162768567675479657373723463703523867559504116639946330422649117032684390857111111055466447350870725560736006206660683084997317665789691975658305823926882338403294198473744662881279825544687360467520157750188974026441915454124"
"-187/50","0.260714485175002114973788225625694543255499019021798175069401060852635654458730100260767402918618437747694211356567746508124696539662686793817426487804230095295049937112603139431970870793254373990855007251422655145511189714078522773381818519343149952139839006372352358105291184680194587298"
"-373/100","0.260630498494689326317499843902916533169253546581281602004700484121964284770380062839637001739628684056470191168841707965652507199805349597363681152624925842425665295969701225240181332325455490696406253216425725663622867153898405979116309158380841742328021865815101791064644478484155036253"
"-93/25","0.260458273603118050424898312199844831911961326982955551001954341119835662979500698103018113554223160110617770588916912310627431562460464413407081467021999006149014893111035098740262737775184842159461219461247017978687591090042403934395401646962952719348309053572933194557383195110661306436"
"-371/100","0.26019724815117417784845415628124146289049265602937867893882705132582720191360829843571628616803982339859103396318591381082346824122669224318078691917121198362122161175026547829179333403208324658863508926417463160512517898174979554479277615252037464881778028074681567070108090525230805083"
"-37/10","0.259846885952466235545390020753003931827826784016969450963288681940184606214641586608460239929092392914384155349186496528448826472611787348579896847027261062246199455625036940177413913905005375822321629576988694945960211009255836915208905423922102190936445728659267729783534911971323912586"
"-369/100","0.259406677383261506683578003635583557732800785548385414672537263122077482358477793536453627072678235478288706392590150498860356445402456985225443073680785113414908778124439630814673454516725535554995805397571495210883233315977107228043040233433746184755160821281439652178796210408956560079"
"-92/25","0.258876139770899205806019424351593164521127928791779207974103883825634972725628176142638402577095092960725918170193819108052918282973176511810661903961854689038928848289430023210594107487717528739652732524215541866945971636370654735193043774468649756200800525183942041640116686948626541984"
"-367/100","0.258254817770440592581255645620396686606753366897241381632320497799914684584811206237038670268910360658581965539010473925448442536948736424443856636016045578377573445295843448111931881121006074791483861119571450687770811453115037906462809392219435586133520397562390571252385494327938494773"
"-183/50","0.257542283729342777869211093693576572173038708175937709898773009757760944987408816417276302969109067624240844292801300634635716123859492769709361870528898480388564510574840520237561909304527624842156193924442738208030015854145633241173504450729952810993356125832130148515312532241314833646"
"-73/20","0.256738138039970685980280951640623318016442021026855750811877220004327421809491461416095121547942878524532666553407927467067584107649440388802852503678574699773428692770714072154443961348706366515354064756703077280457189773682048504829557790899863860699491667550252427077679364674649940545"
"-91/25","0.255842009479790111164699008316182537849837547250804197650047776625628423883845975988773683798102211701417547593524917865426359447744502791149457293317361742893455257013452131084961386965927396309816041296041968544144282563406573841309074204978759900867790439399756108483055707014130251756"
"-363/100","0.254853555539113965106284497358337371947202924018535196734515001595471678528120754696395359292628515123758198538074052897681677742823340268442242598386198738812101987641361443744027197821840684443525198808938641892326590586590180975383854146979984656931281652241811904985083936203328416355"
"-181/50","0.253772462736303572528485604582008977593834830957483900743275709099989775174170841741765210543681473541032291000160426237554403251267440816535791431828680236308105345163449384790944001128013761494759805196600404738319199836921636373411597944657469312390408437592866950135966785943106847497"
"-361/100","0.252598446920357147692420874875304604846451424454420304481531537323018951773740883874666106895492704080745370684977261795675818222694566450752312004561421366814970904691997789576310051120861142566376256859540367122251047224883352721578158916347180237374453211238770739538171629571062579863"
"-18/5","0.251331253560848286330428059214404399303473417213092666877665503646601749657994922275872319441849309160723831409318426308503311278788335287297730174142811809811134433143689256675105332121044665318104730202894482108620138545645723467826543756440830070897889848224740547155765448007989388914"
"-359/100","0.249970658025208343492065999228791483075775549228761697565213133444972336669921595057153751136878943812498817128937922936285259670311193636804659772702893862061778465985490573626698406205040475929531514948369558203582935248727923767608827844338215377960526295003065532048810384187838200419"
"-179/50","0.248516465843377843614641976370339801756381902850343775816993758701425764627499260071488115114692320576993440354812673023264007985743866057855190856849514495530223763167421014587975353299718266033987493630457758813858397941856825137864110967735983132987153403021807456750012580618655483249"
"-357/100","0.246968512959883488605200434307686039901907022813249313663715605803943788333860273099651307786762413162774096570886164451282529089908760706455118158749512527727026968645239569480850138544102916776683399571638167774883589027487361813631454800432505241321462166309189116191767099920848022634"
"-89/25","0.245326665973428794952449211209309213903500482537693701105806990612912379107654685716920984735076149657394580859507093032667855225730722079572711913987240977128697511027683342077094551293439066025054650444031466691817620751376891027799719098913128342780092159099229852408991344313689506034"
"-71/20","0.243590822364117802766776781207483359496575370489139535540411881834054141645956828820738166134920655542087151810242822883978087179019304334588399067896855988470639938953584679989556137981940866990461544237180194468670444167337542242121948608771050582114991029167087995053728249533428153"
"-177/50","0.241760910708462558260700509979042846173148715071418447454734442519301135914584288224824388881301256731992500840149684068075834405978102404099184080306293025811433721737866380381591624967935092024264209493712679003787614426107435488680667808380104158974827723879078557980147969194409349713"
"-353/100","0.239836890882356076260230043323145645787292596053867150808353406635203823822719298806871445248544224702660985743488845437005936812608042372260863944334819026883642242781488653639710617110620772431442251027101583157949580778912810049420682588663583766094342648550064744619405965040927746431"
"-88/25","0.237818754252223140732463777944510374221404890944328870598014757230110346082929753154253498333426480279682818636675089373727049646187529448074305495906758266574385735371899848292823144930736336458261696697548230200084081087397770035837670420015378618776779810114211706069314370489767093063"
"-351/100","0.235706523854591499520450188617568733044809075946551354981636652368221249151175756076193807848832784457720588527585479026075623103046241983531196720648390621657051632048973454582427864424298626974060201554854138786398441952096543505074334802514670659628979571727011889191324597839592140774"
"-7/2","0.233500254564355656192831099204834795867463061580260324785594616606671491774371120645338748035554335307664718539191924250528737950318906555679821431936932078833341092189998994631387534647238547801820861288753667782808979328449757816668825531785494256300364250740796379586826387625407003072"
"-349/100","0.231200033252034460669910440900113970713161310858082809830163294067223395985145228409793893640827135477944819594581615305346566504381644005254379080466446806375085720902598672945012544581965185681465560413201532573266829354706675034034996171272524806181104378260292535804126252710020817768"
"-87/25","0.228805978930351957126463921452708408105861859202933471402026806062486335819152185911565945142040920078214224705781549713358513712539839413287971396420167369997374826244329272105376861368433202814243115947758844273523136707717960056510321961905365328215618378992506264453655180381552743783"
"-347/100","0.226318242890498371946350354522863507357397205348425309469248884745849598928167101102857457369586633491749460730769716071817331434904976477561396395979642676673630371692315253146203141656920344338417603184094368785439254457248305321237757200208510369654338958738393639183272551128799290409"
"-173/50","0.223737008828454629773492795576779979610551953223993050357044607977614556578502781945101893183664395539357162162172557440865278276449756252072189629162466270791865423152380843328020965307890752709019369071485002705641531828089215457115312518312043036590524238528048411329526993895960019603"
"-69/20","0.221062492961789290789722451604060411001259169022981381052750942060050520977159304547578619418622360013251587754427320131950950345962340282705681025308631598839572353047796013203378666721470102265624568113101509800637188937373617206507805295796645191286297645213993528580225240815472684365"
"-86/25","0.218294944137361232593309686749215701437942080895998579038062204018646321320484171253327167518701627279524514476574240718545699392219664605104247399273013210467585434666282804819346415072231961256275704029169018804414394905021154843998013403733484456283691581148607371927875175440606783667"
"-343/100","0.215434643930384688833466013177473109847695516593466806015856690631348085710191455608064593956690737271884191103383478215883749373528999734910652933241574785738557423989710707361438125077448663263589179892270547907027729161357372486757700722826452660614227696289675067599322585656834232021"
"-171/50","0.212481906735335347366043581588413075765267023605024088845132121251670719375799515200832160488766119657927201147297942470124439919117321283951062455184958864489951648919078396107203316405382468469131745393292853533376726514391059696223828953036852331291516839443019018710245686674172697111"
"-341/100","0.209437079849197058669044980562754890584755879377688891810524199877535878530898985048021817637581283472226102051389044833643669687946699251554676700344191663636191431534622919929038646066522074364592289527824479728548736937450924023062574984204719511276378178928447282421599460487795368187"
"-17/5","0.206300543547568281330020979783889618311750149903863518417405650440580704300284231948405242277139443339613348517325421281594414867987628353705807221015589717910142612236091270264879734968261320466644901026583815752944054175881531694193510533347975905423237576954049740016937011507063830335"
"-339/100","0.203072711154165685322952558597601038144221542647887431937907472153568247695823694990995397383252117690325589341595595562879965065052588385404716552849364983676703043465313153099724460148056472613554766251806943524657784188375260078737148455218513032365941160803456703414905973220616364137"
"-169/50","0.199754029104279359182128446190269301323903262931860046261126449415677712781958596915287025017040227115601232387942202341927263336153519870265249454282932262900516993472797952867945464761160159967663987347258246656093385265997476586567524372255042031748750439970321252103773809996331463988"
"-337/100","0.196344977002749868091597432666143277156053739369392099458525652452372722685309273087273670160055577456788628384680594219692493937143626895249968803173983739200027735685293711435333203524257003511897808974250246220037888554626914504490152698862609338043074251635465539449553077404642609328"
"-84/25","0.192846067677052069332923638191011551832526712188717670074619300733771574677067784279301296664880211740808087378874621103753075763082092751001405623601581864442164683759414785988299559675573600267963621360632660572971479666595011496724604703895628954229250375165168302166531332585408118608"
"-67/20","0.189257847226084242892091687216316779983671740170885026107380661210711670755075890133188926528907357643891995377542241133540124417442749956228002439310127392601184583638187009190787899131462691880283334181890578201750150904394461339657884922928149043317312278102680468570221885170550035353"
"-167/50","0.185580895065273937670893822834787317295972634812720561718438655338641012377385780529258796467461172817965033686870763234837665688580486615277134085792082171248655054604360998674154302748709501153346026198946441405630696395084448141115419282615935528678235246967892793226779843479492372103"
"-333/100","0.181815823968624254098605805333697772122486743198628833272093866015981565405471027264760892371075298111725000823187726222706045126522031462612043264204892873057830532913323908506907639400502453724398045981906782693093605894897409384323335030233865668190047289316373675140433953934903224221"
"-83/25","0.177963280108336484558406681160957573567975142136484411835845070227742101204452695487562912891544126912499618413581678341994987204830478568782347842886899592179289188271662299239235364823807009792789283279212988560152582256620274852428980082841587245422063533743370179260527201399386039874"
"-331/100","0.174023943092657672995368525659220049016126642444574849844230412057333368807334331002361540856820014991906827067227782073765488878085734626495610310014958810089716045348421559317361893504842525782395979872177159221812588218792928602307058245607138120117976244549489102115237121709811540168"
"-33/10","0.169998526002615506474454785342726224646915304035723057555908903775330121339995362059676524828749320033687702847857807053630661287300872086165766066103323329294041962635805019547986997926630855441790109802896361190469462170122861982435046508567918258316833988093275099043392958926561137106"
"-329/100","0.165887775428319079455435724357166946233629311286254546670335139683861363630760781769495283484146362771799525507497928799990505286937696693028585895023302640380166269252638316265733418615249406199553228976385714955165876214143362263552364791762779361656014915777944559863051140012773388564"
"-82/25","0.161692471505523948584602173157115450202051034316865408691950997384037393007778155027046507076376719832331787893434448870403642451047464967436306592968211869696697151363140991824403221488818241946511880580522849586169994233980419671555602686638437206336400358266698644664358989778901515593"
"-327/100","0.157413427953185566524538831267240151912180553069843779418474532280316919242208632654995978640010580966051090108931935858099177736932981503679760829051691078313719050871932654394556861772737237856788264746660724178388249767674299677038797820353886364327079114019441958881641603628554678135"
"-163/50","0.1530514921127595053030682325558252995820953405580176469532641448018191240935075577983175233763419773663378829211153403814642792506623058679902747031077310706156233017842063346625902794825094605516588194375814466942993219137724793438518056258365343065353195386786876034678291302782023643"
"-13/4","0.148607544990053878616315940764113940473458191066969835821046318560695937362073577232045005240304730838962899981570877880541423153801332279974683116716860459406422483984532619525078684652365997235758237238010941789307632243643767127479651289698154915560866813469024214154223150260538650961"
"-81/25","0.144082501300504773428755410730636281222653522874238331589343575863108567759380396939556270162679246655739681744386928400631793247893165865494686361280259291192042247018826431865620758306637790487756212342840525940773846766619382210509235647589212332873630649464360100788325827816982352995"
"-323/100","0.139477309518837532211774727574112656454231333323206648452720847444471923673583883166512907236012203050423729876446510924326025783796604420443348884796304340350117550708807496859454344252703530721814786886220663322697673182806541472965767576781190161242616067112702594305468602152527206648"
"-161/50","0.134792951934207353881074471804229764152599134650152123651310819076894294892514932372657525848622468702786090289347987818537139367625435475193089793781636890662801984435402647266168990083391352798758951719670804036671567350395838556961590404848189107409818281862734747162299796321390281702"
"-321/100","0.130030444712099530460853589324266784665624605202603892011598828464800357217650393275157774732678576364185951292673651872108548723213887214782519003340406348288032773597031199864869523710222964764613036706190331259297259887481679732494228696018449192106759198897131911125498505838915389461"
"-16/5","0.125190837964539040553004651428458264921152555086263723487023643606627380286098210199620862424229477852217634385095926504063438065910176020333796802182793394388665299260542735394300628028888417152614797871973878063451028710094842998421833855623759131400349639272693201610752421246395171124"
"-319/100","0.120275215830551124348881233370226699145951296446468210983226437956245222858591546910684178121619022846233670793916804066349136771610268645235777616332406506461263361566630632777942415640437994757693925700427284260745605152445345104409736412699238516689442797696377259366851127727126059996"
"-159/50","0.115284696569390473466874222490060028168193214283737293678431641257458571462519415144447050159543072650954328198653971836010083761670185277544338770860006661711948986390796666658571931234162575071598567822307575668115211986942774610596635916799130012291538479591872504402414765127957084747"
"-317/100","0.110220432669913523219157865731413878670504815617765724663844365244697738815796456100925346557973163034510597271637549148889661108892176872382812299451120651460250597117472588375652846453267991024546737768091158497714723429681955889153824826458452660740290499824057268028495999335466105984"
"-79/25","0.105083610980760966390810164174134594164680441536261119739345476627156199423201006839506724862690283586590711198359688913369304812344856230653132730521983509474426730870228731027227754491531268526697864181924802840649661948020045617640660647179237545921035339940062910857919948816684529265"
"-63/20","0.0998754528679995322240789432636367853023352114822570420012692237540145720711460158342145792205026976625933083388619234404677225698387943000216657150891980656265161282962387337398804030463343505670177486401824590927204570609805483794745863741599170662985241908618254832065918839182137283"
"-157/50","0.094597214409968031719178661500861651460665176049308742875344411722078460137467268441481797527166450304080353398836408239138709371723304609385541101908255197412770054472497458629828148595299037547776006517600465505868829958727755158322705898267635820250108359079743891187487948654424472385"
"-313/100","0.089250186644013041205615789566712784030934355056955824082920841175367043652301503766052090533889363175337379349507531924722209863513909937576906102111884329612227661113945759610405965530719117851504601532647445955056060423679406136478396664798919716274532837000074997729982072937471412687"
"-78/25","0.083835695887877139812880738736117827113238018138419906471894944299519169356003541129319422510967803393258843166170748212049379057772656908263262803092463164054228845516310515025264895340755448083485118414894402973867072242321955239858259226816701587960588935144361763500400686119761346183"
"-311/100","0.078355104172080425354277908498345856098015953006849410501547083039264783074913894838440784533150687861310282498513237891168616547669354252309195863088520477833684219698529768176483568115438255571333803050833210211656152015952330811696339412434717168706130945493627044298476472866874526309"
"-31/10","0.072809809843192966153529716948658090053703691697732082889974445053920529690930943544560256425038762504599076870511112660776575046867780786129832273785408273926744985446925077337019943665350645124632383288029912909241182866260401538654596782136028393840142342960357914818609369582258170971"
"-309/100","0.067201248440276161523586398819978294053555574404012052370034310169919284109897808963463470193991442888569816503430370659500645748408282810625834964798778706591813038405159569973414456177894596225939830128157836768087544757699237617978825112431598200515560867535697045772650703801971434851"
"-77/25","0.061530894026277114515158776504723017685956360800527891949098148257100507119678409684165213007136044115967355091915189421379306434033850426620071347178126798320519878755831865675698000617541060420504150435801039102712380079449770870971016322597982062723992600841143010997904921219659524617"
"-307/100","0.05580026131277477851855680826326060751137706693943561683168079445595040974671142030878736931464099945394150305800619022776103373998701409081855813042554383215921861190843836092912583772331512257529286652600576910212522462756845991711968682314330432016960365557827289109654723722994393233"
"-153/50","0.050010909243258689804725604065068383860428264810516370767425719076541625713676391117264998511633131078705011990806326610314552140342927078426862386622185825718160647647013930643371536245409359470221390057815943363496062708676744471680329431207056241308429300905249510836124123254732703013"
"-61/20","0.044164447430611605805164752363953897739544338499422946159839303479943743333160642573345828496365168325478331329879445924940785767034799426776571038588816609451194491215532224552984356792080256977947620603434676555027870241820819092235230741417015256497274772285415429564561794342572552675"
"-76/25","0.038262548620819467288312568131225554614290149700805148149711914154755736259736620888141094732976189469745949604019042263259815004600184738642495569775155000508130322897952852709533940735581822007289530963264648683082255891259123716444774727560974879810526418415792749166141002723407996383"
"-303/100","0.032306975155230390639075371707394620984992863144191001261452285929467761922642310805117875172317589056313702347524747894134167395767226459206985260822255986158423267918815166361769831521668422911096483732157469571097601786079249154745332456674702964370230095659682763108710196093302224302"
"-151/50","0.026299642280343546009357876502036019629704073033103545767294912786655473615525703994955151141890613048659959724199665915106006442655528011931440970545062954623204080489270981769990160456905676044355813017414066467507306541560636539727725292346822971636481099532001766871395848889729857958"
"-301/100","0.020242796747311686081116736686894389635930174780518046702849400678518697736322332502099687976736362574215096184639895647349069539743885080481127414783169694019904963451542011150919155893758735164471767114744902448369779471651933317127398177987591483669624340677327373995147566625935104927"
"-3","0.014139663267422959370975566446449313779265281952711003015175923124942378852620975057170223881704942756109189076465827489405913636761797433100444672598270379028299994829043182160891211213417326407944507177694584208002476441300505847021054926984595993225548856385949053951991950871522579095"
"-299/100","0.007998095209855441179395701706578472903062208231030166206627207979592453185857402062622239332742637767861296838491938694490662245216863474318612255025203612552853340880806241966877654195774352895567531472521641463774920791580623425828900023338204098054700874649350486930596149980596796825"
"-149/50","0.001906797651823799921355681942705671358566546491435975159745032693060929264193318545790009527301308100255491453781679969831249301601342564454601072190763433715544752308757165000629352668460480023088490262694054188788024308837140646830150644104821128213016584329546527341108779001060395312"
"-297/100","0.004538509201389115058466374865253253038774102082117491984892791877186626533370728640164636903572675180667295229222482169794782212856032449564915552444017957152356523833390455616311908490179495470188787765993848976179629705547846624670581188253190360750130162642727286772860206912541741179"
"-74/25","0.010790892384066171123549519308494413197784364203439796738587044344867896296491897877863985309391004698532040921803389554432398694978842518899193234628744891717689767112176398436970437055789483137920621913982738157843812650045219918335733854087396544981757529109204026207686784372078256143"
"-59/20","0.017107701758213374748402991589364718893153257435309643723287816627365225162988858293359882203859369211805626595566445563250707825398373422867029914743831801117917153623002987411467420576772698378949788744726105656753530864593698703834608285268545075334709234801976567724060122725275018537"
"-147/50","0.02346701165671940105180587876136157385695798194378548271674942311099743324530826836070310638531627079510164923606150375216449819127237621305386398525037748941353629410417456168646312881592585675491480840156032131288184465080803580755765462267141246312014759229967336287042868499169080352"
"-293/100","0.029863755023516538938684622465180430835891964040101119457333231650429016529008352541492913941414519874086976129207189988304358454068747022664910398617866729429476500969730455134519646909865912195285369792691682133573042633268175814946882394649320802320113168259553597188108174450257515421"
"-73/25","0.036294972077646807191798255979469002212861063858976688235751263609519224045269319939761435183761377585646257313550103286958741075792581725785940647262070209153272993791783184488328497726441859335939998735663313158911417879789039769485298736965561504488952672803061572291330510310929242888"
"-291/100","0.042758215268027813532707264057072425632452121461430194177495649521202796342305640103466865231141683686466942264705750986894503995568411242280958151278346808474273693449634733442499654293268215350395009057563164135482419964620864196310854818968699627705873454826341069687517462429418801904"
"-29/10","0.049251193293752669273941274940693914082822083653491650757198532287617540489934047415112260674964857320174543492036734260095250725725719747080136392640375745050336927308740575179267688052740438937117854823059030470995535600063318773812059327099375865649000439128376221184333574163161392243"
"-289/100","0.055771659932577747685700070287175865315569292025109107097307625304250033597235362419377408605714993103427638844492555949086849815839625414435981493741609211123679475243986311452278161202611115564406334749393357944663469398846440285572698191407430584391874030304515734294566538661679963594"
"-72/25","0.062317371416052614291092629592844251770575774494801205015453568738528932782022319420200173487239015242369829282575482768748730306724982531533232431240423672401639421723065571843155060996530027475734362087472592628795488631342615193543632585398143463362513344474409347417182249892381164666"
"-287/100","0.068886067602277769430948800211164053651373233915306334260253843172726165132380545000143030604564106347025027543181846396893912538080180880007033901552206474770991786506580534895315330280202871270127817065869910730535289076776068472188432122575797440009128819081360812402195246913756980609"
"-143/50","0.075475462740449438925424805378332288972507883859902793023907325798635205351288401172274223352017718254285927733597784673470106812929791149402500728927343345534630600227113022560169670888290477780358878698515390022273057610597673594238662863124046516383177740667094990290179948589003953422"
"-57/20","0.082083240556399606022832596112795070767279007754106654937801456526781743657173743517540149299819799687868896966806076253199613875440777075493005103434467117812313106231212797054995189050005518461815371739315484549811810258020887891651964863156962917580382401694972380480404966403817097145"
"-71/25","0.088707051462605078429618496694694029864735830633709873114541439825368637897292072749072055701796014957204178753371508809480357270514825358766176492053647784954356182502831889280781691031591630368433837013360620036260293731332593373444288392616677389997057634614424613288184877738771869712"
"-283/100","0.095344510890838006066331562096314914167076247150027629823156767269313284856554522905487882276518503165104832099576744048571307903181785332793054719283502980833822710602189587558780792162931849798977924565210761970245740870958657439899548364750622379512266897581189900440497453319046240001"
"-141/50","0.101993198256369205329458739805807147227260068950002672361191884790388418631104435686040269215149192396104570113788451797474585573350420359722283014769313658818189569730568661931357935444578529353460215072703320768740351844223886907348949710283824530695578251219890625346258002091753741413"
"-281/100","0.108650656298475049840130813607418603471800141348583010679230607109821880548459514398920250532641384421068378936264170534551604263176519783735510208164457281060888740622868598856345886893164367567032007896131563187538559312724212548179392192765633664647032562657490541408904312483687109865"
"-14/5","0.115314390658072754519731898889814990640334928776798171299487284881390800046308225018327230511405220019726818998713957253732385784164660933217987261925403457094309603576099569876161937405265321008945309356303016193833603656004967305883379988223532812924481967071287174722850845130508118365"
"-279/100","0.121981869613594007041636442991843295269268779674637017045995929972111229228223564149777053293501997250399428293561157213151420304393647902345507390771367510445402398620519693709586302243489337379103680203937189898616337992414460443807132007993793646221467553827976142604606346562045508097"
"-139/50","0.128650523928992308843903745657992414539683224154201362129212322877810851415483823672583212899294198066310811854814212859777807324162882438352583844584480952744975903493691127315592848497238753945640293313082029176883015710114253569942569306054188787358587805200031599618446675634862942742"
"-277/100","0.135317746786335410083113864091694871696671496510085651842868882424603052286556240317691803264992255481166592385761947488399909486809814487383056430433095402745362242764896314567708998041753912334429526048124805952253902867933517806803099915898492313680367731408570305128999186933157540858"
"-69/25","0.141980893786310136243404290016314657530373185401742324647398472099521410571648733144632082848472010336032613437447866690436555535398587299133640654565087421356859053461783697703157507541718677035035468806716056088315881597583163608686930165460459579352347876535175340845540726009401962815"
"-11/4","0.148637283006540856637931462063561537231001406524017546951452157843217024873499224522291064522796030026666206818308622933048729527519911212659005581222659752023618335844832659572052939688915886206059935590441366162911401323123616263842615313129596086266323865663096801881390749209355368753"
"-137/50","0.15528419511170618096009469503671108467738904874013174526273992472658005144000957107781586014505703383651824264233787444522449870531356557197292332042711531341892380575905176610062352589293291288054422998985513103002167230516265672557303857001139047045723211772453293465090200926879562342"
"-273/100","0.161918873512036339840505973264011880044362289645106069956139483746026351581776989172508283773725382897998368695347221393532903114197763638924074274928651065235064453519344840914065762725714060297034147015899786855593352919505167832307746373437602670922673379601507032110298551564204136318"
"-68/25","0.168538524568461221577321870062549462741370884737817879963539923828033617652317831271544245255069380009558332718003345414624513332170365860357832760704142932434370708161543039579546918502613489543048458769739854300790701913919585452505611700606593089780471272436044751486645314396715999045"
"-271/100","0.175140317843794415644635682339409226808941273943411515240739857611101759705599008760881144978354361596981511398663995026878071419038241004469473672675826916134804275380642189685390502378064575015335113984178383324126276842842261817791987895990249329190534858979567714673670994076566759778"
"-27/10","0.181721386400085733939236398107762061446959541451689679321396604167668379795323552975069099524228155464518419902075442666723797352159742095412570736489504656689806439115575590373768133664429266174712214529826126075874865511754860229909688335750342869258611242026090416288189295512245998201"
"-269/100","0.188278827142779222759943218225335991225209995596131045095755172664888075187408515409346003783075716626968088411268330126204808677023467031069859090840318800087585096331118238006325635090315538364900926076407897873089385652124709326329537959375713213102616248968270782521576684080959596297"
"-67/25","0.194809701212654703396591040128827737958314473926853192052805425824334595240848237738163032902567483586879394180410619258787731900747379035017500321187505438094999496041595373604195203050476730559496226300006127601985082449512548387682674019956925569070830827570213021233132031668311490164"
"-267/100","0.201311034426759046806486652428994537702375103715691390691851766685088512611333129061553069110771206301233407114879121108128962895095560199421096444853791471807365028199153727290854371078457264445111842481248945956024389893424453244672410657093303123851916333905675934213949712351894625753"
"-133/50","0.207779817769681708614420929334937337597485720508812592340395528178668924704653767227025106126062430880651111886929538090142632308463422544415919726678833569143001664746796697767724163638750482827835127312563296970258267556390738163362115587867304095522094955619195272710317668554363187618"
"-53/20","0.214213007936619366464317609749388589421441379003577981484691718647865557640838935850433856976806109847378670606877945747162599003525161289036466431313705687174886688297311198640593879941150023822682396596879154475383838868783415498653389457936067036020041748274662082290913769770546795382"
"-66/25","0.220607527929721469104669497732047635683979918569016959158711551103233171450080820878855234552305457491305167650446296344171955951573053207841152965364237390471091099922794121488025691839097959983203560922065832262180325422415996321855662375734546211420444912634270141449810248080770238988"
"-263/100","0.226960267709222089437354575562783138112569791641374844716719069462812524252308530168204400180812164515912179106744200158595015171129096052644948410616292179520923481035081135619966471817928291683479643662236829884578142653549375995909709882339413622140737786395205602426658983164501035873"
"-131/50","0.233268084900850529934568090515556837778863901167264750074511939208058544332636418530879130047449043440077399361840749122980481705085510833227123076634619984573799927096903584695158087581675410872046544615355572627267120967054154426838313697048061817981322095483925497518081106868995126252"
"-261/100","0.239527805560978435867119925732848766385009284086155031731520869735082742387288837018446120936050400840807995524696826227663310533390474134372413162212643495997458552063628601281367900109562551807146941264348184192565544571920279543235534224359387350304764357988635292162110314603376070769"
"-13/5","0.24573622500090810014571306142733591994745271798839400194251410360558601566505720145459317097296570447464676853847011984410012800271824115692663701644782383160069637161671439257277361974142282271348141440639981028203367324867107238910525626730748977498152475163524997997143781318054051445"
"-259/100","0.251890108671637604758717381695787708726891254171007387590459503145575049560534959997016967661632998703776036903189589631491397922476650413230762279540253579694624227681884989356724468473711713753516132359768326908630285309823441753254538826895221775179794344129807531242783421574131308554"
"-129/50","0.257986193110355192710696138998388380150827105438387415511972125120900333305689964893395679113101295640107621399619822810500948705919052318734243046879982472436829123443806718728661018633940723073080287747288928788015634425254629768828788976902732227969085839591648390545417762774182305862"
"-257/100","0.264021186949819106052789670346126785512959126218908287009863817334155195355731761001972603846212931116189053752438504554179892318192173067405245921007576595743532005667168490698926041141773479170045248679834995477602691851099962504290662216393282447899840330785473853452053943114044933779"
"-64/25","0.269991771991671058299895596065144683891349148277907525816841840029198322930309004135631836200110347962970594671814148761345162136166339047104083581072720142673565838916932713246346189752601472378674320351072963312373930843266550506314452191696746600459072839232078745906881901097052546177"
"-51/20","0.275894604344612325050723072195539486310544718477683556883661615572443688307986402886289230584490752295973650716568403067954862654123618108453864805350365335423126326221190229633156378849146859295165598890760427985906165290909845152918520041942101735675350056212562822329484066733744760642"
"-127/50","0.281726315628241791510057040723944306494867616274106135253957836643484545740710384638705074312613865925761106550673380903725924385245012938928587807121702676444364780363850110440728593710384329630856477633246447365044694882935176754591053929307159422851446159335664853657555512994402330804"
"-253/100","0.28748351424321576227603873940729395672809393653610808411678051243700665415608804075374689918105647068551801630385297988593748706142116471449513701499467780042886559730520237112132060092937893021889000146106623874417687509846657322412735805659310771625516777919983113325116960625460579557"
"-63/25","0.293162786708240442632850318771725510291892668442673326962815000651778674292180732858033760745321634253100986186945369142639314140638071074352826460481160151408907781065802221736377410082534580079960629416060441773453711115675797921305220368264631135780051292866765783830125588380173275726"
"-251/100","0.298760699064250247404390226300196104605864054199161718241109648639805695364898000552585572680850661476496565186514102393435972482900122395232046788731974986087722443701567895365846927817318346024736723863610090344838811431327241033177202051797651530470320840408236833896004219783313317791"
"-5/2","0.304273798345958989408419604479822753689764901502862677237476023672451309164277922344121433676919370305151747858450067149509764657193697530505978432709320373053949785369857300516486879678418421646082145286617050896966288040621797939194910776468278631360737199144893322634998822397483826982"
"-249/100","0.309698614120797066540770418069314381008226684381462604462543660239796038992169992202943485098439537803542556891498684205689841850298667729753283080615037399687325382206456451421047737484262583432309339760884992233120941071072778446460226137585098748419779641386294177453901841574353451348"
"-62/25","0.31503166009506655328194389483910040046211534557288629940526130984632225236797441799933314485063241399318288289020016037016033311957988995027348393790778508633627375134982601829989656014102432798383438396809258274551626023590313869478657815438788456885914412589000973637352322491083719791"
"-247/100","0.320269435786958193131346845559955909133952437450043567587792800643610825507065410128839474594466429640913631006763845064647389960968574524883899179654422182504791464960383156544031056362718806517825815992840148398918343707395221618648052914452219704971098427490507330671200285665270024186"
"-123/50","0.325408428265880309024200273613341826777669799582739742782147418908473301629478194215722508836925275721924692566406531019092200766717618496424627944522832807325854829763560949798410770441933862219479249926850174731646425083718497035379048962834337825173923541131652823318990168109202851299"
"-49/20","0.330445113957350271343541846907268662659547004667788451607619905201450691787188058147215823934254406603090054513607627833513732845051863691327030005780424022499380015073478338447888173737724451298339385120746969532614923433244164870160401002682435968089642459312091898974654793096498779368"
"-61/25","0.335375960512495109336433972411702037369935148151260412913580677004666329053134677796764927321421165003793827519611709174607601442249407665952778770050780078126841950731740745321622207191416354774036423192007376664520052942731789874956910800907574755311094203172592461534239451097019882529"
"-243/100","0.340197428740999894680644152917153871337435378350151597123423329952548948305932815020013587292001093396007028093279653971749292999797338047776269291085595848886987134816810583332608710778890079059428641449603788315966432342106029867347478175289588582284407273947311709257259785587005119801"
"-121/50","0.344905974606131491198701605959564681369449555449625498495052855707958956433109973822807478181442962280205552437850633133271916227784759977726308687460309709464144500128130427678923715297667650344162216461268124932293626347086285823072519009105885965461062639998969246281925094304474406513"
"-241/100","0.34949805128025203043664216090934740069054996631019192024120080689034720460765040344625403398657568440983018649191220659549066814670344408101678405000789860706401019848584677804531062550689809359907871634099910536315906211991292687237859862702876445699575427077191344660497191886651220621"
"-12/5","0.353970111259021969057027225961365965093806564337085380407078763492579734171207620108877810748710099314489692091314715871590779421372917057640630996169126770738899480516720787361881923287986306664906826534618567105224687499984748378229594935251125790611116830543422523331035983431632738766"
"-239/100","0.358318608532277791220848865869334565543270159818933728389144493672507839758463663330378246592431550871505173158915143962938925617891039648296795967384550801268874294697276324892266635273733146446701214235696992107791032150467807595835391842146126295329691392675520850511372266464190338995"
"-119/50","0.36254000080935536611781584921089258434193438234469407875407850350821938321150351696784641934601781849768373824448274672857052841448955796512986945050909377355339717164376743706901290553960974901880459459268870122259384244679766592810864136113713733083808192895218676428498154358535643658"
"-237/100","0.366630751796417731778557005231553344181184588611361139346705798937373394642876003634703988945150345925293365017049212672412978214884819601113967197504548567833215827508095655718042157066377793284668570710616495772658789275350114927236379626961091405922886491902061910280990714970772442302"
"-59/25","0.370587333523136767489799728341253504204426830226210929356746872114714999359411312390488822173846626990183783411897385218899887590658312172476526289340804302365427528334813397138718173982364609451735426379441557718054791213330335332383463006575082401588254246869885350383729553777833052796"
"-47/20","0.374406228715872992669068851824124411480268016364223883594646323323759980528178821861935300781580331079397796575286820695028260957277441607461047862826594214886431996858828302343085888775283754749919381318619703093202616919233612731346885646623278620096005232324359913148080947560838699736"
"-117/50","0.378083933214297777305982420829943134119570126542168367331384779639576573231243400139968795100792236794904946954874530225408283457799604640871043867545739451027451312846838335174578028722596831393792809548299315908666587547502089943994829444437807162742266433323375774152837663783543930977"
"-233/100","0.381616958428208783398327599817590944582016610508734841100658824881056907172587645573595639902689379784405600074113568946804199773935987805815090622405935533535969105279768361480956281242238200413507693566593339087958540278395970329681340150693500298126728548337611955981802644119952307883"
"-58/25","0.385001833831103715764696929796928960887981215262893730968009300690979910563881863055081035682784920324939198397395861190391220773507806273865067253207464568133230223793153964635375831771246769113415787350416493439678700659825518654507148071861338145003356839947164987308481821390726735642"
"-231/100","0.388235109486900697681925905273355032595229446012251626297912899084264383479411462219846093915544628773644758263784115398542121057808105910097975591750678236015134773214037647369058611178477231502385439963987419663958102491659083646641988072380345572062634333730445828106676167995557909397"
"-23/10","0.391313358606027064616157154649165357885343010204134888742495231825221102191603306423943999130734940051156236367698436948031297342102257542078616909995604309689944356479614765429239439876704525114505623641205340113636684570634150718831635166802731417306440891014170233313034384564216771335"
"-229/100","0.394233180126943352506795446611744727067887208841714231721721989932432629914923186463960756550145397871499875297796176010723059395427473998434759616307747633688887674395205063655852224164387012090221494365928608793002214430970884206434489349045620001621965287029808886027584077640113212994"
"-57/25","0.396991201319027004643535700885648931244589706200671495091153732789455819015949254411188363795239438339715660305584630274288867380822235784967366571037437610855887381052417688224907456565479176639984579298033291950967149942820932070876077261599202672871360050390368869822432565844786106961"
"-227/100","0.399584080402612078671485099489640875585842188479468527121336823953328401195192955286396840598624877214309483995211391431274060325280017887773973657177937851931920713416304045866311829100223565539979487370500001998816878604925235571253981237717694398795025892414737718340446732879771189327"
"-113/50","0.402008509181868226515457622865287962774383624437621835228726121606494106955622205917553134344940979152103001320842587788709906405197529769365320147236155641286605622167093104260708155373014084742929021124515497573856724134271054329178238646519827592589214100907242852864769673262060094525"
"-9/4","0.404261215686105638807480965345166799979040273401051901012305778005421166533320198122974868338455211843663244611823556834958625349875119526384745796101054048555868900489925996701592046920030404537902213603413056122383570917783793164318104350318504667135854781635135982153869580273833183602"
"-56/25","0.406338966815013646888375440713590231412477589291363742344569947153380780626248896979997766435617550526156622477141825093193060239788822732959834236475710891254628096532105149264219895702911802336652278630126019018148984019521247687344955257384684985578066747692486950094348979400832695263"
"-223/100","0.408238570983280367543285949545603024709828049126988444069814567891037586570859723049171649813294220825091278077232826071647092162269478834614928541686092726042758758853407291307136066393475622832027132798163670786704927026458635507564034486545347365055793354212925217580063509454343255209"
"-111/50","0.409956880760000210341790094199359308158340469079892416286310234652423552719229743973821503197436498554344532928536334421756559887233982669463773972256053823558087481925651179829019705350916264740482314273425060218352222674280863836498591862017823327488708460825258780986184126983877654584"
"-221/100","0.411490795498256232341118772990627249035017551482446596856200790326644900053628502184370723665565489824772853371486581656570822809577312779712458633063063412758016155935572276397283454468387104835176358763318750245216829618730144523568663561144538992098222433878069089433134957104276579746"
"-11/5","0.412837263950266134634704378297432177916143344640215414887789759537961274219978390305477040739539744904192260148048759989738224403164458435793162249901846323659634291638421226590660525784539876493920352507213038924659806013784809166336757586106634791373625203843335752601449571196404952069"
"-219/100","0.413993286863504983337976682650892242591830450135256262519404780137571355260018086409401456051542883891505350260417714835302157551384728994969743606982579821265892106098158241897725166234445478715550065828563951324645992308644800132654460199635503387348661933354378617753164483159283438073"
"-109/50","0.414955919553265248630180397177414874991815539588746309969494912002537571841359672121923357870515871796067944766308148692205214594494347006860495885490021519685787440468123655876451171983534717282950939546447615588151349137107605800794788447896437353298892673828781206080332770651481149688"
"-217/100","0.415722274447186137395790314815028312084493735851193400311134865126104727186323553478417503762772819433023093426273026560730856739344071949327803393590226088927880566506495800267793610127540958486430624236119373880002321787015250980798242801576776613812702509722350446462848570451275527001"
"-54/25","0.416289523597379992188321417919175892139039379024813466033675360930596417087820779499738768491483423272742751598434546855609458115161284592061537885551870375805121376146075350995391130064592989070931766437761530245262102025162848250371108262688525589297664907905941799672986468484159928498"
"-43/20","0.416654901155904175863486874622763186634882114372902393009693745796478991772918964548910392985056191259394189788880004896598748389547988035041361169761006050118878865665610194317542042498214356128693876217708089541977691222650281680516153021019914804889653880706702957554267485457509788993"
"-107/50","0.416815705809472675384872878567112159376087081680192314250848441306647359359169780005087863131381101004701577258345147554701134529236541923631561589213633260972952344280331265941919473818986784163022928561524791489485183515988915680066332783340199776624215431815811493381581001875349997772"
"-213/100","0.41676930316947283671154931642337203886539915643573538757757183677554398065066554612599267573654270501005169068565300570194151084813697694788262766759706829371495575681852561721633806558778959697376715237445640659637518140414850728973816295748392045668371865403034644401448852787134476765"
"-53/25","0.416513128113549256150198461126344911897816027258384521495843402779572687178195894563220759123494647736136811272158988398930124837956802811076428030670589630538970234278112292280117006598398854438775016847088041927973679998712554728855434431006420185889936081990149971111686109963454602017"
"-211/100","0.416044687075238843268030238037130381298598150536010460154420659507743354745210543081988583879917661461788146220397770004457659704475827640599809027528609195355246421353349182398157435545198828985637939237391195984896523185030409539958300833836774507379617134207101086579099508934949879752"
"-21/10","0.415361560278388245043798198505694868545577164449237474328449194182388392276579118884256428265282615266010708414353323929252566720472246690506563187699992168136909575769381671366395113039130386059264273065755113887492662084472177818970110008433616704474965650829842198068941610383014082029"
"-209/100","0.414461403913356854439004102371312393398376984373131534247263217116407787095808419029671216679781914263119917112639520355572221877459650661000176923148903224091897541786803367375679445406817893617441871101990389753124327217916348838752850900878882508397948191554805239389296679577568244763"
"-52/25","0.413341952252305057374686421800014654368763522122730034817529175636486502250752477104763190183342009282636879409013911039243775484101682535791267379717972821818512076017233793155568882194187421575409364019701909728091004730278390759392509794260263828478206967646536257724958770436207877786"
"-207/100","0.412001019701187602719771730286416447883883829533690691765872665076544676442694189470236149419202764234852037099371833433516277493409946123266404620976053924814872855643690996743352200418765144157464059979882037112377553743142630774716225140349964532692965586028892447073505400099939840769"
"-103/50","0.410436502786415277774587212758868754166064199780272462493112259476974213367570183170313003465086476273371722950175753239125422205688079338574381706858202371279882748406387356675737818100701590237355051657939963330499253210855110823777816159326259279824005792980213996756973310016406625937"
"-41/20","0.408646382074513570963195499633941269435081972921938684944317476966603006694364336785473448071995403070178118051025720925009493458550834355112734900462985126684759283754491640250141282033440867519007043563891708836264915741469010994955656477204321767201640428671559072707801598228266794632"
"-51/25","0.406628724023493707471226965002896631975879790122782003633887557597857254069438504179231879493276998407795708713531009541176847056549010163023126217552352830304484186932058391436538955700065057288266401742586755209135033284878493623683553311183741807539857564099461292041624127783358214833"
"-203/100","0.404381682765058228800945377471614048716785599041635468327496853560994705275947953599986524496333895743241091835100297399729584265060065628285090570429637220780071084253297312252776115438661261673214255937725597103451810848537966895790669661612208638743693553228356017716114765729450013637"
"-101/50","0.401903501817188907619882381800135475769291689436883009401884096849317798491558189141143064140161744600949899831353821453719372454177681659186336164251246886068594246815111119395231262325109924974564799873126212241655539353637311128749047296198463759175915273937674788749438363208324307511"
"-201/100","0.399192515727107881812531708718527317985664985392590247463700587468396924486070498538315167877312468643447907886623471212847383756629685201585172029312480068551768932605028533576407451825509418346379436743767840666980405087722837118649942081846839259358177753668793037029790464564096620922"
"-2","0.396247151645061982607404132631803755688233636745466301042220141518338413318770761237564857446853121220367969470278611089299396127527482008379656525713764072993840841508567673625199980495461699691869741836917499756334820231832558726083484072294694600002254229016105483486824025164046091156"
"-199/100","0.393065930829853743879902589875718221328371273536617868034877310704458906673675398409761322747220096090445011284979152271419752022704173317081615782985580946415469874479880958565124491324857590000313874410595308571987137181429251590703934714319071623916290411828066229207746587965127397492"
"-99/50","0.389647470087528840619252739052687857362261443965593595433874561286567050054411802381190261252703777043154732450786948847986857212026864709113567884070996788261770568507213245660180157677055969012513922161221588646865965066019303538179310463689298727452196803888361677199474601878418944713"
"-197/100","0.385990483145126954894166154993786824660482887886598355985244986239212676544281242855524301744387869254574163581913405089388100168423070919378689918295928793301217815294192228896417414356554121225547346894181959800801658667077732276890565359056785030294625357630558151769259568597281565159"
"-49/25","0.382093781961909471339872435827855001425535733378299341642571504545778492555008152168518474867015279197948854410095558898217793226289712558928332432886386954057702571117482648466747797088801581723767415452853288242110147279277045696321301009313304645143217409193891412269143329459649831749"
"-39/20","0.377956277980991058739457197260149865155409553248968521843534626601410671928599229921679644700540736904430902941542712395800499054075464521600405784891144807184322058941545717119467587974343511611131326802927588547202036762273911791322950537898494597841694041252784872267548220848195839085"
"-97/50","0.373576983324821142363837703636378963138352997575022588920153261430291434733019176301612276354459099354066677433292781011535743485804691661184422301370605007226523794137889066441740242808286692195738969698925055040603106912030870007126321171494062542278712242072633972844353567245511819262"
"-193/100","0.368955011938483513851906676473836623681489471223111920058135024626023375714467568319905983669490027385359869015257123232205450664647607217557972970604878467165141241012926892742133552058251113417051363872050528756281527643345644394145212892012868733311396701374388584580863090878013644815"
"-48/25","0.364089580685305833889328949509987659415183811135812375991478597423407593266076888285074207089364065152107857271454664516166015948288023072138555581682309267840074755512398170499867204533767346980366551933613852310922833435923112335266561218972257933199985595110180379195725451741978525224"
"-191/100","0.358980010399793517822832787694181115427595033775905400664959820530628186086426239629032901546471244475956466748138526428134368529436773934596131180110438176299800253395946792323288627489165712350747902267262788574028903337851385150474097967794354443198617027226886334593428836524854253147"
"-19/10","0.353625726903422421691892125137673514474948293078595574888865442111676165447140635545722833121131586946916197755434786340076353821893652183054086439345855660824102070646078397003666269087740465531843737944495891846268358407856249381773963653667481094193146116016372341476021532427197021795"
"-189/100","0.34802626198933985980117558554467727702566552392704338499426039845200356920004092662036112861486827412102129776508576590601862925826309075419927537110084760411099459749561475837875115450100095879914474514737585171083064283257066080095542371167956494536696452798638392025428104256293437569"
"-47/25","0.34218125438253183310004015981490195788852852473444750413645599149378829313101207758486978665018858773734577920148112466224592261609271261564585278166470636814243268170108032261794869219852331625953273070332331472916909110762196666025425896771429300693908285779985142673467420056581550469"
"-187/100","0.336090450682514066494227369928478772653415876821565742972619410708419002887512477129783773612508545637704226360160131212453257734763223582646761248900962678887867817370120698825975512999779430555228496023576611941099435918664181261762595945269541291073783101999140472127247572014436674124"
"-93/50","0.329753706296093810884336582331516422424897741979570115228521018933411731946282052468973855435388512607270509212131559687708926715407761046836371056932259871969135784162150216042988446439397987355159023309624669085359858014946826061330462307768537666502820405021828263284828385673969139031"
"-37/20","0.323170986368226821100381999795122645461614110726317698276208253080720008673442531118319593221991891789404482036460242346872380185234074064377213486636462160653509549231083214606739818893376152072057294120429052873859920360266051139600106805846311169697292219236554416103064224003580438584"
"-46/25","0.316342366719458204907054957127424069116563691197106780460097866440538968488153399866777647093236317445450978350147895884542363223004632610497551180599689521265100315747193440074855120529113904822430353449473179992002199120761504142104652172079257441749406825094077976072267881373897507123"
"-183/100","0.309268034798886068430804648766991779041731567326943754305235379057853099546014206205359638438375707079068264127086223099797493010614832130854025385697873853863476157583587201549879236716152527868878914530750429476543776468985244464208393885902284614174463035375359271823704279369876185989"
"-91/50","0.301948290662022728775127046855007020313744603159057765735022024569543437806110869786914376039840044938679072428381439283377331317155093903395247177404063091511531682980440693569144270176013348637854892111730195067910553054972486514532055082092292387027405465598251816070972588775234698558"
"-181/100","0.2943835479833501874612120836458871333597995810047122507080793447258916844175340104301543915926138047640251160584696035850873328735054325713537786995298458274740946902162915731222025236685136338629348671350889472435967302060160020715036541961827881093451002934627965783568630296569752653"
"-9/5","0.286574335113776173895142552072159791490757598832473153895122327868391917311548462855081461340453385440744844054002397206852358729731840163689563459671229197901043154536707648591052027817243375440994547633756069668283442670391044931762819596874347856653403177775227906106314130096212097195"
"-179/100","0.278521296193597689019564159182280541405272052795941571670206913130539910961474635021200910695215389124492849334005865024750073787837525834551449586155213085298276960729714525486201840749045323407654251214939263187645140021565038081299972344800625230931874311970215296361848340928281646658"
"-89/50","0.270225192331976452313412167365430093358522443903471303908005333837614600346999908142967149659450923071876343778636097738064749999576436474306104658639364052142411986987848426201340172925192972652242620646456341046867261902401105886815177032193066717139799100064230952684629583228407107822"
"-177/100","0.261686902864334666584323586311236831855859025071239224728976324191292483066362158862979969545268392861118076470865896602417007129747389580684230771041976787010398445185224202663547603055680178959949599439807749809131998060324050295537254669137861260520704752437878228342853797066098218924"
"-44/25","0.252907426699505661910209928227119002078679155607434696511913597681693923167285924053795823541542781472804137415271294837737679770039889293205482666746091550069108319620690428445311421220375713170979787161578959781220493370305041380483669445375483240446776433872701417992254297088763838665"
"-7/4","0.243887883768947115685977409178027431426274033681514586087067321976113814139968029301679327132413037073759252251947676001062421364300214671582816450044744138926077344340489520336123305973692923393476831710842122287277326503748499860801946697139508225129303604453192382484760886265053827228"
"-87/50","0.234629516590884280382733597732707537435237062486286370796387770782834816108969939278799306789368287067017442675466872300247536131779703154494719658789267861549369925319379361077743317786358985748353790558691591309665367631851350635122994892331829478602594044492629974747661924143785511101"
"-173/100","0.225133691962960586117121973502603843045238402039026216737543207634500282633645043099380832581716438505726508819431519691927481357600508738151916416676095329246271182880106450123675509979765886995439259807879441823279199231166673054726705641749742098298240553001347166133357749068075254649"
"-43/25","0.21540190279793655688912703337666413248954343739894610670824892541101264020598666302207253754408786043922462219629833883385941995315743712574267032220765045959677693211704348885739529972043101552566450414434449874412815293250379150876024222334325526276442349316745702806146327394367076199"
"-171/100","0.205435770118366293590040282736359955137121584493295131711832572411752340375408304478444828536691671456442499714130630667839644637573551359398270793203830135095864479980306330929605386252294710774888515401960207684443757203400130550802863309171382129012620735653801285613068010096265744309"
"-17/10","0.195237045228282824562842824467221972879186985927262746069774805911978540681684306717974326842766698843097031915672274818165648508783034212660012463951131739773435133669215608817073887989395954788755958522819364612862256701517614553586189083320533685677256226143738027394175287957545480982"
"-169/100","0.184807612083239515434251024758609046910329478904022778498782429236349450321884589329338390493860330377242065276061095895694564090090270999180143185982781777075234071275430660413690086955651518968713377756416453968991832191922979493758741545158063639684793618219000074906074775105381931017"
"-42/25","0.17414948988547443362668604498347363201738809017084394747474722328561243032299996915372189492955448770751290991994523493543050791808387238731709096205083645126337659123631013174624326795398267914140783206572386496507936515624067325217592373318844597980178387021686494321862796279506599622"
"-167/100","0.163264835940123010627316657801288534653089339818975594239933707900882874752406866456467863057001604882991233788195187456812504018364353258806674836254768680944957376419888189093383507745640914848697240677634489206663797199468414125255896035586883376501044633373222567367821350576475393482"
"-83/50","0.152155948824415673910651379321489630112025412836107835676858025374486094127377590741671997758763270923372937630930327834251104317012923933125707678452863741974452705523645515369114514591310317228456152022024879928680857852890378290164402141349394272779948199867293920074470880760622703468"
"-33/20","0.140825271950843004078004703677108635221587894775810808093439898618354939019649806303247924547421654634122176104992513103272576554417068269970896699235354139534165895748581168261549750944259285267293986981883450911457495134331646381993748186700871182375042268668393489413747512058806458906"
"-41/25","0.129275397660218069680183658009081856591750537303079004689632239277503674030865825342471293763129036996404803378049044987206651183164070351878942141158741342278781315733930393847836485419364996181519724993131287665437982626907905096675956439695993361680945412137165164909476306120455275756"
"-163/100","0.117509072089707928035420824962589004975302633728988003109004172168557538365280391883269792008508975738190996054079082708561143602877716304371794721534197887843390052204878974650337499075971404328561551756446363154726991679960600049478508233800065254068132058204653527036194489824782928579"
"-81/50","0.105529201290607908057049559109655175393927611968129473480077791099782462826542321425659774631713474653228539141165948020049337697695177232725958422390006373646084231990511691591470069003133326578753127158749410981706810298704797265437966622706567398126469464828474639379446548409055379288"
"-161/100","0.093338859588987783593455395935923395930983613726153303641102174768877398696026755451523515243193395146559153303907828741359510259610215425937173647102152975058578861231486530479784620761536902733298449678987351413281252188181724632427674396137073390557017725446213402318213023258570430786"
"-8/5","0.080941302456826246610557559166966052294955704564639813419138279420888677785107216829952952606175826241489297960617885523682149193260146093793561629689243126415992643076498978313711098823203264327619491294606140224339795174402623997131991050831931875396121225019467394144286314319839699368"
"-159/100","0.068339989652757749765541135440942435666156084650424879775963766942828395238866917252280490587645160664594735588986804767749273736515332378584332329255427929701158525375572792424318173447453816140152195294679828290520596833520132081271501569188123515133906935126528277693565218607327674789"
"-79/50","0.055538635408576922256068142983638234640014370344515620670888233367894570334496954107495236059973606061438272578303701336883591379692991331512259545544401990571181096901573754004880734472305903307875178285749068795383378846425097206335906576180154753240567157905625378731420687572512028425"
"-157/100","0.042541344669767667334734192223907727151874427847736294051843880250969167428368606531315348079374486780184071944468764885374323317820400969902642021922568605522350640600670088235950844518868249715168624203984089619646838235215097295756840749863245949398538112011624648804352037992380742016"
"-39/25","0.029353111223028872305707989699866978391518240945206251315257787868573161126111106050970558096921913492863178713317404470620783802574387663299950476486740058806036056702414173973796607258819129020784805283419731798547834582292184662393301737659236183819606154621276970815221283463070806117"
"-31/20","0.015982827201478129569991349985324163845342133981056039029169058077786098903703602573968982169508095096834336891550127679764500735357980444176478718994976397424827870352791382897621895150188823516375417926847515690168253379714216796162762736925935654316381601331438615067802167469890717661"
"-77/50","0.002544861982645803908197800925277964113571737618328765504504281043465171887767408517402317833776452787185292598497480020356111235527403444630053976576648298328479598812778253142150715871637235604568091828753648869639258049944120200028972677726928330873434109460430852822195878381716463514"
"-153/100","0.011383909349129274557554958970886251963774867556653964231356590528778978093267539852341648192473897462850994088762418352201603988053807667832613737897380108525574701194042010123187476342876541460794801089431383376946272719755643921038181095658036983197539554755390814179759264501391106891"
"-38/25","0.025286518658676350362631256161928712123398080172761200118305183030933990632355200089416554737897165045604803266834438116077814404400946768348954764308306095674614290600104679738228443084990374434004124894060380929818938045135847325974111560727548732596153207321531915688977794141710721258"
"-151/100","0.039372265548161162205690221947202258494131000267265115444107704914296186593350089730895153528001048236077887672602937763819871344732661120214128106153731157321288232487942994784644819723692899714514341324576439507095242626802999958006761381397407648213772753591441791890220766200704136778"
"-3/2","0.05362603868236276373277458963330515162505790327636630181230172083086877440838003307532006409909164709915191511452799970743156878022022199408089904401439914931693575221518366341165704822021481097636999386153710699977179293831468411848431988993460358030935097230883451330140450554582445632"
"-149/100","0.068040779657961629618505577821328457874428331697406607487138231715728059352337895648435372136931412956735316652460187819183977238261855272539300069837633183355740989868285892954758492347822925878934377905729305972235555209628405658111194607468061934726808383235746874450180302473466488195"
"-37/25","0.082610371438777534664257424146006471030973324909927434919907250883557277650993956747812977548901773604812389148944492810800348483948317101760926532598248418824827309243030420604222137557206951420834697840911238640906579098771425377719186060545034656908859063970095551773403673659261060404"
"-147/100","0.09732876925790618986671189995498373547303426182796475098296543751748223892251065250646153629556012243072963683942523385725707202579497662525461191750260022483189872349883017017301195212280982214545418775366273332816333659935372974343126112170070093127319977446459542737227352400387310617"
"-73/50","0.112189791495639258363360710968120063467478325430563532171391360075548547507853897765857745823796380416213839079934676205533681689063905875717691989729684845368977573476219167634761381322759990798911087595159210500551779000899581457112546583939998428630418354948764610617998390894953659875"
"-29/20","0.127187046957254736290744621347315325203449520418799962051471603278057980512605531840105350957871882827388337996534389185948373420064816386169075728177876612133284956275648574330991832676725814703658200191019163471008300469770891101549551859273946233105175672388576391982889914928787615693"
"-36/25","0.142313901226764708680336500204187865461978106673055242673145014860067890854250887896840321088254962300589830961778668208776250835647050986404808390840362165069158399652197930187506330277637904504280466691081539164200359444373160482686224606244773448787730692731742683398874024245142045933"
"-143/100","0.157563456701567445412997605753002665438222744045912219166178806206049028098720957512164478246001101576772382932606814974939902844689139509460336166701890458298285030259859117404595021762958908313766850272395545161294280550481922244773306003934302653875916965281035324669111434795159892333"
"-71/50","0.172928538105607168625823215403053591269551576762318287759654072984398423732776753364821813440843709508714590549089314952355589261554869602354148533618451289832836518064079383799971341488540841965337290521144477682146224368241703114966463138545051953518208475816571005588201757590992772525"
"-141/100","0.188401680409167188972105573159072331718116885128930956307702721373830397935472478610090483475690124154727883930601406324757061902060921095447993606768382387477314094932253796863075514824256030622748960101531872167415475027467408028456704060567118923517923988216594141451835456644748851128"
"-7/5","0.20397511787590722215762978745783568659598181707744929245348089662292926744206543988368610967479190903764724197673729582872465645111157231199121371188949953133444962947252010890630774704618258857580995392159713615906193812598886268413819909311341690903137106862520156462850482491950547734"
"-139/100","0.219640773663703825363611796714814592372635600062992404868558621050014304095963243425819137306868746742213742083368522549096058387570603060984754509216482591534074238914328564366894325440568785189994928712983183533180667611886582018001899215849666615827815824299886157034239856704668652227"
"-69/50","0.235390249711849498244082729992357298443818454228681616956247312428588674361065698569724160974001880816700349697488003306786037383032368260613047406685835393395281565564464221931678939723729375118779562762859276248131131592007335440694291716181990799061513162635425340327779415591351878394"
"-137/100","0.251214816790933446146272298468767381113621802212088989760339007851144106305241490351367994141467118065437039576790301637605098780027980414058572629714400456999882705474576329691156764229177506752972638747208776622828413346643854188587417128072519239729554181426859204529096451452982958886"
"-34/25","0.26710540466428463120118571079853843323687613606182533956902560674801007318008031534274060091556191692782678054081511723342846130679490027175658445656426812507984412959961631382651382609869697763815858158472627807036318020016022433564960672322670149729451609784419967395787845676079734904"
"-27/20","0.283052592349031470097705009823071483070829232214877541336206274045622399680534286569201691402179790848140254613750507245698252014231488634564705524521001122980091421319461901686249172627815429953333544971935563944099019094594819370995061570700207128017230728118460300457444644475284792926"
"-67/50","0.299046598487449838183467395990944959044933664904094463579662401146784822387568597894365175229311269978502394884113193804369149280892220569486372284077871552590106201158162191537622164539323163627617044626434892385940194875814386291321401798459552186436581157620850931459534391861272749325"
"-133/100","0.315077271853258983559475147486490291805952745614709665813971718854286219403621503851088457955287300419350902604587198714463681145226976541181796360752833294557434461629160419612579105179551661190445491133971859645986024144310895269270317323681527624528380780498937122535786930413566419998"
"-33/25","0.33113408202680235044264844349602931762966677676480307249873180490186851025917218703476915377245675888708144789675792907805354619471513278239904469695584133282879777904270108168576038947944312682435873461879088993613361061969404365528955323460176595074786889352198363910231009694365117026"
"-131/100","0.347206110279633567300870142826871055836434106874918213529730028315007760266434284496438779744295385641417105804672219214039465904720103827991315196930030587703420381915603070093676619617810878217397940410677436917354735591699926654934579168529321522869192878392947843874689234646383718114"
"-13/10","0.363282040713987809984183816873022803355241246962097633101022696958869382808527889829514454327853989275818035670202002067383469680793262712625617860749865780208565411629633423062926240038704941615900261249654826616131767503209785257238845046484280583454043033250479434029816150672957449226"
"-129/100","0.379350151706536455933647862278749583151592915804271552661482306141076587666933184737597645201641171474801712999642984268460228697057323082509347453287473711374011722316083753600236156517798373300960839437260789060906890044329597076075672657714675273825484125493386941193016332462274444381"
"-32/25","0.395398307709016047817573647534098546126066915054442520723796876014248896112655389343183667716371989846409582411415272926669712507618708051963366445827161663950917909881913257292062763511318785950464143901639322422388469558695163173243752587934427071633256777844216205853125930080442306665"
"-127/100","0.411413951460962040274597144855911466115209384032282196988429391960605769972396992874428809928333078207250928911277784226357128795262009954182534423904495101359037636561750456356665609390604710398364490612419251820641601474082731706994670564492439961684320125081761687504707736476983855802"
"-63/50","0.427384096671950138447945218690720821174577434755106337608976390736410776216253952839285820985955359311995910589709061435596198090701103890410170180708584616718239436390732159064063465537040392729113689342730190128585559397161632968017672399331851453581412859435081629158826146035155243719"
"-5/4","0.443295321232489624576461758850002447579558707903918561624007826174473597433550628008181104080465946772041742665304906547248586722406570980851558620564766401647398103111254510819303346242905807116287875575530323414266635528257423052850510443359217897064655259665034740365132929756885144837"
"-31/25","0.459133761014029586524008317644926452609706725274383140991627446401343928281884507748561247340523654069970317726226894250993501462017521566932894064146806803885965512773243469118658973201822588306607275999757661150769873012950080501172376761539888197934678183458039442076846955088908235094"
"-123/100","0.47488510431941679276894766279492676820375926788380618688279776045305800092749205569408345489869400732273235694249151315532241701659819046553299022961578769262667123105437827096263973251215124357606730103253598911791522658062188682606121084463491838743319118958218038346815851153135422736"
"-61/50","0.490534587045557110532571130865011614148038570140941168280051787760194161729649222830835126822664498271346131022619951264326376163923776006375820125202427478619438939412002827120989593012512429730426097188123948404948007417114417986475318570639738753246743296454774033404686168579000175767"
"-121/100","0.506066988619946854014745663458740572310901974613871132498457749038021435454314031595635546473112057875063051306138829428042135308571513946942563473313735154408488341010845751842573981371926837418270926263384930910545434720594713649273780462056751412318513558786726032469512359045880538604"
"-6/5","0.521466628772117230918534740758567890887922187448972519335788030159239035567446063347742488654684328766412103767365928342061067190438175392861836485376066306256698250789777643185780114704816075721498028547139052175205890063198380171401525749631331421983787840195775325361003943084481239304"
"-119/100","0.536717365199832106914710777024162831012873077757227247727769788174459401731421964915569160536696474600409858375701328645213679270886442776173914048547365900781068513175263065713301965524969138145061932045656490350409237786270567523878947812080615361418839465502628600655003076187452010734"
"-59/50","0.55180259218805324633977776971795504881199531010020938059729581495419939270764665309388081646230913019235312264006904026941719029267139822830318345193202452356961300343254959718798552657849494071748648030783023115316967887079622631102998213059726580489714971766419548631925445712106435768"
"-117/100","0.566705240236194610905982407873320607682793689240732343297628101631126674479084519756000231612063419834790663376948422369455361014935117352712490470868815411946242331926258759233923572799628678133780343835937005987411029019163290683601466327517557008965478616242300231489914658579752909583"
"-29/25","0.58140777674598598604512512793014236504214819426074069999257046221686990641508093747105605870537779971473825898128308662417052059941207295859598878019489124136433515610735192219262088859200476085311338340874176843359333084649359548201086347332813283615071415191528995048215974862651353984"
"-23/20","0.595892207818316251674750911956351676288443738460095688756937102462852306567658647424131135779792227973246548336726931452540657068845942871275829873159641575983495270639325079257569936128242804148413914564499930081383753742091566877795145906628077006106598095644137848620041832277469690406"
"-57/50","0.610140081202691540138926563262478230548044733175255535907392799946670664283649431146115736688433168128316319943526637585313718769873934583390460659625774807204175422474444866498581218600726516154622931253239957420277583571164433105769700776789546518604282371676480573641061471153166208198"
"-113/100","0.624132490437391380069806484696783241833092725379473721082578889615424572744904190999034308561028870558645111700606001530596058033696268103848429916565180986866321430163547127605821062570971068629058553521149335073148688104923033903469568635706251646650393995612778781789990377526944046846"
"-28/25","0.637850080212010408616814271922082133069827337743153581638525315627700866613892479750176803235282214446318126929098869949883327752042583211447419686761845774050970955478997405045926461132418411028120623646143900984247002732183121687060568188835716257175995003851287230956835519325632052306"
"-111/100","0.651273052976814811925810771102512810509174029170733343262386272115544662690961112106884742773266060245017318681431680412998075930366283772789268422993268149566702544585397744817259110744730447383107352292003540235804983923972791059266325978917474043884999441723906419262182201804587873974"
"-11/10","0.664381176815209681292939826762441462855919528770169976729140257593389500241426792260642384681135621225329169784632488021305756039112260353916838404501685644276539725310089440139011428120943687060914959642248922188456700185658610314303938427321700184063121141479671486647742436877707145206"
"-109/100","0.677153794586603306386716824082241828011474464461750058183446077260352628015219568867285153793757932218204789196286155595054408165462154213441615963527766273426629581307596118764832184421220786170746784639455446065669294056513067808566705191076707244833295678238597220729318104311302297381"
"-27/25","0.689569834337074504132723516878256399439839484832784758572308789667210328594681582244588585899938084920562154023781718496203392054601798574699782376587040809419520470424019368835064093144460942677974235979402269424655273079872822542348320397471211495143241349863655729934803075297228022217"
"-107/100","0.701607820964517951011099657119372686461925336672513718491343141448255317290536872370113382047542714835199746578709129055201946846996303741493401773595672695572316866938022160979891932120135941698819477959025283377863172688556785718846655285894233857350924988305179422999589467908354856332"
"-53/50","0.713245889113390767927409189172304508353057545746227783385936116212290967921623829993782324717385668241401924900271932597896424369660089343380952309448688133319197774062843255145985173274744229901998697193820075946871509159759476087764645487931520527428909517924008450734714195748914563662"
"-21/20","0.724461797261854855646207680191351898622596773933809690346670158109619686279991963996629760151499588723526583013068037152577158753863537252609103456709165881043912779579665386506211275608498595919543517661296882029854148714733747642897112627748847929390201874411966533385696709223246876679"
"-26/25","0.735232942951060926165410390326483691106817133542697789691773473235548598213637743768949654603064108161914700647048089374177222147016604631233301086127183203581842080127138767951496419127851692277015858891529655891476981234184694615128397023841881344576337379132969932246378225660313929633"
"-103/100","0.745536379092623321187355895259390729551365551705057714325076378833665197076290025010704052739059979931075403034894698997192971157696644743831049212349616929349943660035087713839867664379827471339384946786787010617439897211663766144798707608106234412457670947741281096533964926846893095975"
"-51/50","0.755348831276075740026104629153340298354840847910166502902519905562584727709883261980006492421121260880260010828991152117696751904653325854089681844888953789495772614921368978581877053888312320554475667292838463420774506391077837762599442567765354408877599330469039001613882741077018874145"
"-101/100","0.764646715983378009923373206548869544977571636879210947621724969207546475122712489841472763866031130811228563640109680974621025947902289430527312193527326306342507568135241743031965837058828972534803680384407436624498513315280784294482492146298450221149907803490096491170093132001862475032"
"-1","0.773406159602479021970218394380470410282569250844146129596035082267300773172408010867240853782498142660330236107243767765549876497482470398925831190759271258496577001034013305719557081623758312934990899038563083307948402892530257610009498593693933101000631992679504256855117531660957121378"
"-99/100","0.781603018116661591492332931254588744639421778859720845157312845563777501527123616720337011603974970695835399001172467041259095214946179117557168459850760399030802899721259259462229507749570998820914446344716482419443967413617395015368931413156478610536515037953893467805397303563037214777"
"-49/50","0.78921289733104612031020821696672450356906703251007335324881223756183665148795694747013218729500621560698234351173887061005955595148974280683395472672747288870321954159255944113530690781104078451785050355890054211551264528462354828242127994209424513661430255636855102298953467589502698633"
"-97/100","0.796211173482369792370076021894754156428398279990000445505288583341570631503380717396491198751173695068049587399753796911937396072851604893476945742878708311554795946250465240010188846605291393779538179306264124186454613363542118540127820548916243663371677879935821494075935922680844039982"
"-24/25","0.802573014063157270884891096098551118575664963719530498643678096426793461363019563300380986554158176002489790883197252306160837849436750872741739120100400893099014605177355696373384280247855154635188856506731393419398410498289375336859797157576201039969491071760347592485482624128705303094"
"-19/20","0.808273398676839246182347339494435384596215425869827183533580125112710635544886420114883013523851627072361267019114391746712660719305425029485549482574027220236008355145915328644118487639991106172271809635147106327539998643698315022802821118212612924236896269404550215180821938093707713936"
"-47/50","0.813287139726448061375913085092044162586622000901613706870837859727427695540354389777618035813166670218679679403708877445885480209833289794381331630014628616528295606232222416641344999520410513358426366576181808129003600322595796042384351977021007114725539272079694492689069715502122212901"
"-93/100","0.817588902726424215191638040237026530622010134891832449389722970695685973917134058058688755621597532094047003790687425783448103577619728572190476644216252770979572515557243919684162976297092909983500403124135679236070290704122113345661174117565618277206220808566251323336535608138970790914"
"-23/25","0.821153226015008916322713242948582865721394759004971956976140304898020615826545358269569134410368954430250715016505550570291723188815100898243479395347430324673898888939435584706323753407954400523280880507872124568762567009680372513525741491279140808513040026622482832134778136542636284098"
"-91/100","0.823954539633884982072145822544446178372951188660508731034252968086270750219162645945827059269283211523426515220739054220280033894260819871945737215159088009678463274614890559162887393049183825067576566060411183593880659423439412155737009461368057501927364195117236522998169380907292283052"
"-9/10","0.825967183132371837235750436354010789318191653519377632922377429831323650615646337699520318878258511126846770783447722066266057628740481415604609974777552137443457454163507594058465713895166635818013938931639027630617986747050413802075986713268628831440683681489186686752278651676587147517"
"-89/100","0.827165422045790239507110391044074617082897043008411958289723170663165519217101122702381393308618911034053261472722505448973046129418995141733228535612826495257526406411731357190424486776170401177907294928233819011655181493352705767159995354162286144304659504785689611116343272593426597806"
"-22/25","0.82752346279179600160529000971669378017841165341539791422914611699943566777624553309025664197668692371515990668477838948069009560588294068307212898380826557871584991960833088189015386084261015183424190753015671011750717824635583201429921222937553434358800388785563755614422520703048470472"
"-87/100","0.82701546572474203554192806177041550492941481209265867487964415171933408821698709024150948655714280261917816192765157023852828441686549106234182034345454686463554224994087904197335890291024967673015425640834288044181640298331036163883913841866976995180159982445868333076910735429279921204"
"-43/50","0.825615556086660598722011108220098530330777109559114667337238622306226559384262989198820475864369680648068649916860209118283654676596505861329109894427858861465127783236246855288372575934399385303174731117162369465386578087401540577559518540086703775253717004826878743170921263645706259243"
"-17/20","0.823297832594450696636820036189848186749774588786320097855589089327063928685928475366065292707617706802218842540555283439421709922893987078890668980119918911909607965140259704114120709256614764226745245725709734098432358187131452092266645665112555488333096189067434306410685599294032289225"
"-21/25","0.82003637340648803479895304686857535547159680099227571204866874292560982199522445952936189780935934112200531179837434418000652694077712787008599323927486115852477849040497841496218123119381600127154295828686461931706452113096813499257344921205242342809244123971612936690884894817288741824"
"-83/100","0.815805239218315763791610718308126324814671920804496523116069742790362749218321535714758814057963530404913501416193292829737343154090675986410431316737178856194853028202272401295054040072373749553171478335563313470593170729509382960625367807866786639955087690250992882483763612501786031311"
"-41/50","0.810578473246482773993175224952277938338773053412023451080880787520654959357854889972257168363963690681692525661566902539713996763118263754986614000177117547964541177261091909907142738069919928561635103649617339187207615229845000875671225129906968927202723897479451048209577310549368980324"
"-81/100","0.804330097872122603634472505839014119567701118687607170932495913600734643968981967667929949061998613777963227413631596109412190760966371514252212653294487340354007852558824590719459486637661001530454076732616542698876706788035324350436349908928376272151219447509899419739880933914732798115"
"-4/5","0.797034107731652620891120207142830945271116319040951326648383988802164846732724970939776645677430022333569916591225918763779958188238321709398777429977173630393980151813348985038828897856918687218336449670863197312382327050923336882563177820133591702776877090349177566781916155826237573956"
"-79/100","0.788664459061157240541109797669984805075713729244067017675651444837813619405086171959621194601614998977511933254291039680822414877522467660271055983957003294398490743558753621572926650673948699570291762996743121376408200488107080707450643321867833365121427611121961052707566683049521179626"
"-39/50","0.779195055123735778272646653854930904050971433960754485510935230246135899070803686450375305790209320238186377766009388808057678732543377027219526901045989550200124841222870619155656166302794879340593708754424051211855791716159193370124455168261736151541151563323950558143604618524773827488"
"-77/100","0.768599727575482731916895819048857927424433741170246807469479842501784942173717796415107780615828526916183647669427525679993880943324615256354240485886023167318664912638632731027082691043776552452192971290685017634496182011993493648115188234949216902529537431167559460092933281895334547921"
"-19/25","0.756852213655971187478969968182712321478233667708625809142898942470429326280466993730459322117403181212760334849300474404972798322189020978776995937221107984092710645241290827742808665198653178285668530614949487938584873187611958642054321038298038477842481860220931597889077667786326277461"
"-3/4","0.743926129123288385063346977642351505826426159130290198266036366302174103789485550598863933802147778004529401649169876493147962896244460636894837887022127229649555598909570378546885332767476303342973326705948198844053985054602346997833746587298746999791599152267033453787599134712570936672"
"-37/50","0.729794936892008004026558135627890837768818378997800791900715590105367216345696810368879006797949204578279103133764271544351608030174003136614279140352056191819031641107696980827798157463576399699125917071952629854259412811952753162410447706762298518412192564269950281176196749465123425902"
"-73/100","0.714431911375189189043329497113187803222338059192777242547635479050695279176698728936073388704307072557722517052146780118078909647351517812315217274513934587968013371495946555177734413632010889181440323317868285519975848797806704976835427224211622263604791972197852356285189746162097599029"
"-18/25","0.697810098578821688930069214112015233207026488346404345651658501701846399201503227332798546251264678508429375836578605651986988072033047735338662239400461605751406793905677140793617968447409509717692526143440388204765469362784720447488586554961848198132744967393138356510617235215955583234"
"-71/100","0.679902272049396416852912109397924925499075340504059805401450031292321908267001336315237091941596534397910882546490268143609097211141115507748359772604805424205624874958782480522669827244513825615811269731772511562472865297652895381435135514216415028612254377006141390236513808633403175678"
"-7/10","0.660680884832843757077023606800947463714725315565816704663977268818677638196820976578245525245013261484964514317667593806538342286242626498554816224329774606915787126328738784582292573711767768678973183690561102470398969124244608631491034006612909176841890774747701879199004464820615670407"
"-69/100","0.640118017666401168009499531306475885358359365995906527081371251952976232937603021432621474412109416184338885618048243403178987385174313966251429501577970547071949781673615060934964432652345253001414469660800706838230924840141349290287832397605304531704977178519319843441112703285711326772"
"-17/25","0.618185323694598079216564727670003962367338043046993508376323651258435212062782792108779061692248811250945018373768311449333247812170196032266609864662347246797228131371227428002343664949590265263371222308960994797658146928583130035375811561770992892717091108467833516153264579006850959821"
"-67/100","0.594853970077149583257824749747043745519385019065643901250114866946788912345993849348099942582607962743890216343934240404379384411569302191590199607961292525198399476639594618669222612555886321152775527232307781761875914980433876641712869707007004075714560015799678127060419609805779731305"
"-33/50","0.570094576940946880412833545517709812913822347706793934545951715337796791934930873999534024904074897770568368792526676229473534192197829013097433080923011587437244557716321386059815293107487170749229686985406044498629093146349999742466417502270367369077884446227331101867760144766527190054"
"-13/20","0.543877154221523004662830490615305108766084520505453133946390839699362023670749390417406050727998503489545991510176476653589727640952607606761919719966365152608847405030209568080427838960528052188747271168823841688280879414616603203669109515001404133257627018612511564195781459353133180525"
"-16/25","0.516171037042606897962261127960991244781811272909335938554385486008074733345862199828589323124237227965907563007781290840686047366888581306479375827927213056431151993945670675355608307534175793648830532866572268694348174984932804151698123941590252326110436989286859386455718928836795214095"
"-63/100","0.486944820397271529040999474674324052114910052948691219009456942829071844746519669220790496335963086718097858656734707721634696305287181033580126363483217677230137269650497677222283378000819442384029215446033665275647387564484090291852291872866778623764175843190641635934218794687730503003"
"-31/50","0.456166294022944644644667717209687163631392037362742087906290325923259765084334823277762241964774578338106276226392712528343030714308261635694605248898324155447230367119202036289396949776184083618795143062923683615416280215098269180228518164192060034742189721494096009558304514236705324518"
"-61/100","0.423802378508511057587170943005004925528648775726845650895261596733631739011558914427801215642100089852668781334617254371627556597125412394850754528093643009525985888673087965147388894301821556184256776656103163011517268809734304971779882087175498465136702998446919693621965878015789515335"
"-3/5","0.389819063840573318414524109286326765106018687291326357610847202056263164653191110812842229922353734271103409464353961457543747354766584868603559599236834115019179076619473496433225169198340717493744007252833050885478765198308222994738017300489490348320808708886979887214078419320908734528"
"-59/100","0.354181351798896384593988720121078212608286155557808950812061136927574401088416106330709401581973118191115401863318427158042263603112302921339400770972991003009910657693824234389135123670775097591376185858787544588702305434012939602789244748664329279618944766836649969325165213778050064277"
"-29/50","0.316853203874026389273725902989562560121025872429097276088455363362030674343818024703660924514843298943438006172542729891313761160245768601148264207086721880805574996230155432729437667300711635893326995966114918154929150688963714000638926812460170187665660334714580646282029025607412322716"
"-57/100","0.277797496772005747128488829151566997594920036774000065735675365912414558449958129483198939305076580907518488139218488696068797681078579783273360947427820569669346009553143370763469509242681430499932774966561543931992518491161770885518800502868917930569814852200668168869093585490084241157"
"-14/25","0.236975988305027217283742653799713544598550823171062147995661140571073345915340903640732890478935020970631459698161393041219120928877968674602583206320306224756413152319757483189736162658699518837602680072137482334682635225847407246007533801121221613073615446631320984052901850765336627911"
"-11/20","0.194349298321340030762546407162497954599702947579878588981044521428271217665456734426346947683029728067177728313146968645620650978313076017536311243476094079149537365327136727668368778140771963325381159654003711557156541780356718118043726648654685698393238450268113480221471207554127380431"
"-27/50","0.149876915837880957316436684850463633964693774921548175444130114565823730419417345575529530726674871964619259741589561176953370976235445118073242096901097308005053564903429273981484921403076244628726177457409019956911987866775293824147686287282931520272177759095927420780078550929735361669"
"-53/100","0.103517276773247367080247463569516091553228503932663379567899681858171167515816296358131673489804799493659274328300867727774973745563200883524542018481128208089858183996439154947946464381615913882437236265716785018344555738237437113319944451936315010001664543178979166477184137600674380619"
"-13/25","0.055228260031285051466422803262577957642333812725916153570938188362174415148091986075019166591506560869500292103483518374755477127161866369565949906537285402386644266630847012362874679380320658901746009628564492018764743026699338922561444059892186401147042650353597740939261718597341685829"
"-51/100","0.00499686073145202120998521947184466976144901306417593326824864829044525514305936543022084823411667790686323164215455308170372642529219100356497374224603267327363633526020723553364044527181726361166243477718709189732729155236033386072401800189529588502352899088873235721137946606883794396"
"-1/2","0.047327944583576822977103361544356897108886347468542390063839684878077614732952215763254185538354527970339349654465471526475882418980556665513183254298661491292306063789728879203130096819597022014015020339637885965146604191705222082149227215005498120187075495115941108189810204644705831492"
"-49/100","0.101675117661931773026412565115091577720122292383114906845711388859770290860311773552602964361210883540124040080242150346553829577258227199759085793479697328873689681510518785159117240767088670477562165053372476401770688916452903528358224566436752079998855351810318266334855794452601121785"
"-12/25","0.158135420676721181444756615468364121909185555264995458967035862062357226324992032410491668845872760428657690510414588949174512105701141087205257046482840912289736129803666734377084116180099555430949602052717241709490337498589045484188984392078093987563508263749171428515805218485373295736"
"-47/100","0.216754925625562090263802796671846591552370380965026290405719342450250742933884211296458910644953029679572964190691151961761035025390447681164326798400169956760431708317377836122487798731953743842731838381345327012726438537419616607247900111324698194142443200423003492118330785042726989179"
"-23/50","0.277580929767167309958971556679781680236962140152449191516302703465837429777860410530441062441941547163599505624494787046107026765571756319200513662890681385048319768577238178152791104981634253084493070630608017723389516348215963201292790076515829604102691000072578984387931147527012855998"
"-9/20","0.3406609065387947601270589413334640409820352695752019782605093184124202726275962686883409677537594172029241961002895369762842738162434997273724953327143372692522434818145849707254916718846689213274443486287707994028072354549148165219356555124515352411924198024514533765316764852101627495"
"-11/25","0.406042051340350775606332023457590147314110746204547528962812602805333902602031447131469191060342739720932762059118705500137561008381163119776357935474574272041040456086589927918677863398769469184767008483125239436605986390309194734645819498695437053451866461519590570808499428853748046466"
"-43/100","0.473770831308231765715878899799444557663663822138538831033409639749789758592164433454734266431988800443470066398150942625184738946466307332912136557063718469404165985692423562969496622209339716854585514280750292396757001569307577407216574780497064990607247300237870996679440745748411060728"
"-21/50","0.543892471170975765635693740009689782809084058984637147260301331043887129226223529624508335776567028346524254028854485616129390462709609392068351142649704831358591263129134622842542369540867972095727793343094552845001935735561175618022806950035441805636519744161926742251913985603792538213"
"-41/100","0.616450354422911527826872782656518299642132261594653759439548934689327414990905908391236231353287644721649336395688117783821116525907777368461767996426317153070955215587023416129778546955206850173398320808649290025747602960095526090017208044802980208609683496720785428117934071388215418567"
"-2/5","0.691485326820123847455110734812283367569939232110593606605855749144575490246622847432828126640543673913764925571770415438159407308944209929975851468602656291353828878601904290596484953728415470769291514666597534894305180667028083911169016761542221095015598244951969920054311379841004049764"
"-39/100","0.769034890760046390907429942102655410631730280154169086314351471980981799129526002393917742529607189671824040870671185811615087890795148014141284732792107420962670271855254163920025259438618235669551719220053773228371418779931942257038521527936609110398790953796291805628204261695814335611"
"-19/50","0.849132279387017598386538303587396678537202479728242031870762301354375334655372840526844832150405542755183855683992280945055403494862382130952074660900877924256008837237339871512222124516750039100746830171694723078030930726730130867724417432155565311165062273576752976394513809383103389289"
"-37/100","0.931805399351865648851656259748945636903229437784767065230011096269883913538616969834385875153287070117549312554153261900932352235169292279576314360878144699345240690946876447813221954519409980279543322173500755689763846542136889386588979708663994445530835258779504825332024514303904704593"
"-9/25","1.017075631384857288882671105357734942025228683059611150036761524868806457085583185708258619977217053966003608259532895001583868996911157240849620574923194009337758173526290464943049872361900238456042937015349964588908301645312533459684161408510834465374630221968543058875163293985025551992"
"-7/20","1.104956478388941976541875147362373001902264348711564704846034898277989708040889936486216744435927281260645179226690261769043253637911476813980329026229975944458739321555219018352782337443470554114061608738287912105674919721654464689353229036736884485472771158666219915194779724405535271823"
"-17/50","1.195452051757250015527839467048845076437327118065086000465490569342729935025630255908278223195548049044563691099757648032094110409117089079252459061175654786624946830799438961705531272206049848782187594985235156691774297313107285008818486599142390692326103824709396092617610982415293477323"
"-33/100","1.288555388197129357047385356703587969359401834594709446302065347862357917322016835272934391643266104980020951564269898019168408677378001392918803672700510309434816654786054044398561326782165373190293250397763273878769902969727454370023055089828906644123826222679189323755076817275200832264"
"-8/25","1.384246591644047089775749704888851947863711278795938888527336791831420256410659086918329538661554321297235400880698885143764751141291058446808978648607205296492778845566382538473582298463621496180738508752515249352479755212751745385350429882908288496861454720501109433561069697915328940632"
"-31/100","1.482490798025464633857728536566187847496638206784694200910504922764209244233431535871893285014587433986620553769319917452229110146053817359715928507484347417019677442061976552190721035128066091131032700670674300096309107570255196283985141413416815132820217003556966719989839785777293763708"
"-3/10","1.583235964849666648046532443343689702005508286977433858425054223720154922244536659865025321348305192482775601200672635467251415941110684596962735413449411608734307520708712893426722909593158568412680203121420714017059618669553257627485741228912628189023647069168926551324383574080978809615"
"-29/100","1.686410493013421718550736231263355775722902442886142870404735080763437254524193181355771179294118694119346133233412466622023019175051232535847261827474160103578031134168912570078621644980087394037452127495618998770160313480749951082171379166212896305176652173881031494754206463071920769992"
"-7/25","1.79192069500547370996237236350031469273254384189524657052177936116454750659482116847800881791123000195008971727880954985364839515671139911326098334787609761862887003346874267292084460431032833427639978700134652625180504960619282740024587406413467415093102908832499305280759837607264187197"
"-27/100","1.89964813197118404721418979280952071356576194352618868930739542316323922622318076490227558601538403189693769595740547196580222555185476605887364360526041350333013844651464217887318548670344760715215283541957440463163121479342625584694172110330998781594734116424705029848808243206541350486"
"-13/50","2.009446852000723767480289682409419784605092987426376978267332146555628965931724739183183887645889645761712861738402863775278598794443327210430465748519877820886456929856214752353283551592892640607562821014592840274716723095211451067508701932426834624256038840260653463377665500717614327251"
"-1/4","2.121140573551801518744268671417771952238129190534336484298809461866518232387231781879977328642980674313389388176809019118637637560445123471052643147765226571388130057288667895621805426927534379690339504555300299630630874035298541228695594368622954245290137742942672647670255840357897311929"
"-6/25","2.23451987107128419797242727321965753499379739455792363586752754517038915703009290263585488546351459599389156980184609147889752857606723225037278044892013453102244215840755158348673868483312468546077844987116285673732598921916358772131164167889337147551471425985906892646341827186620678868"
"-23/100","2.349339434468535794922710961121418743837987671763230968433656723137453953990514170440840206182620584930951399517823338123208403472750909219863661156017887301677398824601388759438867223305235480668872980661806350540352605781451838430001970094208926623103215820699645489086214320347809075373"
"-11/50","2.465315489787281032437246258663012524346756927769688235851905053481180169064646071056985664880696563728251202861709588936996425928486471616022223771786627266195025683332617935002043878736435048991310162663322492511623047215362858427204470840383103033407108332475436732010218418550509832163"
"-21/100","2.58212348469493472952512810449129411273862726321494470091360329601081173416190714458238107885411639758361819795600912239124682636977709370769401535734315670466712256874427419823239885184844509559237001262859602566786291583578497864872474578524389299525886411040627025076300288780629498572"
"-1/5","2.699396158498699539396475785881390393844614745043886262092130026910431649410137808998140001299072015668378832527131698437952756824731874383109580552609165365291258316846415900940000036533462727069381383102843966030301572777218612257433705276554976159252337188762767432229849816472041137202"
"-19/100","2.816722131287802648874954711362310074859633951050417245282042600564853345537886385605799794193310754554312984753599542828610422549725501079228269678571138423584132597040701123940755740666025878411260750964666190384087104215842266562459278869325216274637820191083379399907454040587682773126"
"-9/50","2.93364515920403525939108702576834994134795478302119939840620554760229180093014520344412047873581633264629340922680005617443405333985050097474776811782842230860312550065271121474464026282821701813521413787464038908065270935229789226910475066430795637589741056561632834933005623067438111159"
"-17/100","3.049664211217956525225333165147926383132275417984106234781489233517747989213495829615585549676533608342400746968269576362441460507263120112264621276449680579818439537526220462953475063096590842315651839679521667412466176900920328462252726185841951797605332102404648813995287790642503534961"
"-4/25","3.164234525391683798194321874533441874818974698619006311992034080729400123543397534856873004805068727310111265499258124135212510185182934053924111576499943142899504386318735816960228263356567297460603740667388999473883889444395702423911181684531902469710698924858253730487695875919212005168"
"-3/20","3.276769797586379432199190898906025244750031251627875229380485519756351364288120967341800198245735359675079385199922056148192079178049548619594436550107470651356502696343106437355379530115787741282994998554808849212424577634359556621057202345924280147541636465394348370350435236696335035322"
"-7/50","3.386645641100781050828225462418105620959344789976434356772128365737013037022049483442129044446786647956200741770634587023532855610600349363559126115873746875061123562315554395386674190414106257480115610754821210561755373963065043997007060292298187062995729144184840114738651898991275696909"
"-13/100","3.493204430210087208062948337410272266771303674526783860644569771892292241888055245199560846752437961877356495291926884550302453100031217208330311387809708752174234695405660051064858323960060091517162136091952726969354645001055280139244009853462258239818013593020761617549923377924827765319"
"-3/25","3.595761602881264425008254689373359629253601642782880708420604307814763575468953819078944513935985619173885364313568358248444157957575078447287060996868355431682997957558778196938731716797997627686367396060945396561669028948268341904763083598763247381826890879242261250720798440172632223807"
"-11/100","3.693613447673517994081768789015705757802728461884596894220025082986500901312324163869841954675133828523467369199878242847014826315967689836806879491647849512488265910583002813918130508942181526795221372779872595374930067438915578927457978652395778504561233948447718101455365735642837948744"
"-1/10","3.786046337594551448060642989450093003475322842806155753844157041516825415372669833788145752787290336556582760236156072316459471673894999141334016578783546065869360633448104718509573101286664914632718282294095042668053771516525670277268896844399036925243477387560355298930771490508626985752"
"-9/100","3.872347301307602475034859248926353012841540392582309184837895253974427732162638475381786344656075076755709549043585610189189488946204530668576948199399027647972882749937038907833997138384856413876904002022940534167386289169076268686519112159379145903203329784117200982226904897339742260137"
"-2/25","3.951815742775913213305053510923719670450687226791671254416384558503601617960647907951440855673946314024797489945692952616248774169671761341990771903165038072244037889844213539042270963940966082404730237849443905190861521518428696722735111557661744827056646899713854211570347227840001872951"
"-7/100","4.023776038770743398234187003742719763597291058143465673189859305343574378725517150569002289955639637203053905239384575099866572901286711333592814754060120335625690783598518633675102549770564618056783551885488415975950690883953436973058274690125777227998172570999929535600339209122943914212"
"-3/50","4.087590665436045985651590690211994280113600889398956545513011598796721988031574071497913936169309846764194694992813241693697208372819678846801651970594546483048583320119876719608268988199874853579903490077183991184402351926039224031640186375094139941991180368927950703425471950971501309637"
"-1/20","4.142673436895446835028615673917314775211501024653871763171701721954051633338862742032255627767655877600396955168920746175205873115007016393522471594581587468142914406727704978095659711388194101873802098676046182901052477031218302721076761295007988891132889166809626360546117462707527296675"
"-1/25","4.188502387540800139721503408404169814322749629837582067528779676581910761441493633737409012912065600396725445695445634549074897341362691444041777009239892591082305069678970291080524841107747306843247490190160684093730179852094323086634958636850582107773522189075044624131964049006044804788"
"-3/100","4.224631801492806120195695357215599620700288841385129293990720019915411614743835819404045102596409157475235149457031781545799295323547568058062086209022352984852590302390365388436440213060525186732035332488713562981011014692966485485634939981914728524690764314563184368903996509232586926849"
"-1/50","4.250702892799683652153165392956016877176430300798072672454376573758600879140328588807288949253969839159421459891748008899972836432627718931666781062129972934860140663240250290962184296189417077450099774792101801578695599957499786645291919154097703653794912764896890298327423368408863165651"
"-1/100","4.266452671186295695530590622833623992329177771497072065101163404376301686529700340967889391524938519021956111727356418436575430461605590060808824137286245543598001726426536645683151688175676816852982554593614467731577899431991999701355584863160422125227314716902730846866138690228669076412"
"0","4.271720590849164737271559061421256430167509531923156246608013699069088642244652552408200425343483077354194844931405714298144954831203912690219516992969510480105751893022928968790706419020330069851003874345703161389665094089023961897244401140287458222000120486832845729486121561186560200343"
"1/100","4.266452671186295695530590622833623992329177771497072065101163404376301686529700340967889391524938519021956111727356418436575430461605590060808824137286245543598001726426536645683151688175676816852982554593614467731577899431991999701355584863160422125227314716902730846866138690228669076412"
"1/50","4.250702892799683652153165392956016877176430300798072672454376573758600879140328588807288949253969839159421459891748008899972836432627718931666781062129972934860140663240250290962184296189417077450099774792101801578695599957499786645291919154097703653794912764896890298327423368408863165651"
"3/100","4.224631801492806120195695357215599620700288841385129293990720019915411614743835819404045102596409157475235149457031781545799295323547568058062086209022352984852590302390365388436440213060525186732035332488713562981011014692966485485634939981914728524690764314563184368903996509232586926849"
"1/25","4.188502387540800139721503408404169814322749629837582067528779676581910761441493633737409012912065600396725445695445634549074897341362691444041777009239892591082305069678970291080524841107747306843247490190160684093730179852094323086634958636850582107773522189075044624131964049006044804788"
"1/20","4.142673436895446835028615673917314775211501024653871763171701721954051633338862742032255627767655877600396955168920746175205873115007016393522471594581587468142914406727704978095659711388194101873802098676046182901052477031218302721076761295007988891132889166809626360546117462707527296675"
"3/50","4.0875906654360459856515906902119942801136008893989565455130115987967219880315740714979139361693098467641946949928132416936972083728196788468016519705945464830485833201198767196082689881998748535799034900771839911844023519260392240316401863750941399419911803689279507034254719509715013096367"
"7/100","4.023776038770743398234187003742719763597291058143465673189859305343574378725517150569002289955639637203053905239384575099866572901286711333592814754060120335625690783598518633675102549770564618056783551885488415975950690883953436973058274690125777227998172570999929535600339209122943914212"
"2/25","3.9518157427759132133050535109237196704506872267916712544163845585036016179606479079514408556739463140247974899456929526162487741696717613419907719031650380722440378898442135390422709639409660824047302378494439051908615215184286967227351115576617448270566468997138542115703472278400018729513"
"9/100","3.8723473013076024750348592489263530128415403925823091848378952539744277321626384753817863446560750767557095490435856101891894889462045306685769481993990276479728827499370389078339971383848564138769040020229405341673862891690762686865191121593791459032033297841172009822269048973397422601366"
"1/10","3.7860463375945514480606429894500930034753228428061557538441570415168254153726698337881457527872903365565827602361560723164594716738949991413340165787835460658693606334481047185095731012866649146327182822940950426680537715165256702772688968443990369252434773875603552989307714905086269857522"
"11/100","3.6936134476735179940817687890157057578027284618845968942200250829865009013123241638698419546751338285234673691998782428470148263159676898368068794916478495124882659105830028139181305089421815267952213727798725953749300674389155789274579786523957785045612339484477181014553657356428379487439"
"3/25","3.5957616028812644250082546893733596292536016427828807084206043078147635754689538190789445139359856191738853643135683582484441579575750784472870609968683554316829979575587781969387317167979976276863673960609453965616690289482683419047630835987632473818268908792422612507207984401726322238067"
"13/100","3.4932044302100872080629483374102722667713036745267838606445697718922922418880552451995608467524379618773564952919268845503024531000312172083303113878097087521742346954056600510648583239600600915171621360919527269693546450010552801392440098534622582398180135930207616175499233779248277653189"
"7/50","3.3866456411007810508282254624181056209593447899764343567721283657370130370220494834421290444467866479562007417706345870235328556106003493635591261158737468750611235623155543953866741904141062574801156107548212105617553739630650439970070602922981870629957291441848401147386518989912756969092"
"3/20","3.2767697975863794321991908989060252447500312516278752293804855197563513642881209673418001982457353596750793851999220561481920791780495486195944365501074706513565026963431064373553795301157877412829949985548088492124245776343595566210572023459242801475416364653943483703504352366963350353216"
"4/25","3.1642345253916837981943218745334418748189746986190063119920340807294001235433975348568730048050687273101112654992581241352125101851829340539241115764999431428995043863187358169602282633565672974606037406673889994738838894443957024239111816845319024697106989248582537304876958759192120051678"
"17/100","3.0496642112179565252253331651479263831322754179841062347814892335177479892134958296155855496765336083424007469682695763624414605072631201122646212764496805798184395375262204629534750630965908423156518396795216674124661769009203284622527261858419517976053321024046488139952877906425035349608"
"9/50","2.9336451592040352593910870257683499413479547830211993984062055476022918009301452034441204787358163326462934092268000561744340533398505009747477681178284223086031255006527112147446402628282170181352141378746403890806527093522978922691047506643079563758974105656163283493300562306743811115898"
"19/100","2.8167221312878026488749547113623100748596339510504172452820426005648533455378863856057997941933107545543129847535995428286104225497255010792282696785711384235841325970407011239407557406660258784112607509646661903840871042158422665624592788693252162746378201910833793999074540405876827731263"
"1/5","2.6993961584986995393964757858813903938446147450438862620921300269104316494101378089981400012990720156683788325271316984379527568247318743831095805526091653652912583168464159009400000365334627270693813831028439660303015727772186122574337052765549761592523371887627674322298498164720411372017"
"21/100","2.58212348469493472952512810449129411273862726321494470091360329601081173416190714458238107885411639758361819795600912239124682636977709370769401535734315670466712256874427419823239885184844509559237001262859602566786291583578497864872474578524389299525886411040627025076300288780629498571957"
"11/50","2.4653154897872810324372462586630125243467569277696882358519050534811801690646460710569856648806965637282512028617095889369964259284864716160222237717866272661950256833326179350020438787364350489913101626633224925116230472153628584272044708403831030334071083324754367320102184185505098321634"
"23/100","2.34933943446853579492271096112141874383798767176323096843365672313745395399051417044084020618262058493095139951782333812320840347275090921986366115601788730167739882460138875943886722330523548066887298066180635054035260578145183843000197009420892662310321582069964548908621432034780907537328"
"6/25","2.23451987107128419797242727321965753499379739455792363586752754517038915703009290263585488546351459599389156980184609147889752857606723225037278044892013453102244215840755158348673868483312468546077844987116285673732598921916358772131164167889337147551471425985906892646341827186620678868016"
"1/4","2.1211405735518015187442686714177719522381291905343364842988094618665182323872317818799773286429806743133893881768090191186376375604451234710526431477652265713881300572886678956218054269275343796903395045553002996306308740352985412286955943686229542452901377429426726476702558403578973119294"
"13/50","2.0094468520007237674802896824094197846050929874263769782673321465556289659317247391831838876458896457617128617384028637752785987944433272104304657485198778208864569298562147523532835515928926406075628210145928402747167230952114510675087019324268346242560388402606534633776655007176143272514"
"27/100","1.8996481319711840472141897928095207135657619435261886893073954231632392262231807649022755860153840318969376959574054719658022255518547660588736436052604135033301384465146421788731854867034476071521528354195744046316312147934262558469417211033099878159473411642470502984880824320654135048601"
"7/25","1.7919206950054737099623723635003146927325438418952465705217793611645475065948211684780088179112300019500897172788095498536483951567113991132609833478760976186288700334687426729208446043103283342763997870013465262518050496061928274002458740641346741509310290883249930528075983760726418719704"
"29/100","1.6864104930134217185507362312633557757229024428861428704047350807634372545241931813557711792941186941193461332334124666220230191750512325358472618274741601035780311341689125700786216449800873940374521274956189987701603134807499510821713791662128963051766521738810314947542064630719207699925"
"3/10","1.583235964849666648046532443343689702005508286977433858425054223720154922244536659865025321348305192482775601200672635467251415941110684596962735413449411608734307520708712893426722909593158568412680203121420714017059618669553257627485741228912628189023647069168926551324383574080978809615"
"31/100","1.4824907980254646338577285365661878474966382067846942009105049227642092442334315358718932850145874339866205537693199174522291101460538173597159285074843474170196774420619765521907210351280660911310327006706743000963091075702551962839851414134168151328202170035569667199898397857772937637082"
"8/25","1.3842465916440470897757497048888519478637112787959388885273367918314202564106590869183295386615543212972354008806988851437647511412910584468089786486072052964927788455663825384735822984636214961807385087525152493524797552127517453853504298829082884968614547205011094335610696979153289406319"
"33/100","1.2885553881971293570473853567035879693594018345947094463020653478623579173220168352729343916432661049800209515642698980191684086773780013929188036727005103094348166547860540443985613267821653731902932503977632738787699029697274543700230550898289066441238262226791893237550768172752008322644"
"17/50","1.195452051757250015527839467048845076437327118065086000465490569342729935025630255908278223195548049044563691099757648032094110409117089079252459061175654786624946830799438961705531272206049848782187594985235156691774297313107285008818486599142390692326103824709396092617610982415293477323"
"7/20","1.1049564783889419765418751473623730019022643487115647048460348982779897080408899364862167444359272812606451792266902617690432536379114768139803290262299759444587393215552190183527823374434705541140616087382879121056749197216544646893532290367368844854727711586662199151947797244055352718228"
"9/25","1.0170756313848572888826711053577349420252286830596111500367615248688064570855831857082586199772170539660036082595328950015838689969111572408496205749231940093377581735262904649430498723619002384560429370153499645889083016453125334596841614085108344653746302219685430588751632939850255519923"
"37/100","0.9318053993518656488516562597489456369032294377847670652300110962698839135386169698343858751532870701175493125541532619009323522351692922795763143608781446993452406909468764478132219545194099802795433221735007556897638465421368893865889797086639944455308352587795048253320245143039047045932"
"19/50","0.8491322793870175983865383035873966785372024797282420318707623013543753346553728405268448321504055427551838556839922809450554034948623821309520746609008779242560088372373398715122221245167500391007468301716947230780309307267301308677244174321555653111650622735767529763945138093831033892886"
"39/100","0.7690348907600463909074299421026554106317302801541690863143514719809817991295260023939177425296071896718240408706711858116150878907951480141412847327921074209626702718552541639200252594386182356695517192200537732283714187799319422570385215279366091103987909537962918056282042616958143356112"
"2/5","0.6914853268201238474551107348122833675699392321105936066058557491445754902466228474328281266405436739137649255717704154381594073089442099299758514686026562913538288786019042905964849537284154707692915146665975348943051806670280839111690167615422210950155982449519699200543113798410040497641"
"41/100","0.616450354422911527826872782656518299642132261594653759439548934689327414990905908391236231353287644721649336395688117783821116525907777368461767996426317153070955215587023416129778546955206850173398320808649290025747602960095526090017208044802980208609683496720785428117934071388215418567"
"21/50","0.5438924711709757656356937400096897828090840589846371472603013310438871292262235296245083357765670283465242540288544856161293904627096093920683511426497048313585912631291346228425423695408679720957277933430945528450019357355611756180228069500354418056365197441619267422519139856037925382125"
"43/100","0.4737708313082317657158788997994445576636638221385388310334096397497897585921644334547342664319888004434700663981509426251847389464663073329121365570637184694041659856924235629694966222093397168545855142807502923967570015693075774072165747804970649906072473002378709966794407457484110607277"
"11/25","0.4060420513403507756063320234575901473141107462045475289628126028053339026020314471314691910603427397209327620591187055001375610083811631197763579354745742720410404560865899279186778633987694691847670084831252394366059863903091947346458194986954370534518664615195905708084994288537480464658"
"9/20","0.3406609065387947601270589413334640409820352695752019782605093184124202726275962686883409677537594172029241961002895369762842738162434997273724953327143372692522434818145849707254916718846689213274443486287707994028072354549148165219356555124515352411924198024514533765316764852101627494996"
"23/50","0.2775809297671673099589715566797816802369621401524491915163027034658374297778604105304410624419415471635995056244947870461070267655717563192005136628906813850483197685772381781527911049816342530844930706306080177233895163482159632012927900765158296041026910000725789843879311475270128559981"
"47/100","0.2167549256255620902638027966718465915523703809650262904057193424502507429338842112964589106449530296795729641906911519617610350253904476811643267984001699567604317083173778361224877987319537438427318383813453270127264385374196166072479001113246981941424432004230034921183307850427269891792"
"12/25","0.1581354206767211814447566154683641219091855552649954589670358620623572263249920324104916688458727604286576905104145889491745121057011410872052570464828409122897361298036667343770841161800995554309496020527172417094903374985890454841889843920780939875635082637491714285158052184853732957358"
"49/100","0.1016751176619317730264125651150915777201222923831149068457113888597702908603117735526029643612108835401240400802421503465538295772582271997590857934796973288736896815105187851591172407670886704775621650533724764017706889164529035283582245664367520799988553518103182663348557944526011217852"
"1/2","0.0473279445835768229771033615443568971088863474685423900638396848780776147329522157632541855383545279703393496544654715264758824189805566655131832542986614912923060637897288792031300968195970220140150203396378859651466041917052220821492272150054981201870754951159411081898102046447058314917"
"51/100","0.0049968607314520212099852194718446697614490130641759332682486482904452551430593654302208482341166779068632316421545530817037264252921910035649737422460326732736363352602072355336404452718172636116624347771870918973272915523603338607240180018952958850235289908887323572113794660688379439601"
"13/25","0.0552282600312850514664228032625779576423338127259161535709381883621744151480919860750191665915065608695002921034835183747554771271618663695659499065372854023866442666308470123628746793803206589017460096285644920187647430266993389225614440598921864011470426503535977409392617185973416858293"
"53/100","0.1035172767732473670802474635695160915532285039326633795678996818581711675158162963581316734898047994936592743283008677277749737455632008835245420184811282080898581839964391549479464643816159138824372362657167850183445557382374371133199444519363150100016645431789791664771841376006743806189"
"27/50","0.1498769158378809573164366848504636339646937749215481754441301145658237304194173455755295307266748719646192597415895611769533709762354451180732420969010973080050535649034292739814849214030762446287261774574090199569119878667752938241476862872829315202721777590959274207800785509297353616688"
"11/20","0.1943492983213400307625464071624979545997029475798785889810445214282712176654567344263469476830297280671777283131469686456206509783130760175363112434760940791495373653271367276683687781407719633253811596540037115571565417803567181180437266486546856983932384502681134802214712075541273804311"
"14/25","0.2369759883050272172837426537997135445985508231710621479956611405710733459153409036407328904789350209706314596981613930412191209288779686746025832063203062247564131523197574831897361626586995188376026800721374823346826352258474072460075338011212216130736154466313209840529018507653366279107"
"57/100","0.2777974967720057471284888291515669975949200367740000657356753659124145584499581294831989393050765809075184881392184886960687976810785797832733609474278205696693460095531433707634695092426814304999327749665615439319925184911617708855188005028689179305698148522006681688690935854900842411566"
"29/50","0.3168532038740263892737259029895625601210258724290972760884553633620306743438180247036609245148432989434380061725427298913137611602457686011482642070867218808055749962301554327294376673007116358933269959661149181549291506889637140006389268124601701876656603347145806462820290256074123227163"
"59/100","0.3541813517988963845939887201210782126082861555578089508120611369275744010884161063307094015819731181911154018633184271580422636031123029213394007709729910030099106576938242343891351236707750975913761858587875445887023054340129396027892447486643292796189447668366499693251652137780500642766"
"3/5","0.3898190638405733184145241092863267651060186872913263576108472020562631646531911108128422299223537342711034094643539614575437473547665848686035595992368341150191790766194734964332251691983407174937440072528330508854787651983082229947380173004894903483208087088869798872140784193209087345278"
"61/100","0.4238023785085110575871709430050049255286487757268456508952615967336317390115589144278012156421000898526687813346172543716275565971254123948507545280936430095259858886730879651473888943018215561842567766561031630115172688097343049717798820871754984651367029984469196936219658780157895153351"
"31/50","0.4561662940229446446446677172096871636313920373627420879062903259232597650843348232777622419647745783381062762263927125283430307143082616356946052488983241554472303671192020362893969497761840836187951430629236836154162802150982691802285181641920600347421897214940960095583045142367053245182"
"63/100","0.4869448203972715290409994746743240521149100529486912190094569428290718447465196692207904963359630867180978586567347077216346963052871810335801263634832176772301372696504976772222833780008194423840292154460336652756473875644840902918522918728667786237641758431906416359342187946877305030027"
"16/25","0.5161710370426068979622611279609912447818112729093359385543854860080747333458621998285893231242372279659075630077812908406860473668885813064793758279272130564311519939456706753556083075341757936488305328665722686943481749849328041516981239415902523261104369892868593864557189288367952140951"
"13/20","0.5438771542215230046628304906153051087660845205054531339463908396993620236707493904174060507279985034895459915101764766535897276409526076067619197199663651526088474050302095680804278389605280521887472711688238416882808794146166032036691095150014041332576270186125115641957814593531331805249"
"33/50","0.5700945769409468804128335455177098129138223477067939345459517153377967919349308739995340249040748977705683687925266762294735341921978290130974330809230115874372445577163213860598152931074871707492296869854060444986290931463499997424664175022703673690778844462273311018677601447665271900545"
"67/100","0.5948539700771495832578247497470437455193850190656439012501148669467889123459938493480999425826079627438902163439342404043793844115693021915901996079612925251983994766395946186692226125558863211527755272323077817618759149804338766417128697070070040757145600157996781270604196098057797313055"
"17/25","0.618185323694598079216564727670003962367338043046993508376323651258435212062782792108779061692248811250945018373768311449333247812170196032266609864662347246797228131371227428002343664949590265263371222308960994797658146928583130035375811561770992892717091108467833516153264579006850959821"
"69/100","0.6401180176664011680094995313064758853583593659959065270813712519529762329376030214326214744121094161843388856180482434031789873851743139662514295015779705470719497816736150609349644326523452530014144696608007068382309248401413492902878323976053045317049771785193198434411127032857113267723"
"7/10","0.6606808848328437570770236068009474637147253155658167046639772688186776381968209765782455252450132614849645143176675938065383422862426264985548162243297746069157871263287387845822925737117677686789731836905611024703989691242446086314910340066129091768418907747477018791990044648206156704075"
"71/100","0.6799022720493964168529121093979249254990753405040598054014500312923219082670013363152370919415965343979108825464902681436090972111411155077483597726048054242056248749587824805226698272445138256158112697317725115624728652976528953814351355142164150286122543770061413902365138086334031756783"
"18/25","0.6978100985788216889300692141120152332070264883464043456516585017018463992015032273327985462512646785084293758365786056519869880720330477353386622394004616057514067939056771407936179684474095097176925261434403882047654693627847204474885865549618481981327449673931383565106172352159555832335"
"73/100","0.7144319113751891890433294971131878032223380591927772425476354790506952791766987289360733887043070725577225170521467801180789096473515178123152172745139345879680133714959465551777344136320108891814403233178682855199758487978067049768354272242116222636047919721978523562851897461620975990289"
"37/50","0.7297949368920080040265581356278908377688183789978007919007155901053672163456968103688790067979492045782791031337642715443516080301740031366142791403520561918190316411076969808277981574635763996991259170719526298542594128119527531624104477067622985184121925642699502811761967494651234259021"
"3/4","0.7439261291232883850633469776423515058264261591302901982660363663021741037894855505988639338021477780045294016491698764931479628962444606368948378870221272296495555989095703785468853327674763033429733267059481988440539850546023469978337465872987469997915991522670334537875991347125709366715"
"19/25","0.7568522136559711874789699681827123214782336677086258091428989424704293262804669937304593221174031812127603348493004744049727983221890209787769959372211079840927106452412908277428086651986531782856685306149494879385848731876119586420543210382980384778424818602209315978890776677863262774608"
"77/100","0.768599727575482731916895819048857927424433741170246807469479842501784942173717796415107780615828526916183647669427525679993880943324615256354240485886023167318664912638632731027082691043776552452192971290685017634496182011993493648115188234949216902529537431167559460092933281895334547921"
"39/50","0.7791950551237357782726466538549309040509714339607544855109352302461358990708036864503753057902093202381863777660093888080576787325433770272195269010459895502001248412228706191556561663027948793405937087544240512118557917161591933701244551682617361515411515633239505581436046185247738274878"
"79/100","0.7886644590611572405411097976699848050757137292440670176756514448378136194050861719596211946016149989775119332542910396808224148775224676602710559839570032943984907435587536215729266506739486995702917629967431213764082004881070807074506433218678333651214276111219610527075666830495211796259"
"4/5","0.7970341077316526208911202071428309452711163190409513266483839888021648467327249709397766456774300223335699165912259187637799581882383217093987774299771736303939801518133489850388288978569186872183364496708631973123823270509233368825631778201335917027768770903491775667819161558262375739563"
"81/100","0.8043300978721226036344725058390141195677011186876071709324959136007346439689819676679299490619986137779632274136315961094121907609663715142522126532944873403540078525588245907194594866376610015304540767326165426988767067880353243504363499089283762721512194475098994197398809339147327981155"
"41/50","0.8105784732464827739931752249522779383387730534120234510808807875206549593578548899722571683639636906816925256615669025397139967631182637549866140001771175479645411772610919099071427380699199285616351036496173391872076152298450008756712251299069689272027238974794510482095773105493689803243"
"83/100","0.8158052392183157637916107183081263248146719208044965231160697427903627492183215357147588140579635304049135014161932928297373431540906759864104313167371788561948530282022724012950540400723737495531714783355633134705931707295093829606253678078667866399550876902509928824837636125017860313114"
"21/25","0.82003637340648803479895304686857535547159680099227571204866874292560982199522445952936189780935934112200531179837434418000652694077712787008599323927486115852477849040497841496218123119381600127154295828686461931706452113096813499257344921205242342809244123971612936690884894817288741824"
"17/20","0.823297832594450696636820036189848186749774588786320097855589089327063928685928475366065292707617706802218842540555283439421709922893987078890668980119918911909607965140259704114120709256614764226745245725709734098432358187131452092266645665112555488333096189067434306410685599294032289225"
"43/50","0.8256155560866605987220111082200985303307771095591146673372386223062265593842629891988204758643696806480686499168602091182836546765965058613291098944278588614651277832362468552883725759343993853031747311171623694653865780874015405775595185400867037752537170048268787431709212636457062592429"
"87/100","0.8270154657247420355419280617704155049294148120926586748796441517193340882169870902415094865571428026191781619276515702385282844168654910623418203434545468646355422499408790419733589029102496767301542564083428804418164029833103616388391384186697699518015998244586833307691073542927992120405"
"22/25","0.8275234627917960016052900097166937801784116534153979142291461169994356677762455330902566419766869237151599066847783894806900956058829406830721289838082655787158499196083308818901538608426101518342419075301567101175071782463558320142992122293755343435880038878556375561442252070304847047196"
"89/100","0.827165422045790239507110391044074617082897043008411958289723170663165519217101122702381393308618911034053261472722505448973046129418995141733228535612826495257526406411731357190424486776170401177907294928233819011655181493352705767159995354162286144304659504785689611116343272593426597806"
"9/10","0.8259671831323718372357504363540107893181916535193776329223774298313236506156463376995203188782585111268467707834477220662660576287404814156046099747775521374434574541635075940584657138951666358180139389316390276306179867470504138020759867132686288314406836814891866867522786516765871475167"
"91/100","0.8239545396338849820721458225444461783729511886605087310342529680862707502191626459458270592692832115234265152207390542202800338942608198719457372151590880096784632746148905591628873930491838250675765660604111835938806594234394121557370094613680575019273641951172365229981693809072922830524"
"23/25","0.8211532260150089163227132429485828657213947590049719569761403048980206158265453582695691344103689544302507150165055505702917231888151008982434793953474303246738988889394355847063237534079544005232808805078721245687625670096803725135257414912791408085130400266224828321347781365426362840981"
"93/100","0.817588902726424215191638040237026530622010134891832449389722970695685973917134058058688755621597532094047003790687425783448103577619728572190476644216252770979572515557243919684162976297092909983500403124135679236070290704122113345661174117565618277206220808566251323336535608138970790914"
"47/50","0.8132871397264480613759130850920441625866220009016137068708378597274276955403543897776180358131666702186796794037088774458854802098332897943813316300146286165282956062322224166413449995204105133584263665761818081290036003225957960423843519770210071147255392720796944926890697155021222129015"
"19/20","0.8082733986768392461823473394944353845962154258698271835335801251127106355448864201148830135238516270723612670191143917467126607193054250294855494825740272202360083551459153286441184876399911061722718096351471063275399986436983150228028211182126129242368962694045502151808219380937077139357"
"24/25","0.80257301406315727088489109609855111857566496371953049864367809642679346136301956330038098655415817600248979088319725230616083784943675087274173912010040089309901460517735569637338428024785515463518885650673139341939841049828937533685979715757620103996949107176034759248548262412870530309434"
"97/100","0.79621117348236979237007602189475415642839827999000044550528858334157063150338071739649119875117369506804958739975379691193739607285160489347694574287870831155479594625046524001018884660529139377953817930626412418645461336354211854012782054891624366337167787993582149407593592268084403998219"
"49/50","0.78921289733104612031020821696672450356906703251007335324881223756183665148795694747013218729500621560698234351173887061005955595148974280683395472672747288870321954159255944113530690781104078451785050355890054211551264528462354828242127994209424513661430255636855102298953467589502698633042"
"99/100","0.78160301811666159149233293125458874463942177885972084515731284556377750152712361672033701160397497069583539900117246704125909521494617911755716845985076039903080289972125925946222950774957099882091444634471648241944396741361739501536893141315647861053651503795389346780539730356303721477672"
"1","0.77340615960247902197021839438047041028256925084414612959603508226730077317240801086724085378249814266033023610724376776554987649748247039892583119075927125849657700103401330571955708162375831293499089903856308330794840289253025761000949859369393310100063199267950425685511753166095712137771"
"1 1/100","0.76464671598337800992337320654886954497757163687921094762172496920754647512271248984147276386603113081122856364010968097462102594790228943052731219352732630634250756813524174303196583705882897253480368038440743662449851331528078429448249214629845022114990780349009649117009313200186247503173"
"1 1/50","0.75534883127607574002610462915334029835484084791016650290251990556258472770988326198000649242112126088026001082899115211769675190465332585408968184488895378949577261492136897858187705388831232055447566729283846342077450639107783776259944256776535440887759933046903900161388274107701887414523"
"1 3/100","0.74553637909262332118735589525939072955136555170505771432507637883366519707629002501070405273905997993107540303489469899719297115769664474383104921234961692934994366003508771383986766437982747133938494678678701061743989721166376614479870760810623441245767094774128109653396492684689309597525"
"1 1/25","0.73523294295106092616541039032648369110681713354269778969177347323554859821363774376894965460306410816191470064704808937417722214701660463123330108612718320358184208012713876795149641912785169227701585889152965589147698123418469461512839702384188134457633737913296993224637822566031392963264"
"1 1/20","0.72446179726185485564620768019135189862259677393380969034667015810961968627999196399662976015149958872352658301306803715257715875386353725260910345670916588104391277957966538650621127560849859591954351766129688202985414871473374764289711262774884792939020187441196653338569670922324687667904"
"1 3/50","0.71324588911339076792740918917230450835305754574622778338593611621229096792162382999378232471738566824140192490027193259789642436966008934338095230944868813331919777406284325514598517327474422990199869719382007594687150915975947608776464548793152052742890951792400845073471419574891456366212"
"1 7/100","0.70160782096451795101109965711937268646192533667251371849134314144825531729053687237011338204754271483519974657870912905520194684699630374149340177359567269557231686693802216097989193212013594169881947795902528337786317268855678571884665528589423385735092498830517942299958946790835485633165"
"1 2/25","0.6895698343370745041327235168782563994398394848327847585723087896672103285946815822445885858999380849205621540237817184962033920546017985746997823765870408094195204704240193688350640931444609426779742359794022694246552730798728225423483203974712114951432413498636557299348030752972280222173"
"1 9/100","0.6771537945866033063867168240822418280114744644617500581834460772603526280152195688672851537937579322182047891962861555950544081654621542134416159635277662734266295813075961187648321844212207861707467846394554460656692940565130678085667051910767072448332956782385972207293181043113022973812"
"1 1/10","0.6643811768152096812929398267624414628559195287701699767291402575933895002414267922606423846811356212253291697846324880213057560391122603539168384045016856442765397253100894401390114281209436870609149596422489221884567001856586103143039384273217001840631211414796714866477424368777071452055"
"1 11/100","0.6512730529768148119258107711025128105091740291707333432623862721155446626909611121068847427732660602450173186814316804129980759303662837727892684229932681495667025445853977448172591107447304473831073522920035402358049839239727910592663259789174740438849994417239064192621822018045878739737"
"1 3/25","0.6378500802120104086168142719220821330698273377431535816385253156277008666138924797501768032352822144463181269290988699498833277520425832114474196867618457740509709554789974050459264611324184110281206236461439009842470027321831216870605681888357162571759950038512872309568355193256320523064"
"1 13/100","0.6241324904373913800698064846967832418330927253794737210825788896154245727449041909990343085610288705586451117006060015305960580336962681038484299165651809868663214301635471276058210625709710686290585535211493350731486881049230339034695686357062516466503939956127787817899903775269440468462"
"1 7/50","0.6101400812026915401389265632624782305480447331752555359073927999466706642836494311461157366884331681283163199435266375853137187698739345833904606596257748072041754224744448664985812186007265161546229312532399574202775835711644331057697007767895465186042823716764805736410614711531662081983"
"1 3/20","0.5958922078183162516747509119563516762884437384600956887569371024628523065676586474241311357797922279732465483367269314525406570688459428712758298731596415759834952706393250792575699361282428041484139145644999300813837537420915668777951459066280770061065980956441378486200418322774696904063"
"1 4/25","0.5814077767459859860451251279301423650421481942607406999925704622168699064150809374710560587053777997147382589812830866241705205994120729585959887801948912413643351561073519221926208885920047608531133834087417684335933308464935954820108634733281328361507141519152899504821597486265135398399"
"1 17/100","0.5667052402361946109059824078733206076827936892407323432976281016311266744790845197560002316120634198347906633769484223694553610149351173527124904708688154119462423319262587592339235727996286781337803438359370059874110290191632906836014663275175570089654786162423002314899146585797529095833"
"1 9/50","0.5518025921880532463397777697179550488119953101002093805972958149541993927076466530938808164623091301923531226400690402694171902926713982283031834519320245235696130034325495971879855265784949407174864803078302311531696788707962263110299821305972658048971497176641954863192544571210643576805"
"1 19/100","0.5367173651998321069147107770241628310128730777572272477277697881744594017314219649155691605366964746004098583757013286452136792708864427761739140485473659007810685131752630657133019655249691381450619320456564903504092377862705675238789478120806153614188394655026286006550030761874520107337"
"1 1/5","0.5214666287721172309185347407585678908879221874489725193357880301592390355674460633477424886546843287664121037673659283420610671904381753928618364853760663062566982507897776431857801147048160757214980285471390521752058900631983801714015257496313314219837878401957753253610039430844812393044"
"1 21/100","0.5060669886199468540147456634587405723109019746138711324984577490380214354543140315956355464731120578750630513061388294280421353085715139469425634733137351544084883410108457518425739813719268374182709262633849309105454347205947136492737804620567514123185135587867260324695123590458805386037"
"1 11/50","0.490534587045557110532571130865011614148038570140941168280051787760194161729649222830835126822664498271346131022619951264326376163923776006375820125202427478619438939412002827120989593012512429730426097188123948404948007417114417986475318570639738753246743296454774033404686168579000175767"
"1 23/100","0.4748851043194167927689476627949267682037592678838061868827977604530580009274920556940834548986940073227323569424915131553224170165981904655329902296157876926266712310543782709626397325121512435760673010325359891179152265806218868260612108446349183874331911895821803834681585115313542273596"
"1 6/25","0.4591337610140295865240083176449264526097067252743831409916274464013439282818845077485612473405236540699703177262268942509935014620175215669328940641468068038859655127732434691186589732018225883066072759997576611507698730129500805011723767615398881979346781834580394420768469550889082350936"
"1 1/4","0.4432953212324896245764617588500024475795587079039185616240078261744735974335506280081811040804659467720417426653049065472485867224065709808515586205647664016473981031112545108193033462429058071162878755755303234142666355282574230528505104433592178970646552596650347403651329297568851448374"
"1 13/50","0.4273840966719501384479452186907208211745774347551063376089763907364107762162539528392858209859553593119959105897090614355961980907011038904101701807085846167182394363907321590640634655370403927291136893427301901285855593971616329680176723993318514535814128594350816291588261460351552437186"
"1 27/100","0.4114139514609620402745971448559114661152093840322821969884293919606057699723969928744288099283330782072509289112777842263571287952620099541825344239044951013590376365617504563566656093906047103983644906124192518206416014740827317069946705644924399616843201250817616875047077364769838558015"
"1 7/25","0.3953983077090160478175736475340985461260669150544425207237968760142488961126553893431836677163719898464095824114152729266697125076187080519633664458271616639509179098819132572920627635113187859504641439016393224223884695586951631732437525879344270716332567778442162058531259300804423066646"
"1 29/100","0.3793501517065364559336478622787495831515929158042715526614823061410765876669331847375976452016411714748017129996429842684602286970573230825093474532874737113740117223160837536002361565177983733009608394372607890609068900443295970760756726577146752738254841254933869411930163324622744443814"
"1 3/10","0.3632820407139878099841838168730228033552412469620976331010226969588693828085278898295144543278539892758180356702020020673834696807932627126256178607498657802085654116296334230629262400387049416159002612496548266161317675032097852572388450464842805834540430332504794340298161506729574492264"
"1 31/100","0.3472061102796335673008701428268710558364341068749182135297300283150077602664342844964387797442953856414171058046722192140394659047201038279913151969300305877034203819156030700936766196178108782173979404106774369173547355916999266549345791685293215228691928783929478438746892346463837181135"
"1 8/25","0.3311340820268023504426484434960293176296667767648030724987318049018685102591721870347691537724567588870814478967579290780535461947151327823990446969558413328287977790427010816857603894794431268243587346187908899361336106196940436552895532346017659507478688935219836391023100969436511702599"
"1 33/100","0.3150772718532589835594751474864902918059527456147096658139717188542862194036215038510884579552873004193509026045871987144636811452269765411817963607528332945574344616291604196125791051795516611904454911339718596459860241443108952692703173236815276245283807804989371225357869304135664199982"
"1 17/50","0.2990465984874498381834673959909449590449336649040944635796624011467848223875685978943651752293112699785023948841131938043691492808922205694863722840778715525901062011581621915376221645393231636276170446264348923859401948758143862913214017984595521864365811576208509314595343918612727493246"
"1 7/20","0.2830525923490314700977050098230714830708292322148775413362062740456223996805342865692016914021797908481402546137505072456982520142314886345647055245210011229800914213194619016862491726278154299533335449719355639440990190945948193709950615707002071280172307281184603004574446444752847929257"
"1 9/25","0.2671054046642846312011857107985384332368761360618253395690256067480100731800803153427406009155619169278267805408151172334284613067949002717565844565642681250798441295996163138265138260986969776381585815847262780703631802001602243356496067232267014972945160978441996739578784567607973490397"
"1 37/100","0.2512148167909334461462722984687673811136218022120889897603390078511441063052414903513679941414671180654370395767903016376050987800279804140585726297144004569998827054745763296911567642291775067529726387472087766228284133466438541885874171280725192397295541814268592045290964514529829588858"
"1 19/50","0.2353902497118494982440827299923572984438184542286816169562473124285886743610656985697241609740018808167003496974880033067860373830323682606130474066858353933952815655644642219316789397237293751187795627628592762481311315920073354406942917161819907990615131626354253403277794155913518783941"
"1 39/100","0.2196407736637038253636117967148145923726356000629924048685586210500143040959632434258191373068687467422137420833685225490960583875706030609847545092164825915340742389143285643668943254405687851899949287129831835331806676118865820180018992158496666158278158242998861570342398567046686522268"
"1 2/5","0.2039751178759072221576297874578356865959818170774492924534808966229292674420654398836861096747919090376472419767372958287246564511115723119912137118894995313344496294725201089063077470461825885758099539215971361590619381259888626841381990931134169090313710686252015646285048249195054773396"
"1 41/100","0.1884016804091671889721055731590723317181168851289309563077027213738303979354724786100904834756901241547278839306014063247570619020609210954479936067683823874773140949322537968630755148242560306227489601015318721674154750274674080284567040605671189235179239882165941414518354566447488511282"
"1 21/50","0.1729285381056071686258232154030535912695515767623182877596540729843984237327767533648218134408437095087145905490893149523555892615548696023541485336184512898328365180640793837999713414885408419653372905211444776821462243682417031149664631385450519535182084758165710055882017575909927725248"
"1 43/100","0.1575634567015674454129976057530026654382227440459122191661788062060490280987209575121644782460011015767723829326068149749399028446891395094603361667018904582982850302598591174045950217629589083137668502723955451612942805504819222447733060039343026538759169652810353246691114347951598923331"
"1 11/25","0.1423139012267647086803365002041878654619781066730552426731450148600678908542508878968403210882549623005898309617786682087762508356470509864048083908403621650691583996521979301875063302776379045042804666910815391642003594443731604826862246062447734487877306927317426833988740242451420459332"
"1 9/20","0.1271870469572547362907446213473153252034495204187999620514716032780579805126055318401053509578718828273883379965343891859483734200648163861690757281778766121332849562756485743309918326767258147036582001910191634710083004697708911015495518592739462331051756723885763919828899149287876156928"
"1 23/50","0.1121897914956392583633607109681200634674783254305635321713913600755485475078538977658577458237963804162138390799346762055336816890639058757176919897296848453689775734762191676347613813227599907989110875951592105005517790008995814571125465839399984286304183549487646106179983908949536598749"
"1 47/100","0.0973287692579061898667118999549837354730342618279647509829654375174822389225106525064615362955601224307296368394252338572570720257949766252546119175026002248318987234988301701730119521228098221454541877536627333281633365993537297434312611217007009312731997744645954273722735240038731061705"
"1 12/25","0.082610371438777534664257424146006471030973324909927434919907250883557277650993956747812977548901773604812389148944492810800348483948317101760926532598248418824827309243030420604222137557206951420834697840911238640906579098771425377719186060545034656908859063970095551773403673659261060404"
"1 49/100","0.068040779657961629618505577821328457874428331697406607487138231715728059352337895648435372136931412956735316652460187819183977238261855272539300069837633183355740989868285892954758492347822925878934377905729305972235555209628405658111194607468061934726808383235746874450180302473466488195"
"1 1/2","0.05362603868236276373277458963330515162505790327636630181230172083086877440838003307532006409909164709915191511452799970743156878022022199408089904401439914931693575221518366341165704822021481097636999386153710699977179293831468411848431988993460358030935097230883451330140450554582445632"
"1 51/100","0.0393722655481611622056902219472022584941310002672651154441077049142961865933500897308951535280010482360778876726029377638198713447326611202141281061537311573212882324879429947846448197236928997145143413245764395070952426268029999580067613813974076482137727535914417918902207662007041367784"
"1 13/25","0.0252865186586763503626312561619287121233980801727612001183051830309339906323552000894165547378971650456048032668344381160778144044009467683489547643083060956746142906001046797382284430849903744340041248940603809298189380451358473259741115607275487325961532073215319156889777941417107212584"
"1 53/100","0.0113839093491292745575549589708862519637748675566539642313565905287789780932675398523416481924738974628509940887624183522016039880538076678326137378973801085255747011940420101231874763428765414607948010894313833769462727197556439210381810956580369831975395547553908141797592645013911068912"
"1 27/50","0.0025448619826458039081978009252779641135717376183287655045042810434651718877674085174023178337764527871852925984974800203561112355274034446300539765766482983284795988127782531421507158716372356045680918287536488696392580499441202000289726777269283308734341094604308528221958783817164635142"
"1 11/20","0.0159828272014781295699913499853241638453421339810560390291690580777860989037036025739689821695080950968343368915501276797645007353579804441764787189949763974248278703527913828976218951501888235163754179268475156901682533797142167961627627369259356543163816013314386150678021674698907176613"
"1 14/25","0.0293531112230288723057079896998669783915182409452062513152577878685731611261111060509705580969219134928631787133174044706207838025743876632999504764867400588060360567024141739737966072588191290207848052834197317985478345822921846623933017376592361838196061546212769708152212834630708061168"
"1 57/100","0.0425413446697676673347341922239077271518744278477362940518438802509691674283686065313153480793744867801840719444687648853743233178204009699026420219225686055223506406006700882359508445188682497151686242039840896196468382352150972957568407498632459493985381120116246488043520379923807420163"
"1 29/50","0.0555386354085769222560681429836382346400143703445156206708882333678945703344969541074952360599736060614382725783037013368835913796929913315122595455444019905711810969015737540048807344723059033078751782857490687953833788464250972063359065761801547532405671579056253787314206875725120284254"
"1 59/100","0.0683399896527577497655411354409424356661560846504248797759637669428283952388669172522804905876451606645947355889868047677492737365153323785843323292554279297011585253755727924243181734474538161401521952946798282905205968335201320812715015691881235151339069351265282776935652186073276747895"
"1 3/5","0.080941302456826246610557559166966052294955704564639813419138279420888677785107216829952952606175826241489297960617885523682149193260146093793561629689243126415992643076498978313711098823203264327619491294606140224339795174402623997131991050831931875396121225019467394144286314319839699368"
"1 61/100","0.0933388595889877835934553959359233959309836137261533036411021747688773986960267554515235152431933951465591533039078287413595102596102154259371736471021529750585788612314865304797846207615369027332984496789873514132812521881817246324276743961370733905570177254462134023182130232585704307856"
"1 31/50","0.1055292012906079080570495591096551753939276119681294734800777910997824628265423214256597746317134746532285391411659480200493376976951772327259584223900063736460842319905116915914700690031333265787531271587494109817068102987047972654379666227065673981264694648284746393794465484090553792883"
"1 63/100","0.1175090720897079280354208249625890049753026337289880031090041721685575383652803918832697920085089757381909960540790827085611436028777163043717947215341978878433900522048789746503374990759714043285615517564463631547269916799606000494785082338000652540681320582046535270361944898247829285792"
"1 16/25","0.1292753976602180696801836580090818565917505373030790046896322392775036740308658253424712937631290369964048033780490449872066511831640703518789421411587413422787813157339303938478364854193649961815197249931312876654379826269079050966759564396959933616809454121371651649094763061204552757563"
"1 13/20","0.1408252719508430040780047036771086352215878947758108080934398986183549390196498063032479245474216546341221761049925131032725765544170682699708966992353541395341658957485811682615497509442592852672939869818834509114574951343316463819937481867008711823750422686683934894137475120588064589058"
"1 33/50","0.1521559488244156739106513793214896301120254128361078356768580253744860941273775907416719977587632709233729376309303278342511043170129239331257076784528637419744527055236455153691145145913103172284561520220248799286808578528903782901644021413493942727799481998672939200744708807606227034684"
"1 67/100","0.1632648359401230106273166578012885346530893398189755942399337079008828747524068664564678630570016048829912337881951874568125040183643532588066748362547686809449573764198881890933835077456409148486972406776344892066637971994684141252558960355868833765010446333732225673678213505764753934823"
"1 17/25","0.1741494898854744336266860449834736320173880901708439474747472232856124303229999691537218949295544877075129099199452349354305079180838723873170909620508364512633765912363101317462432679539826791414078320657238649650793651562406732521759237331884459798017838702168649432186279627950659962195"
"1 69/100","0.1848076120832395154342510247586090469103294789040227784987824292363494503218845893293383904938603303772420652760610958956945640900902709991801431859827817770752340712754306604136900869556515189687133777564164539689918321919229794937587415451580636396847936182190000749060747751053819310168"
"1 7/10","0.1952370452282828245628428244672219728791869859272627460697748059119785406816843067179743268427666988430970319156722748181656485087830342126600124639511317397734351336692156088170738879893959547887559585228193646128622567015176145535861890833205336856772562261437380273941752879575454809824"
"1 71/100","0.2054357701183662935900402827363599551371215844932951317118325724117523403754083044784448285366916714564424997141306306678396446375735513593982707932038301350958644799803063309296053862522947107748885154019602076844437572034001305508028633091713821290126207356538012856130680100962657443088"
"1 18/25","0.21540190279793655688912703337666413248954343739894610670824892541101264020598666302207253754408786043922462219629833883385941995315743712574267032220765045959677693211704348885739529972043101552566450414434449874412815293250379150876024222334325526276442349316745702806146327394367076199"
"1 73/100","0.2251336919629605861171219735026038430452384020390262167375432076345002826336450430993808325817164385057265088194315196919274813576005087381519164166760953292462711828801064501236755099797658869954392598078794418232791992311666730547267056417497420982982405530013471661333577490680752546488"
"1 37/50","0.2346295165908842803827335977327075374352370624862863707963877707828348161089699392787993067893682870670174426754668723002475361317797031544947196587892678615493699253193793610777433177863589857483537905586915913096653676318513506351229948923318294786025940444926299747476619241437855111013"
"1 3/4","0.2438878837689471156859774091780274314262740336815145860870673219761138141399680293016793271324130370737592522519476760010624213643002146715828164500447441389260773443404895203361233059736929233934768317108421222872773265037484998608019466971395082251293036044531923824847608862650538272277"
"1 19/25","0.252907426699505661910209928227119002078679155607434696511913597681693923167285924053795823541542781472804137415271294837737679770039889293205482666746091550069108319620690428445311421220375713170979787161578959781220493370305041380483669445375483240446776433872701417992254297088763838665"
"1 77/100","0.261686902864334666584323586311236831855859025071239224728976324191292483066362158862979969545268392861118076470865896602417007129747389580684230771041976787010398445185224202663547603055680178959949599439807749809131998060324050295537254669137861260520704752437878228342853797066098218924"
"1 39/50","0.2702251923319764523134121673654300933585224439034713039080053338376146003469999081429671496594509230718763437786360977380647499995764364743061046586393640521424119869878484262013401729251929726522426206464563410468672619024011058868151770321930667171397991000642309526846295832284071078223"
"1 79/100","0.2785212961935976890195641591822805414052720527959415716702069131305399109614746350212009106952153891244928493340058650247500737878375258345514495861552130852982769607297145254862018407490453234076542512149392631876451400215650380812999723448006252309318743119702152963618483409282816466581"
"1 4/5","0.2865743351137761738951425520721597914907575988324731538951223278683919173115484628550814613404533854407448440540023972068523587297318401636895634596712291979010431545367076485910520278172433754409945476337560696682834426703910449317628195968743478566534031777752279061063141300962120971952"
"1 81/100","0.2943835479833501874612120836458871333597995810047122507080793447258916844175340104301543915926138047640251160584696035850873328735054325713537786995298458274740946902162915731222025236685136338629348671350889472435967302060160020715036541961827881093451002934627965783568630296569752652996"
"1 41/50","0.3019482906620227287751270468550070203137446031590577657350220245695434378061108697869143760398400449386790724283814392833773313171550939033952471774040630915115316829804406935691442701760133486378548921117301950679105530549724865145320550820922923870274054655982518160709725887752346985577"
"1 83/100","0.3092680347988860684308046487669917790417315673269437543052353790578530995460142062053596384383757070790682641270862230997974930106148321308540253856978738538634761575835872015498792367161525278688789145307504294765437764689852444642083938859022846141744630353753592718237042793698761859887"
"1 21/25","0.3163423667194582049070549571274240691165636911971067804600978664405389684881533998667776470932363174454509783501478958845423632230046326104975511805996895212651003157471934400748551205291139048224303534494731799920021991207615041421046521720792574417494068250940779760722678813738975071227"
"1 17/20","0.3231709863682268211003819997951226454616141107263176982762082530807200086734425311183195932219918917894044820364602423468723801852340740643772134866364621606535095492310832146067398188933761520720572941204290528738599203602660511396001068058463111696972922192365544161030642240035804385837"
"1 43/50","0.3297537062960938108843365823315164224248977419795701152285210189334117319462820524689738554353885126072705092121315596877089267154077610468363710569322598719691357841621502160429884464393979873551590233096246690853598580149468260613304623077685376665028204050218282632848283856739691390313"
"1 87/100","0.3360904506825140664942273699284787726534158768215657429726194107084190028875124771297837736125085456377042263601601312124532577347632235826467612489009626788878678173701206988259755129997794305552284960235766119410994359186641812617625959452695412910737831019991404721272475720144366741242"
"1 22/25","0.3421812543825318331000401598149019578885285247344475041364559914937882931310120775848697866501885877373457792014811246622459226160927126156458527816647063681424326817010803226179486921985233162595327307033233147291690911076219666602542589677142930069390828577998514267346742005658155046902"
"1 89/100","0.3480262619893398598011755855446772770256655239270433849942603984520035692000409266203611286148682741210212977650857659060186292582630907541992753711008476041109945974956147583787511545010009587991447451473758517108306428325706608009554237116795649453669645279863839202542810425629343756901"
"1 9/10","0.353625726903422421691892125137673514474948293078595574888865442111676165447140635545722833121131586946916197755434786340076353821893652183054086439345855660824102070646078397003666269087740465531843737944495891846268358407856249381773963653667481094193146116016372341476021532427197021795"
"1 91/100","0.3589800103997935178228327876941811154275950337759054006649598205306281860864262396290329015464712444759564667481385264281343685294367739345961311801104381762998002533959467923232886274891657123507479022672627885740289033378513851504740979677943544431986170272268863345934288365248542531474"
"1 23/25","0.3640895806853058338893289495099876594151838111358123759914785974234075932660768882850742070893640651521078572714546645161660159482880230721385555816823092678400747555123981704998672045337673469803665519336138523109228334359231123352665612189722579331999855951101803791957254517419785252235"
"1 93/100","0.3689550119384835138519066764738366236814894712231119200581350246260233757144675683199059836694900273853598690152571232322054506646476072175579729706048784671651412410129268927421335520582511134170513638720505287562815276433456443941452128920128687333113967013743885845808630908780136448151"
"1 47/50","0.3735769833248211423638377036363789631383529975750225889201532614302914347330191763016122763544590993540666774332927810115357434858046916611844223013706050072265237941378890664417402428082866921957389696989250550406031069120308700071263211714940625422787122420726339728443535672455118192623"
"1 19/20","0.3779562779809910587394571972601498651554095532489685218435346266014106719285992299216796447005407369044309029415427123958004990540754645216004057848911448071843220589415457171194675879743435116111313268029275885472020367622739117913229505378984945978416940412527848722675482208481958390851"
"1 24/25","0.3820937819619094713398724358278550014255357333782993416425715045457784925550081521685184748670152791979488544100955588982177932262897125589283324328863869540577025711174826484667477970888015817237674154528532882421101472792770456963213010093133046451432174091938914122691433294596498317489"
"1 97/100","0.3859904831451269548941661549937868246604828878865983559852449862392126765442812428555243017443878692545741635819134050893881001684230709193786899182959287933012178152941922288964174143565541212255473468941819598008016586670777322768905653590567850302946253576305581517692595685972815651587"
"1 49/50","0.3896474700875288406192527390526878573622614439655935954338745612865670500544118023811902612527037770431547324507869488479868572120268647091135678840709967882617705685072132456601801576770559690125139221612215886468659650660193035381793104636892987274521968038883616771994746018784189447132"
"1 99/100","0.393065930829853743879902589875718221328371273536617868034877310704458906673675398409761322747220096090445011284979152271419752022704173317081615782985580946415469874479880958565124491324857590000313874410595308571987137181429251590703934714319071623916290411828066229207746587965127397492"
"2","0.396247151645061982607404132631803755688233636745466301042220141518338413318770761237564857446853121220367969470278611089299396127527482008379656525713764072993840841508567673625199980495461699691869741836917499756334820231832558726083484072294694600002254229016105483486824025164046091156"
"2 1/100","0.3991925157271078818125317087185273179856649853925902474637005874683969244860704985383151678773124686434479078866234712128473837566296852015851720293124800685517689326050285335764074518255094183463794367437678406669804050877228371186499420818468392593581777536687930370297904645640966209218"
"2 1/50","0.4019035018171889076198823818001354757692916894368830094018840968493177984915581891411430641401617446009498998313538214537193724541776816591863361642512468860685942468151111193952312623251099249745647998731262122416555393536373111287490472961984637591759152739376747887494383632083243075109"
"2 3/100","0.4043816827650582288009453774716140487167855990416354683274968535609947052759479535999865244963338957432410918351002973997295842650600656282850905704296372207800710842532973122527761154386612616732142559377255971034518108485379668957906696616122086387436935532283560177161147657294500136371"
"2 1/25","0.4066287240234937074712269650028966319758797901227820036338875575978572540694385041792318794932769984077957087135310095411768470565490101630231262175523528303044841869320583914365389557000650572882664017425867552091350332848784936236835533111837418075398575640994612920416241277833582148334"
"2 1/20","0.4086463820745135709631954996339412694350819729219386849443174769666030066943643367854734480719954030701781180510257209250094934585508343551127349004629851266847592837544916402501412820334408675190070435638917088362649157414690109949556564772043217672016404286715590727078015982282667946321"
"2 3/50","0.4104365027864152777745872127588687541660641997802724624931122594769742133675701831703130034650864762733717229501757532391254222056880793385743817068582023712798827484063873566757378181007015902373550516579399633304992532108551108237778161593262592798240057929802139967569733100164066259374"
"2 7/100","0.4120010197011876027197717302864164478838838295336906917658726650765446764426941894702361494192027642348520370993718334335162774934099461232664046209760539248148728556436909967433522004187651441574640599798820371123775537431426307747162251403499645326929655860288924470735054000999398407694"
"2 2/25","0.4133419522523050573746864218000146543687635221227300348175291756364865022507524771047631901833420092826368794090139110392437754841016825357912673797179728218185120760172337931555688821941874215754093640197019097280910047302783907593925097942602638284782069676465362577249587704362078777861"
"2 9/100","0.4144614039133568544390041023713123933983769843731315342472632171164077870958084190296712166797819142631199171126395203555722218774596506610001769231489032240918975417868033673756794454068178936174418711019903897531243272179163488387528509008788825083979481915548052393892966795775682447633"
"2 1/10","0.4153615602783882450437981985056948685455771644492374743284491941823883922765791188842564282652826152660107084143533239292525667204722466905065631876999921681369095757693816713663951130391303860592642730657551138874926620844721778189701100084336167044749656508298421980689416103830140820295"
"2 11/100","0.4160446870752388432680302380371303812985981505360104601544206595077433547452105430819885838799176614617881462203977700044576597044758276405998090275286091953552464213533491823981574355451988289856379392373911959848965231850304095399583008338367745073796171342071010865790995089349498797522"
"2 3/25","0.4165131281135492561501984611263449118978160272583845214958434027795726871781958945632207591234946477361368112721589883989301248379568028110764280306705896305389702342781122922801170065983988544387750168470880419279736799987125547288554344310064201858899360819901499711116861099634546020167"
"2 13/100","0.4167693031694728367115493164233720388653991564357353875775718367755439806506655461259926757365427050100516906856530057019415108481369769478826276675970682937149557568185256172163380655877895969737671523744564065963751814041485072897381629574839204566837186540303464440144885278713447676504"
"2 7/50","0.4168157058094726753848728785671121593760870816801923142508484413066473593591697800050878631313811010047015772583451475547011345292365419236315615892136332609729523442803312659419194738189867841630229285615247914894851835159889156800663327833401997766242154318158114933815810018753499977722"
"2 3/20","0.4166549011559041758634868746227631866348821143729023930096937457964789917729189645489103929850561912593941897888800048965987483895479880350413611697610060501188788656656101943175420424982143561286938762177080895419776912226502816805161530210199148048896538807067029575542674854575097889933"
"2 4/25","0.4162895235973799921883214179191758921390393790248134660336753609305964170878207794997387684914834232727427515984345468556094581151612845920615378855518703758051213761460753509953911300645929890709317664377615302452621020251628482503711082626885255892976649079059417996729864684841599284978"
"2 17/100","0.415722274447186137395790314815028312084493735851193400311134865126104727186323553478417503762772819433023093426273026560730856739344071949327803393590226088927880566506495800267793610127540958486430624236119373880002321787015250980798242801576776613812702509722350446462848570451275527001"
"2 9/50","0.4149559195532652486301803971774148749918155395887463099694949120025375718413596721219233578705158717960679447663081486922052145944943470068604958854900215196857874404681236558764511719835347172829509395464476155881513491371076058007947884478964373532988926738287812060803327706514811496879"
"2 19/100","0.4139932868635049833379766826508922425918304501352562625194047801375713552600180864094014560515428838915053502604177148353021575513847289949697436069825798212658921060981582418977251662344454787155500658285639513246459923086448001326544601996355033873486619333543786177531644831592834380733"
"2 1/5","0.4128372639502661346347043782974321779161433446402154148877897595379612742199783903054770407395397449041922601480487599897382244031644584357931622499018463236596342916384212265906605257845398764939203525072130389246598060137848091663367575861066347913736252038433357526014495711964049520694"
"2 21/100","0.411490795498256232341118772990627249035017551482446596856200790326644900053628502184370723665565489824772853371486581656570822809577312779712458633063063412758016155935572276397283454468387104835176358763318750245216829618730144523568663561144538992098222433878069089433134957104276579746"
"2 11/50","0.40995688076000021034179009419935930815834046907989241628631023465242355271922974397382150319743649855434453292853633442175655988723398266946377397225605382355808748192565117982901970535091626474048231427342506021835222267428086383649859186201782332748870846082525878098618412698387765458411"
"2 23/100","0.40823857098328036754328594954560302470982804912698844406981456789103758657085972304917164981329422082509127807723282607164709216226947883461492854168609272604275875885340729130713606639347562283202713279816367078670492702645863550756403448654534736505579335421292521758006350945434325520875"
"2 6/25","0.40633896681501364688837544071359023141247758929136374234456994715338078062624889697999776643561755052615662247714182509319306023978882273295983423647571089125462809653210514926421989570291180233665227863012601901814898401952124768734495525738468498557806674769248695009434897940083269526254"
"2 1/4","0.40426121568610563880748096534516679997904027340105190101230577800542116653332019812297486833845521184366324461182355683495862534987511952638474579610105404855586890048992599670159204692003040453790221360341305612238357091778379316431810435031850466713585478163513598215386958027383318360191"
"2 13/50","0.40200850918186822651545762286528796277438362443762183522872612160649410695562220591755313434494097915210300132084258778870990640519752976936532014723615564128660562216709310426070815537301408474292902112451549757385672413427105432917823864651982759258921410090724285286476967326206009452466"
"2 27/100","0.39958408040261207867148509948964087558584218847946852712133682395332840119519295528639684059862487721430948399521139143127406032528001788777397365717793785193192071341630404586631182910022356553997948737050000199881687860492523557125398123771769439879502589241473771834044673287977118932653"
"2 7/25","0.39699120131902700464353570088564893124458970620067149509115373278945581901594925441118836379523943833971566030558463027428886738082223578496736657103743761085588738105241768822490745656547917663998457929803329195096714994282093207087607726159920267287136005039036886982243256584478610696094"
"2 29/100","0.39423318012694335250679544661174472706788720884171423172172198993243262991492318646396075655014539787149987529779617601072305939542747399843475961630774763368888767439520506365585222416438701209022149436592860879300221443097088420643448934904562000162196528702980888602758407764011321299444"
"2 3/10","0.39131335860602706461615715464916535788534301020413488874249523182522110219160330642394399913073494005115623636769843694803129734210225754207861690999560430968994435647961476542923943987670452511450562364120534011363668457063415071883163516680273141730644089101417023331303438456421677133507"
"2 31/100","0.38823510948690069768192590527335503259522944601225162629791289908426438347941146221984609391554462877364475826378411539854212105780810591009797559175067823601513477321403764736905861117847723150238543996398741966395810249165908364664198807238034557206263433373044582810667616799555790939739"
"2 8/25","0.38500183383110371576469692979692896088798121526289373096800930069097991056388186305508103568278492032493919839739586119039122077350780627386506725320746456813323022379315396463537583177124676911341578735041649343967870065982551865450714807186133814500335683994716498730848182139072673564151"
"2 33/100","0.38161695842820878339832759981759094458201661050873484110065882488105690717258764557359563990268937978440560007411356894680419977393598780581509062240593553353596910527976836148095628124223820041350769356659333908795854027839597032968134015069350029812672854833761195598180264411995230788276"
"2 17/50","0.37808393321429777730598242082994313411957012654216836733138477963957657323124340013996879510079223679490494695487453022540828345779960464087104386754573945102745131284683833517457802872259683139379280954829931590866658754750208994399482944443780716274226643332337577415283766378354393097688"
"2 7/20","0.37440622871587299266906885182412441148026801636422388359464632332375998052817882186193530078158033107939779657528682069502826095727744160746104786282659421488643199685882830234308588877528375474991938131861970309320261691923361273134688564662327862009600523232435991314808094756083869973594"
"2 9/25","0.37058733352313676748979972834125350420442683022621092935674687211471499935941131239048882217384662699018378341189738521889988759065831217247652628934080430236542752833481339713871817398236460945173542637944155771805479121333033533238346300657508240158825424686988535038372955377783305279569"
"2 37/100","0.3666307517964177317785570052315533441811845886113611393467057989373733946428760036347039889451503459252933650170492126724129782148848196011139671975045485678332158275080956557180421570663777932846685707106164957726587892753501149272363796269610914059228864919020619102809907149707724423023"
"2 19/50","0.3625400008093553661178158492108925843419343823446940787540785035082193832115035169678464193460178184976837382444827467285705284144895579651298694505090937735533971716437674370690129055396097490188045945926887012225938424467976659281086413611371373308380819289521867642849815435853564365805"
"2 39/100","0.3583186085322777912208488658693345655432701598189337283891444936725078397584636633303782465924315508715051731589151439629389256178910396482967959673845508012688742946972763248922666352737331464467012142356969921077910321504678075958353918421461262953296913926755208505113722664641903389947"
"2 2/5","0.3539701112590219690570272259613659650938065643370853804070787634925797341712076201088778107487100993144896920913147158715907794213729170576406309961691267707388994805167207873618819232879863066649068265346185671052246874999847483782295949352511257906111168305434225233310359834316327387659"
"2 41/100","0.3494980512802520304366421609093474006905499663101919202412008068903472046076504034462540339865756844098301864919122065954906681467034440810167840500078986070640101984858467780453106255068980935990787163409991053631590621199129268723785986270287644569957542707719134466049719188665122062103"
"2 21/50","0.3449059746061314911987016059595646813694495554496254984950528557079589564331099738228074781814429622802055524378506331332719162277847599777263086874603097094641445001281304276789237152976676503441622164612681249322936263470862858230725190091058859654610626399989692462819250943044744065132"
"2 43/100","0.3401974287409998946806441529171538713374353783501515971234233299525489483059328150200135872920010933960070280932796539717492929997973380477762692910855958488869871348168105833326087107788900790594286414496037883159664323421060298673474781752895885822844072739473117092572597855870051198012"
"2 11/25","0.3353759605124951093364339724117020373699351481512604129135806770046663290531346777967649273214211650037938275196117091746076014422494076659527787700507800781268419507317407453216222071914163547740364231920073766645200529427317898749569108009075747553110942031725924615342394510970198825288"
"2 9/20","0.3304451139573502713435418469072686626595470046677884516076199052014506917871880581472158239342544066030900545136076278335137328450518636913270300057804240224993800150734783384478881737377244512983393851207469695326149234332441648701604010026824359680896424593120918989746547930964987793683"
"2 23/50","0.3254084282658803090242002736133418267776697995827397427821474189084733016294781942157225088369252757219246925664065310190922007667176184964246279445228328073258548297635609497984107704419338622194792499268501747316464250837184970353790489628343378251739235411316528233189901681092028512986"
"2 47/100","0.3202694357869581931313468455599559091339524374500435675877928006436108255070654101288394745944664296409136310067638450646473899609685745248838991796544221825047914649603831565440310563627188065178258159928401483989183437073952216186480529144522197049710984274905073306712002856652700241863"
"2 12/25","0.31503166009506655328194389483910040046211534557288629940526130984632225236797441799933314485063241399318288289020016037016033311957988995027348393790778508633627375134982601829989656014102432798383438396809258274551626023590313869478657815438788456885914412589000973637352322491083719791"
"2 49/100","0.3096986141207970665407704180693143810082266843814626044625436602397960389921699922029434850984395378035425568914986842056898418502986677297532830806150373996873253822064564514210477374842625834323093397608849922331209410710727784464602261375850987484197796413862941774539018415743534513483"
"2 1/2","0.304273798345958989408419604479822753689764901502862677237476023672451309164277922344121433676919370305151747858450067149509764657193697530505978432709320373053949785369857300516486879678418421646082145286617050896966288040621797939194910776468278631360737199144893322634998822397483826982"
"2 51/100","0.298760699064250247404390226300196104605864054199161718241109648639805695364898000552585572680850661476496565186514102393435972482900122395232046788731974986087722443701567895365846927817318346024736723863610090344838811431327241033177202051797651530470320840408236833896004219783313317791"
"2 13/25","0.2931627867082404426328503187717255102918926684426733269628150006517786742921807328580337607453216342531009861869453691426393141406380710743528264604811601514089077810658022217363774100825345800799606294160604417734537111156757979213052203682646311357800512928667657838301255883801732757263"
"2 53/100","0.2874835142432157622760387394072939567280939365361080841167805124370066541560880407537468991810564706855180163038529798859374870614211647144951370149946778004288655973052023711213206009293789302188900014610662387441768750984665732241273580565931077162551677791998311332511696062546057955696"
"2 27/50","0.2817263156282417915100570407239443064948676162741061352539578366434845457407103846387050743126138659257611065506733809037259243852450129389285878071217026764443647803638501104407285937103843296308564776332464473650446948829351767545910539293071594228514461593356648536575555129944023308042"
"2 11/20","0.2758946043446123250507230721955394863105447184776835568836616155724436883079864028862892305844907522959736507165684030679548626541236181084538648053503653354231263262211902296331563788491468592951655988907604279859061652909098451529185200419421017356753500562125628223294840667337447606416"
"2 14/25","0.2699917719916710582998955960651446838913491482779075258168418400291983229303090041356318362001103479629705946718141487613451621361663390471040835810727201426735658389169327132463461897526014723786743203510729633123739308432665505063144521916967466004590728392320787459068819010970525461767"
"2 57/100","0.2640211869498191060527896703461267855129591262189082870098638173341551953557317610019726038462129311161890537524385045541798923181921730674052459210075765957435320056671684906989260411417734791700452486798349954776026918510999625042906622163932824478998403307854738534520539431140449337792"
"2 29/50","0.2579861931103551927106961389983883801508271054383874155119721251209003333056899648933956791131012956401076213996198228105009487059190523187342430468799824724368291234438067187286610186339407230730802877472889287880156344252546297688287889769027322279690858395916483905454177627741823058622"
"2 59/100","0.2518901086716376047587173816957877087268912541710073875904595031455750495605349599970169676616329987037760369031895896314913979224766504132307622795402535796946242276818849893567244684737117137535161323597683269086302853098234417532545388268952217751797943441298075312427834215741313085538"
"2 3/5","0.2457362250009081001457130614273359199474527179883940019425141036055860156650572014545931709729657044746467685384701198441001280027182411569266370164478238316006963716167143925727736197414228227134814144063998102820336732486710723891052562673074897749815247516352499799714378131805405144501"
"2 61/100","0.2395278055609784358671199257328487663850092840861550317315208697350827423872888370184461209360504008408079955246968262276633105333904741343724131622126434959974585520636286012813679001095625518071469412643481841925655445719202795432355342243593873503047643579886352921621103146033760707686"
"2 31/50","0.2332680849008505299345680905155568377788639011672647500745119392080585443326364185308791300474490434400773993618407491229804817050855108332271230766346199845737999270969035846951580875816754108720465446153555726272671209670541544268383136970480618179813220954839254975180811068689951262518"
"2 63/100","0.2269602677092220894373545755627831381125697916413748447167190694628125242523085301682044001808121645159121791067442001585950151711290960526449484106162921795209234810350811356199664718179282916834796436622368298845781426535493759959097098823394136221407377863952056024266589831645010358725"
"2 16/25","0.2206075279297214691046694977320476356839799185690169591587115511032331714500808208788552345523054574913051676504462963441719559515730532078411529653642373904710910999227941214880256918390979599832035609220658322621803254224159963218556623757345462114204449126342701414498102480807702389876"
"2 13/20","0.2142130079366193664643176097493885894214413790035779814846917186478655576408389358504338569768061098473786706068779457471625990035251612890364664313137056871748866882973111986405938799411500238226823965968791544753838388687834154986533894579360670360200417482746620822909137697705467953822"
"2 33/50","0.2077798177696817086144209293349373375974857205088125923403955281786689247046537672270251061260624308806511118869295380901426323084634225444159197266788335691430016647467966977677241636387504828278351273125632969702582675563907381633621155878673040955220949556191952727103176685543631876183"
"2 67/100","0.2013110344267590468064866524289945377023751037156913906918517666850885126113331290615530691107712063012334071148791211081289628950955601994210964448537914718073650281991537272908543710784572644451118424812489459560243898934244532446724106570933031238519163339056759342139497123518946257532"
"2 17/25","0.1948097012126547033965910401288277379583144739268531920528054258243345952408482377381630329025674835868793941804106192587877319007473790350175003211875054380949994960415953736041952030504767305594962263000061276019850824495125483876826740199569255690708308275702130212331320316683114901644"
"2 69/100","0.1882788271427792227599432182253359912252099955961310450957551726648880751874085154093460037830757166269680884112683301262048086770234670310698590908403188000875850963311182380063256350903155383649009260764078978730893856521247093263295379593757132131026162489682707825215766840809595962974"
"2 7/10","0.181721386400085733939236398107762061446959541451689679321396604167668379795323552975069099524228155464518419902075442666723797352159742095412570736489504656689806439115575590373768133664429266174712214529826126075874865511754860229909688335750342869258611242026090416288189295512245998201"
"2 71/100","0.1751403178437944156446356823394092268089412739434115152407398576111017597055990087608811449783543615969815113986639950268780714190382410044694736726758269161348042753806421896853905023780645750153351139841783833241262768428422618177919878959902493291905348589795677146736709940765667597784"
"2 18/25","0.1685385245684612215773218700625494627413708847378178799635399238280336176523178312715442452550693800095583327180033454146245133321703658603578327607041429324343707081615430395795469185026134895430484587697398543007907019139195854525056117006065930897804712724360447514866453143967159990447"
"2 73/100","0.1619188735120363398405059732640118800443622896451060699561394837460263515817769891725082837737253828979983686953472213935329031141977636389240742749286510652350644535193448409140657627257140602970341470158997868555933529195051678323077463734376026709226733796015070321102985515642041363178"
"2 37/50","0.1552841951117061809600946950367110846773890487401317452627399247265800514400095710778158601450570338365182426423378744452244987053135655719729233204271153134189238057590517661006235258929329128805442299898551310300216723051626567255730385700113904704572321177245329346509020092687956234203"
"2 3/4","0.1486372830065408566379314620635615372310014065240175469514521578432170248734992245222910645227960300266662068183086229330487295275199112126590055812226597520236183358448326595720529396889158862060599355904413661629114013231236162638426153131295960862663238656630968018813907492093553687528"
"2 19/25","0.141980893786310136243404290016314657530373185401742324647398472099521410571648733144632082848472010336032613437447866690436555535398587299133640654565087421356859053461783697703157507541718677035035468806716056088315881597583163608686930165460459579352347876535175340845540726009401962815"
"2 77/100","0.1353177467863354100831138640916948716966714965100856518428688824246030522865562403176918032649922554811665923857619474883999094868098144873830564304330954027453622427648963145677089980417539123344295260481248059522539028679335178068030999158984923136803677314085703051289991869331575408582"
"2 39/50","0.1286505239289923088439037456579924145396832241542013621292123228778108514154838236725832128992941980663108118548142128597778073241628824383525838445844809527449759034936911273155928484972387539456402933130820291768830157101142535699425693060541887873585878052000315996184466756348629427419"
"2 79/100","0.1219818696135940070416364429918432952692687796746370170459959299721112292282235641497770532935019972503994282935611572131514203043936479023455073907713675104454023986205196937095863022434893373791036802039371898986163379924144604438071320079937936462214675538279761426046063465620455080974"
"2 4/5","0.1153143906580727545197318988898149906403349287767981712994872848813908000463082250183272305114052200197268189987139572537323857841646609332179872619254034570943096035760995698761619374052653210089453093563030161938336036560049673058833799882235328129244819670712871747228508451305081183655"
"2 81/100","0.108650656298475049840130813607418603471800141348583010679230607109821880548459514398920250532641384421068378936264170534551604263176519783735510208164457281060888740622868598856345886893164367567032007896131563187538559312724212548179392192765633664647032562657490541408904312483687109865"
"2 41/50","0.1019931982563692053294587398058071472272600689500026723611918847903884186311044356860402692151491923961045701137884517974745855733504203597222830147693136588181895697305686619313579354445785293534602150727033207687403518442238869073489497102838245306955782512198906253462580020917537414133"
"2 83/100","0.0953445108908380060663315620963149141670762471500276298231567672693132848565545229054878822765185031651048320995767440485713079031817853327930547192835029808338227106021895875587807921629318497989779245652107619702457408709586574398995483647506223795122668975811899004404974533190462400015"
"2 21/25","0.0887070514626050784296184966946940298647358306337098731145414398253686378972920727490720557017960149572041787533715088094803572705148253587661764920536477849543561825028318892807816910315916303684338370133606200362602937313325933734442883926166773899970576346144246132881848777387718697117"
"2 17/20","0.0820832405563996060228325961127950707672790077541066549378014565267817436571737435175401492998197996878688969668060762531996138754407770754930051034344671178123131062312127970549951890500055184618153717393154845498118102580208878916519648631569629175803824016949723804804049664038170971455"
"2 43/50","0.0754754627404494389254248053783322889725078838599027930239073257986352053512884011722742233520177182542859277335977846734701068129297911494025007289273433455346306002271130225601696708882904777803588786985153900222730576105976735942386628631240465163831777406670949902901799485890039534217"
"2 87/100","0.0688860676022777694309488002111640536513732339153063342602538431727261651323805450001430306045641063470250275431818463968939125380801808800070339015522064747709917865065805348953153302802028712701278170658699107305352890767760684721884321225757974400091288190813608124021952469137569806094"
"2 22/25","0.0623173714160526142910926295928442517705757744948012050154535687385289327820223194202001734872390152423698292825754827687487303067249825315332324312404236724016394217230655718431550609965300274757343620874725926287954886313426151935436325853981434633625133444744093474171822498923811646657"
"2 89/100","0.0557716599325777476857000702871758653155692920251091070973076253042500335972353624193774086057149931034276388444925559490868498158396254144359814937416092111236794752439863114522781612026111155644063347493933579446634693988464402855726981914074305843918740303045157342945665386616799635936"
"2 9/10","0.0492511932937526692739412749406939140828220836534916507571985322876175404899340474151122606749648573201745434920367342600952507257257197470801363926403757450503369273087405751792676880527404389371178548230590304709955356000633187738120593270993758656490004391283762211843335741631613922425"
"2 91/100","0.0427582152680278135327072640570724256324521214614301941774956495212027963423056401034668652311416836864669422647057509868945039955684112422809581512783468084742736934496347334424996542932682153503950090575631641354824199646208641963108548189686996277058734548263410696875174624294188019037"
"2 23/25","0.0362949720776468071917982559794690022128610638589766882357512636095192240452693199397614351837613775856462573135501032869587410757925817257859406472620702091532729937917831844883284977264418593359399987356633131589114178797890397694852987369655615044889526728030615722913305103109292428878"
"2 93/100","0.0298637550235165389386846224651804308358919640401011194573332316504290165290083525414929139414145198740869761292071899883043584540687470226649103986178667294294765009697304551345196469098659121952853697926916821335730426332681758149468823946493208023201131682595535971881081744502575154206"
"2 47/50","0.02346701165671940105180587876136157385695798194378548271674942311099743324530826836070310638531627079510164923606150375216449819127237621305386398525037748941353629410417456168646312881592585675491480840156032131288184465080803580755765462267141246312014759229967336287042868499169080352"
"2 19/20","0.0171077017582133747484029915893647188931532574353096437232878166273652251629888582933598822038593692118056265955664455632507078253983734228670299147438318011179171536230029874114674205767726983789497887447261056567535308645936987038346082852685450753347092348019765677240601227252750185372"
"2 24/25","0.0107908923840661711235495193084944131977843642034397967385870443448678962964918978778639853093910046985320409218033895544323986949788425188991932346287448917176897671121763984369704370557894831379206219139827381578438126500452199183357338540873965449817575291092040262076867843720782561432"
"2 97/100","0.0045385092013891150584663748652532530387741020821174919848927918771866265333707286401646369035726751806672952292224821697947822128560324495649155524440179571523565238333904556163119084901794954701887877659938489761796297055478466246705811882531903607501301626427272867728602069125417411789"
"2 49/50","0.0019067976518237999213556819427056713585665464914359751597450326930609292641933185457900095273013081002554914537816799698312493016013425644546010721907634337155447523087571650006293526684604800230884902626940541887880243088371406468301506441048211282130165843295465273411087790010603953119"
"2 99/100","0.0079980952098554411793957017065784729030622082310301662066272079795924531858574020626222393327426377678612968384919386944906622452168634743186122550252036125528533408808062419668776541957743528955675314725216414637749207915806234258289000233382040980547008746493504869305961499805967968254"
"3","0.0141396632674229593709755664464493137792652819527110030151759231249423788526209750571702238817049427561091890764658274894059136367617974331004446725982703790282999948290431821608912112134173264079445071776945842080024764413005058470210549269845959932255488563859490539519919508715225790948"
"3 1/100","0.0202427967473116860811167366868943896359301747805180467028494006785186977363223325020996879767363625742150961846398956473490695397438850804811274147831696940199049634515420111509191558937587351644717671147449024483697794716519333171273981779875914836696243406773273739951475666259351049271"
"3 1/50","0.0262996422803435460093578765020360196297040730331035457672949127866554736155257039949551511418906130486599597241996659151060064426555280119314409705450629546232040804892709817699901604569056760443558130174140664675073065415606365397277252923468229716364810995320017668713958488897298579577"
"3 3/100","0.032306975155230390639075371707394620984992863144191001261452285929467761922642310805117875172317589056313702347524747894134167395767226459206985260822255986158423267918815166361769831521668422911096483732157469571097601786079249154745332456674702964370230095659682763108710196093302224302"
"3 1/25","0.0382625486208194672883125681312255546142901497008051481497119141547557362597366208881410947329761894697459496040190422632598150046001847386424955697751550005081303228979528527095339407355818220072895309632646486830822558912591237164447747275609748798105264184157927491661410027234079963834"
"3 1/20","0.044164447430611605805164752363953897739544338499422946159839303479943743333160642573345828496365168325478331329879445924940785767034799426776571038588816609451194491215532224552984356792080256977947620603434676555027870241820819092235230741417015256497274772285415429564561794342572552675"
"3 3/50","0.0500109092432586898047256040650683838604282648105163707674257190765416257136763911172649985116331310787050119908063266103145521403429270784268623866221858257181606476470139306433715362454093594702213900578159433634960627086767444716803294312070562413084293009052495108361241232547327030133"
"3 7/100","0.0558002613127747785185568082632606075113770669394356168316807944559504097467114203087873693146409994539415030580061902277610337399870140908185581304255438321592186119084383609291258377233151225752928665260057691021252246275684599171196868231433043201696036555782728910965472372299439323298"
"3 2/25","0.0615308940262771145151587765047230176859563608005278919490981482571005071196784096841652130071360441159673550919151894213793064340338504266200713471781267983205198787558318656756980006175410604205041504358010391027123800794497708709710163225979820627239926008411430109979049212196595246173"
"3 9/100","0.0672012484402761615235863988199782940535555744040120523700343101699192841098978089634634701939914428885698165034303706595006457484082828106258349647987787065918130384051595699734144561778945962259398301281578367680875447576992376179788251124315982005155608675356970457726507038019714348507"
"3 1/10","0.0728098098431929661535297169486580900537036916977320828899744450539205296909309435445602564250387625045990768705111126607765750468677807861298322737854082739267449854469250773370199436653506451246323832880299129092411828662604015386545967821360283938401423429603579148186093695822581709712"
"3 11/100","0.0783551041720804253542779084983458560980159530068494105015470830392647830749138948384407845331506878613102824985132378911686165476693542523091958630885204778336842196985297681764835681154382555713338030508332102116561520159523308116963394124347171687061309454936270442984764728668745263093"
"3 3/25","0.0838356958878771398128807387361178271132380181384199064718949442995191693560035411293194225109678033932588431661707482120493790577726569082632628030924631640542288455163105150252648953407554480834851184148944029738670722423219552398582592268167015879605889351443617635004006861197613461831"
"3 13/100","0.0892501866440130412056157895667127840309343550569558240829208411753670436523015037660520905338893631753373793495075319247222098635139099375769061021118843296122276611139457596104059655307191178515046015326474459550560604236794061364783966647989197162745328370000749977299820729374714126868"
"3 7/50","0.0945972144099680317191786615008616514606651760493087428753444117220784601374672684414817975271664503040803533988364082391387093717233046093855411019082551974127700544724974586298281485952990375477760065176004655058688299587277551583227058982676358202501083590797438911874879486544244723854"
"3 3/20","0.0998754528679995322240789432636367853023352114822570420012692237540145720711460158342145792205026976625933083388619234404677225698387943000216657150891980656265161282962387337398804030463343505670177486401824590927204570609805483794745863741599170662985241908618254832065918839182137282995"
"3 4/25","0.1050836109807609663908101641741345941646804415362611197393454766271561994232010068395067248626902835865907111983596889133693048123448562306531327305219835094744267308702287310272277544915312685266978641819248028406496619480200456176406606471792375459210353399400629108579199488166845292648"
"3 17/100","0.1102204326699135232191578657314138786705048156177657246638443652446977388157964561009253465579731630345105972716375491488896611088921768723828122994511206514602505971174725883756528464532679910245467377680911584977147234296819558891538248264584526607402904998240572680284959993354661059843"
"3 9/50","0.1152846965693904734668742224900600281681932142837372936784316412574585714625194151444470501595430726509543281986539718360100837616701852775443387708600066617119489863907966666585719312341625750715985678223075756681152119869427746105966359167991300122915384795918725044024147651279570847473"
"3 19/100","0.1202752158305511243488812333702266991459512964464682109832264379562452228585915469106841781216190228462336707939168040663491367716102686452357776163324065064612633615666306327779424156404379947576939257004272842607456051524453451044097364126992385166894427976963772593668511277271260599962"
"3 1/5","0.1251908379645390405530046514284582649211525550862637234870236436066273802860982101996208624242294778522176343850959265040634380659101760203337968021827933943886652992605427353943006280288884171526147978719738780634510287100948429984218338556237591314003496392726932016107524212463951711236"
"3 21/100","0.1300304447120995304608535893242667846656246052026038920115988284648003572176503932751577747326785763641859512926736518721085487232138872147825190033404063482880327735970311998648695237102229647646130367061903312592972598874816797324942286960184491921067591988971319111254985058389153894611"
"3 11/50","0.1347929519342073538810744718042297641525991346501521236513108190768942948925149323726575258486224687027860902893479878185371393676254354751930897937816368906628019844354026472661689900833913527987589517196708040366715673503958385569615904048481891074098182818627347471622997963213902817017"
"3 23/100","0.139477309518837532211774727574112656454231333323206648452720847444471923673583883166512907236012203050423729876446510924326025783796604420443348884796304340350117550708807496859454344252703530721814786886220663322697673182806541472965767576781190161242616067112702594305468602152527206648"
"3 6/25","0.1440825013005047734287554107306362812226535228742383315893435758631085677593803969395562701626792466557396817443869284006317932478931658654946863612802592911920422470188264318656207583066377904877562123428405259407738467666193822105092356475892123328736306494643601007883258278169823529946"
"3 1/4","0.1486075449900538786163159407641139404734581910669698358210463185606959373620735772320450052403047308389628999815708778805414231538013322799746831167168604594064224839845326195250786846523659972357582372380109417893076322436437671274796512896981549155608668134690242141542231502605386509613"
"3 13/50","0.1530514921127595053030682325558252995820953405580176469532641448018191240935075577983175233763419773663378829211153403814642792506623058679902747031077310706156233017842063346625902794825094605516588194375814466942993219137724793438518056258365343065353195386786876034678291302782023643003"
"3 27/100","0.1574134279531855665245388312672401519121805530698437794184745322803169192422086326549959786400105809660510901089319358580991777369329815036797608290516910783137190508719326543945568617727372378567882647466607241783882497676742996770387978203538863643270791140194419588816416036285546781354"
"3 7/25","0.1616924715055239485846021731571154502020510343168654086919509973840373930077781550270465070763767198323317878934344488704036424510474649674363065929682118696966971513631409918244032214888182419465118805805228495861699942339804196715556026866384372063364003582666986446643589897789015155932"
"3 29/100","0.1658877754283190794554357243571669462336293112862545466703351396838613636307607817694952834841463627717995255074979287999905052869376966930285858950233026403801662692526383162657334186152494061995532289763857149551658762141433622635523647917627793616560149157779445598630511400127733885638"
"3 3/10","0.1699985260026155064744547853427262246469153040357230575559089037753301213399953620596765248287493200336877028478578070536306612873008720861657660661033233292940419626358050195479869979266308554417901098028963611904694621701228619824350465085679182583168339880932750990433929589265611371061"
"3 31/100","0.174023943092657672995368525659220049016126642444574849844230412057333368807334331002361540856820014991906827067227782073765488878085734626495610310014958810089716045348421559317361893504842525782395979872177159221812588218792928602307058245607138120117976244549489102115237121709811540168"
"3 8/25","0.1779632801083364845584066811609575735679751421364844118358450702277421012044526954875629128915441269124996184135816783419949872048304785687823478428868995921792891882716622992392353648238070097927892832792129885601525822566202748524289800828415872454220635337433701792605272013993860398738"
"3 33/100","0.1818158239686242540986058053336977721224867431986288332720938660159815654054710272647608923710752981117250008231877262227060451265220314626120432642048928730578305329133239085069076394005024537243980459819067826930936058948974093843233350302338656681900472893163736751404339539349032242212"
"3 17/50","0.1855808950652739376708938228347873172959726348127205617184386553386410123773857805292587964674611728179650336868707632348376656885804866152771340857920821712486550546043609986741543027487095011533460261989464414056306963950844481411154192826159355286782352469678927932267798434794923721032"
"3 7/20","0.1892578472260842428920916872163167799836717401708850261073806612107116707550758901331889265289073576438919953775422411335401244174427499562280024393101273926011845836381870091907878991314626918802833341818905782017501509043944613396578849229281490433173122781026804685702218851705500353533"
"3 9/25","0.192846067677052069332923638191011551832526712188717670074619300733771574677067784279301296664880211740808087378874621103753075763082092751001405623601581864442164683759414785988299559675573600267963621360632660572971479666595011496724604703895628954229250375165168302166531332585408118608"
"3 37/100","0.1963449770027498680915974326661432771560537393693920994585256524523727226853092730872736701600555774567886283846805942196924939371436268952499688031739837392000277356852937114353332035242570035118978089742502462200378885546269145044901526988626093380430742516354655394495530774046426093279"
"3 19/50","0.199754029104279359182128446190269301323903262931860046261126449415677712781958596915287025017040227115601232387942202341927263336153519870265249454282932262900516993472797952867945464761160159967663987347258246656093385265997476586567524372255042031748750439970321252103773809996331463988"
"3 39/100","0.2030727111541656853229525585976010381442215426478874319379074721535682476958236949909953973832521176903255893415955955628799650650525883854047165528493649836767030434653131530997244601480564726135547662518069435246577841883752600787371484552185130323659411608034567034149059732206163641368"
"3 2/5","0.2063005435475682813300209797838896183117501499038635184174056504405807043002842319484052422771394433396133485173254212815944148679876283537058072210155897179101426122360912702648797349682613204666449010265838157529440541758815316941935105333479759054232375769540497400169370115070638303346"
"3 41/100","0.2094370798491970586690449805627548905847558793776888918105241998775358785308989850480218176375812834722261020513890448336436696879466992515546767003441916636361914315346229199290386460665220743645922895278244797285487369374509240230625749842047195112763781789284472824215994604877953681872"
"3 21/50","0.2124819067353353473660435815884130757652670236050240888451321212516707193757995152008321604887661196579272011472979424701244399191173212839510624551849588644899516489190783961072033164053824684691317453932928535333767265143910596962238289530368523312915168394430190187102456866741726971105"
"3 43/100","0.2154346439303846888334660131774731098476955165934668060158566906313480857101914556080645939566907372718841911033834782158837493735289997349106529332415747857385574239897107073614381250774486632635891798922705479070277291613573724867577007228264526606142276962896750675993225856568342320213"
"3 11/25","0.2182949441373612325933096867492157014379420808959985790380622040186463213204841712533271675187016272795245144765742407185456993922196646051042473992730132104675854346662828048193464150722319612562757040291690188044143949050211548439980134037334844562836915811486073719278751754406067836666"
"3 9/20","0.2210624929617892907897224516040604110012591690229813810527509420600505209771593045475786194186223600132515877544273201319509503459623402827056810253086315988395723530477960132033786667214701022656245681131015098006371889373736172065078052957966451912862976452139935285802252408154726843655"
"3 23/50","0.2237370088284546297734927955767799796105519532239930503570446079776145565785027819451018931836643955393571621621725574408652782764497562520721896291624662707918654231523808433280209653078907527090193690714850027056415318280892154571153125183120430365905242385280484113295269938959600196029"
"3 47/100","0.2263182428904983719463503545228635073573972053484253094692488847458495989281671011028574573695866334917494607307697160718173314349049764775613963959796426766736303716923152531462031416569203443384176031840943687854392544572483053212377572002085103696543389587383936391832725511287992904091"
"3 12/25","0.2288059789303519571264639214527084081058618592029334714020268060624863358191521859115659451420409200782142247057815497133585137125398394132879713964201673699973748262443292721053768613684332028142431159477588442735231367077179600565103219619053653282156183789925062644536551803815527437825"
"3 49/100","0.2312000332520344606699104409001139707131613108580828098301632940672233959851452284097938936408271354779448195945816153053465665043816440052543790804664468063750857209025986729450125445819651856814655604132015325732668293547066750340349961712725248061811043782602925358041262527100208177681"
"3 1/2","0.2335002545643556561928310992048347958674630615802603247855946166066714917743711206453387480355543353076647185391919242505287379503189065556798214319369320788333410921899989946313875346472385478018208612887536677828089793284497578166688255317854942563003642507407963795868263876254070030721"
"3 51/100","0.2357065238545914995204501886175687330448090759465513549816366523682212491511757560761938078488327844577205885275854790260756231030462419835311967206483906216570516320489734545824278644242986269740602015548541387863984419520965435050743348025146706596289795717270118891913245978395921407735"
"3 13/25","0.2378187542522231407324637779445103742214048909443288705980147572301103460829297531542534983334264802796828186366750893737270496461875294480743054959067582665743857353718998482928231449307363364582616966975482302000840810873977700358376704200153786187767798101142117060693143704897670930631"
"3 53/100","0.2398368908823560762602300433231456457872925960538671508083534066352038238227192988068714452485442247026609857434888454370059368126080423722608639443348190268836422427814886536397106171106207724314422510271015831579495807789128100494206825886635837660943426485500647446194059650409277464306"
"3 27/50","0.2417609107084625582607005099790428461731487150714184474547344425193011359145842882248243888813012567319925008401496840680758344059781024040991840803062930258114337217378663803815916249679350920242642094937126790037876144261074354886806678083801041589748277238790785579801479691944093497129"
"3 11/20","0.2435908223641178027667767812074833594965753704891395355404118818340541416459568288207381661349206555420871518102428228839780871790193043345883990678968559884706399389535846799895561379819408669904615442371801944686704441673375422421219486087710505821149910291670879950537282495334281529996"
"3 14/25","0.2453266659734287949524492112093092139035004825376937011058069906129123791076546857169209847350761496573945808595070930326678552257307220795727119139872409771286975110276833420770945512934390660250546504440314666918176207513768910277997190989131283427800921590992298524089913443136895060339"
"3 57/100","0.2469685129598834886052004343076860399019070228132493136637156058039437883338602730996513077867624131627740965708861644512825290899087607064551181587495125277270269686452395694808501385441029167766833995716381677748835890274873618136314548004325052413214621663091891161917670999208480226343"
"3 29/50","0.2485164658433778436146419763703398017563819028503437758169937587014257646274992600714881151146923205769934403548126730232640079857438660578551908568495144955302237631674210145879753532997182660339874936304577588138583979418568251378641109677359831329871534030218074567500125806186554832488"
"3 59/100","0.2499706580252083434920659992287914830757755492287616975652131334449723366699215950571537511368789438124988171289379229362852596703111936368046597727028938620617784659854905736266984062050404759295315149483695582035829352487279237676088278443382153779605262950030655320488103841878382004189"
"3 3/5","0.2513312535608482863304280592144043993034734172130926668776655036466017496579949222758723194418493091607238314093184263085033112787883352872977301741428118098111344331436892566751053321210446653181047302028944821086201385456457234678265437564408300708978898482247405471557654480079893889145"
"3 61/100","0.2525984469203571476924208748753046048464514244544203044815315373230189517737408838746661068954927040807453706849772617956758182226945664507523120045614213668149709046919977895763100511208611425663762568595403671222510472248833527215781589163471802373744532112387707395381716295710625798632"
"3 31/50","0.2537724627363035725284856045820089775938348309574839007432757090999897751741708417417652105436814735410322910001604262375544032512674408165357914318286802363081053451634493847909440011280137614947598051966004047383191998369216363734115979446574693123904084375928669501359667859431068474967"
"3 63/100","0.2548535555391139651062844973583373719472029240185351967345150015954716785281207546963953592926285151237581985380740528976816777428233402684422425983861987388121019876413614437440271978218406844435251988089386418923265905865901809753838541469799846569312816522418119049850839362033284163551"
"3 16/25","0.2558420094797901111646990083161825378498375472508041976500477766256284238838459759887736837981022117014175475935249178654263594477445027911494572933173617428934552570134521310849613869659273963098160412960419685441442825634065738413090742049787599008677904393997561084830557070141302517562"
"3 13/20","0.2567381380399706859802809516406233180164420210268557508118772200043274218094914614160951215479428785245326665534079274670675841076494403888028525036785746997734286927707140721544439613487063665153540647567030772804571897736820485048295577908998638606994916675502524270776793646746499405451"
"3 33/50","0.2575422837293427778692110936935765721730387081759377098987730097577609449874088164172763029691090676242408442928013006346357161238594927697093618705288984803885645105748405202375619093045276248421561939244427382080300158541456332411735044507299528109933561258321301485153125322413148336455"
"3 67/100","0.2582548177704405925812556456203966866067533668972413816323204977999146845848112062370386702689103606585819655390104739254484425369487364244438566360160455783775734452958434481119318811210060747914838611195714506877708114531150379064628093922194355861335203975623905712523854943279384947731"
"3 17/25","0.2588761397708992058060194243515931645211279287917792079741038838256349727256281761426384025770950929607259181701938191080529182829731765118106619039618546890389288482894300232105941074877175287396527325242155418669459716363706547351930437744686497562008005251839420416401166869486265419839"
"3 69/100","0.2594066773832615066835780036355835577328007855483854146725372631220774823584777935364536270726782354782887063925901504988603564454024569852254430736807851134149087781244396308146734545167255355549958053975714952108832333159771072280430402334337461847551608212814396521787962104089565600794"
"3 7/10","0.259846885952466235545390020753003931827826784016969450963288681940184606214641586608460239929092392914384155349186496528448826472611787348579896847027261062246199455625036940177413913905005375822321629576988694945960211009255836915208905423922102190936445728659267729783534911971323912586"
"3 71/100","0.2601972481511741778484541562812414628904926560293786789388270513258272019136082984357162861680398233985910339631859138108234682412266922431807869191712119836212216117502654782917933340320832465886350892641746316051251789817497955447927761525203746488177802807468156707010809052523080508304"
"3 18/25","0.2604582736031180504248983121998448319119613269829555510019543411198356629795006981030181135542231601106177705889169123106274315624604644134070814670219990061490148931110350987402627377751848421594612194612470179786875910900424039343954016469629527193483090535729331945573831951106613064355"
"3 73/100","0.2606304984946893263174998439029165331692535465812816020047004841219642847703800628396370017396286840564701911688417079656525071998053495973636811526249258424256652959697012252401813323254554906964062532164257256636228671538984059791163091583808417423280218658151017910646444784841550362526"
"3 37/50","0.260714485175002114973788225625694543255499019021798175069401060852635654458730100260767402918618437747694211356567746508124696539662686793817426487804230095295049937112603139431970870793254373990855007251422655145511189714078522773381818519343149952139839006372352358105291184680194587298"
"3 3/4","0.2607108217447001738189399561991806602623724113556869125769258081627685676754796573737234637035238675595041166399463304226491170326843908571111110554664473508707255607360062066606830849973176657896919756583058239268823384032941984737446628812798255446873604675201577501889740264419154541245"
"3 19/25","0.2606201216337981078468206887856357320221891678651374205251350919203054154541201957505280444167060150371798617657185755327002638719007379443934363699313838971746961712594927410843509469574089466102094117553748315897269892620561595587010067279059883241169805864154264954106243160764521877932"
"3 77/100","0.260443023168871752906320461459277456340007138116617550641719172948482328777388705615125882094146357651807525359393058123378694250989906615378708587460812979578255086203489458313035675072878615772367953659296135985689069016313024125302034092257285188636368496937187353302034138209023132287"
"3 39/50","0.2601801891299355774488918801419369670853709831791437307699877450721547157670614617119135906422808995205590985349320216907117445296672252763404990525774917104064007253583133318276196761569773752303929244107395332328757095345046377858310812689689216886372350707240583953005345858277623764002"
"3 79/100","0.25983230629736662300277512058063892869132054098930716020519937844165969894666842417171242194070904972246438812697261329615677166483000022929953919200170724936543839483640065986562344194321076077351572389581038998749675601730297362556282714872396741853100898864359831922372873106182898736469"
"3 4/5","0.25940008498925498675700863064829830779057464955112635191013687135210455538085026809465013749425272516646731707127935003260599966952831753540749094255965414092667039446831083035803422201724478473425642151877599787330979120210006124546957867491436300830217998157401851787428745634339167274578"
"3 81/100","0.25888425858958008652600857855963917522621338555645037145782383825515161963729928109850520453944108362917910470608067501388764864027838027402815275359263447905562676415134937874963643505876312797257324867125714064698528047781971633490358312117555307893746480437733193323799376146853462056838"
"3 41/50","0.25828558306762990019496983327474970631761172915486093834060866350056382509455996235852433934681193903140703887325974098209529141937024310672434823587332835848019614348229191602448864160841186274165522776878496269927888362423296206671801083944536245784292265250467863381463352007675442118945"
"3 83/100","0.25760483648909700476145026232336268838741149915726648295512219691834951327680686804178085910373472813932552132174648105572871497999846131258556074856920613926275192201251445068761230206507554411805686752439208660831320461254028187950549044902626938892115856529608859547542316977810645354092"
"3 21/25","0.25684281851930052563542198158435926882444450401234056824254096759055002221017246362763006569489881186910577891114044036904469606847946853956543966904336584121697888531765598163084156817494885564354873219340216030023279116676692022462566402347691762454930975146504771042363396965211454051302"
"3 17/20","0.25600034991899702139550203680876235473067600044564304911299755938123128518765149290974979068560996803082688374447848860557678461772673473098383567833771139669804251074433173963891178397520904512887013365461260959582751409815856143805982621522849948736785333998586831091999586921117078920409"
"3 43/50","0.25507827203325585427683790547018131232790858190813941671123323475378030224820643625409516374569334135335683946571457827676715008668161109089221082134583209849316260585647091373044250822437250862276260261034281157209348181540747562712917858384319104501713645909144485299691487890629072713263"
"3 87/100","0.25407744627388571890270670593265880237958812010373710260297396730929605148637469233086313716711126168258030404385193315966161706810014723959936619780330699748626669794943621488980892680761509334577452267622309524007935045956545477711229535305811046988804665086174410622576443964885113178677"
"3 22/25","0.25299875359590871279148681605091892721654667619778309161457299189751653325959470156731756429657148923274396171539531070443942982200129044323541825435298040896101377562073565535469545212770569270629463925065317563023785844497252193852889750663970965788119257415363719736338397043459123279882"
"3 89/100","0.25184309396858662853046693611563601199358194797301912477441397507313490022795846016054109990120211533947357291217996360375362988317423781454844793889271259824142555547622109017212953708721225336841459729479591472624333801039153047890518803971309259327053147990781963968712264219153570728171"
"3 9/10","0.25061138584151103060448724737822280597439537690496078812551051461131988287646494939416675412163101267745802451586679824761372529101714977198493257132600104276651581072811133621521944374940802747409704904557208180425680896607151575516184304759982911930275885866190267509337240844237912660831"
"3 91/100","0.24930456560627415582478754813442279952561532781197918817337150335741613100199645631980348792299385606271711951005243894972682924048113286102397286301350946254619028631749914464285002506098766773809834383432666303291527706905437788784789356884442786827885081394988862430979072999818155473838"
"3 23/25","0.24792358705424175584463496438788764480961518176188941631926457319516211023673782955956660109662205636246485010606836763022604211822037381624403281585395643862139831486065861104559383465099033694110017757372960675147963351623925346406594086892380300913275356069102808699854916792476734987393"
"3 93/100","0.24646942083095169855037409919898181410530493147450466821379855434467315870341108109523334961601174646383907524368985455572016956082632725926262321985912091661186933105384259961982301820626739521021335199217012114262287146828646803568940641327064431300191193257264086256666717310760517559014"
"3 47/50","0.24494305388766348165104661745772663684957340359210582001590934328136566921259200397997460924009717856485164909099450547222201026076076718358811601520581207010444263543874288409930989928138130453652624505051665630180046175263477814603944389019870150340570646046724955147525281405285636600635"
"3 19/20","0.24334548893058381014953815163481563861554079964408735218575256987296944403416036244048735758847507329904753874605960331532429107107840281458139495861683297093444764990253937108830960124722827802636098619315746309848339098153023316090538554441298261695909211498363821228052878045220031063114"
"3 24/25","0.24167774386829207709198446213222330977845136229952426154758313410502582377568198320530191585233727592346453426987348256967724371393154743616637071775386152284781918495886233171467274951492800228368435399963801387307497128465318613159772410782770592640656192241403145216335950010035548799379"
"3 97/100","0.2399408512578869953278186679159910880511810778700485672944957574502142382238382078515508563665485273978471734513798080259585377921020782915497765571448478423000429867074496333039197590176473817358792026241035138431944945233078317435131249559605347673377731001449038549726008324296016530237"
"3 49/50","0.23813585775037179177139265778360857905518439926985280887895140877787599556924243236757788806720905256150736376286757150245066318998032192834789060132677851123018232242378211213197434955400030717266526115548647196391325170250941158575566296652026140684227436575816783480153799042692438344187"
"3 99/100","0.23626382353579033295736399442471179818491054578126160901085632799129731433252570917784566912450052886636708355712075721878786810622909069528916290946349957168135267477816840277080417847697389459177881631250154833173364064433503092236645159892669960092041195632043320324430957432951839003684"
"4","0.23432582178862034274353310298380808036231841781564081982095405374123761506067617929105833006293626296055689159980644975133768309793578400218359979288566982161174340559311562613303846895189154899221716944572537676650192660798763192007747456179924616933416298573374101823608691942628032317289"
