"-4","0.2130099267001290898864088346712948297764123214587887254263432870489549022415615378457287664793012016044070903144469353097724852815506446526279431426906239729497421275924650083533246385390794495614088544366651533759600907464912314588341315220637392337584773640903484170080939943534837871376"
"-399/100","0.2127401840206078122353841650318058610681838041406211921166916744478422888819424076758070996724930419626651527621881112752248306431076814183570262167571163130319690723805986374603031639133371989585199704772848406848532414838928580218095042941125643645861974139004220143579122179498504440136"
"-199/50","0.2123994708187976249325675247719882034132279080160213218797831516534107250950989213345457296894322989901797385423573672314033875789336077132632400655464102767012822594776357348018626782208700640501408348439649422908610882659565870064238734314125363836148272455939632016043858011128762560896"
"-397/100","0.2119874199227362459030949709223585703643321140672575125602625501611466370224183511702937458966275516480886603271308001825411464846633288125291887828537977548327457567117756077506726349203267325203126237197676461177901403472960678640067946191026761892065534859691737807252923264674508520717"
"-99/25","0.2115036847506464775926382988094321321745495732632554866082150169620703336038009907890091408167259934164320045690275183959340910916399040080746502350470216005821603817689426060093569345177648202478337074721583268612512118426483331797141286399926039604829597480817699025096028675630938962955"
"-79/20","0.210947939567580746497183119460787083420804614174701337515224717717079093399799768009655891841158731427720054478754764116494976455458271055400367284158056761583171653607676094173016576268410933215984250776227214655100199994954248937277491818312010066493482735004960522847273270141625045344"
"-197/50","0.210319879734447277477720799562499194010592553029179995120397437490363503107566968764823617970987021742112861090472920068425415045062084999995499060887683546095983400219502681757088931937033949240944644144063453559264430592961844505025391329166592143939691518557142470124968065879618331802"
"-393/100","0.209619221949313757949498631580660055500606967343764434412496409392055335572782354778734177428531083602341859998832715608974261751152419423290795620643842366027200132730438704299545707477021773772633514131176308367985408599525425562438124899192639924204498715383683360443422802901735291656"
"-98/25","0.20884570448089899943296386647228435334549752059319845501389945638815699291225843331648672532381085567755211482916775014388533393659713159934803018151221335074690908673040414768841273382656897786254476690071745389448256014622740434893381758051839104978849562526758958099920668407676283951"
"-391/100","0.2079990873941780686183273974135722240527249455488761133011636419034553374922665463851876257640176938275452835865991217085366526851396552417301614476035562852365616090890886941568168005293890104778978655126913816939852391046215830740406977044118914570942000277215031579684127023453106618618"
"-39/10","0.2070791527680416004765953006041439021053285609721204167242296436533283711034884742322312207103235518104824438446731962750585257764309988286260256991997604590342525394685405204196285157046826082449869038634635034748196602766844246184823266756068713434932206616687669856713661566530433924017"
"-389/100","0.2060857049049654846785085079681470427218112265647843409855862514301166541779658973718754052040523664217065039782564557500317113229591271072931469961902794080498041718651682777792790365640773542824739460471960171263914443829148933118453166556360127845229907331723022451176455454050735738996"
"-97/25","0.2050185705326627957053778203924488681503868542138077988773939987630122125565241888184649031962561509754661636622847187690288939778867852404345495329698819702245944823837835152934868508067295555494673880174462392288732605409450474755051755987343738271881726283244476623800479560721095692854"
"-387/100","0.2038775989977056782757563700845231424747054573973318128444203099056677316980551364542052502525480195867726582274540088094522849855634698316679581923330978247518509986336766859626837047415861824916244954035540782072914491694119260955661897664295103577047479910549293909560669836016544706588"
"-193/50","0.2026626624511208647679493377239213448007744505894247866108916416743403442335259132673114859888839757402752211734845018784065160049468296136263729473478131119141504390429022498562547129257221295313288488614212167300440091730109960639455568475520969833581987015811299195742271479943617839879"
"-77/20","0.2013736560259785522048802457766772217064590663409705543177174838964367205105441817943729524026843801773467947993432218313217274440532552150509568068143797085472874530995545095327761373375987209700352416774943500138203290659833831538810154625819193037382285798219031343411545967449775328461"
"-96/25","0.2000104980070104658061166863373218901353247089390661076265883051782401766472298275432887989721133205237574740313618243711078578591249353646410049864322923239285130648337402762400701480570292406126832635965840436620254152870223376882687262458480856853847528595199260363986994075109620847516"
"-383/100","0.1985731299923090479831190925996381905915865211059626470783582883808320318681556586595422633933579125706976403031649722046677292853848453016565994244307547847175691187335139897793956317583776487163173137506496689725045874537054610742474445278574650012314809700410213607433431559212353300779"
"-191/50","0.1970615170471758015276149754002790203172461521902098853601502784594120678891786595048506067208028828938864464299310593439334226044848333562323357202757156767010096292068923262593822012208932101276666825480712874613773827186524499407208477132014864697319263658662220770873532257510448823087"
"-381/100","0.1954756478502028514990641795908383696432472086807359664125069855342077325850489410475863824771608942583927162487988277304210802374653496551078757232491056461020375878535470852052478786357516039042818096859528226011293716300605380801087210429278222736735153315734411571143610806545144712969"
"-19/5","0.1938155348316877428826545966933420038868889850652901155120310828892687995026786196379800031976131062455417269569717323363524149786666547110424612166832909728785749960479760000058220640864946737532795021054631956650138501300515127524069395561724189079654289868068431499713300717307625318174"
"-379/100","0.1920812143044973353213381500706237441782986830215699770184330045568522713182612881972809649037015500735408391397576979585877606233495537289627449186001835315520781777929615119581205347017544926225679948014786584794817155434370988666495930291530128980696942743794057286311042304054190587689"
"-189/50","0.1902727465875123719762568149079556419217533588712439753526499510290498651345540187902858809026875710164125942540599653127172830444555909133852559569800536548351789723088279245701019143143673600545839616779236843757345212993530561979579451200738843689929538319601626407606025987252799985889"
"-377/100","0.1883902161217998729828059429174302765793130312435009084117411330597015785058975201428911478366256535648810770637945590879781480075073354313571641124556599943208224177223611935887237796934225912678880316473118345752215534151109729000053477257941736802312814521109858684860975337633954801686"
"-94/25","0.1864337315796759290693455183314070012332124550463772704290744671769436552626944378442042109486057690079684680961831902212885758181302178317155115301824804109158427929545830568467850344796965490323449785189595044749795524256567165502312436515182235440720655324292040127943455920558030370909"
"-15/4","0.1844034259668367515655442809834256594721537971106200925294023794053843040648975137332503835430146169945138649170894053742105321524979566900003777250471162357691074267653927973748639606026854811123485215328358440277980576297966840567357889768976510492534298998554768812759394184195817313406"
"-187/50","0.1822994567177509874208576336983171628131612407097559712392101539954638249609612668852502665428398622747502298584851837489865716417858702074565490950563521180064960668130834021414678370214956417342538627257415581367331765653067789478566333452354400302136657108940816057964464307848240907756"
"-373/100","0.1801220057845213635317329195679077038590127172963862807347541844375840627823266892917913400259055173401761501556897920677731155318453846277449837586639237656049296899810367853636309648741855998728383393144197295093700538030047457367437583814692352371799176866813688973477495685317065802709"
"-93/25","0.1778712797194387344590121349480034298618906950978127199671998206288395040368701584261901195591168346290183682189868281636271331892668554864968134628310356822928177357116876052917457952028949969156539761096746243248572743315453302963897157209349030892088746822948290331865232114288060771537"
"-371/100","0.1755475097514666465483179806372293759518715154270958226915776939743345544804054191858410232197650681260278843840665744240346420423576825381391035169334325967648941572554707266695509241363514803663642041314610025433026411304283585700270309417162515429790455854910412311726879901750825424752"
"-37/10","0.17315095185690970516277723478388046921414236751401599958645890230098148085349525451944502880131380026950818300841515051770883252860573786707584858522635654670921456612983884398815974598259689408337690265278674239303623881535990789479633567640627259964157531202280946606209841549973984635"
"-369/100","0.1706818868245344845810719029479646605481070668679413831196050997718831513298885509669920540996285521264435928329199003562398899990199524162091127697956159510865379274353836344692786043674057106542730697015943714130387838674099662794997338565689633126950020517273110825380900476307456036688"
"-92/25","0.1681406203154276458887342372306537246759698488946980811593849181864865133287877191797188370427789282506603685771759745948065172914778119129168929292161372534072031544030997388239592773775079115265365364026094320871815560131124964858946435438878314371755517054845233543085416141739228744932"
"-367/100","0.1655274829178925839865015218121834564703431848925404290796344868533269678570258572407723539516550514493099453679385916500958082984585264936577190093996782056445467616207410405840828902266697004317698501024211929495997274733709739191357886974652062130275380514499496497256610579027313166798"
"-183/50","0.1628428301977036493420290667576901961956223641571051376866421649251656134495656164197492473318231331404131291043305183057291052981319891939386143059210223784875530751055900414644920791404781825813882525991808389892798674792351603636497671612822231475708728264631308933125630724109544918477"
"-73/20","0.1600870427440562278243334836689139829657371956916754380834217662611728981716808303990404666016361229094020880003693489978366511864920907234718338024699993824468419747698956416046600783258460934964100849514884086631298720459290490154075211916496762522720729676557978417014500105791681600887"
"-91/25","0.1572605262115722955027468903397367381758574248272328810024705002020650294356116778414022939296098929209496817126335304156483387948178959001657698197689271050077218517785710371370716954939579941785693109267096260486009416770335588131953364182902495290573416659454025767532200621705728368333"
"-363/100","0.1543637113587452587594007883424922402597383648803180958271716581598994544247768828731798495523359472386783969863145363527889522781468378250458410250075899186004021387380764549488988256577179404688715729306637584935748351905948944189063118033901406055611553813614100598238508533398649008469"
"-181/50","0.1513970540832359476675613290206214455454585607311809980546825586792398857043267535551179200353185107401102456655670457299713753657379417805513744947494798411490394330417954468077944590382928696142437166335734420752143890201699854128982302158780442551510919392701823199896769987689798938674"
"-361/100","0.1483610354544648765461529658239444578261707161514519772607747646719479822819384789726988516632764848493768005183696160179075047717290359402556707111280817046089673339503712136137408388994099590736989445735858172108050153413013787246696661706454378275262064417552162271655187274173535074737"
"-18/5","0.1452561617439860738351691600343488314531465883331030195707375355841766269728965855704483977544874264965076663272079827907368675650374007089771615250745266432187669647415071158752169382185662613186922029052547669516226201118060022618191883075184436817610929444732679483401979945860627445737"
"-359/100","0.1420829644541772494172110975406731530676572718441595462400895570614799129575871750810863594953982476339383128069201063549742543912508036029727463055473807403027986469066224023200560896342705790091827379374249046014444782213675418973936613074762651125809660440928146574618445127464202803585"
"-179/50","0.1388420003458429402409544158906628765665932436328192064759424405455026532966331067434948786754276439369394683325485388944150397971042727135787100426758530769541915679868060862198800528128150033294384908373444841817074197285735585482685354448431635951862509526787178036754565916743977074301"
"-357/100","0.1355338514654057757232160456125252609093530589041159761522987248948187777587300246150058178915945049956464732044213349952647401675355227504498397289339843747085194384274606950747900332724320158787610840746804913799561205826449489557778270492079508743936958882810040311623796490102036611601"
"-89/25","0.1321591251724618707816466827470544515132771953600231303088182909820155799213848907098737869227066864891282546068883630607751469513744172109725056711595934204929545412305368270835299101272062477871958754499841483101108618461625103130655963743984586181576787042603160391539087511853761711356"
"-71/20","0.1287184541686074508215940227800736585786011778033461809471380570639823905668921432741823215745535679297216370902799490157325326466742005379240754309973532150750205206528451856553611493074144349775056440704197244734972150074462619757490081522540735629575411418420244816118423139018186188857"
"-177/50","0.1252124965286160153067902805523541870873266986357267922832307029711447944826428355990709661007124517716535945418315366333919540194619137523453498261582959317562697434460498972302765740000269016921824057426689372281279122345293492124929994530595295669115201942026187902414286427985109245982"
"-353/100","0.1216419357352738404548883790162850113241801032003109177113263557076203743905430544558499836794750881044911794623362682667959391783854766380955538545191767735913373276539889374812275534486254076024635002374905255349164290988709259217571825594723467823669748663250161347039148312914098435764"
"-88/25","0.1180074807194878313516563705768454314642953887702910836388449174767912065435717721730369943797366255458050736431411114080375350600295451743147950568334452603651677369470203297104923312891899147358320917428638291442879005521954215302541309767857238937554284223939234687058777436221874683698"
"-351/100","0.1143098659076942219857648595711517785067853174362367562620857053129453173708567910005754543107859994233361655987268545308649293229699252406774798281895622496483021169176493886201942748051413263703602258716993883346227389184397591800816220500236737675295241629552130637918552931917244603043"
"-7/2","0.1105498512791635090444045997868188058042213529529489406553731393218309663010571480935050004407298391122961953961218573437282361574949871364646338841636153371068532189102372808236038268874286284657592855281207307142416796199681248034298677414279755174611277368287555719301825018405562719311"
"-349/100","0.1067282224365808037274142391929989198572889150165951723253270125004880994629677418968060102303929942248528782896261429534779083788021295929560301344698584369627204401820274768915001804156482587908358761721803520090850856328858283842370665621284715095675444044051926771934052494874473903224"
"-87/25","0.102845790694377126882652203721495886134992895365717380681889797511555565866586848036136315131391233149223362011473447994254400234328626134246413439304243329513950185622636633031057167226260838745064647303921032749918307904828590359266918065959685612060723534756895994843492072037153035304"
"-347/100","0.0989033931908399317056310168916102735113760749554764003050472012424467609704651056938043987217904285448480713404314545352978875475311307091494623028283186655265533991712118750338074670344491363154575887593578925603176838815515037564587459127814766313534885012793059220312630556908894996357"
"-173/50","0.0949018930322602573821176705495721982358176757265815610905145684412005927859689260359075890008548000395860821030682892307404736663619606445954576002838320671697135920799905172010472361304145318617838074388997828078157151923715689434122619861413797324863952202124647472553220901532000979418"
"-69/20","0.0908421794806214904526851509671548907659641604714543564381034916391454487497381843313285166010607142506180823082676883763682305112625783229338867938391923965353404378403908460147166738626447523740476622860206690712677686372464359624594230660673268745388186080528843421041420166852109371889"
"-86/25","0.0867251682011429235409396212952570834935535712667863844061172246463643646824094671995605013714951663059770910998279256875875182120343139182978175069287934596615858794609333880186877505973286285653534361025614916783295040122452182940977791860704495676570820292890261277725165506468174391988"
"-343/100","0.0825518015932372660846650508041765438740615811461552372310982512235595751360524397445657419905267183843027151178293434451084858479443739818821878453558802636536085437481227693497763942652510043131519979518791635892312638908510242536099888472397879152656746538962737899523287247180729108676"
"-171/50","0.0783230492395761412538856982458686525763203736406949172332826306336889263610327200749514127813850484036477327145359858009054030646040995944934659562337618564944859801345936994355330720106612476425407681273909251399076920407671272704711514944853645280956977328148476971757667691591497425937"
"-341/100","0.0740399085254423672611424868931975744308697715711339811956604577588665586579464253676400303596719822761465541838646450113256814857660330733095631036550992774821548747909155250397790427231470895028406619068439164318448477653875404340885512156844022159090471789953754481382994755025251805106"
"-17/5","0.0697034055086715194315358138389784510529986009329744372090054931304542316689932311605958859469118729499579509484739231937455847423471367711473847387441575525751799464160382841251327152756936732327089921185543696586999926170682318773018866044452132554743655607986613625837437689864256076016"
"-339/100","0.0653145961669535703693569349130423835088514981878621070174312119582781531933637535863636429738794646013959732789012107191676182240301872085195660544761411065873085883665687916423419381793662003469558449626678807729759595544319682491243041751341461499341564435868656546209671014060860320884"
"-169/50","0.060874568228401115632394491965428527429101417927708119810661580275894616742160560020793433100345111413722515623376416166396172443535439131652366849751472762426193842707897879894064374216466162036336012181771365301033805025173133295258406945375961297885965265898644889624850761145830878103"
"-337/100","0.0563844439307567374093474938627170626694698449496128468691546036247018984387231048710288731449540834227597447559870837136525523078579011786843040799766433697912186621193612587706197824586886899150400630205042943378168913060430427760698850904041905930891386731548700872689282952259991620325"
"-84/25","0.0518453843102173523317366595901944325672497442713791490085207099752267867797109127033607146385113664562975018205793837439389999146252337611397467303820981700480779851609176206075879992132955614576994238814927309691180748885632863936076828538252850502490496463399216484416852174019412648125"
"-67/20","0.0472585961109712215889237870940266954116640368414020909235460570264513728043652293907684079493949645821782254094801767903463120784235594489368971802753352237006962572988022011081580958346978208096796410327141722328949046234378111571777853884200278179633588894504043951274099999975019635086"
"-167/50","0.0426253433972870150080016339066403710975581748905400146309535437481926270818023758834962009581751469713323350947363840145625809121258552944241370411546906053654706101869695662360449968631637308991103480726964482020663332469802281069744990783086116837149272377596293707381524387029645623871"
"-333/100","0.0379469680820469216711902860894847837111173174065607281750953088518673325848919567555642370618335116400872802131915260592941510668834198243215470239232110142705441669311059682824574950797313923998024331970378398315684784347529261698508005173275602198650109710887763840383373936623885582237"
"-83/25","0.0332249285335153348307341565736095213850979456480727267594581887107847953287373577898290918279656581060298774102873350741515815351780842999221847629232315076392506438176343992506861114863969538110023042534658152712221851710442513599227745908760599615106411236574052044159249014463482959816"
"-331/100","0.0284608780259349761336433592938092244412138509926483206462441245085181484366329070090783337338587367044056709374102965460269108968810317795882467596493000713650481303587204758522079377159237058046665670639144384118797375490582041469887283993773233940751292344832370335469556285079349451784"
"-33/10","0.0236568409410508022365057397325469234005655405645034838990363542276440160903627434006736784113594478781253611701865772786892533537647165385013713884482295406807699289213005804581238155777008902680314510756474272517715695227093071790557922881746085221258317508190747604308631619483467986643"
"-329/100","0.0188156658552972252627330845841957812906810945311356521848884478864032092992813310447728059380089384437716958740043477586175833528974652957001081330559423455884967290137557666941859491771019648545518914291150544168523883365318011545759541414253755517182155703196995025054922019610515745741"
"-82/25","0.0139424416531618995779079041328791781373661505200650491124396849392565590614126395866811631813792435117259406326699196637304475410673718016376718430877175136307921217562752894810096234779186155013745877242019298061171887957930245734031628879100663902250945817243845694971867713853127536288"
"-327/100","0.0090505535808377644435888860030139338750625108967192270794856858255009333111498459590641821721311701214714580301812897398972750287262101623116005922753166354097322599394206230076723454902280345849540837208206498383276224145124620680164084348068152905260577652174035246112837814659902961469"
"-163/50","0.0042103812965549623254483577254257665533021469312459341944946360427532031410789343493538919464897487021095918330107761055638658262198148120593112196242329154862008499872645251836306851963637567445218969503959781481345167509140230536935959739485580400012367614030629990082209617214051149032"
"-13/4","0.0017104363939456730449081500263404822569468126854502665832918528757544090625642279871811748158390642871149266090808956167509102310538385717233888941948477608762305305859551155518393831953272624802739956489124650041181795970618082509728478938895477494487996960423575677444270885766958595386"
"-81/25","0.0062087587773771412182030736094791942702170407062617490515584957957438839286239966804610080747707773490983448377732989580589931144272175390619399471652746845599806543258672476773571224099940440866231462288393489509883527859011341264391496983812367149863967290570936549971610661002882112954"
"-323/100","0.0112065802640560495666741526372758590576327664018647558142545289764458049902352170508472880052174346466448671626842167416662186141941218737186074741057470213220066152700340165081922815899021022145427515657724451947865856453375212117799558093440120648103260790272703329474231220164380339579"
"-161/50","0.0162782067093103966443544163188457974245750945655287226074030908527230607721475366698826038842519100390332871640988169323193163696443324201671301757538752847119976265812492309735046483367716354150400873061699194505402132246677956975795924090372502517252187515904272226036334497214295661838"
"-321/100","0.0213918126089714535625955954790221511054582721946980575906970061563773855123805281961683296348763442330433351662259506014877211203092714023991994064245051671427186578448658822148279541036178830242460052287574757320727484891536339562707364575614597801322997151757391498119514354831968848319"
"-16/5","0.0265386978203334048446540710523139852151448256349742758135777839056164291025200969447371943570516003682618564053058455477318002896296600018907674225911828968653649963913620747315572362045024098077057861042311193103342126661259321539518057065465797950695092883936890192436177822480669233166"
"-319/100","0.0317147503692604803037018243819937488513211257168610521882295447521843358775275314709662931252524207779866504732661821594568864777294334135186977265285724888802321548584030792012189298562031388282712305071035349225888027559891323952400297475280829552113413609793833127061866015936159622304"
"-159/50","0.0369172565766284403835726948943146337684719795836707954866281757074679222618171279034644313264122620168296133538479963100126672395064066571284630685215049153656352031218933154273272431664221709183501237083457947943551546577876786975786615522531275779054008273525436234563987056940916601524"
"-317/100","0.0421440356891591070003609875243765872474924085189361225894900811970633479102399926167365961884158527790645612171259728194897201471933013052703261276006150083751134549094563004070134031392130154065452371977894123442339288488294416916724672087563114708594903938072095125220625414286373147437"
"-79/25","0.0473931372356052849511332305954602005425024879596606556043171828385372292937746899489063575278115831490336157265207558814700057650747761545723446747126708033012040195233073621280369577471405214193283706405851101383997906494280212544224563240705579279225995481663370108769630985758092117968"
"-63/20","0.0526627160274051397892770152035417908792028097336109961226432128171501339217122425846329108921418876810112506542635208370721130183771355894663737652480835122576364498702550722445978039695535506231552925261927675318403758643982704804205727111402854315292583090341926169409072001043963883967"
"-157/50","0.0579509740268760900120484437548167019291305745104040673932564598687048287360894546781386887288483836287690005515681821852251337282310748832385501095915417092836029395306297865061673998133491038157505219056598653708543027948987299022883590362743460140453380696319619048099383370469077342533"
"-313/100","0.0632561307899825640600342420145604510210901404569472621755703001072390904575139776515884927148623802880009297696236704467238735637169330830569435078768097035716506329714983620600277256961482220956946304110098379857245927945847429963447049387357815553208221178417031619031064253348696484127"
"-78/25","0.0685764073579793286753208687864445524486302560411523119955516067243948877152861870958397826785667475065641633529922782435091623023188078544960381786283733748517339352800392842394343558976352985240548836473971736320952424316229355721015186935863234347810137366087523405504802616405553800227"
"-311/100","0.0739100169815468353012193881985121144215367715295256659684806160647585293258875067121327237452605831402095063134191025841284012119853853468251563206844432108643312740439854857335795062988438395335183100734121400308568898639985047537098250459947866468717416940614852944247157569376287260655"
"-31/10","0.0792551595393432205927762651158232351470451085074383330290902347828643410248407916319475342544636686563985056415294287580039089452104852001757661576229667403263085995238349145003049325023413596578233675627051939833403698652026371849207220847715018351731856095453069517580085011218861665437"
"-309/100","0.0846100180612603809652987325451625210337758716589752128169384142738346569695143523123936532480741869302270069982466315385029698404948702770696092580709729303344118040592615133368313473150346130016092402605895753100235808158834997972645457311608299730854110820699662903686709433650709425094"
"-77/25","0.0899727565057452561399261160429786899015320459431600339501914345685189177357107020874029779215225739409857385700699384925998722414248829807274945799392462511871650293227251048205385914896537133568432414764842560941783667815394062988364442125744161260935597675014647641060010008379695965252"
"-307/100","0.0953415183145081945079126662632483271048709459166172245725119915699551043908772584474387064115370836942277804591194993897771148134088789324307659060370921862521461819242776654886947536003334325564419280560711297842462733274119451737391873483256596360464258143485911051088532960145644509909"
"-153/50","0.1007144254667655494352946694393111803141073148675058191379934832343016570027829658357031486564733940579992561845989525607694722809978974850688796946760434109455797806529553122317802057300634114664936707631166171071530303928935537672751971837777351901057352209233537668775997611959359116465"
"-61/20","0.1060895778654780258281788557717025625834469805959228907166946571857339020804484146106332149282629620659644701545328317315448237294639174217008003415196852268994601327346035394759853931511178875218011936262980962327355148258924662650330928070885079800392506602148453502912762074410478450386"
"-76/25","0.1114650529515665825962765879751022874066741644585575969588638842816743821448955230317190852837522016936943701664961453501705734984463503988578591230523686044917528722695554064712603510189212277227177769384218863391160476111525402092473660325754208970158320712150733472690874787500014806784"
"-303/100","0.1168389054798763797781629232758378003844808161763318185559915031166584468862346552241870427579666919813924531677381401755343853868917274095222380144531757923215423045363289399420054532058803601282529164172789238749681250395241864756559983136989699288172743584774589447280107062120979405204"
"-151/50","0.1222091674137993656147548461002450684588829349821005980799643052079890003535692818168611988975237404322458526853441116937172304608302379242154907863564112920476573897061572229376865958207490927564152672989740266894462195423550325182924192900640724112227196668090569771876245836137958218151"
"-301/100","0.1275738479100061488791966159366934845555894064742351794199932439322808213398142328904127720258971212841327263351940755882079698605752096687326427715291251192600885305214616467078483588495573762343225473030623439270287824740692632192409318310824043923015191234488656325654993162885689748983"
"-3","0.1329309333740876212733116394010176972584218523014055276198407278795724155044882701402762186605907546485395419892766282822028564090569991774491833995830103063475352447413766182011919924054505018832635665247724681899914401924545673078646025705808624991459384310938042148225005514029730809665"
"-299/100","0.1382783875740453490056244068947486154935100528212993857872898928934835644340793365665788813853840710714120118786368499901872679916167210281442912918454421017980605150900892087752458818364606320114638577783954432963041776558442544347844689152364367691378401004779690301112684802978448880201"
"-149/50","0.1436141518026760573898279935144237096059817647860794884135997855420120100801952630643204639519000410246462772927993853026038157588918511530337371565537605722680845491448517059982692438260964334522762512990428822247082636043757349472168248486788345250149823565309022770033574326735543204156"
"-297/100","0.1489361450826888827034619889728344223673983312295327964517147003049772178588686155723295457079793070657596732377045847616428932204681939296715512561233394050053381935845513324000963523001953599122016831646287529816244751972727111136761366992182240893815505942102697831604391956793138948884"
"-74/25","0.1542422644103228733978704578974085448039654898274509713602358511981947210817831162753868925875304530645463669475459296735216711360093044431715253087576453515048683716437818656493468710644718684422897569180555479726201084291451940674494982993843072239879568134354077792739508262533404910388"
"-59/20","0.159530385034581605765197323958815141547940067307100545427929676071531921539274780393599137523047729347451515177445169632294111109192900061768365010265676768425938513936476600941400554821904505351695626431211971178103043178998725162039500043355581119892698709498672999715098463835308986364"
"-147/50","0.164798360770156342256713950646406381563211880581062214615854870591545625420183643430275037181407301857453489646774522746974516915593992336640432530340005506092163383156752779355542367701502266217257208271821804707165311700283046614773509432575585955441117662340782407024159687796087764549"
"-293/100","0.1700440243427904418611266334650653728642405893722400927874607385240692380312287615978804449990224488407451839483955922278239910719446515103462779158953057815828449062120253813470302854463962713745326153484631392372160092698016007742052685116755887428690094867188978632461391162075859477715"
"-73/25","0.175265187766326992069671857378567249642283316547110457537439309814163344569805521037530004067242445977757242584403642709107287303642700531586252007996010474470410676817092479574726656430316338896953698849022552594964115725853226831969980415937084415823229010206808338632003031839894461206"
"-291/100","0.1804596427510339849487858520880214430591381354230178459096470763447851199562369553435979210975789608420359180010240320093731437252776455678416474262402437878629908155361441300045485090453461926355690305817291887993230075352733411186055392616863353676311189813377013982552181199409862243411"
"-29/10","0.1856251611430546868767220181538188127612483326076387608088004561114827410686385092282037437383606205967951829315157808642821436908687968300633626716454342484232696622225316789986367878385584850641519394112675445346237195129333272895784349874969006218459916531029565447218364462207826985989"
"-289/100","0.1907594953950115151574993926080540159417905923319610873866729204058683737023287868738443349692553634001545837289051736466116164213744360420584149985007734783877793784100053595763545369329166083709213646495917245506981795096520926328757003904145878433623664049297555941741241781797098389845"
"-72/25","0.1958603790679182972434538747649568239301630878358675285896090395633412989341484208948424430082582884127166659138629174263709710597263917884884067130174517007808551365923726859014562877759516035283772090019637636098794609526178528435336593091237626097342202352766044073538081722153114449902"
"-287/100","0.2009255273646414651160513228539656342500111161436731357083961508840592647789015125305840503476790521361413671528162780638852342921492137916154913812226663049339974927660370452700477151997728369209658772183452964448314744029353820114408972216876888240615563906821665132170406149911790115369"
"-143/50","0.2059526376952050375064125470120698355011651216354241491509854792051685218463311391656467038641647687038285801360547277637518561165109324436667601560364957575308903530883550491973471720027217338829711244744632376989182174883444715717646395488079230423977398220647644937361584541052143969357"
"-57/20","0.2109393902742640789785968454674514623667469164522355589702968550616627807581071355732575204734863371875125304463448696560103065175930393500878983032911771511607576219718553187423122335477454118071922179291755809280720847784498285636987019223920270685976553110600783700479922414774778487848"
"-71/25","0.2158834487510817745385337800325071227775188576131404375718421036562411257533745934817638711154596003167796201645191401260653696506664053611676230815106800280094029788411934145168111418101054331842142541594052644496167543198023876674389504309073458502834871255368244013972730847989598476147"
"-283/100","0.2207824608723400890314270904983228344679474634277597482292665541914495590374495565763180637932069271639794293055645645965509072179993347461390445851421488516226709776258280055368742905408433879415645036523446224130874977029106825646253594830001482349294975891273985937955010293340116683683"
"-141/50","0.2256340591780960186194576528757762948970159217815463082332584302771160767101481214786811021865901724839472043904849241693279368429936236061102511620905065672329959948957274334840519547857578000973212849451735846694638428707109269270441372225714885132236329769153008974998032751975154839305"
"-281/100","0.2304358617311668325187167651853626512729063156984745014827006903018309733200004222084102043785914289563646432232271886788263352105768374406225556661767271559150286736019642782429900480459201808207456147671966935432225289562970650378829412258552238122817601870913141387703208756519300059259"
"-14/5","0.2351854728801900968341597260859696389168377344670237317525741778366136960033445872171652157225860566748583125997530170637650453313655423705948806844019765351165377174354345299855565319157875310008429506099118468942000619520973266722412001641399729490575414744203667718638026222801834295663"
"-279/100","0.2398804840565589566545462129885992559215190517554432935439135362484041972022343665349357615752928420089775856332380181729230066588088562710709778680551052354800538512266230484280606447598378337995935557628101023359778150327577763959589959150243008876126085463873257194862853006709728485899"
"-139/50","0.2445184746053811502888958868395944168574587823781750709183602409319734473348773436197234972789155219484593889781224483827440707402070903963770883943271727685087050833486461972839587076424808286076565106545947258171270596190349992485158159917045746465006345810712907862812915507643384907449"
"-277/100","0.2490970126505523690744557406623219554398308514673069088202067084098756065146442691471428108943244514699116452979168385825313078297530452482240663249282615361134918637680189857606545606919980646861178032431480582838046887534656540198748704803580174917020351893889382135893848781260312034326"
"-69/25","0.2536136559939715439191667843158751418460572746697787487303876233101783832394559696472268946581927898420855874561746505761903797896113182689886859274866801154760716207273751483295990450438758128852809665667166396922257486702548059126216570909786597290890208028820602423729821501553046580251"
"-11/4","0.2580659530488580186985352447000975406905472467864922666114565694569106605881766774480105926571025844085937573081874470952348686587184042796928350788112402853470298437550232661036127259582283699670006993702359484105567691533044906547854939986942148950127966302627547736335988199985561416431"
"-137/50","0.2624514438070588694822237565176312945960505547492314205593513430351165087393591622558729705478659365016865480455322176915787347004083032204252380277821774122388446542351118928484502889819447192571143236597252034147335946093701284153686569862620206845888107421578671897670187020730761691861"
"-273/100","0.2667676608401593033731576958960884854968999727572536789989402938377386101817805263799351258300110778128703008551410230890542595612649438984402833347870012420144393748992324788235777001471559069713439161846952142758963042857667682219087194016173460469286254497378910266888062517455945668727"
"-68/25","0.271012130334130541336709891821382281201012590357161763418900217369527889216398597614883227877386808693304464316089666641593258614130719352838796488370106474415974106398749521527309929480130764524052590685705343651984513973773854297138653340823519354313737946127111946504843908772386103154"
"-271/100","0.2751823731571682518058900764656133065286898655765276502613167607077415689064023600621149814866033145266865802910750084033023842002846796696431324173636625017621714535281989815035247824032846375207524828719841623038642688039601497044130284819861647904543919106486662893054017822090163198556"
"-27/10","0.2792759059602908376841665382917165064068190884901557683667553547207442998301296657702345750772798460212040785475056718239038413067718571470949838942558090714895403379781949979972284644957922937392731765714323939378405029096626681909735277080922676475065501968687193041460602682846537044573"
"-269/100","0.2832902423101810629320712102513681223023423281471287356504148667062003550523041578479275847068758055894315189356214271275173721114373035506344147101043160341278119554392565574652993946145136567793438494653196534130077145731627094166960281119481969182661015940482867926699691837773260510784"
"-67/25","0.2872228938536670085383499579417185421911292464899549336368747161099412880962104862194469069791325292772084308709543971695250040655811782882243649630600099268354140235234812372861571259773837013343278204794101409175044926641167256549438065977476169885258074348080446392131583943303265372006"
"-267/100","0.2910713715131495456366730754085677805132020551104111704813059615724888600871708282697652635056858078161377842798180311984316266174501791536551227433097064235265802532915356015414331506054355788263134837234665452225868500454830900189060694368185201930359003528507769252248484482524722629511"
"-133/50","0.294833186712193784972632936714048166887459426121309070573958246584750848896402605795101713828571362687839785406292810983306718440819040935938155044723965905941064385758116793798170818832886662054420004334897844032182316524386677765860534429766953627032397219213705741657286892100378569289"
"-53/20","0.2985058526304116928324186503963900255973321599775317771179719469627403529839948467102444315727471330727471775008345757852427534927051547394163177569932724572841959014160375771635481759577767031739226341307381719058752765401597851844605240248228719816885614352147958372302572104846100893978"
"-66/25","0.3020868854866726480305684893268520731989218290324479447505141256966974649612201770710069301294629981156785569294908850013143841199788597092291135715049517596822873479729946857619235249596302087382332288289414357640766572895060997980486083283248094772668835120859889739264161408547014091675"
"-263/100","0.3055738058495885555887302541326857017581099429753330003418803892666862216536254252705252651788258544438880481675010848339933532608817591756099807794296318605344572492472592136963933190541531282577052228744147376685745797531074079466758686015492280158752938482308038596742977632642968166953"
"-131/50","0.3089641399741306423744719588626216116492752794827418327995734115617768257150196229098826852882376142050285550359107837601133599328360174450301856121731100108058501489276470176106096342596000423175172284169211807964756088927750147439642592786060498243969193263449947497051375189869522400137"
"-261/100","0.3122554211631466591702123437778593771581302040793219264200785137256154899353539529250307719137593217608535653469005361197927429422211052809798093282781859226353524957490515087939726344640715912384225786949282418482312181060299927300408347690155036251261465494114417904340226409957407025066"
"-13/5","0.3154451911524603317465352687469920813526051417266123428979039329203528327334922159544837644443732867732429627574701619981156358151794697782191068249028921714726493033403405909930736218025366625788304365170534829841648850477702163018233626723607164322041904125830219497074598063877036256046"
"-259/100","0.3185310015181499774038691064501796171313107721413301919108787963997224888803592411744818387778414939700614305818623732127376179045378650080904856520221150570360348459822884246263609152703764156381217599684617850116967912748859394958568336099010873743669494732209422461542788867434901305532"
"-129/50","0.3215104151045206764445385085903587024283664924214535778296083458386407857074928383103333605660848950430691411169588403021859226240950690275202216996323319132741107862325062836159082287809498609504341182251665221439815312756621560292786973553505397621725742025949087511153353588313528732101"
"-257/100","0.3243810074712047085675746327629627527957145347152036549511829879125497800077844382987344065462264600779403605794638515790531660384924292914587224552055983254761298840607087403595163006129228973213312806813698560058367529327466597079019804308651458975540154826669560371789798282203069156602"
"-64/25","0.3271403683577485842178839874645655013605076919084192546450551731360211656667500751239141856966325667288294977317194192643335246340297324112226951532737062599814289195345957246436471913772170631719824231128224517974594460978424466590475944651161286425732834048260467879774765060612166441266"
"-51/20","0.3297861031639723742636097584214229999114942756231274136815443054345066706605569691223695761082836606400307446593693813358722929108592312774738693762217906683881741737120431732115497665782309326364821862358588143689519673923631627996893442710323197227121766898740301498938931390125753586556"
"-127/50","0.3323158344443186217335937485584570685510842387722381003479248208248748337498923042746928729180650677746700234300127249893804759456027454105234957298719427196913010916506527741608700278318639427870445581474804868325150409396544030531702537933346511212046637915439475131363976781065672854226"
"-253/100","0.3347272034143443583090601065929831395346159360950478514266166598683358910833884431607041707548232914427135336810616287322147282122544363436834533106383609241369295535548509551200843752529471710528284533239298116507850352277485245693319767070923712323568544072365824001672815098172110960824"
"-63/25","0.3370178714674510931259528959166902135452559651297732285387400945122224812316389293204917013902002535686344491500692431865911765928428253319457582260563526521430314763035860104576947717451552738155898789145088040378934071571161231855819222558800284357552526855654841438764616573863096936784"
"-251/100","0.3391855216998945329369748734405182794346534503141612643022770033908750237815839005941121815300059228380492183117805873426507242144791324390577717879047438142623765902983913670049825404330098399139592043154080519283047848403769780822269804061271520322098467236497415075827504702114895778054"
"-5/2","0.3412278604420686626097189003303636868658912050348375664033169549698528773875040701242576845541129104607065967284583565379860640737665855635023319878093855547110866798705430026147564483604699191419284254318756412487042552733071418963075705878041285731146693393627210596412727180193142042206"
"-249/100","0.3431426187940180837504544515330747085671773405761899833914783473760676288936191768892073021490113552633256529083049232596839751789844363309794269559380650553572876143608129742304658592440062701258865073256663619745615410846543509143498487437475993505404290593523169212089583887819940803097"
"-62/25","0.3449275541630985835641950213150732237361605563454327029104411546628336594769132240066058359411537534138336423505626218609925473232862078811181834198739971898057669246804114683619237122105394686467508509995850911833904921906576495733897812862494879816851384166037826431772334765619510965037"
"-247/100","0.3465804518016791761794517920313346702707088090224058855706384161897352874466430043842204525643326348962153875128316014129082486237551213694932627286022270740202263733165414870401823230091257739070660513661130115181283703057164685739606708419711504775177910612717669445954311599071613129135"
"-123/50","0.348099126342759696023432494275180352844394241645824640670306626668537053737405009196657403238579389403680898886083650094455843781838114093582595034925829540032601017326260585185902606489595430057491040031933659330351576342649953551578633129234365141363810128686383938444517702311159427153"
"-49/20","0.3494814233313667775263002741034398054507463429110470564089994210382805853621936192849430071116449128518570525819312600048842138544132566397253159096653593971240697328262209758174533595474007173864946511101340141258922007295292107235363271514808124820266576995258892943980079595002210890119"
"-61/25","0.3507252207495880537417698054518616411884237564324976031984485720290125916316381183435562470913372977087131025657965641490284056499260196385850520290292610217651432969805289128668608313134416685372070282698590563221299013579378158146825551615858401194169767647442606247300813859754822682061"
"-243/100","0.3518284305331099484446837250782016652373639575026813267312424072396160972713925395439402183393237509802095627163953762630291884029980104382524364798189847925648111556143643838626841294547209895981820780795773891314928960601078433695832997555367589513068769146135665831129622598666059975111"
"-121/50","0.3527890000771387933795639388042512415500842662735862022094955054897526089022862929460025201837139686413907011692004261990710275229682055082526378539468981442087063110342059325173970223313545423746699343660985355064664818661947563813376463207336200913615572340431893683202177476341681639058"
"-241/100","0.3536049137296084152410594229327966440877415125569497095577118745545936040677553809719070865239404925287334097930453841513724590394991870019150699186720889319703844550637734343030283313898694441036303776576425879283634233307628553326853159470523645842282327494324416904820238793381488767354"
"-12/5","0.3542741942696100133659646355812605960221206076173441219317995579796860678035495131074506742925625091691644352139436056430948951176313322820297906564436436396316892036380971673583516482211604576457116516259829420875173434545010734974889896181148756523645574955482558968129832653507093822701"
"-239/100","0.3547949043690222617506476677338185408347905566232646713856797690717765095476303581530680093570298926609378440454385817834961909443535013574346621364409619052853134883127074134859062704873522430386687353350699622496271120944130328750470932136906722750311975476744021064266950562747399919464"
"-119/50","0.3551651480353712538205720891598663569755597915741997085898075719029980737650298729414867231993855754793685439230827672240854004229031495427199622833198166315952476787584151626288290437912730416444669424471854418894949626898968330964152531257033796482213727296336588378824066708660240948359"
"-237/100","0.3553830720340112628397141972454068093433145319767614607791141669633949597414095421694770576705823731412576384255782889795992188551297045266908490048876255036440431609368889795052735871108606389406383620742363897461843176264648891120912692358321473000340410473612846996084040461324223581028"
"-59/25","0.3554468672877883724697336455627981941931977911001392887447681047527309245366309471857782518588945716132885178143129937336263429090092495534909678951604018520935199726248904587427972028773388415072974567555317427956660190349736960467560214584877959431170035165963924029527550331378234857581"
"-47/20","0.3553547702524298570511761395745411581015584467065860512560942356983279637409416195761253143163145836524900531568569874600925561444948805007333098940458365368575979368035042404353500518806843444325868240416726526371245227631894078945799438214923680833350147323993590612248651544410911546428"
"-117/50","0.3551050642659927336743763566541947533056642923623995075691075347005147714022093319097589008455002730843534103837075469091569163556655380133322669851154246508196102157251427566286184969025002545427150407205695375274887080614186115173229662503191364914226672087646924982286984593246341933223"
"-233/100","0.3546960808708050989256976294644656614835033580999402150343282844270930359040882084344049872032118908962278385950730115582983756051001388670221290299993351195874802130883517590043653325133637087234681695663915832821764307305825058854410630480786109995555123311163311143449763323058731927969"
"-58/25","0.3541262011064435895567019235606590291960442762365338030343048141144869699374224309122441686022873923982404379123290130563685821928625625810988622285578390173384956007129970078446712249634162009827104742908718925589728424259781322309609728536500710206090842490702574556736650048355583735874"
"-231/100","0.3533938567724094114812398419818330684299110159570761488389513925177167470884199548457578801611215038956758168348855526600899608743668968965307853953615321373200886612917157910393944068220141735964430741260809084366607407826584472775437144841405341771805627646065846863122748987713741030237"
"-23/10","0.352497531659293664712995174873126218176897949305337951775398562735439504612504654816473765760219713337374285408305256411716725900838027405547543979855901894030943051235270544709595905074192584542264079331506114487589317181598141454367795247427855276490095345388186664855955855500499881567"
"-229/100","0.351435762747359908630671047226827252584620873919793649004186382355076873268556058207554933219522493789184383007412776213655014449282305139537962573282907385564989925885603231676605465772993667652842848392794736707158345513100646802231170210114703115213299763808586002554618440569287237258"
"-57/25","0.3502071413716177746341473101072004288883261958942711872067117947347295041982351211582692377177298610232780825378737830909802701145008690901823058473536820269787597424114324267419304374222312635656745486187380822450401751115739562736290033492438210601470699454340720159313404613811958207431"
"-227/100","0.3488103143526156118462590379780627159163034643322506347455523156129527273083259511018119024138634853291058320268027629894456989008000588587101682107046766437387827779667582427059207712077571036067685452483045794567736234240530522995114339080960516695042474239210607962562633527030401008535"
"-113/50","0.3472439850923422748942827611489270840146020611968646083860807914484267002882214255537483569718554218111479235327686874143976526870610436448230138776527003919873300386201969324987119397309676849522539748739593478461707468980735849624506599390481228313590333992013386578400743912695108823313"
"-9/4","0.3455069146347978202161355757467497752720817019430836937352162122981213991388351712987350148868354057199053908081841546322515498939283368322874308275854614285848051744721037734707281891061181240367567011023016725182670555578855601699564182873126076747358000263736224936591952279924477079504"
"-56/25","0.3435979226909696202511969816589689289132866682713878008915434886197288229964988070738659045895829108891743451686927641823654926393168553925904787112130915326763398724624832596014556451581441891092410203553415608546498978011110108153512073893028790199579728404035260067589187538447158994356"
"-223/100","0.3415158886281337492237063052065447397842737603603851667246982048983680972084438644646457480790762880703479556984214681200578423406510357722194330947699679313657922755228577291180106316732222319097974572695216426056705525360450338995762462016253814477331705137920647210299853848134011595348"
"-111/50","0.3392597524235909230186097484705573821491166352794474089379836924053003334123695931474798538160302046781500883059165909194205406679263130733086085837210426389826156565996570412378597135499742386184468684395605025902124696220364657097191839073840429357487298834381753655394328941149766452825"
"-221/100","0.3368285155831412420395216344244737811285472647711449045516956401433111601682231252981244121456878288487008119198495204073254025082939224528182353806914444080523070800969052988663634676615735455825021032762502760906962368372635741362156152022177105666093208962980206566802730947550774260418"
"-11/5","0.3342212420248019167761274457449421548710984378017139634371916415304961411810288655314931205075702298885231644093142467027038202618227985176698419025947139164118680793267695676136288495194568296546376487122814114814293484540350882991774115450463335015681818868341713846307173408763920000936"
"-219/100","0.3314370589284764557592251334843415463038995599857894987402564205472393844793191997244788489162066634742099090621770014353101709602189549153546899517347908747125184579939895771740400425917656507317703021561577820445611038543335904581807278225546366834760141084745141153025380993960746106369"
"-109/50","0.3284751575524918519169468813675398529589488803452500171936017206202434557992562338930776943877835839379357463096455774061096093674207694944473276498535705701779419037165687718097432741566182094469407514211056203362219401012284524696934885486831823119954141989676400423831056844265292894937"
"-217/100","0.3253347940181314915498579278018413995715802305378313633170357923397909240262831566244031875488963382055638671318432128613819813009716383974173583006156566574081435343171307397158695272641199132732874725760802866969297769977085985029301071625736282682897127726077156458070097494372747581637"
"-54/25","0.3220152900635052005378340759847369370501860316466927627023384324793995924966844983921561424140140197287777966704496972588284579048631451937384577368210191731114868182905541849793067843972448492212845255281622791281138255402159979700678991773800068137665523522167710727293737999050015494565"
"-43/20","0.3185160337683134080593184407991862801970605133359744514221397524445105101483154446326204431930663420380709729506550695503213273070989972761442654994108429344014319255100520599567608186890128418103750967819928025193895193442021214375549810969406776341599287016983785411146220898555945285082"
"-107/50","0.3148364802512792344884759061795172631925066118180883410532353470490364192563383947052896156753709255534798260698187730754333900561585204697386324593451885989448242278800672027979664572739435817624640295287040965349901154814169237066474798377960935832730525852984132474539558670562725688155"
"-213/100","0.3109761523422398068692357546228127469757284891796707206495674690105054011297162642431961152129076517566056468765094110529619440259663526408629569986537370654255233497775071270049045085411436153494388809327436637778574400159151388256574688046466848782592875125532819274066573901134869601035"
"-53/25","0.3069346412311057210547028257312268164576070762349966000880541981877336053407562668167661887672514526697296758930844746995047043217441528565103293968684618690575105266640763135211969336101250877543798467404069359719431776423692534604646758580185667295648726002131742546096740966088102750081"
"-211/100","0.3027116070961148106291462910873456843402946751382177750618577522254848213205330220515487786343012390811123907507024835889131613402759027160400724127644038292867222919110318306129639767869783006729279051495269783153621819890627015600264067712429206716751948610870904784673319233749217913605"
"-21/10","0.2983067797140228375322907802732331786213784611715839201224129961511437803020011909776407351171629509018041642906126913374985356212757257930094690290558013518715692912473989016018454693767785011115239765296563054467143540133912492595650781598267763713751367115854148112702635943680673104589"
"-209/100","0.2937199590550890901890990758695494497246573125323671474612990336375156101507242469055568787438110485312228423902475798745097956534300303388046250228661204337109968079506584410428351616544031336723453798314327906817356516769883593933892743104259535368390141321981592584985945821849424620633"
"-52/25","0.2889510158659290204007215675635351575756234872705549348537879265504416628484267501291351699362847037354147080790627540650616438108991737436620860184705919331217661167000126491787453786760957704569376117075709195959036008251086511580077968465898756973175911836660058063540706438844466306018"
"-207/100","0.2839998922435190419478812856397622001370536200822011216495420557603699594147287961200498576387950443135495544337516618200109349433050243017474983990587301521023896006104827448386151722721746729957804353378706765355909270335672263172118961592897475875468663281387612586159206224979155473424"
"-103/50","0.2788666022038508144316564351271330654993897543129646840011406334460107755928216900804749101938656074185584746399538079294915807998147553492646401088352689729793918214648512181709883552570376014921092036490492766703195350255254843850100110146948396697609639237272455807382008889675542002283"
"-41/20","0.273551232248944506305046626134075894746614521042684924997737997641676471744723283889729576647866486556090993079163183293856786389065698564796680850813021157885811802413857769147953990021689236976641331817200384679295297603084262662400488939366253775627030309271780666486396425722891481236"
"-51/25","0.2680539419361439806120206905327628550510474714082866523141013292374973181727036831352418092060861976471486642700142255936632182259982951255827867995671438626167267408766703793993684206427763195029619105926154686746363234138655326204692261533857002181356812797500978920917264963030329244721"
"-203/100","0.262374964453833645018340891853812634295269548120211762285210562683061897271713495566871372576020348539576166590910785899343570809864252820506505307523427232258288326432404185997271387733383006990168125986603999517029015470930531966065030365676059590317355108295165690156881295905582778769"
"-101/50","0.256514607207939986198213278542776173236306619276894175839267824246466281704792155269806474037173222316782874723811402011713895514422005318144364002473544992393612712261575202669485107644190924448539117516351703368467377400137062307832114802182781108145312048051446465964725192698637759936"
"-201/100","0.2504732524238151988027083874528642832560588020831483663668600875608372700659061946781186357113769480418257710522434467771775546560264034527729396754172244261018818039064158716389005245304751648252365607191100820539352008392560980183190699034170156949092510478144245614663555977392856228684"
"-2","0.2442513577683525899562801338207535716291839718651716740582957896422968437368443247118783587683499907337962852324010013034860613369785612145471445416262440666132874682172755180350169856635662239846506932233139615434668198430965301919496827597218352569151384360409572555846214658598757700136"
"-199/100","0.2378494569974634418081601966634150999271259954294716132149221718424073035564581943192450944832712877583301198050437215167564605361753353693154310617076013187374850599448534600244064302545902416602244904936726582068757844154012807090384012989592854034662488352384894990408795124694481092631"
"-99/50","0.2312681606343670922285975614630611271901434426137595644568050981721969864631068059941731943107431050587890552855542936484996894500748792846031243938984945253587190636799458812439168855138884419244939561613105343167045000745609287273215771329318233465548838401070392497173224717030362157284"
"-197/100","0.2245081566845311321922123253211172103558971824468574524590848425897330900990211933602596580978011473184438668422972413414604497249141406331893224487072553928755895002929887336884901017715938843275456777203985203964098273833655937365579381388628652285900512863838861698655385634979990165083"
"-49/25","0.2175702113935777439631598754382920886115974890423876240960181722838184979809811142203823746104330478798926597546097429353383043537191029394812890554030141017838460237808772067854721465350001613972422149054048895018027292456462223906193541989562975487035360307539411998613342399043468263697"
"-39/20","0.2104551700550913434805585199894506988670702559701455488996732094173307795719893804659972940206449918823558334993587162360959132939906404056088653638355331262505618602734331952618960115109347545980161851740608079387071343495153224814783172924223238794593278180810853710321991781856232283771"
"-97/50","0.2031639578760911633298950234865003456395532099734710227144833837878572304815636407474942984634246267541294370035102070364094030498630042224429756699426070896992003961636714655654145934158972852463753874220743022084999077190929767652367455121721664906026027713848444655502848309827119508422"
"-193/100","0.195697580909076072449440121829292771333166667233097789974025271891364647809578610838157603987395708996895860099712417789994720477337899328580249524315277745199671761745713484253458998888640247259281900884007717303089628605825719745895322524113582701732459111685966242771034701243338735431"
"-48/25","0.1880571270611719618391049852240821265642421935673573847269451532372493424722987097108140791391329095169483777013100631008799592042314114667461894262904218757999425793497248143783968148568865191289868312350984871670937913576970619084052672821458322452054448785846193193999123801300052722216"
"-191/100","0.1802437671932735861953579934201989947718361380138269432600689348168462957496690852421267658706921718030457410146164099389686509669010264752834595784826015787092747094445588767132162556566832685734768462693701346935677344182581275165656279326801764519167714976680194319908833557107996603119"
"-19/10","0.1722587563255898987079546104503305965702296947040815616972551365223672252558978565074344970689918584647039381401109401792200625210271936369490354441457910591084066477603692955020819087695779117659866674442474128458441821040727468135464471069269815305518753402187690203470528206845168294712"
"-189/100","0.1641034349713603814412828529090914311917816052865752270217162275030400868267648483701156633253189865365637747477241881789668615958964892437419720967835198750064609951642932900033279224115097759438597454317829982942353170252480768777474308654588432398722136348010700178065610398387754661467"
"-47/25","0.1557792306288642309487729408526971776924999130092934861847381424519002026426752439030689072265839423080737374605395184614717165503984886388190705941088403398067843249108342858643324050070097989294739158180369839637813531863591959329276670742531462096895305475336997283487556486173543118759"
"-187/100","0.1472876594751903527605700395062210800788458558254156163412965936979454046821206128942241593834782759513373508954628518757212955550561145574458221505636287341659871507908654708510320933987992179607614353314531774835196594288765333603272613765408293425298959978044188971858515045785128106305"
"-93/50","0.1386303283271266983988609899792329254655123104316350516501842461089397693107639089039706349939923700941597181038685832659702503157879722400161836067658151906255432706321375501787757751928375613611765664431736936883301420997077156498099077910453630148157919516231950662159584182585840286949"
"-37/20","0.1298089369714976212833208120180668409967450981017180889373094592708396502634941518561560064841591381120371763401036075647288180411282785046587680977678144477072669579140161657863431190980082659112079018952534143807043524965917095235774602747403184141574487932337375394659382454096605584337"
"-46/25","0.1208252810318009861666630960068379183047881888383298509015937632445703356025578922150131308728384141027856666676369180577865052578923467555199104675933797314028448083970755559196148131018663361296692985473607846172523410943422684236014730005454092417840061371507716677014120196561085106226"
"-183/100","0.1116812556548998970442660344979632511540505876680041198394493799618094883737516723484298644109688440032920770841054097069927360421803494639363558248322784333243111047693079395761018299287036914737184250185282526299308716664732744815670276802030138836003855650316517709446259052493470150944"
"-91/50","0.1023788605226548391438575126803158046401978064238360288471738465659330889524380579058060431394853683874644220540353501698077223033570872984464055726224619642465158589882535170443244911394439842277506835969520335231710199580620661397740376018221704386896955347440741194305747236615039010618"
"-181/100","0.0929202071332096883616277997869575705890769196019122694545265361513236088513727619756103715877753203381563062343609929859898884573402518319852788373048014210316985773532891997132887676617327530055638193629864316016416727001035839609432157083577543135416468677528527266979177426668935836923"
"-9/5","0.0833075302249371611046788081805054547604223020976855303296968781452615752064249458469267322042003020487321676578386797392799022731200444158149895281061408746529027633977345892113703775951026123652250782306394489569869903029918467644003627265467139680812078010623306955351085790200858951752"
"-179/100","0.0735432073200280527029300589702916164449331137604440036407916120363571000137985436312776369430059971996487387264991907489666921633339117809339028844965850253320451370225141327040554368943448247006164183325440859420914045174598851900048685697531470410980266329918411564453057065790976294683"
"-89/50","0.0636297955690312435880914644045363318680221561934333779364741690204529568923968300548575734285741173153155269943702596411442988337371348333070020880195960746137132002943119673904827161137320934304361278375628214970929032099024879065739945869858161208320909583470117108743970794157377089395"
"-177/100","0.0535701094503749932642224950326799088084429527817271075667657401454392858197090932941282671577268343294674003911665833518769071724111844478070593800358115522905359474846326881123541492978091271696765463095593735593871300896314337382229151863935913783884026364587727747302554266910929204094"
"-44/25","0.0433674087266428428688277798622057989806079040070258757156397273117502695071593183108170433043439905324631961009680960786611181337198812137235804144092295823594406409440110699218939517037912485890987363762585048086014626434084445272427742116535094803793234261104209461745404036034236035118"
"-7/4","0.0330259445428330726208707671030644781278021835466532513160741746598899077254816868830527907498713442293528833838169167014658022935359775726645118216238562667030647365722108460601437542139764445654732047047111031003190635274886336176731611231440553776854132167695419625896360884255577855762"
"-87/50","0.0225530502916457673257047304658872127380986697338332043087094323473631822742459339394623628213940676672334812707361523402094017183377300823553824107477895235925902071544632242221723035849726453234460654504760096769510608708943088123055227370953324520355548129336185139071632663465081151235"
"-173/100","0.0119724674486844613171424605913400604198776455243215287927557470063749412716597617689000735605017576617444694851787500935197535239554426129638827754665291932138223565488971359873616722341086002665612065193095680370466770091785024048873913890597746292718921243857921494148750465223340130837"
"-43/25","0.0018721845411588038849334549437954869913250687907562242791954779177286080110567365199871462757844304579959230841662659351284850596082328210386045123659792095607162077179432316695092132215421745003077915299999479172369912868337304261268262027314920039716304657214683077349867333728874927838"
"-171/100","0.0098829494563404209602824036297150055710573446518561770373052174227914463879047391716931784604623385636605716264314490084031400240401335512405552970724047630887800218286605105661501744673016708511293552365830628400981789771858610219260999376102408119560922578478347658427777812608492807519"
"-17/10","0.0208375536880694699982711022482154119747490702762499557674469263205945040526628132679000579560435550417972986142823080505345938422649240959345906068999219993335943966221872461313485141842515969757090220370546394070799951283570384309019614041747542219173329204859508654621825002660400810611"
"-169/100","0.0319571606829955723427161206997784773836627718924593966186610078265624073198273786590431009165402360658195822721749466928337737015523365233709310931320997952388332445897815338612879262529311755072314139012033371442633856803046747829721584286793335839175229373406453872232562399645324113868"
"-42/25","0.0432062821397868728794316400283893341838150577711489772147720775828386899847611701687358521569564713826469589116961631540339619414110098373772913131638349418877036514257576016289559903489911142330202111846399498284133198295437623346327095236520905006862007114193059873458775427492247709183"
"-167/100","0.0545753369840676445535971964088330843691995562988707779441339448839286218072586221637364108436824194101163811866068333980698884672926589900083817317757671452562587357577893727935507094759523436633404668940848187394852538326823226413644725096828074281089324515874902448380133287631985607645"
"-83/50","0.0660586124292740886157848007784584746828398600624479202880242347530381216371457459056621587476843194712883329960275292533206131797879636743414976231999661358612586256073926691166806233555619254607565266570336612363078260034323466734126668920533340420975796782338285661846767584684562536832"
"-33/20","0.0776513590329813344368572069103742640477074074361438591156950587464949966850762685339079197156015676875296351019495555131823105954350973380098300651608236331219157327737793180799442362608324440278978207381235901568338298329052549612564369749602699343465013233734124858546568826545592470481"
"-41/25","0.0893490877081577630752240298645296709360166375457344045511375604389628474509778892145376835951278118110026769106963159205649572924956100115574598086480032471369299293657632100777933585232779667594508663498001997409892795436065523148599129240779117130425513654297857902480115216269384836215"
"-163/100","0.1011473378188022459942097490815152357344013238813165743537686835171923969265293553447240981668879626049655299223152869108358717647501669405353063086619673510551324694817235497209522826343558115737200174843028920810934794696384707816058806750856283776843838973599125895008868291846816031489"
"-81/50","0.113041583323075913728343534697507649500175420988671562662466038159549608801377966258621971240448549539040441721259863527890091100562424323296528923171253574817026330284639029086660375955057388266380793086062131882830796184334015945291801371042888173324104876668700163626657862391253881958"
"-161/100","0.1250271882742875868039280971123920667999111976766972241471745190695741813609162857083355250838352423104587060752718466228857703554412715376109270094588840428176492159318221175797726301183242180881960154425962718401404638692407305854556310152260332847297719415587734386835692467116094512356"
"-8/5","0.1370993826053161761945982160903990232747853927289383196891445859538856128303297924434367947753595574808211941678107190676290725880691904334151885215178220695526989480296218563469779602955335408438299688061907725582788320696231037101359168449681242097675796121694258445784490859687721152697"
"-159/100","0.1492532471558037538675256000532276597021136685888720372375764028444473142784097967318753485048676172021835247238654933936700420347861093818361845904696230306026444082999140788452483724976795302048098122753921729702006444939812792062095862013609182630631167422358925341075977374412126099973"
"-79/50","0.1614837032611047197953269085798909991587649607820410809834322394982471286134285592919782789696499648437110238235288801320596840932266212476214243058828078027891850736012626539299059232268972998522984954152404358414580568326003081826780426233034233883000008267000254718027178351110397896985"
"-157/100","0.1737855047411852951118228133085486866928513754232387282936071206268032617945094864958139722763906145543142762755948285859542009850354199469675596378397648318576477633059655726640815453196784847750800329905948272552598985155959858535264606593956023127907519286661278857627334542252719256355"
"-39/25","0.186153231221536740732168097288683978592028403808564817715112556928935552281499727582843870788191315620763864646246981351183631551558443759377853190311503976322089743741425778731820426927056492118609686168267386383853722707067967359869298583277096656660119582922096254616690631173087879468"
"-31/20","0.1985812822300325564982237583025113314069460055260506246260117248380217502150756828120747352938891528062555792804674661580401019355416997365398697604257697711111960347937061844820682590947793476834088946207892536754010459308826912386281241935873435145098172709264060310352755039607722650109"
"-77/50","0.2110638717686527137807133154005674227717298773903563236411443904856358503191144547036528197621109985356311253696672385582700886000566089546743803765785261789912798549181348118759257822701744119440594770416625876100962402309313846049442898113548601462866982642572467358776268159387132240226"
"-153/100","0.2235950231930253661569962478980683153821159418183561092853211662213927067835756692039913681292603444386510872733931806474616398609038632936598367256229771384434710390091632418872831851578519794108289983620104882254045327666974962570940947394205379717550944962449927289427928220680831014657"
"-38/25","0.236168564306581577355106538177632755057671791963314324546804128234602457455518464662338064373451547600584170167172067525258377481857692465348767080243291914481282048920121913140771148574205565092681827446205124694817859718002233890038922266411473372656672155282218028827897416998964420938"
"-151/100","0.2487781226185708642149108010768493233855170366964727260017443309961835796268988787067597345878083840307464693068795757373542396278072892395773622155336221923818868545857034982668097590930444066879419255555982671572302663868898496493977821467611961804299156912441137338864213168173303003313"
"-3/2","0.2614171207405704839721056623051699998476775446690712848112364453725054336220560319984889918626957692855425901211749105648206134282342970416869749783685414729862883924978468905592024876041985724560515082441312048414772043213785769590303311201421180598434241632042717214242427433389330980654"
"-149/100","0.2740787719118801593899825742268605853228605010205831245251625094548846363621241394750349673675955072618475409965833400649894210289550055596730855822079499646807762917191998226068747322431726373960002889866251577552309543087355962989285666621048745934991482098265849407658882788739626404273"
"-37/25","0.2867560756543386823240247316985418059589628061558882766895501605114015523579654665333713103394475101851744545053374702546618238203042791457343557263291226949241245056466999410492973882825259774017230279452665226134614999928989122408663452888729499366323374765653242165334278457441370410286"
"-147/100","0.2994418135638654513796062603766503359036884456463190461152999743652709892618382818969665478678897508102857966383190275816566630488440739309072016680462750749553548185717409290472251981586231380213721484225145026995520499495993695326940431784235724813137367132654160709275836379033707725153"
"-73/50","0.3121285452507006920421034585879763076110571245904738810879281812819048859555223460976877996052059761903042499238510147101430042911044226229525391096223752839484936460160412102873302528557902549278561398842526534860764854535563230633966001656616083185848477795672341330841532775573703037985"
"-29/20","0.3248086044436465760362114999983721219718781880832882796243157434418480345377211667741190102194835631504930314600291746448515423481707475325813034886747391472835715719550928737697677085952677433075999199537310313238618476571278203797730716516191902146679373655699607103953320531096699729829"
"-36/25","0.3374740952760499544553110550796412309241583320575444464197975628922986759663687984072488424666865566375029938026086847981641005381893244557817763546604140487101344499063547350181371555126867903030871486140696418518281022512388512128999614285413677355797709677263467653005880965263103852461"
"-143/100","0.3501168887730916953392476590294576366004816709169007878355871145455607298855416618135771388827960648284799116177173169008565856666650595424715779088417842013391367374074223563182012464367228611499358749712071832797063430062690265245177727219224761889140762027647792414884527884593678613815"
"-71/50","0.3627286195613275510873264867453722124581101415091705416923688982760208679118701111537589769178986109404041657414689586431228755023540589116015934785061048502570608535068430047354993648289351533112258041032063638349580652023389198289946563252891787818697864514923675809294488518359456401979"
"-141/100","0.3753006828224660276397014896801310504944920673827580874571838356375848409671461023336788065967701517325633704476685493304402987563569476284203006021358749326724749256371419372635602659570084471605433998481270292199393212711426804646227041455631604970809977822422755903866812021264764881262"
"-7/5","0.3878242315141341972867808892410494960327911033015822025721114994825925283381900856116285145098975987592764544051142597414961250980217084197102864426615263285486016421908106923866378172076676732994471112405463731982467139017776772405148753913254108921389984753623327318847173214047619664056"
"-139/100","0.4002901738809111825256467376491159675906159107261693631119901095572858201285198921091888634526142550990239826973304324278716984155825930815504080097785332079799006561298502656502656382887360596299116391593426202044893590232868676561786991264636407306423238555124887230407340309583996966016"
"-69/50","0.4126891712792227273572206610090259933993637100118407931766779163849042139669565404773892059676367052541345633830667089312260456396822680361086674943028594775526541121451204304837048977871615001988250412712952912581741423305352881754380939541470157856112130003209439131109181821678123454854"
"-137/100","0.4250116363397994107534325273581988835740918123373248176481737961444251517556665529857327916597704317029638149602216477575392530485035824852516108270991054163771399535607342038086402281886936129109311514615138627071422950241233149445736553604779116432296928042160567615643651285642902682205"
"-34/25","0.4372477314913088724478705304612338685090227516584985942237493282352667392019203491288945965639057146204118237065578388737431182972145267109990889006378848747835267989110727588204740857645239790114117256771195802409589878421030156607548300877224047380481093705149066032648924735860281408701"
"-27/20","0.4493873678684772872326365188779413381153340322447123887801330071977380909126491643014496514824916628440262936231648636748523636415587985175147530795898238574255471167357089196391905026627905282445410716509442061102229060608301572019151427547998546101842009365959772104061183909296830592368"
"-67/50","0.4614202046275124351505853949118755221001208325349310730890933914421808298881128193074304323865234157682341056763982018339868078489199806492271790496736932375321563609553485399648761474120180026684136773996859197363138739506014809782481794005478821039092308610743060111847656276776194162981"
"-133/100","0.4733356486909232626564556784221138335981125488413610412466386278791809390067066705514318366982072369812987108467699618341114117130080559889797311510055122238890191320815914782781195361675159292714804820787988127994212108132311486937303886474520644216314047276003078642124142906777477051778"
"-33/25","0.485122854942890858259607255423608956622882416691614630194230030022021856808604020808612711396911944526499736171677348154237899291712452140641525489252633283109070251328431525994656817099563719311326611734841842348531725646857805781046287592648532661273086799986486978547475294778474292835"
"-131/100","0.4967707268951748231318801717323110314657430480322805248900312874460995761301834694841261822428715016992340685806107406493417556151440362602406482914089119357080179541749544287211076906375442605832358193922992576772586835678480626148511924815277012737247580515172271162886892775177902282223"
"-13/10","0.5082679178421286712203778427616915162724163291662600529877278122560933367444509690249008528398743724103818802601593362244865328527741019776990092532165549483750929094082838797769178210279437553284010434298776774214256614522251087622095879498787945276089390604626214085268249496955771676752"
"-129/100","0.5196028325217401644011769269390577482521597087430296000431517747143568266153391632763802539652049822469743838935406779768922436956646151841220399582836069516743544036350698581508800366145383773727112948048579595844078813426437572761038890055772055894060792563415721003446004748408400541228"
"-32/25","0.5307636292977002209040632249719642242457114822660016419189586785309369140256955532260590636667221907593182075356051097393403876507788646150929321056190590329345933879818844545903890853694796784509499590686813013801613616527436967618127212110345274159384219803102769907605794696951495806717"
"-127/100","0.5417382228753312349448147404596143722596562946396006729462788446541848209925183221345764813803672627773668532326422241892594547845214131143353755463480256861691435745506743348601501300385709614317086059300846174085621267879109994283270801176370259565528934377562446565620752483673439468494"
"-63/50","0.5525142875617677875484288106022770674302723041969067752880793338529126649832858908291438756979204216688648431597390531184527551979455392467288107426942292307027448140979198463326844392665282316591397082417835715456619968862696895182978198862437673635263535138580844606306937826594945037505"
"-5/4","0.5630792610780770484065623258863932366426534462866154838164872581485298062410324760760883578719478358798750734247338701142689880993569062550239697849239166575903374350781196071826242353062964285073464791980950568763402392150176744597054662508196384157116215659737504423900988692796967661907"
"-31/25","0.5734203489280319362010410734125319400308262835167798858445727398595206924928241805384680812995912156075434412500163787581465520205619051068329017883203713116447506297156194521700544651859275627559436655625800856546670776715389642009376668689760109309507495047056443736641438999991255384711"
"-123/100","0.5835245293250088840866516225922125687090017295898825026618847159928328678498409881650703242413238659269128431021073672064482032046231340217748844836311299363777820579650207532170999116750897089158625392629252200100972132557477756380138936479386134023478511506951800937702291273545691676098"
"-61/50","0.5933785586749779502216194773226604825182867766912635155450259761363185668411047962005123836743598358276911199789430315353599642353555513203948181620485507178436580612687714392682769165120796499365820294513095987987171095286531012618480985684044001458828072298383283095534036064401625726754"
"-121/100","0.6029689776097928881204341343075977404620166830047783290956726047310671569822578337954799577291941236183717998865765894013643928719086528962648088275609682405567658531992399903683413852189927444320673178142447363941353690221180219448857112292655638733098036276878129831623862957269017342557"
"-6/5","0.612282117560982488803819400440936427984061597900613889971361539152960006487565670835121172641387631164237335844508635463062531406270974686811252996149984943231289673044909662740288722972592986445744818037402236689266741577838214412339633143172903972745599753502085422014775041162335139955"
"-119/100","0.6213041078600050239584498370905023078905062006659571988549948303669180541772729307028308602189859856958494024746789595190427608268944989574401724897468928966200998735863077345827185463841827347859077835380936904585825557996260472791214412538488171986524813443444851249245072428793811281951"
"-59/50","0.6300208833464712687871327252484143157873980712075429853851334658660971611719507647049691099637621817107230354253804771383842110574318582614955600942186009773271731504635280208544807829977085186180194010164996564037346978745365641073953627064874950652535410169283886825035411801019819171733"
"-117/100","0.6384181924611881181343872305104905351031714349060307523340057911604198114190821139917571365552814536736080059822617917659266327978001312455862287779633690506357727072975513131496671539055799566867634679758590123325989346354265551315650252874787648457614727610583278527487954682349380763358"
"-29/25","0.6464816057960475157443994890094439824577587386625093584119367973205330640612430119471979867962040256578771482039675153760772147575842104753471849051178867578041871550386654923714139468151010885491331173835077433094516638898678322484340701578366252118971128431792495328578672563306879498134"
"-23/20","0.6541965250678111657912705495725069664678838583275873802162092016905204141553936201350013848097723433083724709859334862371030992796938676494279281161326081004259011967596727613777816371052239853525580686107616441850176746829964015533307625285252358822740818250868844116144877181444746907935"
"-57/50","0.6615481924777507561032682482677620379459257059254974575271847645959331683342715989432133915565371972724617921539153396191361157312378739704115475561178293285813034930499085492158274511953370467589179974519557688659211263395715788740000170037316894166517346323262137015791187483584828099873"
"-113/100","0.6685217004139302232043452132408163137113974784203509603273686493430043646158073311092704471044257836936805986137558998807818226816247981680625260251723534764358154687129535209629228508501086076447266524844012898278026248661801573657874616759562593896461433570101633505987941146571783448818"
"-28/25","0.6751020014476984382078520141545173438845324218354313351416458586001298195423110764344989341820666597339331041618473804982439270651070911170505654452786994543024556094625564344790195262577237427088250700292155585495409979797529232423359948957401655663241682477372860188416000710754834105468"
"-111/100","0.6812739185707384428007424467496983010163168824378347397016444888191750184867796820067868137918443859381601637124992125351617693613515310777463488908281378077527576055265194600974062719201289273347662055777379713311903354941162737659821512558636837249383833087564806901584128614947511160507"
"-11/10","0.6870221556138370303608591744416576124860345808072600473607255164663600931152192289745515556661056591949407732164854041682831348788435365617275801377338498403066868319002713639088471394062794966240381695596466898692628714939948339151834806702694977001070670452026702472757496434718799045357"
"-109/100","0.692331307783442989206976468435397543560825302938353221960906658230318866803481274367329910052060793130221761879430999312768166441647422924230405142767618423226633231930002143460447886994122069057160369503238559831088175853571101709719579611003494180608660755318379144933684508722153798688"
"-27/25","0.69718587224712328520807086216595844757628524093532951421653580154790563754420127818866174144427895800215702251110675853342638658289167147671434274532396576129885170724356768779752618425774557283260338284838820551275646189706525475050014816617759161823087615866452477301445063288700618174"
"-107/100","0.7015702586942557512944858787387325610394549639344481661822620884243904394091462014169546895576167828264970940423286213624810103875156139269674557391825804003924132487708735163581776800194887126991403960523221757664139980325273820834386894327918377147266853058496004805679819748367378157238"
"-53/50","0.705468799793768298176523605519391192226098568923177937225631972394896788928702874226567076740132341904189778812554266053535270897011226685507440644330082726400703373395985703274707678230372389538947168519688231628844216744182113721968308436038255515279975066073900308354790627433035457312"
"-21/20","0.7088657614665036115376811307162470083488038754107174870922243090899160918327387339973982487054478357266799040645862614715684789363223674741126196745235377194078352550973684385642143207141147102910961774535950161296899082499575186034242142745208719113881726700821119769744296990361507381631"
"-26/25","0.711745352885911180968305272681283764257315279767286700795579368353621693351602747649584459365826356400375257270833980265639053480493713394385892981604952261228348940332482002093736586902992406550659086171513082943383648083084605364618190240131536429259157646850641353724769110500890358543"
"-103/100","0.7140917361173023496965817765453519678652348215951671231899255290718746343029319801864973449432418621494220423035032084881018136292982694634555001885863323993738347947751061165925930029295598427335498042815163550899490394831546316885019583695308891234416498410947057335087439351075883548811"
"-51/50","0.7158890353029060461815090569572736272486689415550572720540408018782200760796117610182054566420172958571269915832358397178586624899220380958306512543595986421455565154156186921504695421244975677149657483927573647449415032721581259331546528327339629321260267004745271492146333571767338431313"
"-101/100","0.7171213452974897708062692916068076388779930666243593046394825634312900691138665609033584108317065007924229762086129862309980325555506000130311723034999282148625518547308486715510964049461532899546376028265512893279848855313863899817351962403493323465467323313885498029601476166307786096762"
"-1","0.7177727396574182511863783827763862021280149522676377649426581897040979265350039834946164054182404888797725204906359238295807560102401606557601352330361712123036096360571359329365877362593614130204555016317532261832799620374798491007583737784047858494455409366426233123609553668584426639814"
"-99/100","0.7178272778847656646436075295061245742237615963046918317259595815460904403585417019938184344477593367865872185871448056225212782527567893388313007230237250933908318623697889266471939151583608008509787402409310149684918297414043965515570922955135068492632615742145658166806879762138620448183"
"-49/50","0.7172690118275294932526325965182991761366243179181382224590999677323967408651101807196097680078918265550697965315108848253185411149968142216255020429586202085658024173632796650976653946451428253813393922351074205645562274047868380698195215158424413723888405156011600778887304572196614974579"
"-97/100","0.7160819911371659290805017657447431791169592425146287035203664974532414224035202208270080175950227996110679134839600865689199663769079932099515311191260655506508366036502172243211534489262503263214365451840588928786544289505373141319707052208125452217504386646945808055942607351923447749517"
"-24/25","0.7142502676856269713162318754274335288065943893869779081062043937576689300428137717858118625668861333693633572960707068685312070756017567351231608567051505101227110289259668217989614350382424714709276352086543629960761868769691453072946726250786774755878202893051016767400592570199900401377"
"-19/20","0.7117578988458741256062782567727740495128087058854925169300012888989521108666009827449237850866056301614697506001228949376427416195100226464669998637992464703458998721208604517806207506812673219363724336109613904996952612663812840564320476302303172124024788783740851210444125672386446632405"
"-47/50","0.7085889495425164941408868369619763261217953863315642738590050378716185858246981790320171715096915015773658821176502868782947786018671860336562926888488389530232928410263865783554265197432343874779513245182359247012086429762272042520692531656823939018627102814307092769540430567206085869415"
"-93/100","0.7047274929828130156137553708761634109611231761021158103087008390055156175146202577829307459741208257832939029352416596238436264706795837972888110231582859771956041918569561954085704367327461525108684089159403800678449200369140059343348369228399601665994957103620626938318289329033837939391"
"-23/25","0.7001576099828282373031231595057616124720297739586103338431287835641631230761444898248229894629682065109777409930897517267267847905357567984139396191543301263789280405320294706138702385647630022064856361707564868258211790658808374447315513265492172276953825816524664959803626174093250803248"
"-91/100","0.6948633868090747238035319869776748005213750856300084832731342326914425899169732994855604518989715002965521402909336296463664326022367411968931785629893733613643351980865695505877905814225433166760467935205957631193317794906809859030414533088434022675106919017395750157446324656869456256111"
"-9/10","0.6888289114625478330296081367367799205328707940403001840003595609335262604907464896841172107397885646861845912864581303365584743977818052222774354382544985068253726899731470867175068872563779678049239676549973540311967563510976524348996893194128570296918932854225572016948318499053469457975"
"-89/100","0.6820382683396939293300828726133774430326181767408373185906537994677247708784961767028832488965576978983546020106705582607126044476248399605158181941404560901914856419468189637991998599403443804997053257246926818774256695118276241211046115813515008388930416166831149861949860836939716156501"
"-22/25","0.6744755312135848023165316023557848261734664612528989155677123246771158426993063289890402413469014713951455195584732455380506830077655906367813548180446382584449859141900279968699564123784465075192523400386193221859438028178887598956422955256064435421013873405320359641081062648378111585599"
"-87/100","0.6661247544884336296285429133886987385147872799273951482049249510416607465867269820279907705631115295331637111131311902838514914334506314415944889983326383170232718355906475426035290923514169369759782615244268923723765975541303864583123372666908002899632763787209692548770692866327018386022"
"-43/50","0.6569699626916178698177945746520930712740743892455937936365858281971503250631715493490107784550361574645316854970332286152609983963136024038047620682555931210987250345871821088511750191321097269633962402891845994174560540347676445208192987694617390803336465221668072843196046106598008096186"
"-17/20","0.6469951381796121438234132651591703935777312445266956056255197875458957366092754455328256536531174378304233464714102642812964456416519513240661923139502002663258422022857502706820454603114568518353357081834459557973434238076313274720826558366164959600008705209779703736480422417012563842196"
"-21/25","0.6361842070477248054302340191117264433796101580443913653337003362178171817446678447319406733111245130512850685225829868746913263201938523797615494952629655796887055174373577658080193889612924475222574983613693247818544544264615132237566459990257995106076404463452894712956573075469708944847"
"-83/100","0.624521023248327945859818285156712880294326492318272275040846520089525384065697959260794981453837532694976010568238455892381030709527185746617474591753977353882414424374531537215714075627534542010311043628520809087884105587862443677514300648545179337502912110402524448441742684317867207773"
"-41/50","0.6119893509384336766197967251236180113191411728810425005879720992766698335679717360979550282201088883424001868222049761772048936618642471531655917690261012460799972319867831686772731962330043352600063904246814043975844306280769285247857374924083827010402924738629398703007106287257871273829"
"-81/100","0.5985728450950729531214726800595315873552403742749481074892840894795326090374666150979863054286599624873220844457262304712284176248952751955510554952790999248242043759056608410165728854621572254149671462856626316972321403888650682326185942671668907180032786775391273645847827670242399450623"
"-4/5","0.5842550304560645222733442399097448570549207846006348244099449615614621635891243020415293431200938131915957865297602608308217067263022001743815981195350579208690806650538920116661511427843190389268795287526448789079325191245775083004351389467386626519747039158730488402015706647645946481451"
"-79/100","0.5690192788645257920677259570599014855365109523628580334195048341074332220669983045244929543883491671659213562398991408460239827031804767875122218761217049482736200625986676607239586216061337667657942684688618945255157502073748252368449284798392334539198342385310966718549614549635873761966"
"-39/50","0.5528487851180005560134210959087091793863235935099006561077619735096202237385439619603938171612545369143053094246351940889586902617907585673969087866749501807027783215419856138845298520985123109847149255670460422669194537412678481431534330256792414511495695785794726941079182672262492757612"
"-77/100","0.5357265414475120539297050148064071983713883394643881224160211411022275714514544071880177576759950093609447403879818268574005661181082512156213712101019325482814890880686185302260445851094909069337186334524116056347927652398088125227077727099179605928288235975959254119740692346019038861807"
"-19/25","0.5176353107783765361414480598298345502348439082037618522497735006578738356608203447126837535193875699179809919493390998686891172533775677348687548435065215461001060262302142571282243257716544651388789550407398267144517569718952950859074587206745229178922414787020523585642478396004510934404"
"-3/4","0.4985575989534543587356830186022211911920454003300335364326000290277902216465893450439798610468201278650968720295999403580495675140362383373041650399851168143245642910413667426261000582269845021561180933877947107411434559575952639913136237107846068006325495371769498497543313325674307281142"
"-37/50","0.4784756261309463930835880943508722142444241516936362260190628502629482663587525698498422646259858371170943448930619274973849030139581061576638933930890395492650455496397706141556951063115438449679087062257839011847869560674961333376387032053010857256596543861408766405239989259944995119313"
"-73/100","0.4573712976032091691579565693251060943462080673431734723173315935478423739573941013833961081730486148761419456370971625930929179938265247377653602454207825147708667557723658441090140855196471356797873257859436508221149747393659933927877325001440981878607969260886639110615622480643832584687"
"-18/25","0.4352261743208179202674112512828396746366989147737312973178916636323222735159919982388053215808469307406007849779379448051155243801255166584923029314052533739982566491402528660810742354292329731524576476809688595380523677343854670404587446932985949554360893469686494294007203315164214474399"
"-71/100","0.4120214434478880082433467414728759207559880084398646251449291438621490567721513403079764064459269863632844407090484925438106545120297590749809719949478429010909372561535924032882631473099938372674547700794021169655427344267382357269589476114138413468726964987864050040239133041686450927379"
"-7/10","0.3877378893214322213178187630229423378222678034245831842237946621816826501458059449190084344139799954087138877432887971486723284600791254407145552672488160633328017159685820934927340754105867032203447145145073370122391885764053996351536298312211156921772800739730912795329758138441704581639"
"-69/100","0.3623558652408798650456779824310728584296964048985628356736202193683179289865576968403731530763238097114480209180822245756932412652699587201247592232881154873160987754981501137637980894467722440776548225439251269019523550590416107684195293699709330843583918721343271940477600105707383118654"
"-17/25","0.3358552665767529410606651494335640392781076750452281781395866828533428044544713366822762403671931159707671897147647714256324170750585695257429529007655836050340728109425007642988708492383828142835326071937559217065179597028975984911780344718857307286271825902046487005604769091409035641321"
"-67/100","0.3082155057658852295460179445239060653231737473829585922155195156323729106602407073059922152783611326426131497961724930288991064618115123288792654804416746992136255073659454517415327129318157976833279893568590811495877781469328353015350165269216787168905980395856131830750613924922201125452"
"-33/50","0.2794154898680096370600174080823896304945566324345705252834062939255866025686052598782766410668625010661530431188506846759793799262279211747451772443800609801139309883905675414989767293275432226112977594887696890243696021127729113182400280781556748735408377501556981410020267498982070708345"
"-13/20","0.2494336015287144207768608650071402500413863569404989896778408119416953158215023797359714695445019881428561679809757883340674811324223811585850701747277191595740108087266690784505313557713311374330588183824460549896275477407185765755511346698447989278957336274765630452254825885879692012209"
"-16/25","0.2182476845200169422728255950301462649523430542059795343210539738546072028758755760975373061330745653767859714492174736716298721102676113202260984606854673576799116052192878588567151987452481550612702144878277577187759835634157071971767766627629586891531771797529317401422942105173326017055"
"-63/100","0.185835035804996013812455776360749181376194022467074198382191328495746698388258412324730476737392903702265437736036341968300463907117509076053741664232690106316337722066243537587905304356974569048500233930309549455365683113683096474405299779695401239744488834085592196183895896609700656752"
"-31/50","0.1521724083713541737414589510300433193474186040198733872870504708297215566798228831495824348581364339793589704195933814475290950631050022073173705798211835787589241841310277211053106972062189319246730313486732797348994001744713055495501392021747429958979327923085717405572174510406766952334"
"-61/100","0.1172360377669680515991635910868474017295715551604768767343155455575097104814099376759446051492851312623679229048434707619531497734440384694641333066016839587104761185396654301705280772256991747692700358251651103719366816074288126750868467600780332370251208388465184857897938988300830188661"
"-3/5","0.0810017505290282689476636994442450526549259300512484037348722622538076132695775245807402860962018233603673153994592162098283625480111902550170937191733040043506446290186622687872423641175240243002937640297101617799953782947531866566600158660646632593582826589869125545236433062788850549344"
"-59/100","0.0434456225843616896662851347402452194001545788397987606601497723935456956830163420245653322744282324656492248788590789133965172570000842080834009869789106257800361402532232280192036335358488630110746949383569527223501316631980665621157940901291827771242247625146743376615334552536403372934"
"-29/50","0.0045781274468725537813352226104748471031254987144719627377442978864520263561386513888094894809354136012174192778170985918388066303839004526848440913593789250487071141436783587267832572221886633712988064328727553802103395758695487477766541994907022698880483566355406089822565810775736203891"
"-57/100","0.0357530140756134823626329081343365221485601580092102707290824826915658247488862263844565963816031682007307999475398559303471643829459005900946790532041466945044349062159168982831022631517471337701314222268387446771652284032067851339493562719251734827693089629799516835699257500543250274079"
"-14/25","0.0774323566151651231752737611154136091432165593838668190633607986618483000740174568734773806207222964015123905323512594257504311416607749052404639629802735249918954735908933562248011114219289883246679244066689565230423287756245788100657616919690411098732767161948422381264589341823624637563"
"-11/20","0.1205413526733225790960539650832199674381782351901855842647334170938709596081412651256745531922558600960482960693463765278247788684545056888078377146540457993043579631417247214190873342307324835368414015853605229077489094210237850166783471010714327199713925568531539007146784425737881564199"
"-27/50","0.1651053284057217869337428111545813686935380774796256366698288251372821020770283891777044735512880409190471655427980218413012796081795875162900880221972328441062057267441388676860310832433428123191677869815486655609663773540202746466559456683698763333459446923788762755776071473794333396876"
"-53/100","0.2111510986946159079087952870184780953117812359640627177818914167799671758434034018379512753949960256771495527997434608037268417699952897623672576698943431984635137584536092277809045206482734041589025259758100581350808585381191278572846762964025818949066025749646095397307138876637158160919"
"-13/25","0.2587057179087763437794409932582757962740480069139259102897501442196195214036643617820025072653288722444597074412861350633916872041919475076491045042633635220278479245326472004098645902116030104372651788437746358874028604402798189030651956160464165818393346830132067815922538959918237677316"
"-51/100","0.3077961867157152739630084320741186663222133828121518399876012445187485288254026227750298964319024972602173885257143283407149492328082266047530827420228131900702396391727218959863436604939500884676891998414526699841524623827308376354757059670075645681570228155643856815628710002744062057074"
"-1/2","0.3584492422685330299389349065264668799932549629903187846425198556559295800215191350219170156306075044238551956070396087650707660555154852907377061603547835520278266046771997541124496028851523357887014021525827592920886412702496539233083856220090750365420721467722614546839258012806606036797"
"-49/100","0.4106911421250608447316047460912190419391766099205305444643303922582806955913747825670601967353709824569998790618843297444147888357260502279665591560825446471245845862439764481557076318180177157329016710161927749688341773600113552642583173888649813995671088678202690077457628288759176212636"
"-12/25","0.4645474222522430078933826770341149245448664541615464088190979395737033885985773980374152502292776801491678524418818069084521706635214321423299520787918252511215795807704975283350830769051581702565357886924207484111489610045168617092666600487095498002577533041175115235991791512380205431427"
"-47/100","0.5200426214462374581080215710400631062815390610445598632234192289729045867863092785777147261427971507163577667140315360054835914218585696060426876512475153975814583579446274925098421733912108074599500987533829739548073649237361715494748929385983658873026604533243331646422190043743668289138"
"-23/50","0.57719996728713269723218654145076213780160259685513082401282428494427494722696380260253606179532743281578499338900161793306715366482147264683152678356402968764217364679202064122596903430164086889288120479571907360976092492228773897580294992734966168644044299165178358509404400223221898312"
"-9/20","0.636041019500744199727371568472343892587242727986916607751850413077084989296960738141648296076292055334606974266670037530735531662093544079713802561687300050912140990456273776397579684847569833666405868389888622555156585302031615118129563578429732214182337639205005843607958576998058521504"
"-11/25","0.69658526681495718398907367590417304971046188251125642298632225724189463232571578287929891754767133310900789084726882896075363096158913799243371739608706585080816425397470729843224996968839956464207793858135543907656139368680004132782053281382009798752372029002875390685435739521871700192"
"-43/100","0.7588496734759170233332083048848204559637589834129006282943478540925427291253508298860063153893802999052522536816364001225117860429848212294973995379288401932607135839779466551724064587265992221397229760546648649708114579781327674071058828615710864352023354680041849361596870150048081642541"
"-21/50","0.8228481716656833405870938457839741740965309837921942263240452647355171684633562586551033746943357059013783752309874197756114076420244483839188799340328707087124741628900189125404670392689089181889675580159995424971810870582278440920351217823282052321178930091989762763926445997241606040404"
"-41/100","0.8885910961986682480647849527155343300994098437397460396073100600906431613266875762308176477933121395069432575909103185799367519860083348305280127469601593785306975949654960404684698022638018514652324007936038672144845013199012803691047317266467566716759397495254879327903998239326446503083"
"-2/5","0.9560845581077603350442750386738000968138553246643697571638940285599260379666947323261886732290788377907985969261699957082083651121809845558134701672958664185797356595190791218805294234633557853603461057668312805731516944124209626351950756175426200775529456732378679091793076264464330429377"
"-39/100","1.0253297540949326888764708268964364027233200688264762856060649962945129602097753669509701399075894532866352077756190642176212819170963075465894192245313370905405571495022352591923948776371665339634571461148290032701468421544604302951583064266354425854801062186420829692310201472407325364548"
"-19/50","1.0963222093473745339911509524762714485979645210238813848889444308482174500096786154592466100550868483167068673823729319834113974197057743339185913580210569126394011820386322865030999111399132930895449751949918291297669129650429252056337065869292693218466649941750903938536138309223782987884"
"-37/100","1.1690509519423576574069690244670235427560601904925714952875219309775016472634028570570976260499209554742634553842975355909705401174391124114872841122663590064741142897469957442529013824556242059531453955007961796770727265354148113824670989936083992601747214764214312883372260465038988576419"
"-9/25","1.2434976180177619372734236063793444933767564362410726294286731402292996322711823683074864155740950728729449273973156200759915609705060950559108921325881263110720964527501806355446209038746664068462301912434033324121584979441884723922528102622288709971406571076915780670077324265360217226522"
"-7/20","1.3196354881077432331275507914755215596818087905002523130154118788013992629259792942531940772276134980058742504757156770470112970312753025438407071668355164691519950803361654539313356875354006507500166087849860034048513647407321314566231845191472549256976713334317603159181175894198455094358"
"-17/50","1.3974284565724949256676514901417031221633696238978401208876341997537448311767665091663332579222042503463627194934316715338189882157038430317447861770180767171328060677504444935444766760331602548505585745264064483427282058073538221384294954901016577404724238319491721857864495930931288335859"
"-33/100","1.4768299379247378775229454499547562302404922376926736458606181848469144966864240150364435670831634094420654250476843895828190597944180844375302038952318695773804236197237056067814434127639424245631325856428908943427240241871298689749212400545434725716706647256010421082332638176657188393907"
"-8/25","1.5577817161078734841219561028051422787106673130297673111927388089969125238614398553693720186776601213001325177017877433731110113491290426085513079642270369934998941162979561098248145247213522011150295919798152480581347129188492320310302143392965401976325291891167408505386699194704004121197"
"-31/100","1.6402127454402925626442024692140347983059745043230498843466633274945645044927408007791495491830173214679675720079965606238434209877363224456841701388169024648471501982341842117864593157499466467658011830680730822917481820627725672946355028687134961665276113343099625091438016647600572054606"
"-3/10","1.7240379150264043153869904122584360840817342392720758350109570011445151741277402782912101138659007249856795082829708882962620217239565493121669939154220915426414414360012796150487806024506788909057660252996643896305492101607149146371898220253344774544430505668412267217808453691693121192136"
"-29/100","1.8091567919529609432879242760217218040558083190628515724406488163311428984303424588038712803733956579410938693579348355369747303737718030087758218448531341129154770321128317368863298752140407071127274606943576962585126519861669869672523151872116766011372103405827283589809162554403822301192"
"-7/25","1.8954523625255544793662806302233073227971788245535699407028421530088878364039879983860259178060563193788057550865157444630653800526772515960849341435591110703197207832167524998122416816548571751867024140233592350281916177316885312517477362052306093307929276039070402015278441230384702176859"
"-27/100","1.9827897951160598087261158088045079331398107308922295724723935625904907886923256582415143308743255377450672218434760770432139758938769132131145247837644033596297406458291050167612502505545027090287966869365942190961239969458827553334221444152776981238199268192531927854509446880303824094955"
"-13/50","2.071015252817065679122860778977581988154451887094139986092182472605674141190080700370781850982613225241166639161782023383988564812784063631353292892769018894969762836181199547969856296934539439124389686928390481422893740647681358087150365467454420680682068223508029352100787854442402728808"
"-1/4","2.1599547889255382217673312051275408264311647606617424292255910664471373695618628787741025657755405389080116429373793843266258342349317635226634310849608573157798096709885839576398754924867444387027696865402559249133536364309494297634559506178939699045595554583536631025511813224522827814993"
"-6/25","2.2494133631520973616185593907912236162511196173266923623652276707833730307391799009988450566281512605845396519329810268134989162490584800763269620706982157695095524254353333824337369214897760162457006370478560048743091007981296996352248480052325208673017715633680144148332479610492364867941"
"-23/100","2.3391740211714544411626903330924221687019564136819192808060316453797876112925564730984407803391792441593643475939231195362610820531507669442007078016384272815957458739210899622490612313413899787966790426332106684676480883803102868118387125488887695870203832164662182154707738686689032035971"
"-11/50","2.428997284437557615259169914518391394929927975152070823309776084909159944871206563521871190239306870684852951303346091236285694469477292783789287313211657725690858930053549694509406775254532574263038035246782242077945268464231046577521162692132575902326169287796078614228450633155902317312"
"-21/100","2.5186208007739472734662003284268167842441339656577601391634633664054298594038306804966620078622360756449237699121493400859011289616753680448686290699137042734074175721423590691869343385593344451313138817077997290104863992159266365020811665990574231741633435025739833527832218646775095478983"
"-1/5","2.6077593087560956010231879558326715856265519292288933620639329239521512479875102317366880448808529895776783098242332090697922643591017008678293762806760490565667787771620784825728491890833890876537674225864263232382964156523377447993409022250695346323473651623480096218275446584738066325368"
"-19/100","2.6961049699281479563352881853962071073983824611112386603817517224119041060701567445453915103433809787172856566531793618624353004544943369478156950831642787678018036741265631043217298356720256177417744842638340674243636251785393748103731310795590422805745822515583379578782179370377880178626"
"-9/50","2.7833281220174701296268564537530363369318332481001139037583651734442524032123851112118567650874716493927554844289126988524131573928480297903697321114537439215150474994019953001484569704327172090400371491267196150320113427872471163661112571117637338740772784036559243627076543314958564575961"
"-17/100","2.8690785031024803103322570117347309551087870186978447525693453082960745666019880664831075599778457777101103953079165255225732240844865311989849788393509280569528666094448984262931670803542694038602841334412383363057000505949879909953776290057660742795780846360395943562914635982889928032361"
"-4/25","2.9529869907597560117931927529343126135673621350513262035369107274621078705721550333827540449691435189496740083178412270862774678887340308328631871257515832356768544863308981803232238588029485878262974331334938810562362626295763148086425852261394407887809439710393359421722518473393002761578"
"-3/20","3.0346678912435906474328307125884090060219551224810969900968306702878407398307313288209615853699095107322970230058133521238070594460179222328044174951384333824175031718644257606216310410760748169388640860592667358158418624456266955081158458045530103458792870060066570549572227691709438216794"
"-7/50","3.1137218015292682030730190046870903117305305095092868861879321845337939404994428137210879194467927150258707168261303997588632827104449206891191256307945068088525813950521846262277937335830238140282633995213785507180448000063478478987223842063583957570334225636946895397812105921975219880895"
"-13/100","3.1897390515385372685205635368784837527327065410764675471674792475641640699913126123602752002872539006614663584840067760443366683172938400549665584413590245086519981106601276706815307916606220112033923238903429490039905204241854247089568832984926430045989050090594554321977618206202860419896"
"-3/25","3.2623037152307307101298973713081742474493400524887315964614743940615708314344312600427930308682716854925838873112718803521509457310524870372987451645025632620061814742770904763911678599920477028209739516275680317586456077566115436814427917924097035257864161313610713322781426117291595853904"
"-11/100","3.3309981579039875135754928141781231019830688532651978005612588243750404237262037782580056653172646815882763827820123545076297591099046853120085950570965126378999917953549393149082810750225675061760462111838824240849684469787956572392131518508439659127015753539155841063713532494215683609899"
"-1/10","3.3954080637014549352904460492662843812384007264319999754738211740010979598573767255675280666015284529286268113132326349842835931097606584494674713230037316223676871451483143205948031377089187191583759013997745085397443999716442664225512574763679721086036188377849062828250253904926427894918"
"-9/100","3.4551278629303677878672103019809840087695190996588383416394251180672471846986273125444197684773676856200295475611886338564619259666273207343543004531223722328135485904685822217506470307922274226659302350050060831369141913774342247653580052629312341831068217286857222062117425639291354325184"
"-2/25","3.5097664546084994872512951188719561069619660102123575755994044716742476359243336306324149461075445997342015856134382488095668638303468504479506214101978662750135376114513194369150361782322100322693617008956714365487502141963101298817795379091033155547377050130846472365612434042437326464403"
"-7/100","3.5589530970884543262388023259829520440141422594746562993641998862001752061722665451627845253092648173579455716244079237198675363621875168735035831277710219772162570019918802534002505942151118875350581666518715587355081724996799216917339222361094173230238124659556037079461702923477036844842"
"-3/50","3.6023433202312397710124217580089015245926234996803865840484645183103473296222827871533440066686768865402246480101519794373571308257526639830672617454742421647669205430880339652479935224527111812079487924679979459712498111169899941491852994888557451703672662953358028436345296637844697643801"
"-1/20","3.6396246979680364139015598177647375714490033778463578921177412239471005255827893486520770631971937458187992505012506147159765806414020591563985537396292818093479363140518364449617933890802175578091226601529166609362935096951631610012806554496724504435621054728071455308385608372444977135461"
"-1/25","3.6705223116354374243038700948675601248767700872714521798965799325197887488192947354564211474409086241628437822501153452096832410850651915379018170398371853321655947324194770845025348359617393446777995153552756886546531867895405042996385057250849021073933439473241669707841964669509244705434"
"-3/100","3.6948037333540740913275736914568955889101275795451012569954955674752732493103544944448987128214803596080053313874521955821867083689505667364013474823295952983250591793546732349020873350983710109492311003103113025085195810945991336396248613043082795910553878478090438562458439780727402359859"
"-1/50","3.7122833656933241297124335754115840823194452214553467760692697898249608877522446524065472049678725141828600949457037008886118150892220513085182877539610365048408530067574815829085050583412371810454774151165867912655173066815236388421407915827434855773743770588386756567739584852046227898738"
"-1/100","3.7228259891541910119526907212447026146926261491584756564768457439125935109166261551245728634604305140566367816752804536956505726787676446787919520032768853130503201736749174540444848190807912905624054714433387532706415146379631177092359952322734693226469921099603094156090851352924669837512"
"0","3.7263493922453869928660068896199341119483094169998004677744328602497824036749784154178694293113804253529747219389944084949587931276315571906673737553862766727206967130806717794196666014776927129940575810491915869174055305219447682520538574974439585504608562731536468860874551158051568256026"
"1/100","3.7228259891541910119526907212447026146926261491584756564768457439125935109166261551245728634604305140566367816752804536956505726787676446787919520032768853130503201736749174540444848190807912905624054714433387532706415146379631177092359952322734693226469921099603094156090851352924669837512"
"1/50","3.7122833656933241297124335754115840823194452214553467760692697898249608877522446524065472049678725141828600949457037008886118150892220513085182877539610365048408530067574815829085050583412371810454774151165867912655173066815236388421407915827434855773743770588386756567739584852046227898738"
"3/100","3.6948037333540740913275736914568955889101275795451012569954955674752732493103544944448987128214803596080053313874521955821867083689505667364013474823295952983250591793546732349020873350983710109492311003103113025085195810945991336396248613043082795910553878478090438562458439780727402359859"
"1/25","3.6705223116354374243038700948675601248767700872714521798965799325197887488192947354564211474409086241628437822501153452096832410850651915379018170398371853321655947324194770845025348359617393446777995153552756886546531867895405042996385057250849021073933439473241669707841964669509244705434"
"1/20","3.63962469796803641390155981776473757144900337784635789211774122394710052558278934865207706319719374581879925050125061471597658064140205915639855373962928180934793631405183644496179338908021755780912266015291666093629350969516316100128065544967245044356210547280714553083856083724449771354606"
"3/50","3.60234332023123977101242175800890152459262349968038658404846451831034732962228278715334400666867688654022464801015197943735713082575266398306726174547424216476692054308803396524799352245271118120794879246799794597124981111698999414918529948885574517036726629533580284363452966378446976438015"
"7/100","3.55895309708845432623880232598295204401414225947465629936419988620017520617226654516278452530926481735794557162440792371986753636218751687350358312777102197721625700199188025340025059421511188753505816665187155873550817249967992169173392223610941732302381246595560370794617029234770368448416"
"2/25","3.50976645460849948725129511887195610696196601021235757559940447167424763592433363063241494610754459973420158561343824880956686383034685044795062141019786627501353761145131943691503617823221003226936170089567143654875021419631012988177953790910331555473770501308464723656124340424373264644032"
"9/100","3.4551278629303677878672103019809840087695190996588383416394251180672471846986273125444197684773676856200295475611886338564619259666273207343543004531223722328135485904685822217506470307922274226659302350050060831369141913774342247653580052629312341831068217286857222062117425639291354325184"
"1/10","3.39540806370145493529044604926628438123840072643199997547382117400109795985737672556752806660152845292862681131323263498428359310976065844946747132300373162236768714514831432059480313770891871915837590139977450853974439997164426642255125747636797210860361883778490628282502539049264278949182"
"11/100","3.33099815790398751357549281417812310198306885326519780056125882437504042372620377825800566531726468158827638278201235450762975910990468531200859505709651263789999179535493931490828107502256750617604621118388242408496844697879565723921315185084396591270157535391558410637135324942156836098986"
"3/25","3.26230371523073071012989737130817424744934005248873159646147439406157083143443126004279303086827168549258388731127188035215094573105248703729874516450256326200618147427709047639116785999204770282097395162756803175864560775661154368144279179240970352578641613136107133227814261172915958539044"
"13/100","3.18973905153853726852056353687848375273270654107646754716747924756416406999131261236027520028725390066146635848400677604433666831729384005496655844135902450865199811066012767068153079166062201120339232389034294900399052042418542470895688329849264300459890500905945543219776182062028604198963"
"7/50","3.1137218015292682030730190046870903117305305095092868861879321845337939404994428137210879194467927150258707168261303997588632827104449206891191256307945068088525813950521846262277937335830238140282633995213785507180448000063478478987223842063583957570334225636946895397812105921975219880895"
"3/20","3.03466789124359064743283071258840900602195512248109699009683067028784073983073132882096158536990951073229702300581335212380705944601792223280441749513843338241750317186442576062163104107607481693886408605926673581584186244562669550811584580455301034587928700600665705495722276917094382167943"
"4/25","2.9529869907597560117931927529343126135673621350513262035369107274621078705721550333827540449691435189496740083178412270862774678887340308328631871257515832356768544863308981803232238588029485878262974331334938810562362626295763148086425852261394407887809439710393359421722518473393002761578"
"17/100","2.86907850310248031033225701173473095510878701869784475256934530829607456660198806648310755997784577771011039530791652552257322408448653119898497883935092805695286660944489842629316708035426940386028413344123833630570005059498799099537762900576607427957808463603959435629146359828899280323608"
"9/50","2.78332812201747012962685645375303633693183324810011390375836517344425240321238511121185676508747164939275548442891269885241315739284802979036973211145374392151504749940199530014845697043271720904003714912671961503201134278724711636611125711176373387407727840365592436270765433149585645759613"
"19/100","2.69610496992814795633528818539620710739838246111123866038175172241190410607015674454539151034338097871728565665317936186243530045449433694781569508316427876780180367412656310432172983567202561774177448426383406742436362517853937481037313107955904228057458225155833795787821793703778801786257"
"1/5","2.60775930875609560102318795583267158562655192922889336206393292395215124798751023173668804488085298957767830982423320906979226435910170086782937628067604905656677877716207848257284918908338908765376742258642632323829641565233774479934090222506953463234736516234800962182754465847380663253676"
"21/100","2.51862080077394727346620032842681678424413396565776013916346336640542985940383068049666200786223607564492376991214934008590112896167536804486862906991370427340741757214235906918693433855933444513131388170779972901048639921592663650208116659905742317416334350257398335278322186467750954789825"
"11/50","2.42899728443755761525916991451839139492992797515207082330977608490915994487120656352187119023930687068485295130334609123628569446947729278378928731321165772569085893005354969450940677525453257426303803524678224207794526846423104657752116269213257590232616928779607861422845063315590231731199"
"23/100","2.339174021171454441162690333092422168701956413681919280806031645379787611292556473098440780339179244159364347593923119536261082053150766944200707801638427281595745873921089962249061231341389978796679042633210668467648088380310286811838712548888769587020383216466218215470773868668903203597054"
"6/25","2.24941336315209736161855939079122361625111961732669236236522767078337303073917990099884505662815126058453965193298102681349891624905848007632696207069821576950955242543533338243373692148977601624570063704785600487430910079812969963522484800523252086730177156336801441483324796104923648679414"
"1/4","2.159954788925538221767331205127540826431164760661742429225591066447137369561862878774102565775540538908011642937379384326625834234931763522663431084960857315779809670988583957639875492486744438702769686540255924913353636430949429763455950617893969904559555458353663102551181322452282781499256"
"13/50","2.071015252817065679122860778977581988154451887094139986092182472605674141190080700370781850982613225241166639161782023383988564812784063631353292892769018894969762836181199547969856296934539439124389686928390481422893740647681358087150365467454420680682068223508029352100787854442402728808003"
"27/100","1.982789795116059808726115808804507933139810730892229572472393562590490788692325658241514330874325537745067221843476077043213975893876913213114524783764403359629740645829105016761250250554502709028796686936594219096123996945882755333422144415277698123819926819253192785450944688030382409495509"
"7/25","1.895452362525554479366280630223307322797178824553569940702842153008887836403987998386025917806056319378805755086515744463065380052677251596084934143559111070319720783216752499812241681654857175186702414023359235028191617731688531251747736205230609330792927603907040201527844123038470217685928"
"29/100","1.8091567919529609432879242760217218040558083190628515724406488163311428984303424588038712803733956579410938693579348355369747303737718030087758218448531341129154770321128317368863298752140407071127274606943576962585126519861669869672523151872116766011372103405827283589809162554403822301192"
"3/10","1.72403791502640431538699041225843608408173423927207583501095700114451517412774027829121011386590072498567950828297088829626202172395654931216699391542209154264144143600127961504878060245067889090576602529966438963054921016071491463718982202533447745444305056684122672178084536916931211921358"
"31/100","1.64021274544029256264420246921403479830597450432304988434666332749456450449274080077914954918301732146796757200799656062384342098773632244568417013881690246484715019823418421178645931574994664676580118306807308229174818206277256729463550286871349616652761133430996250914380166476005720546064"
"8/25","1.55778171610787348412195610280514227871066731302976731119273880899691252386143985536937201867766012130013251770178774337311101134912904260855130796422703699349989411629795610982481452472135220111502959197981524805813471291884923203103021433929654019763252918911674085053866991947040041211969"
"33/100","1.47682993792473787752294544995475623024049223769267364586061818484691449668642401503644356708316340944206542504768438958281905979441808443753020389523186957738042361972370560678144341276394242456313258564289089434272402418712986897492124005454347257167066472560104210823326381766571883939067"
"17/50","1.39742845657249492566765149014170312216336962389784012088763419975374483117676650916633325792220425034636271949343167153381898821570384303174478617701807671713280606775044449354447667603316025485055857452640644834272820580735382213842949549010165774047242383194917218578644959309312883358592"
"7/20","1.31963548810774323312755079147552155968180879050025231301541187880139926292597929425319407722761349800587425047571567704701129703127530254384070716683551646915199508033616545393133568753540065075001660878498600340485136474073213145662318451914725492569767133343176031591811758941984550943577"
"9/25","1.24349761801776193727342360637934449337675643624107262942867314022929963227118236830748641557409507287294492739731562007599156097050609505591089213258812631107209645275018063554462090387466640684623019124340333241215849794418847239225281026222887099714065710769157806700773242653602172265221"
"37/100","1.16905095194235765740696902446702354275606019049257149528752193097750164726340285705709762604992095547426345538429753559097054011743911241148728411226635900647411428974699574425290138245562420595314539550079617967707272653541481138246709899360839926017472147642143128833722604650389885764192"
"19/50","1.09632220934737453399115095247627144859796452102388138488894443084821745000967861545924661005508684831670686738237293198341139741970577433391859135802105691263940118203863228650309991113991329308954497519499182912976691296504292520563370658692926932184666499417509039385361383092237829878842"
"39/100","1.02532975409493268887647082689643640272332006882647628560606499629451296020977536695097013990758945328663520777561906421762128191709630754658941922453133709054055714950223525919239487763716653396345714611482900327014684215446043029515830642663544258548010621864208296923102014724073253645484"
"2/5","0.95608455810776033504427503867380009681385532466436975716389402855992603796669473232618867322907883779079859692616999570820836511218098455581347016729586641857973565951907912188052942346335578536034610576683128057315169441242096263519507561754262007755294567323786790917930762644643304293769"
"41/100","0.88859109619866824806478495271553433009940984373974603960731006009064316132668757623081764779331213950694325759091031857993675198600833483052801274696015937853069759496549604046846980226380185146523240079360386721448450131990128036910473172664675667167593974952548793279039982393264465030832"
"21/50","0.82284817166568334058709384578397417409653098379219422632404526473551716846335625865510337469433570590137837523098741977561140764202444838391887993403287070871247416289001891254046703926890891818896755801599954249718108705822784409203512178232820523211789300919897627639264459972416060404037"
"43/100","0.75884967347591702333320830488482045596375898341290062829434785409254272912535082988600631538938029990525225368163640012251178604298482122949739953792884019326071358397794665517240645872659922213972297605466486497081145797813276740710588286157108643520233546800418493615968701500480816425412"
"11/25","0.69658526681495718398907367590417304971046188251125642298632225724189463232571578287929891754767133310900789084726882896075363096158913799243371739608706585080816425397470729843224996968839956464207793858135543907656139368680004132782053281382009798752372029002875390685435739521871700191996"
"9/20","0.63604101950074419972737156847234389258724272798691660775185041307708498929696073814164829607629205533460697426667003753073553166209354407971380256168730005091214099045627377639757968484756983366640586838988862255515658530203161511812956357842973221418233763920500584360795857699805852150395"
"23/50","0.57719996728713269723218654145076213780160259685513082401282428494427494722696380260253606179532743281578499338900161793306715366482147264683152678356402968764217364679202064122596903430164086889288120479571907360976092492228773897580294992734966168644044299165178358509404400223221898311997"
"47/100","0.52004262144623745810802157104006310628153906104455986322341922897290458678630927857771472614279715071635776671403153600548359142185856960604268765124751539758145835794462749250984217339121080745995009875338297395480736492373617154947489293859836588730266045332433316464221900437436682891377"
"12/25","0.46454742225224300789338267703411492454486645416154640881909793957370338859857739803741525022927768014916785244188180690845217066352143214232995207879182525112157958077049752833508307690515817025653578869242074841114896100451686170926666004870954980025775330411751152359917915123802054314272"
"49/100","0.41069114212506084473160474609121904193917660992053054446433039225828069559137478256706019673537098245699987906188432974441478883572605022796655915608254464712458458624397644815570763181801771573290167101619277496883417736001135526425831738886498139956710886782026900774576282887591762126364"
"1/2","0.35844924226853302993893490652646687999325496299031878464251985565592958002151913502191701563060750442385519560703960876507076605551548529073770616035478355202782660467719975411244960288515233578870140215258275929208864127024965392330838562200907503654207214677226145468392580128066060367973"
"51/100","0.30779618671571527396300843207411866632221338281215183998760124451874852882540262277502989643190249726021738852571432834071494923280822660475308274202281319007023963917272189598634366049395008846768919984145266998415246238273083763547570596700756456815702281556438568156287100027440620570745"
"13/25","0.25870571790877634377944099325827579627404800691392591028975014421961952140366436178200250726532887224445970744128613506339168720419194750764910450426336352202784792453264720040986459021160301043726517884377463588740286044027981890306519561604641658183933468301320678159225389599182376773162"
"53/100","0.21115109869461590790879528701847809531178123596406271778189141677996717584340340183795127539499602567714955279974346080372684176999528976236725766989434319846351375845360922778090452064827340415890252597581005813508085853811912785728467629640258189490660257496460953973071388766371581609186"
"27/50","0.16510532840572178693374281115458136869353807747962563666982882513728210207702838917770447355128804091904716554279802184130127960817958751629008802219723284410620572674413886768603108324334281231916778698154866556096637735402027464665594566836987633334594469237887627557760714737943333968759"
"11/20","0.12054135267332257909605396508321996743817823519018558426473341709387095960814126512567455319225586009604829606934637652782477886845450568880783771465404579930435796314172472141908733423073248353684140158536052290774890942102378501667834710107143271997139255685315390071467844257378815641988"
"14/25","0.0774323566151651231752737611154136091432165593838668190633607986618483000740174568734773806207222964015123905323512594257504311416607749052404639629802735249918954735908933562248011114219289883246679244066689565230423287756245788100657616919690411098732767161948422381264589341823624637563"
"57/100","0.03575301407561348236263290813433652214856015800921027072908248269156582474888622638445659638160316820073079994753985593034716438294590059009467905320414669450443490621591689828310226315174713377013142222683874467716522840320678513394935627192517348276930896297995168356992575005432502740785"
"29/50","0.00457812744687255378133522261047484710312549871447196273774429788645202635613865138880948948093541360121741927781709859183880663038390045268484409135937892504870711414367835872678325722218866337129880643287275538021033957586954874777665419949070226988804835663554060898225658107757362038909"
"59/100","0.0434456225843616896662851347402452194001545788397987606601497723935456956830163420245653322744282324656492248788590789133965172570000842080834009869789106257800361402532232280192036335358488630110746949383569527223501316631980665621157940901291827771242247625146743376615334552536403372934"
"3/5","0.08100175052902826894766369944424505265492593005124840373487226225380761326957752458074028609620182336036731539945921620982836254801119025501709371917330400435064462901866226878724236411752402430029376402971016177999537829475318665666001586606466325935828265898691255452364330627888505493441"
"61/100","0.11723603776696805159916359108684740172957155516047687673431554555750971048140993767594460514928513126236792290484347076195314977344403846946413330660168395871047611853966543017052807722569917476927003582516511037193668160742881267508684676007803323702512083884651848578979389883008301886609"
"31/50","0.15217240837135417374145895103004331934741860401987338728705047082972155667982288314958243485813643397935897041959338144752909506310500220731737057982118357875892418413102772110531069720621893192467303134867327973489940017447130554955013920217474299589793279230857174055721745104067669523342"
"63/100","0.18583503580499601381245577636074918137619402246707419838219132849574669838825841232473047673739290370226543773603634196830046390711750907605374166423269010631633772206624353758790530435697456904850023393030954945536568311368309647440529977969540123974448883408559219618389589660970065675201"
"16/25","0.21824768452001694227282559503014626495234305420597953432105397385460720287587557609753730613307456537678597144921747367162987211026761132022609846068546735767991160521928785885671519874524815506127021448782775771877598356341570719717677666276295868915317717975293174014229421051733260170545"
"13/20","0.24943360152871442077686086500714025004138635694049898967784081194169531582150237973597146954450198814285616798097578833406748113242238115858507017472771915957401080872666907845053135577133113743305881838244605498962754774071857657555113466984479892789573362747656304522548258858796920122087"
"33/50","0.27941548986800963706001740808238963049455663243457052528340629392558660256860525987827664106686250106615304311885068467597937992622792117474517724438006098011393098839056754149897672932754322261129775948876968902436960211277291131824002807815567487354083775015569814100202674989820707083445"
"67/100","0.30821550576588522954601794452390606532317374738295859221551951563237291066024070730599221527836113264261314979617249302889910646181151232887926548044167469921362550736594545174153271293181579768332798935685908114958777814693283530153501652692167871689059803958561318307506139249222011254524"
"17/25","0.33585526657675294106066514943356403927810767504522817813958668285334280445447133668227624036719311597076718971476477142563241707505856952574295290076558360503407281094250076429887084923838281428353260719375592170651795970289759849117803447188573072862718259020464870056047690914090356413206"
"69/100","0.36235586524087986504567798243107285842969640489856283567362021936831792898655769684037315307632380971144802091808222457569324126526995872012475922328811548731609877549815011376379808944677224407765482254392512690195235505904161076841952936997093308435839187213432719404776001057073831186542"
"7/10","0.38773788932143222131781876302294233782226780342458318422379466218168265014580594491900843441397999540871388774328879714867232846007912544071455526724881606333280171596858209349273407541058670322034471451450733701223918857640539963515362983122111569217728007397309127953297581384417045816386"
"71/100","0.4120214434478880082433467414728759207559880084398646251449291438621490567721513403079764064459269863632844407090484925438106545120297590749809719949478429010909372561535924032882631473099938372674547700794021169655427344267382357269589476114138413468726964987864050040239133041686450927379"
"18/25","0.43522617432081792026741125128283967463669891477373129731789166363232227351599199823880532158084693074060078497793794480511552438012551665849230293140525337399825664914025286608107423542923297315245764768096885953805236773438546704045874469329859495543608934696864942940072033151642144743994"
"73/100","0.45737129760320916915795656932510609434620806734317347231733159354784237395739410138339610817304861487614194563709716259309291799382652473776536024542078251477086675577236584410901408551964713567978732578594365082211497473936599339278773250014409818786079692608866391106156224806438325846866"
"37/50","0.47847562613094639308358809435087221424442415169363622601906285026294826635875256984984226462598583711709434489306192749738490301395810615766389339308903954926504554963977061415569510631154384496790870622578390118478695606749613333763870320530108572565965438614087664052399892599449951193132"
"3/4","0.49855759895345435873568301860222119119204540033003353643260002902779022164658934504397986104682012786509687202959994035804956751403623833730416503998511681432456429104136674262610005822698450215611809338779471074114345595759526399131362371078460680063254953717694984975433133256743072811417"
"19/25","0.51763531077837653614144805982983455023484390820376185224977350065787383566082034471268375351938756991798099194933909986868911725337756773486875484350652154610010602623021425712822432577165446513887895504073982671445175697189529508590745872067452291789224147870205235856424783960045109344037"
"77/100","0.53572654144751205392970501480640719837138833946438812241602114110222757145145440718801775767599500936094474038798182685740056611810825121562137121010193254828148908806861853022604458510949090693371863345241160563479276523980881252270777270991796059282882359759592541197406923460190388618074"
"39/50","0.55284878511800055601342109590870917938632359350990065610776197350962022373854396196039381716125453691430530942463519408895869026179075856739690878667495018070277832154198561388452985209851231098471492556704604226691945374126784814315343302567924145114956957857947269410791826722624927576118"
"79/100","0.56901927886452579206772595705990148553651095236285803341950483410743322206699830452449295438834916716592135623989914084602398270318047678751222187612170494827362006259866766072395862160613376676579426846886189452551575020737482523684492847983923345391983423853109667185496145496358737619659"
"4/5","0.5842550304560645222733442399097448570549207846006348244099449615614621635891243020415293431200938131915957865297602608308217067263022001743815981195350579208690806650538920116661511427843190389268795287526448789079325191245775083004351389467386626519747039158730488402015706647645946481451"
"81/100","0.5985728450950729531214726800595315873552403742749481074892840894795326090374666150979863054286599624873220844457262304712284176248952751955510554952790999248242043759056608410165728854621572254149671462856626316972321403888650682326185942671668907180032786775391273645847827670242399450623"
"41/50","0.61198935093843367661979672512361801131914117288104250058797209927666983356797173609795502822010888834240018682220497617720489366186424715316559176902610124607999723198678316867727319623300433526000639042468140439758443062807692852478573749240838270104029247386293987030071062872578712738286"
"83/100","0.62452102324832794585981828515671288029432649231827227504084652008952538406569795926079498145383753269497601056823845589238103070952718574661747459175397735388241442437453153721571407562753454201031104362852080908788410558786244367751430064854517933750291211040252444844174268431786720777303"
"21/25","0.63618420704772480543023401911172644337961015804439136533370033621781718174466784473194067331112451305128506852258298687469132632019385237976154949526296557968870551743735776580801938896129244752225749836136932478185445442646151322375664599902579951060764044634528947129565730754697089448473"
"17/20","0.64699513817961214382341326515917039357773124452669560562551978754589573660927544553282565365311743783042334647141026428129644564165195132406619231395020026632584220228575027068204546031145685183533570818344595579734342380763132747208265583661649596000087052097797037364804224170125638421962"
"43/50","0.6569699626916178698177945746520930712740743892455937936365858281971503250631715493490107784550361574645316854970332286152609983963136024038047620682555931210987250345871821088511750191321097269633962402891845994174560540347676445208192987694617390803336465221668072843196046106598008096186"
"87/100","0.6661247544884336296285429133886987385147872799273951482049249510416607465867269820279907705631115295331637111131311902838514914334506314415944889983326383170232718355906475426035290923514169369759782615244268923723765975541303864583123372666908002899632763787209692548770692866327018386022"
"22/25","0.67447553121358480231653160235578482617346646125289891556771232467711584269930632898904024134690147139514551955847324553805068300776559063678135481804463825844498591419002799686995641237844650751925234003861932218594380281788875989564229552560644354210138734053203596410810626483781115855992"
"89/100","0.68203826833969392933008287261337744303261817674083731859065379946772477087849617670288324889655769789835460201067055826071260444762483996051581819414045609019148564194681896379919985994034438049970532572469268187742566951182762412110461158135150083889304161668311498619498608369397161565011"
"9/10","0.68882891146254783302960813673677992053287079404030018400035956093352626049074648968411721073978856468618459128645813033655847439778180522227743543825449850682537268997314708671750688725637796780492396765499735403119675635109765243489968931941285702969189328542255720169483184990534694579754"
"91/100","0.69486338680907472380353198697767480052137508563000848327313423269144258991697329948556045189897150029655214029093362964636643260223674119689317856298937336136433519808656955058779058142254331667604679352059576311933177949068098590304145330884340226751069190173957501574463246568694562561112"
"23/25","0.70015760998282823730312315950576161247202977395861033384312878356416312307614448982482298946296820651097774099308975172672678479053575679841393961915433012637892804053202947061387023856476300220648563617075648682582117906588083744473155132654921722769538258165246649598036261740932508032475"
"93/100","0.7047274929828130156137553708761634109611231761021158103087008390055156175146202577829307459741208257832939029352416596238436264706795837972888110231582859771956041918569561954085704367327461525108684089159403800678449200369140059343348369228399601665994957103620626938318289329033837939391"
"47/50","0.70858894954251649414088683696197632612179538633156427385900503787161858582469817903201717150969150157736588211765028687829477860186718603365629268884883895302329284102638657835542651974323438747795132451823592470120864297622720425206925316568239390186271028143070927695404305672060858694146"
"19/20","0.71175789884587412560627825677277404951280870588549251693000128889895211086660098274492378508660563016146975060012289493764274161951002264646699986379924647034589987212086045178062075068126732193637243361096139049969526126638128405643204763023031721240247887837408512104441256723864466324052"
"24/25","0.71425026768562697131623187542743352880659438938697790810620439375766893004281377178581186256688613336936335729607070686853120707560175673512316085670515051012271102892596682179896143503824247147092763520865436299607618687696914530729467262507867747558782028930510167674005925701999004013773"
"97/100","0.7160819911371659290805017657447431791169592425146287035203664974532414224035202208270080175950227996110679134839600865689199663769079932099515311191260655506508366036502172243211534489262503263214365451840588928786544289505373141319707052208125452217504386646945808055942607351923447749517"
"49/50","0.7172690118275294932526325965182991761366243179181382224590999677323967408651101807196097680078918265550697965315108848253185411149968142216255020429586202085658024173632796650976653946451428253813393922351074205645562274047868380698195215158424413723888405156011600778887304572196614974579"
"99/100","0.71782727788476566464360752950612457422376159630469183172595958154609044035854170199381843444775933678658721858714480562252127825275678933883130072302372509339083186236978892664719391515836080085097874024093101496849182974140439655155709229551350684926326157421456581668068797621386204481825"
"1","0.71777273965741825118637838277638620212801495226763776494265818970409792653500398349461640541824048887977252049063592382958075601024016065576013523303617121230360963605713593293658773625936141302045550163175322618327996203747984910075837377840478584944554093664262331236095536685844266398136"
"1 1/100","0.71712134529748977080626929160680763887799306662435930463948256343129006911386656090335841083170650079242297620861298623099803255555060001303117230349992821486255185473084867155109640494615328995463760282655128932798488553138638998173519624034933234654673233138854980296014761663077860967617"
"1 1/50","0.71588903530290604618150905695727362724866894155505727205404080187822007607961176101820545664201729585712699158323583971785866248992203809583065125435959864214555651541561869215046954212449756771496574839275736474494150327215812593315465283273396293212602670047452714921463335717673384313134"
"1 3/100","0.71409173611730234969658177654535196786523482159516712318992552907187463430293198018649734494324186214942204230350320848810181362929826946345550018858633239937383479477510611659259300292955984273354980428151635508994903948315463168850195836953088912344164984109470573350874393510758835488113"
"1 1/25","0.71174535288591118096830527268128376425731527976728670079557936835362169335160274764958445936582635640037525727083398026563905348049371339438589298160495226122834894033248200209373658690299240655065908617151308294338364808308460536461819024013153642925915764685064135372476911050089035854303"
"1 1/20","0.70886576146650361153768113071624700834880387541071748709222430908991609183273873399739824870544783572667990406458626147156847893632236747411261967452353771940783525509736843856421432071411471029109617745359501612968990824995751860342421427452087191138817267008211197697442969903615073816309"
"1 3/50","0.70546879979376829817652360551939119222609856892317793722563197239489678892870287422656707674013234190418977881255426605353527089701122668550744064433008272640070337339598570327470767823037238953894716851968823162884421674418211372196830843603825551527997506607390030835479062743303545731195"
"1 7/100","0.70157025869425575129448587873873256103945496393444816618226208842439043940914620141695468955761678282649709404232862136248101038751561392696745573918258040039241324877087351635817768001948871269914039605232217576641399803252738208343868943279183771472668530584960048056798197483673781572382"
"1 2/25","0.69718587224712328520807086216595844757628524093532951421653580154790563754420127818866174144427895800215702251110675853342638658289167147671434274532396576129885170724356768779752618425774557283260338284838820551275646189706525475050014816617759161823087615866452477301445063288700618173999"
"1 9/100","0.692331307783442989206976468435397543560825302938353221960906658230318866803481274367329910052060793130221761879430999312768166441647422924230405142767618423226633231930002143460447886994122069057160369503238559831088175853571101709719579611003494180608660755318379144933684508722153798688044"
"1 1/10","0.68702215561383703036085917444165761248603458080726004736072551646636009311521922897455155566610565919494077321648540416828313487884353656172758013773384984030668683190027136390884713940627949662403816955964668986926287149399483391518348067026949770010706704520267024727574964347187990453569"
"1 11/100","0.681273918570738442800742446749698301016316882437834739701644488819175018486779682006786813791844385938160163712499212535161769361351531077746348890828137807752757605526519460097406271920128927334766205577737971331190335494116273765982151255863683724938383308756480690158412861494751116050696"
"1 3/25","0.675102001447698438207852014154517343884532421835431335141645858600129819542311076434498934182066659733933104161847380498243927065107091117050565445278699454302455609462556434479019526257723742708825070029215558549540997979752923242335994895740165566324168247737286018841600071075483410546779"
"1 13/100","0.668521700413930223204345213240816313711397478420350960327368649343004364615807331109270447104425783693680598613755899880781822681624798168062526025172353476435815468712953520962922850850108607644726652484401289827802624866180157365787461675956259389646143357010163350598794114657178344881793"
"1 7/50","0.661548192477750756103268248267762037945925705925497457527184764595933168334271598943213391556537197272461792153915339619136115731237873970411547556117829328581303493049908549215827451195337046758917997451955768865921126339571578874000017003731689416651734632326213701579118748358482809987314"
"1 3/20","0.654196525067811165791270549572506966467883858327587380216209201690520414155393620135001384809772343308372470985933486237103099279693867649427928116132608100425901196759672761377781637105223985352558068610761644185017674682996401553330762528525235882274081825086884411614487718144474690793479"
"1 4/25","0.646481605796047515744399489009443982457758738662509358411936797320533064061243011947197986796204025657877148203967515376077214757584210475347184905117886757804187155038665492371413946815101088549133117383507743309451663889867832248434070157836625211897112843179249532857867256330687949813374"
"1 17/100","0.638418192461188118134387230510490535103171434906030752334005791160419811419082113991757136555281453673608005982261791765926632797800131245586228777963369050635772707297551313149667153905579956686763467975859012332598934635426555131565025287478764845761472761058327852748795468234938076335834"
"1 9/50","0.630020883346471268787132725248414315787398071207542985385133465866097161171950764704969109963762181710723035425380477138384211057431858261495560094218600977327173150463528020854480782997708518618019401016499656403734697874536564107395362706487495065253541016928388682503541180101981917173319"
"1 19/100","0.621304107860005023958449837090502307890506200665957198854994830366918054177272930702830860218985985695849402474678959519042760826894498957440172489746892896620099873586307734582718546384182734785907783538093690458582555799626047279121441253848817198652481344344485124924507242879381128195082"
"1 1/5","0.612282117560982488803819400440936427984061597900613889971361539152960006487565670835121172641387631164237335844508635463062531406270974686811252996149984943231289673044909662740288722972592986445744818037402236689266741577838214412339633143172903972745599753502085422014775041162335139955048"
"1 21/100","0.602968977609792888120434134307597740462016683004778329095672604731067156982257833795479957729194123618371799886576589401364392871908652896264808827560968240556765853199239990368341385218992744432067317814244736394135369022118021944885711229265563873309803627687812983162386295726901734255723"
"1 11/50","0.593378558674977950221619477322660482518286776691263515545025976136318566841104796200512383674359835827691119978943031535359964235355551320394818162048550717843658061268771439268276916512079649936582029451309598798717109528653101261848098568404400145882807229838328309553403606440162572675369"
"1 23/100","0.583524529325008884086651622592212568709001729589882502661884715992832867849840988165070324241323865926912843102107367206448203204623134021774884483631129936377782057965020753217099911675089708915862539262925220010097213255747775638013893647938613402347851150695180093770229127354569167609797"
"1 6/25","0.57342034892803193620104107341253194003082628351677988584457273985952069249282418053846808129959121560754344125001637875814655202056190510683290178832037131164475062971561945217005446518592756275594366556258008565466707767153896420093766686897601093095074950470564437366414389999912553847109"
"1 1/4","0.56307926107807704840656232588639323664265344628661548381648725814852980624103247607608835787194783587987507342473387011426898809935690625502396978492391665759033743507811960718262423530629642850734647919809505687634023921501767445970546625081963841571162156597375044239009886927969676619072"
"1 13/50","0.55251428756176778754842881060227706743027230419690677528807933385291266498328589082914387569792042166886484315973905311845275519794553924672881074269422923070274481409791984633268443926652823165913970824178357154566199688626968951829781988624376736352635351385808446063069378265949450375051"
"1 27/100","0.5417382228753312349448147404596143722596562946396006729462788446541848209925183221345764813803672627773668532326422241892594547845214131143353755463480256861691435745506743348601501300385709614317086059300846174085621267879109994283270801176370259565528934377562446565620752483673439468494"
"1 7/25","0.53076362929770022090406322497196422424571148226600164191895867853093691402569555322605906366672219075931820753560510973934038765077886461509293210561905903293459338798188445459038908536947967845094995906868130138016136165274369676181272121103452741593842198031027699076057946969514958067169"
"1 29/100","0.51960283252174016440117692693905774825215970874302960004315177471435682661533916327638025396520498224697438389354067797689224369566461518412203995828360695167435440363506985815088003661453837737271129480485795958440788134264375727610388900557720558940607925634157210034460047484084005412281"
"1 3/10","0.50826791784212867122037784276169151627241632916626005298772781225609333674445096902490085283987437241038188026015933622448653285277410197769900925321655494837509290940828387977691782102794375532840104342987767742142566145222510876220958794987879452760893906046262140852682494969557716767522"
"1 31/100","0.49677072689517482313188017173231103146574304803228052489003128744609957613018346948412618224287150169923406858061074064934175561514403626024064829140891193570801795417495442872110769063754426058323581939229925767725868356784806261485119248152770127372475805151722711628868927751779022822227"
"1 8/25","0.48512285494289085825960725542360895662288241669161463019423003002202185680860402080861271139691194452649973617167734815423789929171245214064152548925263328310907025132843152599465681709956371931132661173484184234853172564685780578104628759264853266127308679998648697854747529477847429283505"
"1 33/100","0.47333564869092326265645567842211383359811254884136104124663862787918093900670667055143183669820723698129871084676996183411141171300805598897973115100551222388901913208159147827811953616751592927148048207879881279942121081323114869373038864745206442163140472760030786421241429067774770517778"
"1 17/50","0.46142020462751243515058539491187552210012083253493107308909339144218082988811281930743043238652341576823410567639820183398680784891998064922717904967369323753215636095534853996487614741201800266841367739968591973631387395060148097824817940054788210390923086107430601118476562767761941629808"
"1 7/20","0.44938736786847728723263651887794133811533403224471238878013300719773809091264916430144965148249166284402629362316486367485236364155879851751475307958982385742554711673570891963919050266279052824454107165094420611022290606083015720191514275479985461018420093659597721040611839092968305923685"
"1 9/25","0.43724773149130887244787053046123386850902275165849859422374932823526673920192034912889459656390571462041182370655783887374311829721452671099908890063788487478352679891107275882047408576452397901141172567711958024095898784210301566075483008772240473804810937051490660326489247358602814087013"
"1 37/100","0.42501163633979941075343252735819888357409181233732481764817379614442515175566655298573279165977043170296381496022164775753925304850358248525161082709910541637713995356073420380864022818869361291093115146151386270714229502412331494457365536047791164322969280421605676156436512856429026822046"
"1 19/50","0.41268917127922272735722066100902599339936371001184079317667791638490421396695654047738920596763670525413456338306670893122604563968226803610866749430285947755265411214512043048370489778716150019882504127129529125817414233053528817543809395414701578561121300032094391311091818216781234548535"
"1 39/100","0.40029017388091118252564673764911596759061591072616936311199010955728582012851989210918886345261425509902398269733043242787169841558259308155040800977853320797990065612985026565026563828873605962991163915934262020448935902328686765617869912646364073064232385551248872304073403095839969660156"
"1 2/5","0.38782423151413419728678088924104949603279110330158220257211149948259252833819008561162851450989759875927645440511425974149612509802170841971028644266152632854860164219081069238663781720766767329944711124054637319824671390177767724051487539132541089213899847536233273188471732140476196640557"
"1 41/100","0.37530068282246602763970148968013105049449206738275808745718383563758484096714610233367880659677015173256337044766854933044029875635694762842030060213587493267247492563714193726356026595700844716054339984812702921993932127114268046462270414556316049708099778224227559038668120212647648812623"
"1 21/50","0.36272861956132755108732648674537221245811014150917054169236889827602086791187011115375897691789861094040416574146895864312287550235405891160159347850610485025706085350684300473549936482893515331122580410320636383495806520233891982899465632528917878186978645149236758092944885183594564019788"
"1 43/100","0.35011688877309169533924765902945763660048167091690078783558711454556072988554166181357713888279606482847991161771731690085658566666505954247157790884178420133913673740742235631820124643672286114993587497120718327970634300626902652451777272192247618891407620276477924148845278845936786138153"
"1 11/25","0.33747409527604995445531105507964123092415833205754444641979756289229867596636879840724884246668655663750299380260868479816410053818932445578177635466041404871013444990635473501813715551268679030308714861406964185182810225123885121289996142854136773557977096772634676530058809652631038524611"
"1 9/20","0.32480860444364657603621149999837212197187818808328827962431574344184803453772116677411901021948356315049303146002917464485154234817074753258130348867473914728357157195509287376976770859526774330759991995373103132386184765712782037977307165161919021466793736556996071039533205310966997298289"
"1 23/50","0.31212854525070069204210345858797630761105712459047388108792818128190488595552234609768779960520597619030424992385101471014300429110442262295253910962237528394849364601604121028733025285579025492785613988425265348607648545355632306339660016566160831858484777956723413308415327755737030379847"
"1 47/100","0.29944181356386545137960626037665033590368844564631904611529997436527098926183828189696654786788975081028579663831902758165666304884407393090720166804627507495535481857174092904722519815862313802137214842251450269955204994959936953269404317842357248131373671326541607092758363790337077251529"
"1 12/25","0.28675607565433868232402473169854180595896280615588827668955016051140155235796546653337131033944751018517445450533747025466182382030427914573435572632912269492412450564669994104929738828252597740172302794526652261346149999289891224086634528887294993663233747656532421653342784574413704102863"
"1 49/100","0.27407877191188015938998257422686058532286050102058312452516250945488463636212413947503496736759550726184754099658334006498942102895500555967308558220794996468077629171919982260687473224317263739600028898662515775523095430873559629892856666210487459349914820982658494076588827887396264042734"
"1 1/2","0.26141712074057048397210566230516999984767754466907128481123644537250543362205603199848899186269576928554259012117491056482061342823429704168697497836854147298628839249784689055920248760419857245605150824413120484147720432137857695903033112014211805984342416320427172142424274333893309806543"
"1 51/100","0.24877812261857086421491080107684932338551703669647272600174433099618357962689887870675973458780838403074646930687957573735423962780728923957736221553362219238188685458570349826680975909304440668794192555559826715723026638688984964939778214676119618042991569124411373388642131681733030033133"
"1 13/25","0.23616856430658157735510653817763275505767179196331432454680412823460245745551846466233806437345154760058417016717206752525837748185769246534876708024329191448128204892012191314077114857420556509268182744620512469481785971800223389003892226641147337265667215528221802882789741699896442093797"
"1 53/100","0.22359502319302536615699624789806831538211594181835610928532116622139270678357566920399136812926034443865108727339318064746163986090386329365983672562297713844347103900916324188728318515785197941082899836201048822540453276669749625709409473942053797175509449624499272894279282206808310146575"
"1 27/50","0.2110638717686527137807133154005674227717298773903563236411443904856358503191144547036528197621109985356311253696672385582700886000566089546743803765785261789912798549181348118759257822701744119440594770416625876100962402309313846049442898113548601462866982642572467358776268159387132240226"
"1 11/20","0.19858128223003255649822375830251133140694600552605062462601172483802175021507568281207473529388915280625557928046746615804010193554169973653986976042576977111119603479370618448206825909477934768340889462078925367540104593088269123862812419358734351450981727092640603103527550396077226501087"
"1 14/25","0.18615323122153674073216809728868397859202840380856481771511255692893555228149972758284387078819131562076386464624698135118363155155844375937785319031150397632208974374142577873182042692705649211860968616826738638385372270706796735986929858327709665666011958292209625461669063117308787946804"
"1 57/100","0.17378550474118529511182281330854868669285137542323872829360712062680326179450948649581397227639061455431427627559482858595420098503541994696755963783976483185764776330596557266408154531967848477508003299059482725525989851559598585352646065939560231279075192866612788576273345422527192563552"
"1 29/50","0.16148370326110471979532690857989099915876496078204108098343223949824712861342855929197827896964996484371102382352888013205968409322662124762142430588280780278918507360126265392990592322689729985229849541524043584145805683260030818267804262330342338830000082670002547180271783511103978969847"
"1 59/100","0.14925324715580375386752560005322765970211366858887203723757640284444731427840979673187534850486761720218352472386549339367004203478610938183618459046962303060264440829991407884524837249767953020480981227539217297020064449398127920620958620136091826306311674223589253410759773744121260999732"
"1 3/5","0.13709938260531617619459821609039902327478539272893831968914458595388561283032979244343679477535955748082119416781071906762907258806919043341518852151782206955269894802962185634697796029553354084382996880619077255827883206962310371013591684496812420976757961216942584457844908596877211526974"
"1 61/100","0.12502718827428758680392809711239206679991119767669722414717451906957418136091628570833552508383524231045870607527184662288577035544127153761092700945888404281764921593182211757977263011832421808819601544259627184014046386924073058545563101522603328472977194155877343868356924671160945123555"
"1 31/50","0.11304158332307591372834353469750764950017542098867156266246603815954960880137796625862197124044854953904044172125986352789009110056242432329652892317125357481702633028463902908666037595505738826638079308606213188283079618433401594529180137104288817332410487666870016362665786239125388195798"
"1 63/100","0.10114733781880224599420974908151523573440132388131657435376868351719239692652935534472409816688796260496552992231528691083587176475016694053530630866196735105513246948172354972095228263435581157372001748430289208109347946963847078160588067508562837768438389735991258950088682918468160314888"
"1 16/25","0.08934908770815776307522402986452967093601663754573440455113756043896284745097788921453768359512781181100267691069631592056495729249561001155745980864800324713692992936576321007779335852327796675945086634980019974098927954360655231485991292407791171304255136542978579024801152162693848362147"
"1 13/20","0.07765135903298133443685720691037426404770740743614385911569505874649499668507626853390791971560156768752963510194955551318231059543509733800983006516082363312191573277377931807994423626083244402789782073812359015683382983290525496125643697496026993434650132337341248585465688265455924704809"
"1 33/50","0.06605861242927408861578480077845847468283986006244792028802423475303812163714574590566215874768431947128833299602752925332061317978796367434149762319996613586125862560739266911668062335556192546075652665703366123630782600343234667341266689205333404209757967823382856618467675846845625368322"
"1 67/100","0.05457533698406764455359719640883308436919955629887077794413394488392862180725862216373641084368241941011638118660683339806988846729265899000838173177576714525625873575778937279355070947595234366334046689408481873948525383268232264136447250968280742810893245158749024483801332876319856076455"
"1 17/25","0.04320628213978687287943164002838933418381505777114897721477207758283868998476117016873585215695647138264695891169616315403396194141100983737729131316383494188770365142575760162895599034899111423302021118463994982841331982954376233463270952365209050068620071141930598734587754274922477091828"
"1 69/100","0.03195716068299557234271612069977847738366277189245939661866100782656240731982737865904310091654023606581958227217494669283377370155233652337093109313209979523883324458978153386128792625293117550723141390120333714426338568030467478297215842867933358391752293734064538722325623996453241138682"
"1 7/10","0.02083755368806946999827110224821541197474907027624995576744692632059450405266281326790005795604355504179729861428230805053459384226492409593459060689992199933359439662218724613134851418425159697570902203705463940707999512835703843090196140417475422191733292048595086546218250026604008106111"
"1 71/100","0.00988294945634042096028240362971500557105734465185617703730521742279144638790473917169317846046233856366057162643144900840314002404013355124055529707240476308878002182866051056615017446730167085112935523658306284009817897718586102192609993761024081195609225784783476584277778126084928075189"
"1 18/25","0.00187218454115880388493345494379548699132506879075622427919547791772860801105673651998714627578443045799592308416626593512848505960823282103860451236597920956071620771794323166950921322154217450030779152999994791723699128683373042612682620273149200397163046572146830773498673337288749278379"
"1 73/100","0.01197246744868446131714246059134006041987764552432152879275574700637494127165976176890007356050175766174446948517875009351975352395544261296388277546652919321382235654889713598736167223410860026656120651930956803704667700917850240488739138905977462927189212438579214941487504652233401308375"
"1 37/50","0.02255305029164576732570473046588721273809866973383320430870943234736318227424593393946236282139406766723348127073615234020940171833773008235538241074778952359259020715446322422217230358497264532344606545047600967695106087089430881230552273709533245203555481293361851390716326634650811512347"
"1 3/4","0.03302594454283307262087076710306447812780218354665325131607417465988990772548168688305279074987134422935288338381691670146580229353597757266451182162385626670306473657221084606014375421397644456547320470471110310031906352748863361767316112314405537768541321676954196258963608842555778557621"
"1 19/25","0.04336740872664284286882777986220579898060790400702587571563972731175026950715931831081704330434399053246319610096809607866111813371988121372358041440922958235944064094401106992189395170379124858909873637625850480860146264340844452724277421165350948037932342611042094617454040360342360351178"
"1 77/100","0.05357010945037499326422249503267990880844295278172710756676574014543928581970909329412826715772683432946740039116658335187690717241118444780705938003581155229053594748463268811235414929780912716967654630955937355938713008963143373822291518639359137838840263645877277473025542669109292040942"
"1 39/50","0.0636297955690312435880914644045363318680221561934333779364741690204529568923968300548575734285741173153155269943702596411442988337371348333070020880195960746137132002943119673904827161137320934304361278375628214970929032099024879065739945869858161208320909583470117108743970794157377089395"
"1 79/100","0.07354320732002805270293005897029161644493311376044400364079161203635710001379854363127763694300599719964873872649919074896669216333391178093390288449658502533204513702251413270405543689434482470061641833254408594209140451745988519000486856975314704109802663299184115644530570657909762946829"
"1 4/5","0.08330753022493716110467880818050545476042230209768553032969687814526157520642494584692673220420030204873216765783867973927990227312004441581498952810614087465290276339773458921137037759510261236522507823063944895698699030299184676440036272654671396808120780106233069553510857902008589517519"
"1 81/100","0.09292020713320968836162779978695757058907691960191226945452653615132360885137276197561037158777532033815630623436099298598988845734025183198527883730480142103169857735328919971328876766173275300556381936298643160164167270010358396094321570835775431354164686775285272669791774266689358369234"
"1 41/50","0.10237886052265483914385751268031580464019780642383602884717384656593308895243805790580604313948536838746442205403535016980772230335708729844640557262246196424651585898825351704432449113944398422775068359695203352317101995806206613977403760182217043868969553474407411943057472366150390106185"
"1 83/100","0.11168125565489989704426603449796325115405058766800411983944937996180948837375167234842986441096884400329207708410540970699273604218034946393635582483227843332431110476930793957610182992870369147371842501852825262993087166647327448156702768020301388360038556503165177094462590524934701509441"
"1 21/25","0.12082528103180098616666309600683791830478818883832985090159376324457033560255789221501313087283841410278566666763691805778650525789234675551991046759337973140284480839707555591961481310186633612966929854736078461725234109434226842360147300054540924178400613715077166770141201965610851062263"
"1 17/20","0.12980893697149762128332081201806684099674509810171808893730945927083965026349415185615600648415913811203717634010360756472881804112827850465876809776781444770726695791401616578634311909800826591120790189525341438070435249659170952357746027474031841415744879323373753946593824540966055843367"
"1 43/50","0.13863032832712669839886098997923292546551231043163505165018424610893976931076390890397063499399237009415971810386858326597025031578797224001618360676581519062554327063213755017877577519283756136117656644317369368833014209970771564980990779104536301481579195162319506621595841825858402869493"
"1 87/100","0.14728765947519035276057003950622108007884585582541561634129659369794540468212061289422415938347827595133735089546285187572129555505611455744582215056362873416598715079086547085103209339879921796076143533145317748351965942887653336032726137654082934252989599780441889718585150457851281063048"
"1 22/25","0.15577923062886423094877294085269717769249991300929348618473814245190020264267524390306890722658394230807373746053951846147171655039848863881907059410884033980678432491083428586433240500700979892947391581803698396378135318635919593292766707425314620968953054753369972834875564861735431187594"
"1 89/100","0.16410343497136038144128285290909143119178160528657522702171622750304008682676484837011566332531898653656377474772418817896686159589648924374197209678351987500646099516429329000332792241150977594385974543178299829423531702524807687774743086545884323987221363480107001780656103983877546614668"
"1 9/10","0.17225875632558989870795461045033059657022969470408156169725513652236722525589785650743449706899185846470393814011094017922006252102719363694903544414579105910840664776036929550208190876957791176598666744424741284584418210407274681354644710692698153055187534021876902034705282068451682947116"
"1 91/100","0.18024376719327358619535799342019899477183613801382694326006893481684629574966908524212676587069217180304574101461640993896865096690102647528345957848260157870927470944455887671321625565668326857347684626937013469356773441825812751656562793268017645191677149766801943199088335571079966031188"
"1 23/25","0.18805712706117196183910498522408212656424219356735738472694515323724934247229870971081407913913290951694837770131006310087995920423141146674618942629042187579994257934972481437839681485688651912898683123509848716709379135769706190840526728214583224520544487858461931939991238013000527222158"
"1 93/100","0.19569758090907607244944012182929277133316666723309778997402527189136464780957861083815760398739570899689586009971241778999472047733789932858024952431527774519967176174571348425345899888864024725928190088400771730308962860582571974589532252411358270173245911168596624277103470124333873543102"
"1 47/50","0.20316395787609116332989502348650034563955320997347102271448338378785723048156364074749429846342462675412943700351020703640940304986300422244297566994260708969920039616367146556541459341589728524637538742207430220849990771909297676523674551217216649060260277138484446555028483098271195084223"
"1 19/20","0.21045517005509134348055851998945069886707025597014554889967320941733077957198938046599729402064499188235583349935871623609591329399064040560886536383553312625056186027343319526189601151093475459801618517406080793870713434951532248147831729242232387945932781808108537103219917818562322837712"
"1 24/25","0.21757021139357774396315987543829208861159748904238762409601817228381849798098111422038237461043304787989265975460974293533830435371910293948128905540301410178384602378087720678547214653500016139724221490540488950180272924564622239061935419895629754870353603075394119986133423990434682636969"
"1 97/100","0.22450815668453113219221232532111721035589718244685745245908484258973309009902119336025965809780114731844386684229724134146044972491414063318932244870725539287558950029298873368849010177159388432754567772039852039640982738336559373655793813886286522859005128638388616986553856349799901650834"
"1 49/50","0.23126816063436709222859756146306112719014344261375956445680509817219698646310680599417319431074310505878905528555429364849968945007487928460312439389849452535871906367994588124391688551388844192449395616131053431670450007456092872732157713293182334655488384010703924971732247170303621572837"
"1 99/100","0.23784945699746344180816019666341509992712599542947161321492217184240730355645819431924509448327128775833011980504372151675646053617533536931543106170760131873748505994485346002440643025459024166022449049367265820687578441540128070903840129895928540346624883523848949904087951246944810926307"
"2","0.2442513577683525899562801338207535716291839718651716740582957896422968437368443247118783587683499907337962852324010013034860613369785612145471445416262440666132874682172755180350169856635662239846506932233139615434668198430965301919496827597218352569151384360409572555846214658598757700136"
"2 1/100","0.25047325242381519880270838745286428325605880208314836636686008756083727006590619467811863571137694804182577105224344677717755465602640345277293967541722442610188180390641587163890052453047516482523656071911008205393520083925609801831906990341701569490925104781442456146635559773928562286838"
"2 1/50","0.256514607207939986198213278542776173236306619276894175839267824246466281704792155269806474037173222316782874723811402011713895514422005318144364002473544992393612712261575202669485107644190924448539117516351703368467377400137062307832114802182781108145312048051446465964725192698637759936"
"2 3/100","0.26237496445383364501834089185381263429526954812021176228521056268306189727171349556687137257602034853957616659091078589934357080986425282050650530752342723225828832643240418599727138773338300699016812598660399951702901547093053196606503036567605959031735510829516569015688129590558277876901"
"2 1/25","0.26805394193614398061202069053276285505104747140828665231410132923749731817270368313524180920608619764714866427001422559366321822599829512558278679956714386261672674087667037939936842064277631950296191059261546867463632341386553262046922615338570021813568127975009789209172649630303292447213"
"2 1/20","0.27355123224894450630504662613407589474661452104268492499773799764167647174472328388972957664786648655609099307916318329385678638906569856479668085081302115788581180241385776914795399002168923697664133181720038467929529760308426266240048893936625377562703030927178066648639642572289148123603"
"2 3/50","0.27886660220385081443165643512713306549938975431296468400114063344601077559282169008047491019386560741855847463995380792949158079981475534926464010883526897297939182146485121817098835525703760149210920364904927667031953502552548438501001101469483966976096392372724558073820088896755420022826"
"2 7/100","0.28399989224351904194788128563976220013705362008220112164954205576036995941472879612004985763879504431354955443375166182001093494330502430174749839905873015210238960061048274483861517227217467299578043533787067653559092703356722631721189615928974758754686632813876125861592062249791554734242"
"2 2/25","0.28895101586592902040072156756353515757562348727055493485378792655044166284842675012913516993628470373541470807906275406506164381089917374366208601847059193312176611670001264917874537867609577045693761170757091959590360082510865115800779684658987569731759118366600580635407064388444663060176"
"2 9/100","0.29371995905508909018909907586954944972465731253236714746129903363751561015072424690555687874381104853122284239024757987450979565343003033880462502286612043371099680795065844104283516165440313367234537983143279068173565167698835939338927431042595353683901413219815925849859458218494246206334"
"2 1/10","0.29830677971402283753229078027323317862137846117158392012241299615114378030200119097764073511716295090180416429061269133749853562127572579300946902905580135187156929124739890160184546937677850111152397652965630544671435401339124925956507815982677637137513671158541481127026359436806731045887"
"2 11/100","0.30271160709611481062914629108734568434029467513821777506185775222548482132053302205154877863430123908111239075070248358891316134027590271604007241276440382928672229191103183061296397678697830067292790514952697831536218198906270156002640677124292067167519486108709047846733192337492179136048"
"2 3/25","0.30693464123110572105470282573122681645760707623499660008805419818773360534075626681676618876725145266972967589308447469950470432174415285651032939686846186905751052666407631352119693361012508775437984674040693597194317764236925346046467585801856672956487260021317425460967409660881027500808"
"2 13/100","0.31097615234223980686923575462281274697572848917967072064956746901050540112971626424319611521290765175660564687650941105296194402596635264086295699865373706542552334977750712700490450854114361534943888093274366377785744001591513882565746880464668487825928751255328192740665739011348696010354"
"2 7/50","0.31483648025127923448847590617951726319250661181808834105323534704903641925633839470528961567537092555347982606981877307543339005615852046973863245934518859894482422788006720279796645727394358176246402952870409653499011548141692370664747983779609358327305258529841324745395586705627256881548"
"2 3/20","0.31851603376831340805931844079918628019706051333597445142213975244451051014831544463262044319306634203807097295065506955032132730709899727614426549941084293440143192551005205995676081868901284181037509678199280251938951934420212143755498109694067763415992870169837854111462208985559452850821"
"2 4/25","0.32201529006350520053783407598473693705018603164669276270233843247939959249668449839215614241401401972877779667044969725882845790486314519373845773682101917311148681829055418497930678439724484922128452552816227912811382554021599797006789917738000681376655235221677107272937379990500154945646"
"2 17/100","0.32533479401813149154985792780184139957158023053783136331703579233979092402628315662440318754889633820556386713184321286138198130097163839741735830061565665740814353431713073971586952726411991327328747257608028669692977699770859850293010716257362826828971277260771564580700974943727475816366"
"2 9/50","0.32847515755249185191694688136753985295894888034525001719360172062024345579925623389307769438778358393793574630964557740610960936742076949444732764985357057017794190371656877180974327415661820944694075142110562033622194010122845246969348854868318231199541419896764004238310568442652928949372"
"2 19/100","0.33143705892847645575922513348434154630389955998578949874025642054723938447931919972447884891620666347420990906217700143531017096021895491535468995173479087471251845799398957717404004259176565073177030215615778204456110385433359045818072782255463668347601410847451411530253809939607461063692"
"2 1/5","0.33422124202480191677612744574494215487109843780171396343719164153049614118102886553149312050757022988852316440931424670270382026182279851766984190259471391641186807932676956761362884951945682965463764871228141148142934845403508829917741154504633350156818188683417138463071734087639200009365"
"2 21/100","0.33682851558314124203952163442447378112854726477114490455169564014331116016822312529812441214568782884870081191984952040732540250829392245281823538069144440805230708009690529886636346766157354558250210327625027609069623683726357413621561520221771056660932089629802065668027309475507742604179"
"2 11/50","0.33925975242359092301860974847055738214911663527944740893798369240530033341236959314747985381603020467815008830591659091942054066792631307330860858372104263898261565659965704123785971354997423861844686843956050259021246962203646570971918390738404293574872988343817536553943289411497664528252"
"2 23/100","0.34151588862813374922370630520654473978427376036038516672469820489836809720844386446464574807907628807034795569842146812005784234065103577221943309476996793136579227552285772911801063167322223190979745726952164260567055253604503389957624620162538144773317051379206472102998538481340115953476"
"2 6/25","0.34359792269096962025119698165896892891328666827138780089154348861972882299649880707386590458958291088917434516869276418236549263931685539259047871121309153267633987246248325960145564515814418910924102035534156085464989780111101081535120738930287901995797284040352600675891875384471589943563"
"2 1/4","0.34550691463479782021613557574674977527208170194308369373521621229812139913883517129873501488683540571990539080818415463225154989392833683228743082758546142858480517447210377347072818910611812403675670110230167251826705555788556016995641828731260767473580002637362249365919522799244770795041"
"2 13/50","0.3472439850923422748942827611489270840146020611968646083860807914484267002882214255537483569718554218111479235327686874143976526870610436448230138776527003919873300386201969324987119397309676849522539748739593478461707468980735849624506599390481228313590333992013386578400743912695108823313"
"2 27/100","0.34881031435261561184625903797806271591630346433225063474555231561295272730832595110181190241386348532910583202680276298944569890080005885871016821070467664373878277796675824270592077120775710360676854524830457945677362342405305229951143390809605166950424742392106079625626335270304010085349"
"2 7/25","0.35020714137161777463414731010720042888832619589427118720671179473472950419823512115826923771772986102327808253787378309098027011450086909018230584735368202697875974241143242674193043742223126356567454861873808224504017511157395627362900334924382106014706994543407201593134046138119582074305"
"2 29/100","0.35143576274735990863067104722682725258462087391979364900418638235507687326855605820755493321952249378918438300741277621365501444928230513953796257328290738556498992588560323167660546577299366765284284839279473670715834551310064680223117021011470311521329976380858600255461844056928723725799"
"2 3/10","0.35249753165929366471299517487312621817689794930533795177539856273543950461250465481647376576021971333737428540830525641171672590083802740554754397985590189403094305123527054470959590507419258454226407933150611448758931718159814145436779524742785527649009534538818666485595585550049988156702"
"2 31/100","0.35339385677240941148123984198183306842991101595707614883895139251771674708841995484575788016112150389567581683488555266008996087436689689653078539536153213732008866129171579103939440682201417359644307412608090843666074078265844727754371448414053417718056276460658468631227489877137410302373"
"2 8/25","0.35412620110644358955670192356065902919604427623653380303430481411448696993742243091224416860228739239824043791232901305636858219286256258109886222855783901733849560071299700784467122496341620098271047429087189255897284242597813223096097285365007102060908424907025745567366500483555837358739"
"2 33/100","0.35469608087080509892569762946446566148350335809994021503432828442709303590408820843440498720321189089622783859507301155829837560510013886702212902999933511958748021308835175900436533251336370872346816956639158328217643073058250588544106304807861099955551233111633111434497633230587319279689"
"2 17/50","0.35510506426599273367437635665419475330566429236239950756910753470051477140220933190975890084550027308435341038370754690915691635566553801333226698511542465081961021572514275662861849690250025454271504072056953752748870806141861151732296625031913649142266720876469249822869845932463419332228"
"2 7/20","0.35535477025242985705117613957454115810155844670658605125609423569832796374094161957612531431631458365249005315685698746009255614449488050073330989404583653685759793680350424043535005188068434443258682404167265263712452276318940789457994382149236808333501473239935906122486515444109115464285"
"2 9/25","0.35544686728778837246973364556279819419319779110013928874476810475273092453663094718577825185889457161328851781431299373362634290900924955349096789516040185209351997262489045874279720287733884150729745675553174279566601903497369604675602145848779594311700351659639240295275503313782348575807"
"2 37/100","0.35538307203401126283971419724540680934331453197676146077911416696339495974140954216947705767058237314125763842557828897959921885512970452669084900488762550364404316093688897950527358711086063894063836207423638974618431762646488911209126923583214730003404104736128469960840404613242235810279"
"2 19/50","0.35516514803537125382057208915986635697555979157419970858980757190299807376502987294148672319938557547936854392308276722408540042290314954271996228331981663159524767875841516262882904379127304164446694244718544188949496268989683309641525312570337964822137272963365883788240667086602409483592"
"2 39/100","0.35479490436902226175064766773381854083479055662326467138567976907177650954763035815306800935702989266093784404543858178349619094435350135743466213644096190528531348831270741348590627048735224303866873533506996224962711209441303287504709321369067227503119754767440210642669505627473999194641"
"2 2/5","0.354274194269610013365964635581260596022120607617344121931799557979686067803549513107450674292562509169164435213943605643094895117631332282029790656443643639631689203638097167358351648221160457645711651625982942087517343454501073497488989618114875652364557495548255896812983265350709382270114"
"2 41/100","0.353604913729608415241059422932796644087741512556949709557711874554593604067755380971907086523940492528733409793045384151372459039499187001915069918672088931970384455063773434303028331389869444103630377657642587928363423330762855332685315947052364584228232749432441690482023879338148876735418"
"2 21/50","0.352789000077138793379563938804251241550084266273586202209495505489752608902286292946002520183713968641390701169200426199071027522968205508252637853946898144208706311034205932517397022331354542374669934366098535506466481866194756381337646320733620091361557234043189368320217747634168163905756"
"2 43/100","0.351828430533109948444683725078201665237363957502681326731242407239616097271392539543940218339323750980209562716395376263029188402998010438252436479818984792564811155614364383862684129454720989598182078079577389131492896060107843369583299755536758951306876914613566583112962259866605997511093"
"2 11/25","0.350725220749588053741769805451861641188423756432497603198448572029012591631638118343556247091337297708713102565796564149028405649926019638585052029029261021765143296980528912866860831313441668537207028269859056322129901357937815814682555161585840119416976764744260624730081385975482268206078"
"2 9/20","0.34948142333136677752630027410343980545074634291104705640899942103828058536219361928494300711164491285185705258193126000488421385441325663972531590966535939712406973282622097581745335954740071738649465111013401412589220072952921072353632715148081248202665769952588929439800795950022108901187"
"2 23/50","0.348099126342759696023432494275180352844394241645824640670306626668537053737405009196657403238579389403680898886083650094455843781838114093582595034925829540032601017326260585185902606489595430057491040031933659330351576342649953551578633129234365141363810128686383938444517702311159427153001"
"2 47/100","0.346580451801679176179451792031334670270708809022405885570638416189735287446643004384220452564332634896215387512831601412908248623755121369493262728602227074020226373316541487040182323009125773907066051366113011518128370305716468573960670841971150477517791061271766944595431159907161312913504"
"2 12/25","0.344927554163098583564195021315073223736160556345432702910441154662833659476913224006605835941153753413833642350562621860992547323286207881118183419873997189805766924680411468361923712210539468646750850999585091183390492190657649573389781286249487981685138416603782643177233476561951096503714"
"2 49/100","0.343142618794018083750454451533074708567177340576189983391478347376067628893619176889207302149011355263325652908304923259683975178984436330979426955938065055357287614360812974230465859244006270125886507325666361974561541084654350914349848743747599350540429059352316921208958388781994080309731"
"2 1/2","0.341227860442068662609718900330363686865891205034837566403316954969852877387504070124257684554112910460706596728458356537986064073766585563502331987809385554711086679870543002614756448360469919141928425431875641248704255273307141896307570587804128573114669339362721059641272718019314204220584"
"2 51/100","0.33918552169989453293697487344051827943465345031416126430227700339087502378158390059411218153000592283804921831178058734265072421447913243905777178790474381426237659029839136700498254043300983991395920431540805192830478484037697808222698040612715203220984672364974150758275047021148957780538"
"2 13/25","0.337017871467451093125952895916690213545255965129773228538740094512222481231638929320491701390200253568634449150069243186591176592842825331945758226056352652143031476303586010457694771745155273815589878914508804037893407157116123185581922255880028435755252685565484143876461657386309693678449"
"2 53/100","0.334727203414344358309060106592983139534615936095047851426616659868335891083388443160704170754823291442713533681061628732214728212254436343683453310638360924136929553554850955120084375252947171052828453323929811650785035227748524569331976707092371232356854407236582400167281509817211096082432"
"2 27/50","0.332315834444318621733593748558457068551084238772238100347924820824874833749892304274692872918065067774670023430012724989380475945602745410523495729871942719691301091650652774160870027831863942787044558147480486832515040939654403053170253793334651121204663791543947513136397678106567285422569"
"2 11/20","0.32978610316397237426360975842142299991149427562312741368154430543450667066055696912236957610828366064003074465936938133587229291085923127747386937622179066838817417371204317321154976657823093263648218623585881436895196739236316279968934427103231972271217668987403014989389313901257535865562"
"2 14/25","0.327140368357748584217883987464565501360507691908419254645055173136021165666750075123914185696632566728829497731719419264333524634029732411222695153273706259981428919534595724643647191377217063171982423112822451797459446097842446659047594465116128642573283404826046787977476506061216644126617"
"2 57/100","0.324381007471204708567574632762962752795714534715203654951182987912549780007784438298734406546226460077940360579463851579053166038492429291458722455205598325476129884060708740359516300612922897321331280681369856005836752932746659707901980430865145897554015482666956037178979828220306915660164"
"2 29/50","0.321510415104520676444538508590358702428366492421453577829608345838640785707492838310333360566084895043069141116958840302185922624095069027520221699632331913274110786232506283615908228780949860950434118225166522143981531275662156029278697355350539762172574202594908751115335358831352873210052"
"2 59/100","0.318531001518149977403869106450179617131310772141330191910878796399722488880359241174481838777841493970061430581862373212737617904537865008090485652022115057036034845982288424626360915270376415638121759968461785011696791274885939495856833609901087374366949473220942246154278886743490130553178"
"2 3/5","0.3154451911524603317465352687469920813526051417266123428979039329203528327334922159544837644443732867732429627574701619981156358151794697782191068249028921714726493033403405909930736218025366625788304365170534829841648850477702163018233626723607164322041904125830219497074598063877036256046"
"2 61/100","0.312255421163146659170212343777859377158130204079321926420078513725615489935353952925030771913759321760853565346900536119792742942221105280979809328278185922635352495749051508793972634464071591238422578694928241848231218106029992730040834769015503625126146549411441790434022640995740702506638"
"2 31/50","0.308964139974130642374471958862621611649275279482741832799573411561776825715019622909882685288237614205028555035910783760113359932836017445030185612173110010805850148927647017610609634259600042317517228416921180796475608892775014743964259278606049824396919326344994749705137518986952240013729"
"2 63/100","0.305573805849588555588730254132685701758109942975333000341880389266686221653625425270525265178825854443888048167501084833993353260881759175609980779429631860534457249247259213696393319054153128257705222874414737668574579753107407946675868601549228015875293848230803859674297763264296816695261"
"2 16/25","0.302086885486672648030568489326852073198921829032447944750514125696697464961220177071006930129462998115678556929490885001314384119978859709229113571504951759682287347972994685761923524959630208738233228828941435764076657289506099798048608328324809477266883512085988973926416140854701409167493"
"2 13/20","0.298505852630411692832418650396390025597332159977531777117971946962740352983994846710244431572747133072747177500834575785242753492705154739416317756993272457284195901416037577163548175957776703173922634130738171905875276540159785184460524024822871981688561435214795837230257210484610089397773"
"2 33/50","0.294833186712193784972632936714048166887459426121309070573958246584750848896402605795101713828571362687839785406292810983306718440819040935938155044723965905941064385758116793798170818832886662054420004334897844032182316524386677765860534429766953627032397219213705741657286892100378569289003"
"2 67/100","0.29107137151314954563667307540856778051320205511041117048130596157248886008717082826976526350568580781613778427981803119843162661745017915365512274330970642352658025329153560154143315060543557882631348372346654522258685004548309001890606943681852019303590035285077692522484844825247226295111"
"2 17/25","0.287222893853667008538349957941718542191129246489954933636874716109941288096210486219446906979132529277208430870954397169525004065581178288224364963060009926835414023523481237286157125977383701334327820479410140917504492664116725654943806597747616988525807434808044639213158394330326537200649"
"2 69/100","0.28329024231018106293207121025136812230234232814712873565041486670620035505230415784792758470687580558943151893562142712751737211143730355063441471010431603412781195543925655746529939461451365677934384946531965341300771457316270941669602811194819691826610159404828679266996918377732605107837"
"2 7/10","0.27927590596029083768416653829171650640681908849015576836675535472074429983012966577023457507727984602120407854750567182390384130677185714709498389425580907148954033797819499799722846449579229373927317657143239393784050290966266819097352770809226764750655019686871930414606026828465370445731"
"2 71/100","0.2751823731571682518058900764656133065286898655765276502613167607077415689064023600621149814866033145266865802910750084033023842002846796696431324173636625017621714535281989815035247824032846375207524828719841623038642688039601497044130284819861647904543919106486662893054017822090163198556"
"2 18/25","0.27101213033413054133670989182138228120101259035716176341890021736952788921639859761488322787738680869330446431608966664159325861413071935283879648837010647441597410639874952152730992948013076452405259068570534365198451397377385429713865334082351935431373794612711194650484390877238610315404"
"2 73/100","0.26676766084015930337315769589608848549689997275725367899894029383773861018178052637993512583001107781287030085514102308905425956126494389844028333478700124201443937489923247882357770014715590697134391618469521427589630428576676822190871940161734604692862544973789102668880625174559456687269"
"2 37/50","0.26245144380705886948222375651763129459605055474923142055935134303511650873935916225587297054786593650168654804553221769157873470040830322042523802778217741223884465423511189284845028898194471925711432365972520341473359460937012841536865698626202068458881074215786718976701870207307616918606"
"2 3/4","0.25806595304885801869853524470009754069054724678649226661145656945691066058817667744801059265710258440859375730818744709523486865871840427969283507881124028534702984375502326610361272595822836996700069937023594841055676915330449065478549399869421489501279663026275477363359881999855614164307"
"2 19/25","0.25361365599397154391916678431587514184605727466977874873038762331017838323945596964722689465819278984208558745617465057619037978961131826898868592748668011547607162072737514832959904504387581288528096656671663969222574867025480591262165709097865972908902080288206024237298215015530465802511"
"2 77/100","0.24909701265055236907445574066232195543983085146730690882020670840987560651464426914714281089432445146991164529791683858253130782975304524822406632492826153611349186376801898576065456069199806468611780324314805828380468875346565401987487048035801749170203518938893821358938487812603120343256"
"2 39/50","0.24451847460538115028889588683959441685745878237817507091836024093197344733487734361972349727891552194845938897812244838274407074020709039637708839432717276850870508334864619728395870764248082860765651065459472581712705961903499924851581599170457464650063458107129078628129155076433849074488"
"2 79/100","0.23988048405655895665454621298859925592151905175544329354391353624840419720223436653493576157529284200897758563323801817292300665880885627107097786805510523548005385122662304842806064475983783379959355576281010233597781503275777639595899591502430088761260854638732571948628530067097284858988"
"2 4/5","0.23518547288019009683415972608596963891683773446702373175257417783661369600334458721716521572258605667485831259975301706376504533136554237059488068440197653511653771743543452998555653191578753100084295060991184689420006195209732667224120016413997294905754147442036677186380262228018342956625"
"2 81/100","0.23043586173116683251871676518536265127290631569847450148270069030183097332000042220841020437859142895636464322322718867882633521057683744062255566617672715591502867360196427824299004804592018082074561476719669354322252895629706503788294122585522381228176018709131413877032087565193000592586"
"2 41/50","0.22563405917809601861945765287577629489701592178154630823325843027711607671014812147868110218659017248394720439048492416932793684299362360611025116209050656723299599489572743348405195478575780009732128494517358466946384287071092692704413722257148851322363297691530089749980327519751548393053"
"2 83/100","0.22078246087234008903142709049832283446794746342775974822926655419144955903744955657631806379320692716397942930556456459655090721799933474613904458514214885162267097762582800553687429054084338794156450365234462241308749770291068256462535948300014823492949758912739859379550102933401166836834"
"2 21/25","0.21588344875108177453853378003250712277751885761314043757184210365624112575337459348176387111545960031677962016451914012606536965066640536116762308151068002800940297884119341451681114181010543318421425415940526444961675431980238766743895043090734585028348712553682440139727308479895984761466"
"2 17/20","0.21093939027426407897859684546745146236674691645223555897029685506166278075810713557325752047348633718751253044634486965601030651759303935008789830329117715116075762197185531874231223354774541180719221792917558092807208477844982856369870192239202706859765531106007837004799224147747784878477"
"2 43/50","0.20595263769520503750641254701206983550116512163542414915098547920516852184633113916564670386416476870382858013605472776375185611651093244366676015603649575753089035308835504919734717200272173388297112447446323769891821748834447157176463954880792304239773982206476449373615845410521439693566"
"2 87/100","0.20092552736464146511605132285396563425001111614367313570839615088405926477890151253058405034767905213614136715281627806388523429214921379161549138122266630493399749276603704527004771519977283692096587721834529644483147440293538201144089722168768882406155639068216651321704061499117901153685"
"2 22/25","0.19586037906791829724345387476495682393016308783586752858960903956334129893414842089484244300825828841271666591386291742637097105972639178848840671301745170078085513659237268590145628777595160352837720900196376360987946095261785284353365930912376260973422023527660440735380817221531144499021"
"2 89/100","0.19075949539501151515749939260805401594179059233196108738667292040586837370232878687384433496925536340015458372890517364661161642137443604205841499850077347838777937841000535957635453693291660837092136464959172455069817950965209263287570039041458784336236640492975559417412417817970983898452"
"2 9/10","0.18562516114305468687672201815381881276124833260763876080880045611148274106863850922820374373836062059679518293151578086428214369086879683006336267164543424842326966222253167899863678783855848506415193941126754453462371951293332728957843498749690062184599165310295654472183644622078269859891"
"2 91/100","0.1804596427510339849487858520880214430591381354230178459096470763447851199562369553435979210975789608420359180010240320093731437252776455678416474262402437878629908155361441300045485090453461926355690305817291887993230075352733411186055392616863353676311189813377013982552181199409862243411"
"2 23/25","0.17526518776632699206967185737856724964228331654711045753743930981416334456980552103753000406724244597775724258440364270910728730364270053158625200799601047447041067681709247957472665643031633889695369884902255259496411572585322683196998041593708441582322901020680833863200303183989446120603"
"2 93/100","0.17004402434279044186112663346506537286424058937224009278746073852406923803122876159788044499902244884074518394839559222782399107194465151034627791589530578158284490621202538134703028544639627137453261534846313923721600926980160077420526851167558874286900948671889786324613911620758594777152"
"2 47/50","0.16479836077015634225671395064640638156321188058106221461585487059154562542018364343027503718140730185745348964677452274697451691559399233664043253034000550609216338315675277935554236770150226621725720827182180470716531170028304661477350943257558595544111766234078240702415968779608776454904"
"2 19/20","0.15953038503458160576519732395881514154794006730710054542792967607153192153927478039359913752304772934745151517744516963229411110919290006176836501026567676842593851393647660094140055482190450535169562643121197117810304317899872516203950004335558111989269870949867299971509846383530898636396"
"2 24/25","0.15424226441032287339787045789740854480396548982745097136023585119819472108178311627538689258753045306454636694754592967352167113600930444317152530875764535150486837164378186564934687106447186844228975691805554797262010842914519406744949829938430722398795681343540777927395082625334049103881"
"2 97/100","0.14893614508268888270346198897283442236739833122953279645171470030497721785886861557232954570797930706575967323770458476164289322046819392967155125612333940500533819358455133240009635230019535991220168316462875298162447519727271111367613669921822408938155059421026978316043919567931389488843"
"2 49/50","0.14361415180267605738982799351442370960598176478607948841359978554201201008019526306432046395190004102464627729279938530260381575889185115303373715655376057226808454914485170599826924382609643345227625129904288222470826360437573494721682484867883452501498235653090227700335743267355432041559"
"2 99/100","0.13827838757404534900562440689474861549351005282129938578728989289348356443407933656657888138538407107141201187863684999018726799161672102814429129184544210179806051509008920877524588183646063201146385777839544329630417765584425443478446891523643676913784010047796903011126848029784488802009"
"3","0.13293093337408762127331163940101769725842185230140552761984072787957241550448827014027621866059075464853954198927662828220285640905699917744918339958301030634753524474137661820119199240545050188326356652477246818999144019245456730786460257058086249914593843109380421482250055140297308096651"
"3 1/100","0.12757384791000614887919661593669348455558940647423517941999324393228082133981423289041277202589712128413272633519407558820796986057520966873264277152912511926008853052146164670784835884955737623432254730306234392702878247406926321924093183108240439230151912344886563256549931628856897489828"
"3 1/50","0.12220916741379936561475484610024506845888293498210059807996430520798900035356928181686119889752374043224585268534411169371723046083023792421549078635641129204765738970615722293768659582074909275641526729897402668944621954235503251829241929006407241122271966680905697718762458361379582181506"
"3 3/100","0.11683890547987637977816292327583780038448081617633181855599150311665844688623465522418704275796669198139245316773814017553438538689172740952223801445317579232154230453632893994200545320588036012825291641727892387496812503952418647565599831369896992881727435847745894472801070621209794052045"
"3 1/25","0.1114650529515665825962765879751022874066741644585575969588638842816743821448955230317190852837522016936943701664961453501705734984463503988578591230523686044917528722695554064712603510189212277227177769384218863391160476111525402092473660325754208970158320712150733472690874787500014806784"
"3 1/20","0.10608957786547802582817885577170256258344698059592289071669465718573390208044841461063321492826296206596447015453283173154482372946391742170080034151968522689946013273460353947598539315111788752180119362629809623273551482589246626503309280708850798003925066021484535029127620744104784503861"
"3 3/50","0.10071442546676554943529466943931118031410731486750581913799348323430165700278296583570314865647339405799925618459895256076947228099789748506887969467604341094557978065295531223178020573006341146649367076311661710715303039289355376727519718377773519010573522092335376687759976119593591164655"
"3 7/100","0.09534151831450819450791266626324832710487094591661722457251199156995510439087725844743870641153708369422778045911949938977711481340887893243076590603709218625214618192427766548869475360033343255644192805607112978424627332741194517373918734832565963604642581434859110510885329601456445099095"
"3 2/25","0.08997275650574525613992611604297868990153204594316003395019143456851891773571070208740297792152257394098573857006993849259987224142488298072749457993924625118716502932272510482053859148965371335684324147648425609417836678153940629883644421257441612609355976750146476410600100083796959652523"
"3 9/100","0.08461001806126038096529873254516252103377587165897521281693841427383465696951435231239365324807418693022700699824663153850296984049487027706960925807097293033441180405926151333683134731503461300160924026058957531002358081588349979726454573116082997308541108206996629036867094336507094250936"
"3 1/10","0.07925515953934322059277626511582323514704510850743833302909023478286434102484079163194753425446366865639850564152942875800390894521048520017576615762296674032630859952383491450030493250234135965782336756270519398334036986520263718492072208477150183517318560954530695175800850112188616654373"
"3 11/100","0.07391001698154683530121938819851211442153677152952566596848061606475852932588750671213272374526058314020950631341910258412840121198538534682515632068444321086433127404398548573357950629884383953351831007341214003085688986399850475370982504599478664687174169406148529442471575693762872606551"
"3 3/25","0.06857640735797932867532086878644455244863025604115231199555160672439488771528618709583978267856674750656416335299227824350916230231880785449603817862837337485173393528003928423943435589763529852405488364739717363209524243162293557210151869358632343478101373660875234055048026164055538002274"
"3 13/100","0.0632561307899825640600342420145604510210901404569472621755703001072390904575139776515884927148623802880009297696236704467238735637169330830569435078768097035716506329714983620600277256961482220956946304110098379857245927945847429963447049387357815553208221178417031619031064253348696484127"
"3 7/50","0.05795097402687609001204844375481670192913057451040406739325645986870482873608945467813868872884838362876900055156818218522513372823107488323855010959154170928360293953062978650616739981334910381575052190565986537085430279489872990228835903627434601404533806963196190480993833704690773425334"
"3 3/20","0.05266271602740513978927701520354179087920280973361099612264321281715013392171224258463291089214188768101125065426352083707211301837713558946637376524808351225763644987025507224459780396955355062315529252619276753184037586439827048042057271114028543152925830903419261694090720010439638839668"
"3 4/25","0.04739313723560528495113323059546020054250248795966065560431718283853722929377468994890635752781158314903361572652075588147000576507477615457234467471267080330120401952330736212803695774714052141932837064058511013839979064942802125442245632407055792792259954816633701087696309857580921179679"
"3 17/100","0.04214403568915910700036098752437658724749240851893612258949008119706334791023999261673659618841585277906456121712597281948972014719330130527032612760061500837511345490945630040701340313921301540654523719778941234423392884882944169167246720875631147085949039380720951252206254142863731474367"
"3 9/50","0.03691725657662844038357269489431463376847197958367079548662817570746792226181712790346443132641226201682961335384799631001266723950640665712846306852150491536563520312189331542732724316642217091835012370834579479435515465778767869757866155225312757790540082735254362345639870569409166015241"
"3 19/100","0.03171475036926048030370182438199374885132112571686105218822954475218433587752753147096629312525242077798665047326618215945688647772943341351869772652857248888023215485840307920121892985620313882827123050710353492258880275598913239524002974752808295521134136097938331270618660159361596223036"
"3 1/5","0.02653869782033340484465407105231398521514482563497427581357778390561642910252009694473719435705160036826185640530584554773180028962966000189076742259118289686536499639136207473155723620450240980770578610423111931033421266612593215395180570654657979506950928839368901924361778224806692331662"
"3 21/100","0.02139181260897145356259559547902215110545827219469805759069700615637738551238052819616832963487634423304333516622595060148772112030927140239919940642450516714271865784486588221482795410361788302424600522875747573207274848915363395627073645756145978013229971517573914981195143548319688483185"
"3 11/50","0.01627820670931039664435441631884579742457509456552872260740309085272306077214753666988260388425191003903328716409881693231931636964433242016713017575387528471199762658124923097350464833677163541504008730616991945054021322466779569757959240903725025172521875159042722260363344972142956618382"
"3 23/100","0.01120658026405604956667415263727585905763276640186475581425452897644580499023521705084728800521743464664486716268421674166621861419412187371860747410574702132200661527003401650819228158990210221454275156577244519478658564533752121177995580934401206481032607902727033294742312201643803395788"
"3 6/25","0.00620875877737714121820307360947919427021704070626174905155849579574388392862399668046100807477077734909834483777329895805899311442721753906193994716527468455998065432586724767735712240999404408662314622883934895098835278590113412643914969838123671498639672905709365499716106610028821129536"
"3 1/4","0.00171043639394567304490815002634048225694681268545026658329185287575440906256422798718117481583906428711492660908089561675091023105383857172338889419484776087623053058595511555183938319532726248027399564891246500411817959706180825097284789388954774944879969604235756774442708857669585953858"
"3 13/50","0.00421038129655496232544835772542576655330214693124593419449463604275320314107893434935389194648974870210959183301077610556386582621981481205931121962423291548620084998726452518363068519636375674452189695039597814813451675091402305369359597394855804000123676140306299900822096172140511490318"
"3 27/100","0.00905055358083776444358888600301393387506251089671922707948568582550093331114984595906418217213117012147145803018128973989727502872621016231160059227531663540973225993942062300767234549022803458495408372082064983832762241451246206801640843480681529052605776521740352461128378146599029614693"
"3 7/25","0.01394244165316189957790790413287917813736615052006504911243968493925655906141263958668116318137924351172594063266991966373044754106737180163767184308771751363079212175627528948100962347791861550137458772420192980611718879579302457340316288791006639022509458172438456949718677138531275362878"
"3 29/100","0.01881566585529722526273308458419578129068109453113565218488844788640320929928133104477280593800893844377169587400434775861758335289746529570010813305594234558849672901375576669418594917710196485455189142911505441685238833653180115457595414142537555171821557031969950250549220196105157457414"
"3 3/10","0.02365684094105080223650573973254692340056554056450348389903635422764401609036274340067367841135944787812536117018657727868925335376471653850137138844822954068076992892130058045812381557770089026803145107564742725177156952270930717905579228817460852212583175081907476043086316194834679866428"
"3 31/100","0.02846087802593497613364335929380922444121385099264832064624412450851814843663290700907833373385873670440567093741029654602691089688103177958824675964930007136504813035872047585220793771592370580466656706391443841187973754905820414698872839937732339407512923448323703354695562850793494517836"
"3 8/25","0.03322492853351533483073415657360952138509794564807272675945818871078479532873735778982909182796565810602987741028733507415158153517808429992218476292323150763925064381763439925068611148639695381100230425346581527122218517104425135992277459087605996151064112365740520441592490144634829598157"
"3 33/100","0.0379469680820469216711902860894847837111173174065607281750953088518673325848919567555642370618335116400872802131915260592941510668834198243215470239232110142705441669311059682824574950797313923998024331970378398315684784347529261698508005173275602198650109710887763840383373936623885582237"
"3 17/50","0.04262534339728701500800163390664037109755817489054001463095354374819262708180237588349620095817514697133233509473638401456258091212585529442413704115469060536547061018696956623604499686316373089911034807269644820206633324698022810697449907830861168371492723775962937073815243870296456238712"
"3 7/20","0.04725859611097122158892378709402669541166403684140209092354605702645137280436522939076840794939496458217822540948017679034631207842355944893689718027533522370069625729880220110815809583469782080967964103271417223289490462343781115717778538842002781796335888945040439512740999999750196350862"
"3 9/25","0.05184538431021735233173665959019443256724974427137914900852070997522678677971091270336071463851136645629750182057938374393899991462523376113974673038209817004807798516091762060758799921329556145769942388149273096911807488856328639360768285382528505024904964633992164844168521740194126481251"
"3 37/100","0.05638444393075673740934749386271706266946984494961284686915460362470189843872310487102887314495408342275974475598708371365255230785790117868430407997664336979121866211936125877061978245868868991504006302050429433781689130604304277606988509040419059308913867315487008726892829522599916203248"
"3 19/50","0.06087456822840111563239449196542852742910141792770811981066158027589461674216056002079343310034511141372251562337641616639617244353543913165236684975147276242619384270789787989406437421646616203633601218177136530103380502517313329525840694537596129788596526589864488962485076114583087810304"
"3 39/100","0.06531459616695357036935693491304238350885149818786210701743121195827815319336375358636364297387946460139597327890121071916761822403018720851956605447614110658730858836656879164234193817936620034695584496266788077297595955443196824912430417513414614993415644358686565462096710140608603208842"
"3 2/5","0.06970340550867151943153581383897845105299860093297443720900549313045423166899323116059588594691187294995795094847392319374558474234713677114738473874415755257517994641603828412513271527569367323270899211855436965869999261706823187730188660444521325547436556079866136258374376898642560760163"
"3 41/100","0.07403990852544236726114248689319757443086977157113398119566045775886655865794642536764003035967198227614655418386464501132568148576603307330956310365509927748215487479091552503977904272314708950284066190684391643184484776538754043408855121568440221590904717899537544813829947550252518051055"
"3 21/50","0.0783230492395761412538856982458686525763203736406949172332826306336889263610327200749514127813850484036477327145359858009054030646040995944934659562337618564944859801345936994355330720106612476425407681273909251399076920407671272704711514944853645280956977328148476971757667691591497425937"
"3 43/100","0.08255180159323726608466505080417654387406158114615523723109825122355957513605243974456574199052671838430271511782934344510848584794437398188218784535588026365360854374812276934977639426525100431315199795187916358923126389085102425360998884723978791526567465389627378995232872471807291086762"
"3 11/25","0.08672516820114292354093962129525708349355357126678638440611722464636436468240946719956050137149516630597709109982792568758751821203431391829781750692879345966158587946093338801868775059732862856535343610256149167832950401224521829409777918607044956765708202928902612777251655064681743919883"
"3 9/20","0.09084217948062149045268515096715489076596416047145435643810349163914544874973818433132851660106071425061808230826768837636823051126257832293388679383919239653534043784039084601471667386264475237404766228602066907126776863724643596245942306606732687453881860805288434210414201668521093718893"
"3 23/50","0.09490189303226025738211767054957219823581767572658156109051456844120059278596892603590758900085480003958608210306828923074047366636196064459545760028383206716971359207999051720104723613041453186178380743889978280781571519237156894341226198614137973248639522021246474725532209015320009794177"
"3 47/100","0.09890339319083993170563101689161027351137607495547640030504720124244676097046510569380439872179042854484807134043145453529788754753113070914946230282831866552655339917121187503380746703444913631545758875935789256031768388155150375645874591278147663135348850127930592203126305569088949963568"
"3 12/25","0.10284579069437712688265220372149588613499289536571738068188979751155556586658684803613631513139123314922336201147344799425440023432862613424641343930424332951395018562263663303105716722626083874506464730392103274991830790482859035926691806595968561206072353475689599484349207203715303530399"
"3 49/100","0.10672822243658080372741423919299891985728891501659517232532701250048809946296774189680601023039299422485287828962614295347790837880212959295603013446985843696272044018202747689150018041564825879083587617218035200908508563288582838423706656212847150956754440440519267719340524948744739032237"
"3 1/2","0.11054985127916350904440459978681880580422135295294894065537313932183096630105714809350500044072983911229619539612185734372823615749498713646463388416361533710685321891023728082360382688742862846575928552812073071424167961996812480342986774142797551746112773682875557193018250184055627193106"
"3 51/100","0.11430986590769422198576485957115177850678531743623675626208570531294531737085679100057545431078599942333616559872685453086492932296992524067747982818956224964830211691764938862019427480514132637036022587169938833462273891843975918008162205002367376752952416295521306379185529319172446030434"
"3 13/25","0.11800748071948783135165637057684543146429538877029108363884491747679120654357177217303699437973662554580507364314111140803753506002954517431479505683344526036516773694702032971049233128918991473583209174286382914428790055219542153025413097678572389375542842239392346870587774362218746836981"
"3 53/100","0.1216419357352738404548883790162850113241801032003109177113263557076203743905430544558499836794750881044911794623362682667959391783854766380955538545191767735913373276539889374812275534486254076024635002374905255349164290988709259217571825594723467823669748663250161347039148312914098435764"
"3 27/50","0.1252124965286160153067902805523541870873266986357267922832307029711447944826428355990709661007124517716535945418315366333919540194619137523453498261582959317562697434460498972302765740000269016921824057426689372281279122345293492124929994530595295669115201942026187902414286427985109245982"
"3 11/20","0.12871845416860745082159402278007365857860117780334618094713805706398239056689214327418232157455356792972163709027994901573253264667420053792407543099735321507502052065284518565536114930741443497750564407041972447349721500744626197574900815225407356295754114184202448161184231390181861888569"
"3 14/25","0.13215912517246187078164668274705445151327719536002313030881829098201557992138489070987378692270668648912825460688836306077514695137441721097250567115959342049295454123053682708352991012720624778719587544998414831011086184616251031306559637439845861815767870426031603915390875118537617113559"
"3 57/100","0.13553385146540577572321604561252526090935305890411597615229872489481877775873002461500581789159450499564647320442133499526474016753552275044983972893398437470851943842746069507479003327243201587876108407468049137995612058264494895577782704920795087439369588828100403116237964901020366116012"
"3 29/50","0.13884200034584294024095441589066287656659324363281920647594244054550265329663310674349487867542764393693946833254853889441503979710427271357871004267585307695419156798680608621988005281281500332943849083734448418170741972857355854826853544484316359518625095267871780367545659167439770743008"
"3 59/100","0.14208296445417724941721109754067315306765727184415954624008955706147991295758717508108635949539824763393831280692010635497425439125080360297274630554738074030279864690662240232005608963427057900918273793742490460144447822136754189739366130747626511258096604409281465746184451274642028035853"
"3 3/5","0.14525616174398607383516916003434883145314658833310301957073753558417662697289658557044839775448742649650766632720798279073686756503740070897716152507452664321876696474150711587521693821856626131869220290525476695162262011180600226181918830751844368176109294447326794834019799458606274457374"
"3 61/100","0.14836103545446487654615296582394445782617071615145197726077476467194798228193847897269885166327648484937680051836961601790750477172903594025567071112808170460896733395037121361374083889940995907369894457358581721080501534130137872466966617064543782752620644175521622716551872741735350747366"
"3 31/50","0.15139705408323594766756132902062144554545856073118099805468255867923988570432675355511792003531851074011024566556704572997137536573794178055137449474947984114903943304179544680779445903829286961424371663357344207521438902016998541289823021587804425515109193927018231998967699876897989386741"
"3 63/100","0.15436371135874525875940078834249224025973836488031809582717165815989945442477688287317984955233594723867839698631453635278895227814683782504584102500758991860040213873807645494889882565771794046887157293066375849357483519059489441890631180339014060556115538136141005982385085333986490084689"
"3 16/25","0.15726052621157229550274689033973673817585742482723288100247050020206502943561167784140229392960989292094968171263353041564833879481789590016576981976892710500772185177857103713707169549395799417856931092670962604860094167703355881319533641829024952905734166594540257675322006217057283683335"
"3 13/20","0.16008704274405622782433348366891398296573719569167543808342176626117289817168083039904046660163612290940208800036934899783665118649209072347183380246999938244684197476989564160466007832584609349641008495148840866312987204592904901540752119164967625227207296765579784170145001057916816008869"
"3 33/50","0.16284283019770364934202906675769019619562236415710513768664216492516561344956561641974924733182313314041312910433051830572910529813198919393861430592102237848755307510559004146449207914047818258138825259918083898927986747923516036364976716128222314757087282646313089331256307241095449184766"
"3 67/100","0.1655274829178925839865015218121834564703431848925404290796344868533269678570258572407723539516550514493099453679385916500958082984585264936577190093996782056445467616207410405840828902266697004317698501024211929495997274733709739191357886974652062130275380514499496497256610579027313166798"
"3 17/25","0.16814062031542764588873423723065372467596984889469808115938491818648651332878771917971883704277892825066036857717597459480651729147781191291689292921613725340720315440309973882395927737750791152653653640260943208718155601311249648589464354388783143717555170548452335430854161417392287449315"
"3 69/100","0.17068188682453448458107190294796466054810706686794138311960509977188315132988855096699205409962855212644359283291990035623988999901995241620911276979561595108653792743538363446927860436740571065427306970159437141303878386740996627949973385656896331269500205172731108253809004763074560366875"
"3 7/10","0.17315095185690970516277723478388046921414236751401599958645890230098148085349525451944502880131380026950818300841515051770883252860573786707584858522635654670921456612983884398815974598259689408337690265278674239303623881535990789479633567640627259964157531202280946606209841549973984635001"
"3 71/100","0.17554750975146664654831798063722937595187151542709582269157769397433455448040541918584102321976506812602788438406657442403464204235768253813910351693343259676489415725547072666955092413635148036636420413146100254330264113042835857002703094171625154297904558549104123117268799017508254247521"
"3 18/25","0.17787127971943873445901213494800342986189069509781271996719982062883950403687015842619011955911683462901836821898682816362713318926685548649681346283103568229281773571168760529174579520289499691565397610967462432485727433154533029638971572093490308920887468229482903318652321142880607715373"
"3 73/100","0.18012200578452136353173291956790770385901271729638628073475418443758406278232668929179134002590551734017615015568979206777311553184538462774498375866392376560492968998103678536363096487418559987283833931441972950937005380300474573674375838146923523717991768668136889734774956853170658027091"
"3 37/50","0.18229945671775098742085763369831716281316124070975597123921015399546382496096126688525026654283986227475022985848518374898657164178587020745654909505635211800649606681308340214146783702149564173425386272574155813673317656530677894785663334523544003021366571089408160579644643078482409077555"
"3 3/4","0.18440342596683675156554428098342565947215379711062009252940237940538430406489751373325038354301461699451386491708940537421053215249795669000037772504711623576910742676539279737486396060268548111234852153283584402779805762979668405673578897689765104925342989985547688127593941841958173134059"
"3 19/25","0.18643373157967592906934551833140700123321245504637727042907446717694365526269443784420421094860576900796846809618319022128857581813021783171551153018248041091584279295458305684678503447969654903234497851895950447497955242565671655023124365151822354407206553242920401279434559205580303709088"
"3 77/100","0.18839021612179987298280594291743027657931303124350090841174113305970157850589752014289114783662565356488107706379455908797814800750733543135716411245565999432082241772236119358872377969342259126788803164731183457522155341511097290000534772579417368023128145211098586848609753376339548016859"
"3 39/50","0.19027274658751237197625681490795564192175335887124397535264995102904986513455401879028588090268757101641259425405996531271728304445559091338525595698005365483517897230882792457010191431436736005458396167792368437573452129935305619795794512007388436899295383196016264076060259872527999858888"
"3 79/100","0.19208121430449733532133815007062374417829868302156997701843300455685227131826128819728096490370155007354083913975769795858776062334955372896274491860018353155207817779296151195812053470175449262256799480147865847948171554343709886664959302915301289806969427437940572863110423040541905876892"
"3 4/5","0.19381553483168774288265459669334200388688898506529011551203108288926879950267861963798000319761310624554172695697173233635241497866665471104246121668329097287857499604797600000582206408649467375327950210546319566501385013005151275240693955617241890796542898680684314997133007173076253181743"
"3 81/100","0.1954756478502028514990641795908383696432472086807359664125069855342077325850489410475863824771608942583927162487988277304210802374653496551078757232491056461020375878535470852052478786357516039042818096859528226011293716300605380801087210429278222736735153315734411571143610806545144712969"
"3 41/50","0.19706151704717580152761497540027902031724615219020988536015027845941206788917865950485060672080288289388644642993105934393342260448483335623233572027571567670100962920689232625938220122089321012766668254807128746137738271865244994072084771320148646973192636586622207708735322575104488230875"
"3 83/100","0.19857312999230904798311909259963819059158652110596264707835828838083203186815565865954226339335791257069764030316497220466772928538484530165659942443075478471756911873351398977939563175837764871631731375064966897250458745370546107424744452785746500123148097004102136074334315592123533007791"
"3 21/25","0.20001049800701046580611668633732189013532470893906610762658830517824017664722982754328879897211332052375747403136182437110785785912493536464100498643229232392851306483374027624007014805702924061268326359658404366202541528702233768826872624584808568538475285951992603639869940751096208475161"
"3 17/20","0.20137365602597855220488024577667722170645906634097055431771748389643672051054418179437295240268438017734679479934322183132172744405325521505095680681437970854728745309955450953277613733759872097003524167749435001382032906598338315388101546258191930373822857982190313434115459674497753284612"
"3 43/50","0.20266266245112086476794933772392134480077445058942478661089164167434034423352591326731148598888397574027522117348450187840651600494682961362637294734781311191415043904290224985625471292572212953132884886142121673004400917301099606394555684755209698335819870158112991957422714799436178398794"
"3 87/100","0.20387759899770567827575637008452314247470545739733181284442030990566773169805513645420525025254801958677265822745400880945228498556346983166795819233309782475185099863367668596268370474158618249162449540355407820729144916941192609556618976642951035770474799105492939095606698360165447065882"
"3 22/25","0.20501857053266279570537782039244886815038685421380779887739399876301221255652418881846490319625615097546616366228471876902889397788678524043454953296988197022459448238378351529348685080672955554946738801744623922887326054094504747550517559873437382718817262832444766238004795607210956928544"
"3 89/100","0.20608570490496548467850850796814704272181122656478434098558625143011665417796589737187540520405236642170650397825645575003171132295912710729314699619027940804980417186516827777927903656407735428247394604719601712639144438291489331184531665563601278452299073317230224511764554540507357389965"
"3 9/10","0.20707915276804160047659530060414390210532856097212041672422964365332837110348847423223122071032355181048244384467319627505852577643099882862602569919976045903425253946854052041962851570468260824498690386346350347481966027668442461848232667560687134349322066166876698567136615665304339240167"
"3 91/100","0.20799908739417806861832739741357222405272494554887611330116364190345533749226654638518762576401769382754528358659912170853665268513965524173016144760355628523656160908908869415681680052938901047789786551269138169398523910462158307404069770441189145709420002772150315796841270234531066186176"
"3 23/25","0.20884570448089899943296386647228435334549752059319845501389945638815699291225843331648672532381085567755211482916775014388533393659713159934803018151221335074690908673040414768841273382656897786254476690071745389448256014622740434893381758051839104978849562526758958099920668407676283951002"
"3 93/100","0.20961922194931375794949863158066005550060696734376443441249640939205533557278235477873417742853108360234185999883271560897426175115241942329079562064384236602720013273043870429954570747702177377263351413117630836798540859952542556243812489919263992420449871538368336044342280290173529165603"
"3 47/50","0.21031987973444727747772079956249919401059255302917999512039743749036350310756696876482361797098702174211286109047292006842541504506208499999549906088768354609598340021950268175708893193703394924094464414406345355926443059296184450502539132916659214393969151855714247012496806587961833180197"
"3 19/20","0.21094793956758074649718311946078708342080461417470133751522471771707909339979976800965589184115873142772005447875476411649497645545827105540036728415805676158317165360767609417301657626841093321598425077622721465510019999495424893727749181831201006649348273500496052284727327014162504534395"
"3 24/25","0.21150368475064647759263829880943213217454957326325548660821501696207033360380099078900914081672599341643200456902751839593409109163990400807465023504702160058216038176894260600935693451776482024783370747215832686125121184264833317971412863999260396048295974808176990250960286756309389629546"
"3 97/100","0.21198741992273624590309497092235857036433211406725751256026255016114663702241835117029374589662755164808866032713080018254114648466332881252918878285379775483274575671177560775067263492032673252031262371976764611779014034729606786400679461910267618920655348596917378072529232646745085207167"
"3 49/50","0.21239947081879762493256752477198820341322790801602132187978315165341072509509892133454572968943229899017973854235736723140338757893360771326324006554641027670128225947763573480186267822087006405014083484396494229086108826595658700642387343141253638361482724559396320160438580111287625608959"
"3 99/100","0.21274018402060781223538416503180586106818380414062119211669167444784228888194240767580709967249304196266515276218811127522483064310768141835702621675711631303196907238059863746030316391333719895851997047728484068485324148389285802180950429411256436458619741390042201435791221794985044401357"
"4","0.21300992670012908988640883467129482977641232145878872542634328704895490224156153784572876647930120160440709031444693530977248528155064465262794314269062397294974212759246500835332463853907944956140885443666515337596009074649123145883413152206373923375847736409034841700809399435348378713761"
