"-4","0.2300926558336646527849270897604841519480129667423197274607705877095379601035456770408036015748811489388227912395415118254577493447031676895257312860981463648165151772641367570889238609678571826728563051774803069659195013334269137437922064232098358639346160395013001299961130948201722655013"
"-399/100","0.2299450606208467826906080170768611237180546486435824829291317119526763679386974979749553124378073635050438097519361286247148591158944580133443450815662799033901388277965281553588153476214410620215231843756015582391356159713752940631082268217049456630034641219157561880692006389980068376606"
"-199/50","0.2297261492014098357306291653637342587926787417867918777100970993409613618090740030126917485817335498220239139123448204904357157735628460463106241405781263973411785644749844274083608244576283610719671095771292894840004881116088979799361631253692678675452264696996881325240722928723833479685"
"-397/100","0.2294355133463736222505286766990203999859626620885630621500711919585339885528586615165900474494039189496361277938175375043481197597548012632902586609449745268896546592822240011604475490005070520170244637609544806195196999688243958413606996593147593483217670648049387175223646938179373658578"
"-99/25","0.2290727641105154516843402530960740836136810540493318228154386848821353481607009391374345720370024294845653190062780381606343936749066629943054719680307260348680527806870797988941900466185881223967309809951261377092203652448238130856356364016138382791595853318201726713224326617984096215356"
"-79/20","0.2286375320945200905251157449255825651103887890863173348296662331609344613595415742657477042969615108638075441382223954521732718604671599014899264781065642905170092481056101340093455533454315045461122489871536931661336506012322380007260974932762056383773404517327075578391530016097230494955"
"-197/50","0.2281294677000239080051579406906956906845622841544249277327090986045560608704894264844698538004829144469364256648167973928266534048951172044687362613369731242631059691500810774491557970285821229250222510482093055147360525497388654459933127049126795989844527282322829295803508115779062980896"
"-393/100","0.2275482413774276009125174638636752425509843703201203910185872020946446179685932525446758284037537869272114599332768945687241086716728023250107731586586260270757666921701020257448768693205772244922296091911750225642862824178437060748197291141042801457029351439603000696921412262818193569665"
"-98/25","0.2268935438663670242160575429833182201545001218135313165117044362100844425625873515634078775977787338266556819077411718843094552883563710249111836297263171100977745634046428749501158037191346329781704225760684498318551086022963034018185706449281587151044064207787813698388708320479347433062"
"-391/100","0.2261650864287472185092227372289393504664254173553652022135577966405636981007799867327219777523161884492325060135880653227632195441309398491637955266679374621756411077468288653809579463954917253613013055887896750687915079726237045275099815945055460608683545474937469820962863436628656020843"
"-39/10","0.2253626010742606942273665421217339227424299232234312892950855171124606547892430064038617078429387722997654117297442600499210851699670505089473058412140910216968533838461689830444351276587003415832125809290216828216784554532556422280222169600577512107136329083156330372977717182727481350889"
"-389/100","0.2244858407783273815554322591337581533261536063141003348177772226067718606695182498260475433710432577020409565517575389186488616656320831448262568595505008150066178882633749246934404020413051262778929361074252389879117599065754626481823666418862008699465839815066632084131676415001755815321"
"-97/25","0.2235345796924103596507576831579465672697286634725743927241630898508078820986469961313402168393639691890580681636984349281918593530276729274519100748086430770298735958916953494090431137609634425339715248822534448730679903728753055352771992679293143928524163652559043071576205304084634059601"
"-387/100","0.2225086133466785157944691431090971277538825618184762427494713969541882296844365781340914538527623612060540860107307973428616858874414314231897231462731421439069307424800691452315771255076781925310732232010597197376334487218618769612299793247556850463621638459936473739670586618500299735891"
"-193/50","0.2214077588450046322595750273733632625090965204613429848775000137022849333607983821254644359178278769041619759620265453315279396241593716003817638242467032792189685532614140293284941968860077593285423597778092489571117477052049730166196206717229530476644449038865520602571595863310866565837"
"-77/20","0.2202318550523050359780933379141295018300219680010309939458808713886907687995630773005345131845961693774724754346024799212421795477623163280004665507352732033350201529523675705243069477341400932451478596435119512772851399566079478081071375972354785918369040269932254002308672007471222049825"
"-96/25","0.2189807627742448562360587741065246125421002720640054970738083764449953159561933724945495984357182516736805598905142222855831696017502612034845118064511861487149574643332270744350573560072641182262538311919467771779413863481712003539221134307765614776088933260685777237969865857234043111718"
"-383/100","0.2176543649293511050637870264345218464155226083658656351735875550239765972171111965400181174190424325588682271353094775691237638622540981794147243852629797509491857404379362094540737327492896429122422874361012290022689200048471995304192913721596124549590030725371553591408512463576353158903"
"-191/50","0.216252566713594214941830273018846650671501169620177185725776843302818393750680127283005299831555928295085364691773164518436592487024455697833774195314876971367601805061595360740243948284355501123350632417940327821851979075619402337179562964123036206558376906902847217319668132262135426253"
"-381/100","0.2147752957575173361976577992597934150114096607965824398164257719379935460634737442804991888553757722010926420327652317987106955513102767903477078364054990944570366890858922358560293372440146411808802533825001958788105642531265860312677586932456907553427858933747372417881946629486840587943"
"-19/5","0.2132225022760116169115640764788265661155159488574992083124953171513654105102029346037501511163056774998672493729819771431596160385552385123025216058399859067398862753038377275365288383074149597543011646642840666627032412762405040201511422409156947461890671590341707491004378989403368540064"
"-379/100","0.2115941592108548756206748498783285193055419321494173992940718537439266608664698692155241280695708485532192440274206212327403480022065951048650319177908561413387401011143619128571939637307182865664301088782988330360759280391646439130265154812960391249020222217830178582753246467485518028385"
"-189/50","0.2098902623661505576375905773697381995769947569934913627555330871932435365073316597993280932629082688880202389062252259755205477575518661334785887663355065277520441259316336045706871724848894964388445235375906975559919405551917804145596448286497359668164028771106692871913492877017369420049"
"-377/100","0.2081108305368236798382123366687060963314595579298184119157827899899784354976372341360776183187468301128314333773365440584675884897843964428999948017301050750618102773778761647654879990795518774332121743716487488211999730024697229190859739112867774918602609433145204554184750590662996479482"
"-94/25","0.2062559056303506745402523129170957332107057472178780206060968907251185925655981463104269843321976402156299571901395993604882134089150272341679860262392548242923507902816899740643480402792898717766452788154744046314899751978229511618562822618583125206964357072260079923087004869061087674587"
"-15/4","0.2043255527819207206883982945597509136253682569825548834867482971545672423940102252071116080681626656617166938046274545728554030504768079926455953166948634859111940140743595321783276249002530104679147722905865708931842660760765885724083400846826335243262959200727687645239206818935512039823"
"-187/50","0.2023198604632474070522957118419695532891948639273789637407937762546721536512856570425044980761788957927402168683160303699550818502898920862245425698246876927254853197328224994821293513002966509617525587431125570277866780509914207349443600744041234546955625628628344623038330235087187426448"
"-373/100","0.2002389405852715478953887741726529218474331814389955466543284425236731633425592556468292083441131510225295251281258437189129581697155449515215505029513931416792210406946614239067673036371767558290254762201486755555523447701508955766854693037256732552290837202289536142462249505410416928025"
"-93/25","0.1980829285950188481570917173229015388862031184227337688527467432117163903914558082030537307845196966844801686747278649460434981883842357968479368192668901307658938401214762583606512995506684294885085937928682472177026174354939615598221273687894511828103528826307337889205739926598321120696"
"-371/100","0.1958519835669001253130993366404466255967669107841688453960096783809781082808468429398608035028918862139979486713325536793689160842452406417417124215141567163795675594143469314283809638634576650504625874362805766367620962963369002722556689053728950228959106334604281320706742262826410237191"
"-37/10","0.1935462882887672351102393459615754296525237398493764994824448284655183135236832533271088216176350682213583752496678012037911702142495955514481173015606580804512035507993583780611050835244540121810204270890356464341715772761495909219994703390255653072485765681242966853754010504932131137813"
"-369/100","0.1911660493430650942450690296530057573257094831753707574582025660869925593896445003843349993394629535002750816018253503141061898401691308590831831504958066107197261647301021499521333199383988270224462878510201908983370709553491835792969283643991061004333685750260496116989939086679600722141"
"-92/25","0.1887114971834497205245872941089435093227923708057059639387341918061617176036860378984980003401180516983850232018612436164309131371893033476147442363629345862706236691402446586308503539585624659601765980552428914745209530704385923706158136128974045766276116736270721773018787720888988106422"
"-367/100","0.1861828862072746216554469184978704402021238602735976998406995176343623645665774591643490433808045361139453625365037565323665997043188783583062500252574310457889625143689416175280878154744058756431562754148494781819621777818456937948774081426496005229192647707808482106078786894997972901594"
"-183/50","0.1835804948243839183295684111229645187638049518163126053277393238814776096857782989034640384769228002360390526531610841229324899773837646252617356526801785984956417620146723959120624884431940725623533247470990473178949743752929711112961521044187283545968715447428310961322598141708817562056"
"-73/20","0.1809046255226912490290615096883864690263956669225534330882550389357120055555612195471814066025507978904947063449423400472725801503307663052447132838921222303946609885595707141812707471510856314663028702121489111980047966868804333589256026706507527296741746137640474801597932855595097200082"
"-91/25","0.1781556049310699952312405573775164761080764495127142507312618385048210448098244418143323674793077417251740795244454525832213380344828869807791345352086847596994876543906944709024158657863677691729095531082517954075457836170660277367504769428279111049536087512402797701170616248419359122754"
"-363/100","0.1753337838801342415458145965807187122851584906182372701274707463388445970373722820394984776553268360665617032936249962078849671408522971183641436685479262440293560441387886695610053920699239077521490785491526298440232540375140857654132039278451109578852833756814224564288786042689281883942"
"-181/50","0.1724395374615531309945411237720737792585527610619242893339063781412132292471559376531942455900504505718623887578104981946203622758350595095526688270440556610531794817377829949481477575090959478188275075940109762952970294827602957794399646915359004675874150165378049808276756775554491520538"
"-361/100","0.1694732650866164355290724652085619278713254080202788923701415217240372776583934512657518872336970224719501648081987044286354858302991925843236862873488155699954595275232335978665103958816781407326894339742802481770709528631047350011640216108749738302659066430478824229127218636384866271346"
"-18/5","0.1664353905448595115954527624683148286982178859334918086119303998003369562471467945074215206885902818562515670755296520838330407050214638178740354228286018535080960375606299759889232132522736998264060649145269637674048312754170457023451019820917443088255455641204835323938428992237331497319"
"-359/100","0.1633263620636655880580949087893693463768271381184444915357432510937738616227683538177074635854967435616730382091295366278451997671079037079763206701190591790835977705589289974487523921867158263751297008278641902616805623544993163663531041322860140703245894095788552358364248155104184246728"
"-179/50","0.1601466523698980519132611298550381143757583319477306097485342259313666260419947769767818263005618201968990266181763024329975178005307051566749667303912646303016559317920093994191428812596660395365482557286683971137206640301000894513982910346136468658684678783737007966014363433572901111244"
"-357/100","0.1568967587547822693062048624533684005565724979918807057444400379568377972808678311019904089457311539662327602156175856880017372875166571529847965140538345871369798544417194133798520635066344097168489488794656982245678449715266342571093829113102920859030391022297403102586216541181336037511"
"-89/25","0.1535772031434650035499087382085357608593491577465601414253980396863434667978761601774703596283979361297151702476563806756886894316802373300700056832787407440173607965026480213111167494769730307145183587030479713614119497794312105129682365263689501797217639877971446849103230654188296621653"
"-71/20","0.1501885321709422593525399372456974572060015080229285204072019726713953513320708975315566197044436956133601585885800959493074044207476929286278464309403124546617533993700138000042586443493210340087170912474093983737003106311608246966169704161575112807621267547432889218417711121547154007801"
"-177/50","0.1467313172663802053620822993773576732143304382918478007301954325421470345379686006291960625008821572011501642353059436252122416412637427984184052270359211410393922167796870643459852382105202610891341040008699598941709507835544725008574124005253201089143770967769547312647635083224438178018"
"-353/100","0.1432061547482813257283940412238726093608759279394937010955964889101523090159931520959050814831962913869467181932669001550320150844852767566526874367605822891913188704478173782230096863071993072356420416784825277810599284790835173121118128299302593363709328043113094712022246942724011768876"
"-88/25","0.1396136659334998095014972346467804704627470121260473875585676800104055613077930153975476984506209977476251341601285225873262095961604309152630999623835821375860596469306765762867511261815882107135698713900633257566444141503625733217302717684268006121041097987664606306088917866948760163239"
"-351/100","0.1359544972638283876829919631229506971081703308012871122428366003497864647488280676090457658711359333061760367754116789206825589081298855162314636962110315535281559421252982410662564338055994216400863835366716901188349924990841701209697562157917421751264071673870457761738102253548263383033"
"-7/2","0.1322293204548213462209304919738646692355106570381355164140717917054036496805009236869783859076713079850011792328194636549778331024053148283851991439748621070283531684282433577162479721662693757625046626076844023653217591506063770894293055785314891866029145545814702864779058762717192019917"
"-349/100","0.1284388326727661229664664278846720862742284185835336574836329226200192682208183201290188356580531771589668166708949492108460785176449377551176994404974797028513290320459535703250867086057353187419578640707338448048939689354749849048841325678938466618857513157242444599631697795193853040844"
"-87/25","0.1245837567473826524307869057630302371576152184158216361257526411489709846405204958222902127395642376916798073410540425059482777546956142299143455581144529494334366839026981731333246244596335681533988066158275854816890635112280193937137731682672713062183205215469786033759914670136119118824"
"-347/100","0.1206648414300777622828548444413629372858579347366899056478832560395400874232881269487790273594084961519644713189727239875729171476233897901495604034026761629097468139345950110459471656204870643765412773899919485241756119208015412213138880828228216514633512584230617621931296620657551618707"
"-173/50","0.1166828617106454725451257774767942100751811029419486235921524139619364996756782939373726003484955877590828404927987586589775884300908358310579538219553980842298645606989985026235002442900079138435531983154537851273297167410013737015462137145344969047430925612120054874370007623257552227215"
"-69/20","0.1126386192095247435477588175162583279841808507755371454211021638482777072790200955601509674379524422303043891603644883614334635003156167186190706733615003435829053602851206235306269691663311984601106646262746186445834552822104437740136993049147418989186551132420578022999364755521985476617"
"-86/25","0.1085329426686099597141938795234285907610077997860325898759629908752984307202311801948224344481731074071485326714725699368404142870764656700862364225689395512222296135000964806638582614290143069694899049609958590119026121686060488150853048156254402139045168392764735948587311241604176530108"
"-343/100","0.1043666885719162065962261688732800729744240657507638629131741051080894489929387620227087889946567981057235618930932863871316904291482290727542133459011661953654055571275789350538664895498650364215427866181475731020995225628459643178102596419791901364941253442655624641278787650210279334956"
"-171/50","0.1001407419392911081807866851589455172890962891317319241342388337678030059560632539294075583230751297373684114682561917450952065047158975623568198564107116410155834231837632067702662166643191545489267774632203374531753101981494056688686402264975657440787019523910604939676196120660091185316"
"-341/100","0.0958560173536385366010959574094249448253628304358418994353819887987816808762111819898119812821727363740435204411917484505044540922483817978397856452233146729569294471533737864195292122829382799121188101478877627046109153552890370019620406774347075724670507515064925236395401896252288797912"
"-17/5","0.0915134603076255191933763861845529718826414795431107202241074351349496527537725853021560319338550386330998515068629007675718862306720892388202017524994341890274460237739182080837050417915122947403094347330896385556412308443826536414198644409743827680446667127535783198716489872155819498432"
"-339/100","0.0871140489941804078214077191889610452095313874006748976251732862149558625066297228917610636946434160181599922082988593359708420747016188826496318907220535865600114968944445187231804550015815938612232043980323590999033206932237913474657927348299794651278767642715451995505243671477742236155"
"-169/50","0.0826587967238469429930276187225216414603221020988501901622159296498278373279266776645816983137053843701144650017362741760600560127407711632733916402605020568247105627497992510116139167391535253152392403038722256648445503764390175721096215815071129924283445528136872244062193367762234853813"
"-337/100","0.0781487552440698512120520665328132905104683747258425885918859262516536467943565458972404743324900286037594575785588314968970465675008275547111136310393996057992821496724336185278479139215269090432586868717211807933137062793534558562184778227794590422631100660627129442753884060834487714933"
"-84/25","0.0735850193830517429821846121571646055278471256975383751013526357708340211361053833057421680757706121360139514409806332596319146389830542702350254932225257252996086404138593228817699483322604018185889057454498064050052490693243503279929220691697132258262975189611303999254148388578157223798"
"-67/20","0.0689687336838570317135503728104577569718767778674127676766617682083604681631064277879784537875917524260562708041002768387766776946909387202855135832385193241090658199523117104705298085309218647782101627527495846227346942541780335767285226765493577833808051481813896370497644768764881635798"
"-167/50","0.0643011021068395888056852238380660483372422545301443190134771243342783662869388222403405692319240794402553189954680391121775398188130290623061170751013171998259060536314521045174873236927282495601602832568935449659658881964304317463537743007885477664485314610788612835409706718526185755675"
"-333/100","0.0595834026022700369722612702992514212642316776405810830191565250013937953842782987494463111614733965848110607808227102206952156099999586306795805979652127069932499812519267041537953914186304000507135938475273600261428276847220605324421370368956161683940496642093465599837908130408039269878"
"-83/25","0.0548170096751651534152313866121601449653465360251178615376324091605232267901925601020178617488940414444974829685261805774049322001768805016254226407736697049140564523931730309926952786201580077710395098191498012228100949626818437900288806515316082929379942093413474053556648827941958352491"
"-331/100","0.0500034305810466212869495250902049196971544402487373555713387371301233888349717573599879836782531450306766322936318580101599822352114697866083772319714287527213197190513076780037643801019936819237260106532699513550451430916051164215468749847097567187843577673171950726913908037348507050507"
"-33/10","0.0451443658430737487088984570971413384755334692096861915630957921142001165870471307901740203561555735728248878665328793250026957211511631743903592042887322483249141422065864450872137674507062795344310574409366885356372613879815788804944663575589575836590527711517093720442616671782381834254"
"-329/100","0.0402418155571847737884248785140887821606814855833091017213563170446479783743565414431957297888707142333553463985465103270640212560427776615313942538081117713825087256370375033719439884836351064168413157793177722326991249774903196547551717375587526154395009671186132885850091942091899189228"
"-82/25","0.0352982776808966451739304927451062774930845974214567681914438872016335661045231696758843043117026052697541653809716025854153377256023253546245369769098732282374729868051382030821026993196665157233356482608673923811709648498129050188662787238173238616871224123804393448917848695715236482927"
"-327/100","0.0303171465615944728814627966273912194168383565209304209771782772991119726310857410005169937014123825927796174024129213407923332800153762857191416421841162468757565349769328043584329681585765828936018623682388510192603894026912151873641021098728977689453419498093413251228073649312268316396"
"-163/50","0.0253035942712724820627742494950514490580236978908102055420207960737049551191064237416727624061840339572194893800635459598015019945544997778888279736819803680307811651837765339394905162363642184658417559535986251093111251366452539970412111951941935351168212218469026112516660575510283929136"
"-13/4","0.0202667843230850294216131400692017469176837227938446846977234909509106013108305709143858039760799185005982493790507406919724832116735041407599575258447175160911020624174456135374988503823443730494398414885882312943704014117159320165374267709970090839342330125929219195830185642876250383796"
"-81/25","0.0152265223869553829841795021040927891758148249236103119962715155151721361462522984147810818599523558322634134985317284653812920938755591007573698181395486173989361627866890781235116180429284573943211163361372919148509648786729548252078908445494242688305700409828559873262034069697874744999"
"-323/100","0.0102395044114287386655250124911765170445995217505300193345027567815267907796202263823663742283390282798509937629103262948683496536852157723486435489877298787184970048686275519637714572520468992723597241401651045605767888034616954818932414679443822225758105147469875007430520779510358486986"
"-161/50","0.005564214294175231077823546438715368204314296233435405762852334038082317491797604720791015894980512641501176007764293020204244739532361233000873477255383996175017773644103847424277881767304582815323201698068728577897570331001396211170768379004220850272362197402387883096667715797150349582"
"-321/100","0.0033696481408155891624726238589320646385060292510570397271516980162753404693236170481998793784395807559450765456678717065343829982033827084307036660610095647900893674320638766623983847306448175851405531948409814198495781083220921998743437222697085449773075391900248670164809620756311379498"
"-16/5","0.0068664121138830094441530216580892076417245989569854073642072590255060432495611587623762070054925221863801740468927138954537605877815421747536122936065012588337058313284698150538538663034198015415562635469806206216658372040005116836407284535405504738622801869826754493571248180841040198943"
"-319/100","0.0118069887292365565058551232267219196928075322419284791206978480008176292885154046630111974366677223447713818863019652307761490566622601096738535549950473281272735728702280409170031157852830473421445419375429427986593643531463582212910591711314604013723816110800780394828402716219819819268"
"-159/50","0.0170040218148584386671440991196133838067891962510763381831487942984916235373826401169938766270420047835036808815233610230400497129534526558143999458415335746766787642502043464672747482246014591088492909771610072529193541153786562534196201877045348621979875405025145891955865231671085847576"
"-317/100","0.0223001261890383436034454643368808186432309658833899758153767259443348497716358648763176578979674341143162591777720598318544901619581423626430742911010394999600921940673212050608033908886136981058132100859371649611807514021212175664499903411017217526170557698766043033221774471537252083708"
"-79/25","0.0276545571894086398313088538887958033533135769070064465169430268206626011244734784054963108245129627029138361010547604392528111704654631656595756941395443302566094768775463089423444786421521295345701034187529643044857526040258228233134727192294543862060852931344205781387187731099114165812"
"-63/20","0.0330515411962611311886791486208222410500782787899747418022754477856531165762163424316590314073951712189051498805019443159872999635329862181312612006057151693488250399774725678179116632211752478652786957070514744257185391140840992530139817532382802364943460331523242263574932188530228792355"
"-157/50","0.0384831358909777711188952634847342286036106419730077682197876822180831427012846494597534040094525509540042462677998711912342501275353665129409684188100478673702801828948683222268965533530672377612060341590834985206726851556376569437919804523764121566706147559933893632925883241499084275229"
"-313/100","0.0439444728133876918093204838245452001368108694302821740304498411992165250988033862177170701642862274317539376008230922791405986246007946169893556699623736118093165014763990625999339768786525979882552078541029797222364866111902101942871099027627092767456467913571054010340137879456465595232"
"-78/25","0.0494320793758926387382620038834054947085926645761185163136886705044929497630576367663679207658448471536088382615997584076817782840433454154346169679266843448320544401150904822270238329867323029315946291328879526905311473134537279902785686203694157169060696486782235427954244572152440204684"
"-311/100","0.0549431833504503562573884821227824229476278047366451531591664856284911820866870775340914063952912518699677601429823729780825735868097925053744191158937838311442307157009917758179107920644642553558272934313491831511571340482409016050443542949481823424568493339253057233995899653356160265412"
"-31/10","0.060475388869071799897804256890148517200022620809251814713269619405072483527117337348568275214558129883846956401393439085717313439286952995343259540653271974289301648973216010309256779696070418906110129722951838224569970017205573754495775617697266352783758919232557726754776308862081179501"
"-309/100","0.0660265114846568418237394509254605014762658977360555500584354870304837293191314717670257381854129512038400776888813750562402214409613147296416543572938545120007863243116966402065426578589303936763550258033636788510110113202289632372302166317597498282919664564056395211094955352687777093586"
"-77/25","0.071594488129692222541761598559489136766492859734656929717752619541539005525218765928601292945423234656601256271425181881336271286190529729676085425587919724728557883517032859470954509708726618904973069122299569400409504218978814076001522698331554489159759276616162738481018330494507823344"
"-307/100","0.0771773251068618088890219928815842840236796754342941545378223098922881561181178717314740288559627883663262066037137285665762801238197198691122390157286044925722254679100256765217468105983115529181036913118451817410958726729140895502619276074250798088563396301969286868863473429976982025485"
"-153/50","0.0827730666158410907309699114707962862115020139270795480040987847579212761911868200667959125286304763885598758192338454282630088254182530279770528994284201294184531207859733660813150180275397257362218748444641759929226528532440227651803600646595663854831936175604577233277669746165204497861"
"-61/20","0.0883797749510514937233546817062345614035640472650214566042347391306737735768708482766052422475423284612053507847924381650015736773634189550238519494616369321281874397801521915773412035494540505653507255340787574931053595195055540024983581301931432901839019636717275605040578451275365962741"
"-76/25","0.0939955176260677364982033078795902852779061906465462417083589982657373543367384524532250632477532625739413966786383882674314251083013577087121824007145773962400398400786719014841277155327486576223979976839752823577432138041163645456408296077027956927792197800476640413072634674573664843156"
"-303/100","0.0996183587654437337692784352140339042962526888519969036745318291255284577648595411767005047006379478800455006863549930175226269409035732622002109383475385723943050588773746821219140504206511906358380558887732572112154509256822953351722805663311106229195566389951609668899664973005357224615"
"-151/50","0.1052463532130291404079758016976457620821781156728851205622104156036899870255536137683862889961575700031681831028058480437333249428155426057256747679281113056658647466536828995022355946180299122749729829521513748766143155180290917787799037063152776063111053458015210846426833398491201828713"
"-301/100","0.1108775424205339556766794095504886360740432756399225958692233769208709109155782015167235132747196783404668428118969630389569756347288275138761289236142428285888394988531023247077651279901810388206782398460982109460180906370805623438263477211918964588804488701216474562063940839374159224111"
"-3","0.1165099515338733736656322282567825834416118077452084006212393473706554065370925318538032307849569482091076391274402262111946763666113610631239963563956070770077659013153018053216993082844969147571108947475901598393227903035265692920614156753958323434896883283355820747493583703461489920411"
"-299/100","0.1221415873051769763752494052135229356322663043965948417109031721761796178479868530928279084003500660677507309286036035741098393633402236062764289518147829567349638061736415131621226740638821409685542913607517203420535272816736741774233287464541017808280031535356789077563786372007411768373"
"-149/50","0.1277704365870854878629631578718361584673725814253390127314387552818022547489841290249399904612522172819211585545355704585832527075579256794178896705189609990464218181091697900866913268047525402978491116453225376392036509368855118466939237251228410492359375183647107697258515652211236788182"
"-297/100","0.1333944652468078936745569590088716407495409525173122722615165506695177795336367251606889012451312794326017534641938342373731398208236708475312858785130647320925093168766727805865993907176572700861069714235885484645298109919781650747542278772567707741306620201777460186943895356831420748948"
"-74/25","0.1390116173893767974944403553508160388104687093577687292337275552200751915562552282816394011972000446669568259041943902933988915317388514794250174615271538937079873976624873910536160400903336954767947546184581176799310520939046622640731408680896028353383348642084707483135238975527880458974"
"-59/20","0.1446198148136464096743685995109335608150045942721576823125745113728887022814106186450181827755303440753578725678724856697539739232332450624973817622320220898091388173175353672666106958066752271434293273098612970080123070561467423748177167399433383175339971265792299228828841162501447184212"
"-147/50","0.1502169566473920708002370720183167089260052181893036842315496584428567445890134753315686844324710020389665855727844105471758002177907522037482019912641073258682334505474653022099310348746792154231015417989494552927186949944583609532346422078478720217736961246648313220235650558174564799946"
"-293/100","0.1558009191233973418294053973723372812382959328720227973656018130760929360589826298422234417087279565478492338957185984348850559832444088362567084398962128888510363998488021848865285152427825539154803100126794909058971504967223641152066734424921942472658520624761325581942365225305957459008"
"-73/25","0.1613695554691500638111669316201434144654290394881240573214357678720945017700733671963900204377371118348581153162795548158983541364286500309626830430931365595284719993770533169694284736219565085032161545577810614984689035952131362664738814904775551164071860286841226138082024058920754489892"
"-291/100","0.1669206958902987028836218900757943443976006697097556730403754745606844442742443799273692809560097869031514929188380405175122133371980531538015662590794648886080781707172499788832777479814867867892112570168642555367764567487369474850478147995853722741624852373327389922580240362313953055406"
"-29/10","0.1724521476333715345486842812137234311263576952697267954178721737748663175284847933150889534178357498722424232352214543608405086173728573139159825758533875905657986536206780878987216762114163275404822985921226295201862595156832194884848525433033024651980656371153941820376918394261244472777"
"-289/100","0.1779616951171096260683821767041122266993562626825584133185090621088129882966474405511434174544874768229521779579846095312860133573360214485472544427242597294611067634712167782779977364465695050307688551606777237809115879835872620496245254744289642325778293006276535394566801094543809692532"
"-72/25","0.1834471001245619331418099129503544511192674881640863407674781494622917380639917440108140666385319990903759983305146537770753437449813189579379348996592029015592056204125371874448316413149778123971899130729627698744078997203924221827506720060049962006735942114397068562952887525761864680965"
"-287/100","0.1889061020501435139775547726801810954782472430736348378809884296370160184837837908092955604275695394136906520059892337094348257714255341797751209171317748996588410649940528492110512343155100527634259961608131637150083142493800548307724012446754264043764959621798639761559993932735042239332"
"-143/50","0.1943364181973764424096627111036759932990825703030294647136870678670993253338870338025141062934420064404716724308537829788236843759477752539686150950225169983192496982385177822383139523844722198356692190607406839767390739909215389445065399286439968654774539847220287168389189895496191367407"
"-57/20","0.1997357441241639972594663841882940857849604553265397306885995712253314804344093264392717613205004508666465648213484852902821356987680332082521279640972249827481515163606994216455432839602391073372894311387536500102001420129147611135699489201744975713437570155344629197177831469744967502718"
"-71/25","0.2051017540332952765619162614980694531852515143776344353984014487358949634319162389029679786952534969385527565587822690510221887568047232159518156695139223908323257734956134033455001876916621798976112766250858597719191682093575008029663147796113316185137058119630319622847827993962610872975"
"-283/100","0.2104321012065129582041631272558669727945850005700687305962395032866930230844882324981737007702291568933965993955936156160870911316598680343190781166714014126702071138096691229628463972350801412606205562311473248394112303906871795654412170280936695488522844505750777131753514494087073924078"
"-141/50","0.2157244184809543061203018132055591347548672985290398426716282598102273531087423580340413959030429817497344947694725029766825915520554487630034341063523558585995655537749658463685202215101250107158997924651822930028654101613696382045166980209084542930190129810355364971684037646601541134517"
"-281/100","0.2209763187671330476634036896705448528360698344907670526921330305028028615326935055290279136543075532915763456193983497656041875653294328854917538134478175438575946405440216438666222196135614020562486953600868360147564291690628251330758180454076942193946168503208171427583208603093097242311"
"-14/5","0.2261853956078955266248095794082667147625356554264302313345280799502165263990557424307986139859378625919787521734815550589454229737769312463590578078326334499550825874587225723382112827188190840106543530253541295570377986827758684607776916038313081915243489891728246616675418469688838502216"
"-279/100","0.2313492237779793488413556221993662708423866390198875601511372117046639137511365038234569211928554097639249057939675431039941032745096113147879561583591703141772845392686059564326657238379375582218195075609292080985417159101366790680453633961979254737160892098665339654294806210856023297246"
"-139/50","0.2364653599239420825484383766693461719098048293841291107694704269438335805656251266047667095682287256294991409542202293980652657345047581954127736666853818407112478377887129074376041260567123545898620110928170977744316324615712124261950879594431531587501456669908734418069241331304533562361"
"-277/100","0.2415313432443231106644377564106632414210815166226786582855722753226406598832545667193992141662767041491564056143333910835225315798136130574887728187636193707232690949204311961142341775103581117267140435010843283351077421809218017071825291210392866869136729249992982428920604835855540268956"
"-69/25","0.246544696209962297968598301990398875269091077088604677722567010298657433440228792571138458818348524852215595145253415145002574385018305489069616841015268973600279743971715222736594479586434229333812428687394758696952271657428861389869607382495479983129575555204572685181539355039047593073"
"-11/4","0.2515029253244314948117355487188290660616773159467681194364475741471783005136630817225961412695537099751015648270590034824836972748372957430461123960635652371984070797835345947546877448237373533559319053605423260708185470402706562213158674893455576351908545127117609319000300134541660931583"
"-137/50","0.2564035219245442683032280330504138091467772260589958017021289608249774963792877867679964479406929973607964191308512382505612701218416816228292626389436871117852531909938384797072850828658758097253771963508248168626111286845822702764930600854632024907363813023444815962493782536697973952924"
"-273/100","0.2612439630208996954948037508930551337475672311588199674407297832582585767320346048193671971571191273033903924359554120682088866892861728736065410896998972836147505851999863305278870612881535077176532262227908151155135467501729262829309723705869004054113787426988467698712517505497808807293"
"-68/25","0.2660217121783907678025352247714020697899732454469137987685633075193858092738678328432031396308388775631703625998017599371804822404718546174569891958313401655355451045262891140987230267882746179684653555849559737259200951418226363234760100434295141660599404074390031710867662898533828946518"
"-271/100","0.2707342204365694848562953764746494718504421350620130320352592083898840693281306112853433611935042916817155946755620221971530183780545628545364722971906336289482496179289207077442985951302393569345177767746601521160236915108004160380147743229777981362658371295464277733571539939065083832553"
"-27/10","0.2753789272697111074077489689944976857139519307745506568871328774308909732489391690458769901914332875180028363440629284860920132211399436347825002580313294245860568544877232272691052252588988831658325474882031714107591863079877883721851910746997469594034261235761128110728565138483205889976"
"-269/100","0.2799532615863609657335676257476488410004908715752013086955897347939331108961103917562349604103158406242851842689403065690417900094137632233614267627244832358236152868329466670690089296362822896447912462397036843845415474725166224169494407690797756687833304860993882088535906657677088089622"
"-67/25","0.2844546427680800698585203035899145968418678854231524667748007254171885790919507632195046418727795493303327149849469494243597043878797133625911530839306267990770465403741371560164686916864200032286390372644078927362439196870756201459779138198883059706507917019311139216031696832978689262723"
"-267/100","0.2888804817470317120375540055827833345305197785153087088945634635565312646269450357568489992587380247180503586012451105522106856002653527244406430083957862077667415243529118898094691079546608664458645995850411143165637038723666602252514127093903778930534673090866270952300678565140085763688"
"-133/50","0.2932281821219712972156037913388780334433844928549143566122421751313480001543864818645509494475301201296151683110641971044082840842969515833618568582132355902470052124483963269410785295280172629104241118694514036583739603757905555657801749077061960464075321499567914943095501483755922042977"
"-53/20","0.2974951413121166665236032937331823866100658324974084137621754010308651448788252140665118995982179869637242218946186441337443269922260026669956450162654042897051603811427417510118475585742346903921827770292857499062991112282939033547205292188195652404753904793437954792077506788722987021804"
"-66/25","0.3016787517482869820240038405863498410862348668305344369665975948919820688367007709070223896887463047810478195252501847334539440007822424434546321832019975649762564530358736654495825687588265905432363777037385578440085437088571724614475077911284971999061141216185885528792805764144517303579"
"-263/100","0.3057764021006055383368599391281317360791817977587449686682978790484727121345196616401345575945221900216933428448803243905835732787341954675873596785285063682976788095435119957157849994225990920585074705709948007397198050604203009754699700586180269304870269093964595289599575231179363035271"
"-131/50","0.3097854785419663279917572163929192017836015096543151126327080016074412139953681718451217936027824255775008078987415198785825036534270082435990518264513408858649394596515428981207955828525357933760133584231241793672072288980735220339125343396489762448973830922459124624130323005208461549594"
"-261/100","0.3137033660463664451574045149533732821406605496357151294285479092512656037202778134256982312711264801073908772951415786338782277150703900471155541034052647928166902938760340845877075746549814017556421198678139298147432271642719169879654748886572725252442036639461113826594168327923187760348"
"-13/5","0.317527449721107073740584307902273511153484050648692238646434205257123694170289853237006956971459878841632037660760030826832227448156854295807685647697277668559344471129825088993881241610145982627756639835956673617450268351116216668014031984947706240994808525166882052829717501723922568308"
"-259/100","0.3212551161717654600942530889525561409806395495975572450937437980421075003508569543272951799061188913795940856548913209729730972604636174066641562986428607501119165407204504757188833833709412453640023790773969393697441909472132120779686345865248982837210708871156749440650106832231152353196"
"-129/50","0.3248837548987394957678400001365587833103088779605132605770616905531409994776932379406779409499666451026654913554199071716255861630759436297389765350972186426281720810373879717076352033974160901951718736633636472357431344480777376960534335142166031668339048890512663867072180652503830924174"
"-257/100","0.3284107597240659031467988396259998682960926494213579584462845122255028265595082032457931523959173239873672724121500410466961909303403680707978643853660280727942822160218811891955485902637117867929808937614151878148836503408601100257253282864248292296785086850016740260714491536567066625089"
"-64/25","0.3318335302471130942182597808309377248909100060010996089462641498155988036259633164751585902483936687408389866122131887711082357231647594692389930814764794831955693479640689656376195224101822903142785635710784551715026477910694951028171643095409262891555707878793793674123991390051383454675"
"-51/20","0.335149473327651126449892603609051884135719560635168227251039218292736891538878423170395911117547024844729076954389259853831618769140754166071425467114682523386995429420109510721386080706099882122067071796093271765002833201218969605327664385497849329983939173198859502032013863540227485964"
"-127/50","0.3383560045947043761458610405030479249061634298598666024796758204997388949599683065741988806075539838761183242561149446696910912573443501984620698662846027794481995549717296443006483902354958224101068979248975038698370748122298225529332080932196946763439801294511401295315580977081541479141"
"-253/100","0.3414505499794981552992753655758796683173104076331638191053700527279139316418769751089615952689068220558315271355972075878212751886869176336350509420375582705905686606654165272945690276438795159629119225456427023013418383057838388795345840543007180809802775138852552934182097415059240484048"
"-63/25","0.3444305472707190798126121463258979309937208406417027380388423423546460366709067588699051755979016069807207800121039608439242490648670827940288955281073254276272977888065795642427510403833885485840295513830926674777619535881884364697247461955485155399813282976850581622224081536399847254832"
"-251/100","0.3472934476902211215411645026279511183093704205213431168589170274435060618945873748201582949022188570081513781063776648152740186600872715746087891803504935735707528932982835392159025273310541578370692784065743907225520675678200158351331032050100002412216971593793083994648690661491518473586"
"-5/2","0.3500367174872255089865357798086697315153999617998026140178711785723782415034532123648307717191470892345727311087400092789440026204016908036573949102066117907487771423458266275389517890437613027595733449761321163287767977231936756056908126656660374293375555453089264054084047672266245876198"
"-249/100","0.3526578395489835437308460291477107470223880357294544257826730245536025434077581156064733414184206834937703819563842515799108709229765945736977960905447998715722385558395888534349138691135792697207384429956420988891668234032758512522363476753727083025499729791917886067557640272625628158634"
"-62/25","0.3551543150257975292095947808610280213686541801415461134954709355098755966480472988623515877472958993032637027302812963555258401199885988718317030827529201096258067768819355158640331460566686981082510617989981351482473276311732143541034833280974649718524902259504361198088480066749149197535"
"-247/100","0.3575236649682269157015677163832989130581405204787687330897346034835546779854303741867007319584536765641195584051727899445081547188384085832774589263428798863006883431152748530239969269799921299957460269097175846130484908880377115099467045081726765026502463556343014711021559022164340498808"
"-123/50","0.3597634319742449918752645988774098757052390611551179818297136997578679918126790092993256245787833262756075763676366103129471053320025264875210215496793233545536359919156640907464376200960823807020274490660034688731197370947489814621985323886098506783965319567599996849712965425597270763852"
"-49/20","0.361871181844056528669951221520020110914984212210558846592646563115249496878404271914418229015099959439169040239169178529689461385636623153410169747671600982462673935310630353310861836567368427577983900963344847859274809862260015186812247121041958629847417308403008469647357952925406079206"
"-61/25","0.3638445052402392212515738471222565344139143450719641187388098137742996467675193169754933114762271671234787445808906239257720810278853668851676439364650076950492183945935061098482515351938156128972644255404723088471408278047357467518850920156128181754545648727052536931995311387535781825234"
"-243/100","0.3656810193508320778070682886164247735603179741434855787198170489074150592626029886067095814648485981240882892876761167423903387181203353875621325881409826501762095466443304004583028720593420366481275788233724926418949343012539052873205105097559595055607722092742625066468370130145481341908"
"-121/50","0.3673783695529625487129741424382286933792711310938683803656663950173296173052047209828256017260696365878569494101894412891727460097056949380520898344601347841958468956201802781077703732204121099842539262016832772606653963867679814853628403576269403024546380131242096965416551403096600875973"
"-241/100","0.3689342310745816320804319477217315983207337102347684918267842188545212818714145228033439610082942143695147037522512282105139165748448967760259095932927294428738203109239674430713637488639289151841922733480745592863897919472225237756502087348513533089324351089622297384742389581218332219954"
"-12/5","0.3703463106518628621253923957459870457378648559531721824585394295768875290898823473287306581371933216257283856865760852771419071190537848864405642205407009977791350387835625293265328725099715342775841075572311795523595888217444712247820471096465349335979581805385071949151562325123169847739"
"-239/100","0.371612348179817386963347568199077240822946667108236381130757622516800081609748257931430607579226771351141435996679266077483363473286934087195294921218678012611788074849493690954840542149555653419130905674369079174916200046297851706604809683697159686259955938707160731335726080216730757313"
"-119/50","0.3727301183536836425742117195994998124092425638932432602688058248970394608863116453400655452521885047378954344865656136256739709542224477458852671167397652580009770795816132141505340868293027066293139613193316823628096081850911177795991342123251785834568365189425667546639951476518934291237"
"-237/100","0.3736974322986667658858425406959642456503675687140848106148850772893833670583616625275039815568982377396489263235290185546932463448739658666829467371732677572873001309763144230323846803795516004886289244819187906584983409273644935392628974651086378856771531124880189851733304761292345725506"
"-59/25","0.3745121391856301613079639168738264663438647095207510164879961006293202008714206147383784974485923636955849698220165315047315088445911500209549896994712460379163630978935290469077559569858742125481287735241418818298799982421757143671325297988450202439548215872509019401053651561049181404245"
"-47/20","0.3751721278303798012153707816448567578069544799240600035864035376082458744538280482392447827074536489755500273305374630415551505297601225264782558138509109753553213632198541498747966855142316021725170588698239846031972879640218161444835632892213836725809550163892405015191693678399068078624"
"-117/50","0.3756753282742311194775147125479489338546276149814525795078821939007651532650088676209253260635734279554233559788709264535047921174722927509287160615083131086074423340860666566316645465892291448433581999473435872588315564742633275094194490186129999292241721994388775270229137235568842939409"
"-233/100","0.3760197133436089215886330788158784700951218772154930123595812607320843379668189409093567998633401606863994370376548471233302621982075683377340494129385457439295910960662021502707055922432652892903411650141494022946970561432662048655154294327137392153804402284910677793197004981470711370315"
"-58/25","0.3762033001865027124091415800071451941426833095382491889785639003752410793822117506842604365640032948425022021837664520009204826079867843587719924073212484761913061365067162566380567449954491535263573243351260266984558298842796827893967386586892195088906815529031406023877583747470069790924"
"-231/100","0.3762241517836833119883060370475638728978238052211467265054242779880724266055146874267307602251849768819173184867975573051413389669891299793660050298488966055972206480075826892091008003765351806016648852349747513366945822641231999274876836434754458450797140961431624684068763229418788601647"
"-23/10","0.3760803784326816206528174137141520030490319320241228734597235154648733210514157370640005228608167293412822976172050205097808786892220891925798355234553743802275713883308529279090971044963184756658523658756355240358944549101014408397058791826500957102100331995248429595297881743412178424131"
"-229/100","0.3757701392026368846591145572985802678233812452554835411293908901635964355467666484833326331188554766479457364834025317339524544130876479405198337952945576278851064233418761644310594809008081337824465364730574639416526562373077331308704968046230886231364156968638093345480993532517609515346"
"-57/25","0.3752916433582397291645835713205014407447092642678066387691150192461876647782330529139818149188926223684035307476855518178478992258382164391003016157995512203305148287469787784144681788927471048540890043880698253856442788766301458634564030604116959656669457939643546307881460641434309993764"
"-227/100","0.3746431517511244390160178043301520276399733390057069576058875682294114485377470470657417037741528003951400777990551482445328919638306024978284931893108214846722669130683072403957102426623534907553102928612033950677390475326583037669218835431651594128615038322087186836157282047006399278369"
"-113/50","0.3738229781772052993086703011340184590513602447920296154104156447343574937964954494177439645841662186030683322052305870996430362584309546145980661695611002183065051493409438656933349687978839994349518110408777411198262742266120015241306752640922899272465643904619397720271873741786776514907"
"-9/4","0.3728294906986030225331571665721473009166209899667746519328771206916318136028031888233061388543341762248399112179994832798554177165791359665675878676302784301060549423722575637385025087434812134636528812505091191094255846610916449010465140360972023419666405147705296247851131719380665439477"
"-56/25","0.3716611129289690994617104143518968785810476773361275493880383587322941285477319683512856753644158842625808901112274597016281736726478568274687312242038936644884177688013945780244659973854495726186271514536089313045912788651899618278303516782886830927308438887771708421943066304724517818972"
"-223/100","0.370316325281187975553692162217356665110717308226331627742153968424940161598068938460116932481594734287730368381741111114511702227750707570386665178082166656770052157103487087817300512685259809878088710223395091209112135862988379023478072976902917907854395484361354893895978309883217060708"
"-111/50","0.3687936661766188798718024730019317112788938052976894852566395239104823219167129335345538920278823524957784037203951885090914030752497742935549160458599537161294184920951746850247125117174679320900111671134489469531280307005936602407088000977130427830676528115828396206794916102932478050274"
"-221/100","0.3670917332152304740505400565396701432710062628021662173192939146587653301178285845398069492988760758543129520503511786631532307301906685400060164040016120136156943420427803228103077230279960425940702420334583265779399483584941428588974312417205465164406256385759586402590361029277358276054"
"-11/5","0.3652091843061817492613558394417854759866939031708110178460188602360043467679786234780366380770705821867551545082628768807425667181416455599046808162108948502468291576312122802668992682906144594559425416396006399923799182533850429463447242104784523891619006860213900070587432892785340278077"
"-219/100","0.3631447387586112352185137115832079789780574962824047894961436144406081990281450898555446547292180340235287466177050614523650931396406930584154257881492864287892352651241842479954467077270907807724077019960596694363152964946300601511914313682890505428840728970280453324312576731449144895218"
"-109/50","0.3608971783326130060752483040718003296316960240834757443272757820651886767554643073323681146822835036363502602938535048670213178114167457711552943787648209610953994665592929124639120279045527475292002587798265086562234196741923686538387123574608979733749809617729002761773171195231595051005"
"-217/100","0.3584653482506015378284674139977443259475405845790078578721104100637053646021732487020041610059465673942148716434904244303300063101792254749417498496520194201597911649244057162296293351831421824322691433692048670397734789553106418757563239370062524342326791562676763712388965556844397344968"
"-54/25","0.3558481581694975123956748518802450683112744482554663940122633412052270202786752065079257920078060378204812750061870731419672490926382746200567327787170749095378380472049561595299753704314243399998764122365077320777987975564147402849674346183680576612056020741391415493047176146372037212307"
"-43/20","0.3530445831144024567325731185376542289100199582918347397243245614975849739398581335143922059241365656688871553420382660850015091063288101031648204537733830077071115908132489269721043753777528020734756581158965140155705127145642951137081841858194506135890128569915767646322452945882548521209"
"-107/50","0.3500536643746708958659048814932780199837320896242045133902275640350613734921802454894316564964131283469148915426576771008621925323223941055190112734309712028858308487305668304354144291578029956397154869684421468547612488048120968477510438873659677257348029586230588739570806011345579882566"
"-213/100","0.3468745103635336967662876370698543931216193225552938266794067304041464566675695446130731713365656903684780706331566019743359342179067068624100534386254492207599402557580399748838036121080353260937154521634632451123082184385412615236625495167232182618907207668135125563824378466117124771379"
"-53/25","0.3435062974426746643873185575982739189888623900588409157880042165912097923918455573477659164117186795207388780032444080335345259737690559057357124253148097266571922556850652119224916226536159854556367999762303987135272122597367816390708208591925766900154613824405380784942210621339314222414"
"-211/100","0.3399482707134133723777235799205401741925353671244898649952540952445071822950938964068134417062519343083397724480045417770152147862508365109417046475313399050481555505980325829160523635703243582111699409046442929781078715009113355633637062989026340050201630516505546297606719111320538520966"
"-21/10","0.3361997447763997940987894129078555218961236531348868178511880602354324723634782297088025168731807388725533773556886952093235093155555532465765397246606551661436682557014774206876533527639463589871826070024767222535037465136399982286097001488734931131613488689941032368639945432090651913803"
"-209/100","0.3322601044619796477037833754863460364430040001954869671755826989833937119055026579318478649502975024475074607564078958568094966462482311874859731990374003059454195929131769653082249102482613905960072349469198248132354854000632583595805158591686079527111429359860723202778049623300257074981"
"-52/25","0.3281288055336425662538598651450723425695815433367224757199744452249566300996893696543287057792112066468008163676209027545561819819458072038231011495534328892537139654605621869733732200311357746674353820777877994482578344100336218175303505992604654761375485186124395155157239701006417218737"
"-207/100","0.323805375367217318418304921925257151378379114296627950182845418666525055862751444176703874735300819280862816795419471911222287994619012363564976057164099813984390740355902636172803651384744769041850436143039938952903627719136762119489063747694097990606989782873494409584863214515410284948"
"-103/50","0.3192894136087283927451165860402827830246526993079264561282177745709276223544987646346417081716168053874457350449530036197739788280641581874585338631688916940671946946661674614870877720501864815265251377711372448460853465037360193690180673322574069318958829566097603341818899652950862888603"
"-41/20","0.3145805928140753645588251451307066445008275984429370527852103409541255449734763458989102480923006380972978957921508657248386809643500236911337317926406809011890361917186667341564381789546495608635211705779273898176326309607021299763110095650075501382319435816202540580738941268571914832313"
"-51/25","0.3096786590739396282056352474022401206724691847900107015132852001489030091270414139871435243634591880227939505198821669646151453975660011838002206808826701929549088415011026796636655596203705859353418494046642099456465829205730669078616708065071286270138294002254701504984938207979990644722"
"-203/100","0.304583432627561333625308168483364510071744397843215412043337481106597347259808367021292325414546465367025150524286546648697688605719320943461858253068711470091333109027920286806898097369122797750928705025870669595970619971152128910820062753929006379618696461934862020828773947328483927195"
"-101/50","0.2992948084692617489197113894715913809499938466676368567334677518319514721472204069422521279186447441567349154645685656884297843154131013942811414449153959629987978767289584090299658613432912725261903035616444385960919734428628397681056442579760032284339767299471739042381826338257904594225"
"-201/100","0.2938127569518118151318490255657345470627748558208562599500853289487667152664227436114759012249964650513211134652760595708725279397215370017748191566746686685165315797512297938832711076636997094208896732967924589397776319743470300893858947866068687657772516189382566136768387254543285303726"
"-2","0.2881373243909654056477630656804678346601369994893285148789925708727503392571886805835262989938479697467174120206342968430850882543456111707709738039524348235223767892329475109102720352370055559914969283901046336603395483595387649084140809898035882902460793057973067952508017512328013242282"
"-199/100","0.2822686336756847976074257187865111364877507104763463995355065046244579152040854026205949472306009771003744188672419508956738145354715080998560753294969186189928209433472419978813848315738748163482496966991056580005069961951338262248422445207004306295023254771622682853792027494352994946384"
"-99/50","0.2762068848887851641678098411166586933582707054352563044052683639889559861028268352862364497152700197943617316036548395103688295644747417966877270905336330829003917619643317533505680052792362596636100092502527089651644732287631610714861754517907575598642566760827477844931773261516888902561"
"-197/100","0.2699523559429135765781587079218199231560931741448737269626987083447278652651479358764817431398010778071482908368753874432861133445868884257630061632149521720352767741758477318740574668336122775928049155234064987839710022280549104842369341654841329559049990719783056540642976199967058162936"
"-49/25","0.2635054032369551553830333071460535577953549191247721794015630060486819290415378876821174881838278856018785669280603593741261497764385643702522237855180120820974443767903705074305058092156507592784216258923235754560619384483912820715304142542255101012240505130190857581818991035563953581177"
"-39/20","0.2568664623381237483215078019990276589526608535353667075212524217341718904723555283945422108935979139730158772863442528865462490394472745108424504092579506053534354903801597464645656507765828864041452639541344999663664902067576596168350370416448696860487010300716605022454185356290150293888"
"-97/50","0.2500360486951459918800991491691456994324339048524269113365742324071134694829843165268564408286656749194264376107584075079368150765489023927931041362268475414138100423502018567659449738889285663024600766768127969418405500551905100781908064699964432256625924271941005103210280396188806234538"
"-193/100","0.2430147583880850368418478724443788219692175993470112890067540516710712653108638203502630070350885333461412280482273360261588970855179011514606512325050071607667239953151176583263841912963253962279096691320248074390246647715101688493945682168353801233675510296096329762189285633457789391305"
"-48/25","0.2358032689204728593633549522801706375911136805708504438910519993474390559427497973133971104694000404282153693710165832110845227192008740092231087704669150669357742942613332718860595319462030330009107321092460232558650574598323840872458962923996771844959366299504015230563717797890308167187"
"-191/100","0.2284023400595273159693598836571957226562080574100187196842213374041145903248139442561079595463141074499163060478029005960021942226502218999261834752704715457046972997446494240385305084824019374690230734098889943442965923292079064566306193610526219846417011497961496076253306348204922323223"
"-19/10","0.2208128147303214676106125171737869225275595741350917383303235143870557325382040109833864069411794812118656089262035553080487029523541903692851760188957864007201400913022280221827040943130748048794300452295295037315885868480126899864002973340916287169471033463370452017854781110831906272648"
"-189/100","0.2130356199698479692347280646981895430358857765939149787074248047938101072939677598975943076188361506975194813344931365599781431565153059110959776879624669251589778603548012623895273112964389616797299683009930455347108365786797491009284830589833347496339506693905213808903853057479752230122"
"-47/25","0.2050717679469806496019704441862480007777767776011156130094032424791272393928798388834524874726593112299003276652357008088246960712001741385181520066111899965066300541662292187018296496464391701372879650204036895820370582042888894643271207078745423843063304860795393916453613104050381245987"
"-187/100","0.1969223570543795501169289798200213114253770507269184729753229921598221593741876779164054649891302751948419808659914468812577578405260968909393235533609820822292749555983052995915532492802798410239512106901161898833367056299683252148321113573018385585496086263007894059371199309465726423262"
"-93/50","0.1885885730784164042724485097574608288980800907582338811974592029669073680015332434620938960894897524363127497991485332164729442604271903044204011728567247193056550126497979317383453812965681021226170353413493648252229322421307115315010047448381894096107181246183741610013816586445706173015"
"-37/20","0.1800716904532182410005203606881367575088695962133728069752901244099143594089906394101289299074894577212166600744310213161532783859030578134672567069173804940509950677374446201276317570450070822504039147660420532890509573760770278859751844270088199163120528134364426120525384629440584023238"
"-46/25","0.1713730736049437683999361782108809586940062581172689295238775393988267041199573414466170289338511688328071959448479041027128600100522711664758648286523922334667836433087445321601888344817464687970176005186463100386416725670554953475314623856356287974480522057114797137252512228085541822151"
"-183/100","0.1624941783924317658644116903370842428906701664812756346102660642933112198626282344107969606322859285162490051620590634317963391838810100141412159912286009020471578177209777733598166468847020937892201790600741308817955746985838748987774897481462726672171267482569741346279392602674538867954"
"-91/50","0.1534365536504133559719454161785670168736740030478013109820142850779947791094030737132532929496984771896684682721895528008344391038148715131119695973535434795884121370306349802952981216047643655619807253649122259623324063336378191578455210442826676185285620747636322356467097408520441609149"
"-181/100","0.1442018428415983358241732233326331360952742272658854490309976926136104556188444420739001361713925072995491852132361346565043806865013140191376096006134799837699095334160358016189353364013941463084840593752949346381923745041546392088051082030529987052627582349735344500828363726445884543669"
"-9/5","0.1347917858242005179924574834817468170996040057818453777724004224034223065995376139292004357861243588495968162880415865754123077135882978826444584229419121031773184963737495067739198639759754808723244237390136848193988919541330466051049541825576231912690913343315515139260797882080585678105"
"-179/100","0.1252082207419960972473319100900744094662672507921647246647725741876795877152984460307263431260880830010064293463315247386378124677292117601164290693793669444528759212725531542344438684031207227279623333922994113103579719840124351564557051407672296605221647422597629981434559939005328521228"
"-89/50","0.1154530860450919157267985654738212612980848003437257719443632575452605572669949517309216262564258469024703363457620635784541309286554435955244924939521645987588755758214040387191532873716115437762002469892090789158394848056802211710749148825568297052078011763245175014959197087265627667527"
"-177/100","0.1055284226518121025796970190302746534328664319274038152087771715903190759993965491008708942565163990586847443332339840014285446005273044922952292676453308513557679064538577966922227617248732788832633585979969954328321753664896617591305188511351392463361286798430947501845694197493072395002"
"-44/25","0.0954363762668334071020914531773941522310459077887609226403069407983871767318059784367464400328936177989272563570831498128769944089980030107681606287408217299195411267187416389502446865718274700278475901554706447381847603375598923253166623422916059558227884339758413171759762689883074005349"
"-7/4","0.0851791998811508448916692356652103221269663946249977070250364325948582441637006472363975078810095719288661147180426737986152207580919512245253115345692416318087467586010846851414445371740834706997720755817349558568124156162333938368561279378432684784851293934188073223656927993535352542415"
"-87/50","0.0747592565041307930294435043606344418520126267169754994996461170981794130605133514919365097721734790864854039244803336839870091553902847620910947227060146446894114633532594606851168722390157488710920267092076612500307927661072309558772479689285053080706150893168083831089574492033148426507"
"-173/100","0.0641790222414660185122586864836039847847756628748642152726479072068474625461084054877733310048935207815876976283299652221813348142910771083477234468418469965949218785838606183220302706428296921052172444105237864844506235641800716774461664542883742176960005892668883488719214170268932499719"
"-43/25","0.0534410900166656085872244930524625186732819856538202456799003115905261504781198850014503124010360902610909587976298141962406656124604812737093107386579567541026112672985428404086157213801769459015211480312326627483021255164410908666556336562568596639435959437064292286857445679026406621539"
"-171/100","0.042548174855864282772757313345540101722091957684074681114998336814194821470291170128787441446514453553761278772628810944008844110507081376605661426221520609143239343680887428432782131639826333645127135665478987988075639088301507155922000102278464154974656853686102164979890277255017357201"
"-17/10","0.0315031242919192928378165626554054645705067179767284876184563006947406111421763500592026920650501606201343905609493207291779998347626816635587284230114794130295481224507243846113807603331237089145849794569746237916819271136927503097885555235749284683980645557441495664834097538288565500399"
"-169/100","0.0203089533957532160751721667068452562640650175027415221325072544373140444097731088362845751704662745641536022000326242109697289145937665140298877725797107532991692868695158140049591322361157956933687121704602782409474170591567201470816962455880153832918384644707208545685258645077844423395"
"-42/25","0.0089691234615094290991364813126727483963056302168940339797364138153901904262253224884156979558192636903277080446340161232305058798113469931185295880550260603678433771398730809122809176566096977046867590723343951405926351546313191214805639509307803507047511550952569695897298210462006567744"
"-167/100","0.0025197518056251031265315839038102701623952054339909396427948258952951646057952383499270296632801826681942627457129359336697056373391019913595878298654877261201661127431453780377552596182818287408672794332461709959876981210661163550327537239710963721190471191254020108260026845088724511863"
"-83/50","0.0141392555465911133329204576011286408039183569426802771093598262223401867598618073243303513376156343167875398711365312858174382007310781351340960046816230534293110818709804868015510538967023594517288258144394530558067642256163417990220106697576534041607047685089526170117969376761853973679"
"-33/20","0.0258980058964001002434013944618607676568820366145750603303940265176747713350277124924988455951851099821238998888389448922550808518225874824006712002468681516814603955436526604035938787575153495016997738583471244332807355765600173531442124967426957757852579508925046004109824043728368245416"
"-41/25","0.0377894320874268664202302629431691993094269889282241079616288335027629329990281690002637982915977328343067554795315780315900872151531506711718396310167689764170321245935886278863161747718524364566788069904164826684652846044718037304318381602678573819219618475995932519747548042464244930631"
"-163/100","0.0498096043182019434809694902535160283577338677041076276665132046140087254756988162722744359231345188695835640247399843737307001805128433534360863571744217209540492484936039896899385285965581445328750216929869256933338093796783524234939036810415462584256317723219788771220289948791193648664"
"-81/50","0.0619545575237399597389906459368909681870698374955139770489552821791586297148924215302826589699841190962799750091100323396390484138716906231505325662632685172673797567382854157610711172112128542032810089912833398756537484129895662108412344755288364203273492028934186562529304196982452931412"
"-161/100","0.0742201930592066469766700701450944635986636339846531050613574877789929352922021382861063717842226884818372043345247002975240990031182356031525219306131972017952454403833066042404516946114492052715404654833258959782715064026871697303755898279661964110717503757755788535654635306075026907769"
"-8/5","0.0866022582032661990250789560828663306655108811869768677386964592300868163527386024547888694160987218266859744576410832079733395032427346448294839127173879467961105321629660256109400594945747082829004187857526430838558820060831363195629549687231806633348190664936949549083982226944679166723"
"-159/100","0.0990963370801504884271580916089498184829922669655359663110665301018366194090839740526006408303851386507133774812709709676845321787160674044580934718220312905254324812450733156729875894469221644972573983514954873010027988485740397271131557387904042623958686875374656694880184673502862628784"
"-79/50","0.111697844231778403365785814729188857778870637369133686169656628884729058870744130600631864595821894424656231052754080248937578441431473697443354764068004946941175683622265060452786956717154169874722845676028054889263292828826031754303910340962317582737264276393783967113482788328118151813"
"-157/100","0.1244020189425698687979857414157349156073766779127521997858504211995032782224121249377727308396495116328082508741694453175544967890168098239704180699558685183718307278568231681013512117787104504816590462547600622491471078448168441106992803949467707144437293380493920473786352572181589488582"
"-39/25","0.1372039197790790685602330413164033452126137443799084820735081802778822045544678224079018828501858943596462066179578137067470745734040649437408430017532531611261017772520767961948593025642541288621034026171961381670703072658515826554385310578407190207869158859473341476530104487441262285313"
"-31/20","0.1500984191654560619884464683237489530201289899367343411241072878992829275358965294846218218850558622660200566312380403423793767797724481600632710626536742404731438156974591613816096126943787158626170902545685596408412073810658556204834009590756661132272754505648049037569627854906653163552"
"-77/50","0.163080197931052065086425860071994455656334540464186367830470146922928995469825190212177665818047935009425131657380879744864442506953508208063741469674831957033695816650204043201533565290693281508116189487848448260503314396253612677827669264261853225663928962266649810959101449087449127618"
"-153/100","0.1761437398095496457126973878555284434359418959697331379302654859424550327371718392086318971198294724966135764300656747832177471475842409621055424462694634357034446201680754128593203930807953032817582279931701195391806859658038235898404493633967981497961717056359951932663406531607694991057"
"-38/25","0.1892833258873130782742380860668641104095683550476727136402878536987254786436365628947952024281159455782993926460353868950554736212579431801265505409191099975682858637380263806297250879444269590297149222586170893107059414636204889822808185275514456653688272120567094820008166648766586739801"
"-151/100","0.202493029007492203364741641526992718961079014536434013269933085871091875408482049139413888596030552296537142581109765614597331729356838996491897092322554843117659430229300862335063043657006448122889808067720162447790877946816918984912551508470127735797781675411694900003809207121178689999"
"-3/2","0.2157667081412888665139322980948677730692379918971366556355442358201845375687499151681641517085655384926115470755085458898516079393211152594898894382579837802293719269930795904117667722362564081976741931639339676211803779275538478997119444206135040829822069103598307759723208234002537174817"
"-149/100","0.2290980027408893285667419262993498060147743194042742745296327825460637494592584793076936542905631365924492668801972168599171702073924751065370495585170032274377645768572796533338929421631552176043222199653350963106265822416386875887294346940666824894137558048952589353994006300594452853172"
"-37/25","0.2424803270908077595747616691616812703829579730303113452007471285398793145713213700359548431906095195899355326072865530310446985927333511834608210359659804455585295158835165608390058989382441553634022529765657062315236093217193915445525758775301327103762045548976210084236402361222383522923"
"-147/100","0.2559068646761944132823134331234301712154402484546475273962276614040513774021387426633926457666583267085102033333372098869755955243379783293890372147882884214555990807720126809890292877885404529794848429530919981665288316433479065595924683475133091499937738774967871945586251224642387052096"
"-73/50","0.2693705625882348850626522974449127199722756784489010300795202976593115758710729145800730143483286192658076826689747238342250087718695575685391342568839247255535885269720941467983231778661601885620280330183923886694759608775078253488665038929179980933066529872900465229907401853258936362781"
"-29/20","0.2828641259881990459304294639289356279380285983965797673862917090007641905464824663304191487939034315412725697809425535776307001151208423787696362474361251991646121519683760591126114074875388522276925917273699254731539392480971792121778170976359826446246555924793158634750468967716241364839"
"-36/25","0.2963800126530348879616385178762806291155311341160412921317698289151783115870085169142562869752060725069161819477221291748486519709584188343367499744267698206405032283604706126771912037971417348458081267217102083376519907004546033941978803306669957420185956625107295991358855915133595341099"
"-143/100","0.3099104276266629942494821906046472453532140463258956220617860228807452784129834669841251492559245304952341753127932001015921541687524356027296968840667122552523227320113595638096946629492729145994231139197320938676032422260847254982141200388403369033481611296590571525603061220992183539031"
"-71/50","0.323447318002317127743540020250185161618177516313083980311038173870907093009998947375678367103984640053603820779020916918720470164047142673109280665479591910461208891527245985096174015279134188794539644223094816919006784103481170429349131831362859055323437136087343793894025838197106058423"
"-141/100","0.3369823678623930095842928881830626195262367623167896622155727617493795850955125131383707779229300100634228273342084009617958941874855470285194935606327088538517636751856533406823690328771667404242171922783747620355257716312679286554963537056312740025976684540136672965680677968351692951154"
"-7/5","0.3505069934033033530038844385922483162042091440307242138124876987479792818486031344881398027361813368269749366937866164843831370840408335558546535990393802406307547838051311047761838485412414394354984308732593326516778996743801324866444997093791222706353233233099373359564174865871493443331"
"-139/100","0.3640123382737820813341122923249667021882867849190286345515122529575750480924650567131246658394737070246172562617950155368027337904977472515543529186391768926603532956390015460329421427051113691761639085027202647916499292525448387991652868067273303875711558665535920749396814839028767948875"
"-69/50","0.3774892691559216195198049536851336328478099454094937499090670646748240331008717242302470820335833998348390866604370640429909346228219344692499212887141946369275428864429542676010207724023552726459587393275124500415803799330617965541913810745261633779159531692117149896455384757223175280824"
"-137/100","0.390928371618949798002729882394027897296980464149034755585308458161410186741097342717251202606381808240511604798661865883936451770409374613335132169463173592659614454916635937845787024176151290621997342690786227354141271720619794012581938411651229847281777520950822483966095546900239330671"
"-34/25","0.4043199462763415664745843962778947317163808041861493287950382471013231106465303712553253253118241629132169225646159675103109878820300588955566105852570936325634409532508060293587382770601286928023100451447176752431464203500874206765875871975507066977414232377469289169008052165522487263083"
"-27/20","0.4176540052772986986429011861640535365116610414283557201160811973837937916278795413882855900895636746825960826806421972528006006128275194085121422076461099564892908358272315359338851422760813139133319165775919982351394211547109502484462813514361155329944085419335227564796960884861516802598"
"-67/50","0.4309202691639005012802464043853326327954689147061216323613596747555097413963242262062106015069302424863989286117474352286091392322566634344714115439444690295966574544439429136269330183221257438700131704596659871400408310901899075669598029789230809630688580641435575289227385515112518817057"
"-133/100","0.4441081641253121429888556444599632539800169467597598758285944256097859719295475230954393047225341972027619269138461621512210117718519406739389432929749447645018361972773324635350265662686024108846649437407341148762628702991382533948791363952292419332240516517138435456435786967205611258502"
"-33/25","0.457206819680316096535689070611974476609732689456719866968699276347263326078147960870319175753457298674668350625121001771113133562094221552332947787013866607127104204728275036212027002137791481581548411357689479591495214843496381745704867320206026441683524244125596348094466950302035748485"
"-131/100","0.4702050668190876276711631100161569033368855337796603562680514769113209449727155400195118118098155381971990932596250254390933318841979693459058197413307842431463098784472402385266671355803250609095225406575933111600629249893240257284211087603251135818114516411713286684852892066897104535938"
"-13/10","0.4830914366345485324178360999143504735558137630983828923886168379611434863706616243916550480566128345948455580643677829539421186212511091517285949353941697262219733014190813757897854346482189730380418901800948399279298845421447083787489162241581224308130659711159357009240339520978499592984"
"-129/100","0.4958541594727859023643400795800382863778577276478340511690000314656184262205771704894877736696693360123968290759343865887533382529468381038001718772614542597526004481237457886796407355661277277014224117648524782080234208228629710736877519238852227553117210082310681923194412591386355920917"
"-32/25","0.5084811646308965144523809198637640482055895930719880748146054539552347085787034129942743000067979278720235775015699358908610845264638650080809284072636055174186397011263319250426664748094499709613631757902453017331439477178720921154614643856106469215411625209013252661025076877074883842281"
"-127/100","0.5209600806291951450133913330069489926851809432991529231027711776655980345036634878749295860071578509132439046710287111854534217810692947172835572968501959366620007020069162813130020418689732946548710935929628715265485093690741599948615784047070060655332491816071207864780295566880920818851"
"-63/50","0.5332782360829903437863637441844472657912197473450979604646366918374466649053909210822089118111185385957724965120741233700650910021314362869143819603435011945902015433987750461511644310948220107921957898894534742447434078452955872879539524210590291564159168010543956410135180701283244706183"
"-5/4","0.5454226611970689206560500703015665956243185800261893217276099759125841568470266328909565496878637852184186255114743260416231724023719183949910496251225043371082439443401924120874989536499633910463873160865938694264746730528678869455481441204823826438239295009201572148746379946584643968069"
"-31/25","0.5573800899036271658051733112706884798331947900793312316774750451766367583613672963230766627880488951277254854904557855236862146061883857510940623003111151037371359465361360755685763367370084166786853291656269468901879987872605088680909931007584309575801000303016277757605869372304041490091"
"-123/100","0.569136962661631168711080453620958184424985013634334641688182984288668551864085422398993232991670680867913792197784342849012397484314850244172023191062111964580024980809067815230688142218484042914186662317755412686368550977323971854630536866424462758435493300280045686651015921756198405679"
"-61/50","0.5806794299324713504885242258902025820272951713625315009990414008705454190288867688779595337697125884179763565912467417076048387926801397287178812972149405138655348024471292368542104777122143375018811886955751117000792843310801950990979015036440896385602661609446662920919954004394840535903"
"-121/100","0.5919933563432909600919906265880793161510936979108608485977964766934796242113595917454554048850107771328135638342669893473023236653419802072026381665211120358933123120368205290833638779694244125793842549266454043337416786058308497904716156646866573076159746393263061461809724131042801707941"
"-6/5","0.6030643255455113017855287164751792754593985877742907092198869560481342958236855430208069494628820038428861282727832767808309112888040207832182681797401959630455960225424110793546350669322339817919399739271838822242282461563101702824980360343873941093378755667944059061898993461223575393501"
"-119/100","0.6138776457718477183278092612927073681717660229508928530441706394174658916377264902699978765490544690239792301625686344536333407822635734863995627506089782644273466590445144609223270905721791228573149367426506565057442138181763837042858911456718192711980783706225583176673441849736244608074"
"-59/50","0.6244183560905134219269143547766847404314924542141592369257899215832404421887958305507261517502947682175168307057305642747331296876950332692574563502960108129159063632012063794111043256134162518592677481900177428066701394955764873709930294197555949812228644000764376996098168138966532341322"
"-117/100","0.6346712333503507560856492947250285899424532430918173917487002564028151677650191643141969613036407384188972891720516370391258156885885662627399770816043655745984796749685756542061330556822321016410040692043129221764789408003251245800835507609802111624698867885128614363455955943662746843393"
"-29/25","0.6446207998053233512946521185134658006751249311981475153010653668118445890520166227122833540843087420293069701504167658817124295729974150643480741088266363517401962926409473773210813931044504340668849547054906931218673421076232577517436148051406062492743678963863215984402991032583761784417"
"-23/20","0.654251331401164505268912776213261149165367119373324841137680940533436035672512712343892542406603900046115559799580830184661979307908789580728867246053777804628378777839097616705890020772448106971247941291349815617374183566695687008744872359914745587254900636372196441593465258549752920603"
"-57/50","0.6635468667010284524807862476168875024369373908957237430697282766223453087634384243153663076980345440574551088567917926376212738415708590303864955214917017324502894549850194982278892680521679449941659690861986232056963961221613978458334066544203607942702621426789245418615499978386451578665"
"-113/100","0.6724912164207585478981621782952794684296790679837437001333105906862674093476727656965549147108628287164127738962267972030516791788644204242264501648274574009281797860205162945726172806107592877918046534568470298621996253706163901858020656813185965162380141932388767096325308675257800212336"
"-28/25","0.6810679735379015685901749873550390486242734887249756423102391654995070375857337600105002411746622561256226299428552511560991768585550226675403507293877269915937266349877016629518052341379261576821069711168245089837284231760186347399276701031223337565636359900315622187011575493369652914066"
"-111/100","0.6892605239318974530737523877202286731408234604529554273318004101685340422304995325148862998841742197243903168962409464947644807231463027886501732393605964506628065926864287180205411217068929791762715014032398324785118992733557551814980407036562817435696561718476611523840389153222283863221"
"-11/10","0.6970520575060013266156559222174152560922211678225516390162938998758273865904096093242193124931135435986715722970418631624130633028958533115301971673337126764514519602804655347895728915071995169234048234262039473195646836605885828264334973276114568331923459111765360497176642378916389931719"
"-109/100","0.7044255797344973912539772576762148934427874819927908174325035205798487204024331272736122542686410175456972217372327745983208429213349269488598045898266055555335002759547841264723683036191264687212997176706829168764416024235658148629918669532152852569243348224167247177941233289950898020798"
"-27/25","0.7113639235716951826098979852304528861399585149300689187618781664887840220745666851320125749932178147803406817191292264397275149055295487376483028493247779398864752403522566801485206005625701556324986354172131939739542826504352251957991181455978457603666316587779035160445285371550492336163"
"-107/100","0.7178497616521158098114900329161885626078634027004500385758354789331548717026547140130878361045314368128993960091996549384392748205770785655943927121093084211204916288272911976862149474890758849649581142433337137816742321177163395238828563974639007412203517875183606017345810453640871293275"
"-53/50","0.7238656187042418332778177253759790594594567741220692880027016466583152924015898388481175369237936123684694918673358543773685824206659209753619493722379208564866426924251337300956021791480776556479854769716739021518479072046972098366842619184688375399013813215723339918455453918514582305784"
"-21/20","0.7293938840932865135531884358656389857076737365875062140966024288384500162471458974244637525469030087064937516132224312761566429362717514271757052720038604557134194741374138680734106370206079431487490040063023873340940448991399597847329249111024433760509188370680026257559916897931232253446"
"-26/25","0.7344168244017073509085389535492115550372578196255802832231906264291110233952108738347914402402335223448856044980698561673732100932986986533589496139321996365734780726663293025672049688706179853616528169783555565698300025425059227792808328447976042320616212630804772202643630415769622694502"
"-103/100","0.7389165959497196461158305084028023446492620303044040477639698189812706470966045035899586970655586372837530014374580835649393539371255434385658201927325736313373767415549777601248697908066648858968884549615018844239977120039334310779336016566289334919134350719225037304678749660976924155969"
"-51/50","0.7428752571519356401077145341449525627979123016395986336904152687896140435535007656666788031192614738634076030954185010258956455600046507681618576599126687088089770302109619239834368285878658064769516506383779921938872581268188078715155236907444330230545183162717188585354342374853635898997"
"-101/100","0.7462747806005432728895856288638902578134664495924251233472151016829006951705673949898198652012303201950271394218293137636731968813775977375558161014450660862342656183078137350781742874626304695657306780148664433465442749841881302967868302260993561167925324008163957899388681526219147883322"
"-1","0.749097064760226947969389678434459816231548233849690906644714584382199238616677059246847135247136781117304500230594472737575818222568050062965212449890099836117578133094849734058382915450414710980010933472759718564869937401640069200893155604379377035223431308454538753846428018560778385205"
"-99/100","0.7513239451554029646883250435768742676970506204262011687548256480709898360800256968753170606857531927599182353307634125641190481472472944397076759523135122967177486302248425252872749692836059419723977426067552754916790203973365908546941662710670997441905282595496982243292947369080923241794"
"-49/50","0.7529372049263766867283857092207766330483192290548130845275403002313430027153234466758446544340168496055779640699463665959700905866095809394248392436760775666807236641534779354259309201189619227978494722162995485249646474039829939830480596595367115888638893509521206951482954532351730468606"
"-97/100","0.7539185846278086589113812857395797652153212470894919797614138288439164703315247035196313298735509052974749487978247280039571837035536299836852628450533413528681626590432723841324244607813959211841014786685028421644766772009754335456097436220523728666294678892326824443903281039885701734358"
"-24/25","0.7542497911404830827280245816258465156013284276906360311632118690180397302344883827991259022417035887547246159620576759930192436598402488666653196317913507284433486390378985089213892766168485173292252281444838987155149864684795907477199349085261139163766008530378651236306475634127692331737"
"-19/20","0.7539125055658826853769164597988978956382920018777526937115072562182773293071516376621290336833084824623393167187944753589197662526292868912044690872256528298057315896405485182247114162394157252739072752069759212209749980250424522132089278758257537701582356467895037957760225185215299380666"
"-47/50","0.7528883899725649122843399414209101310169529274825346014667324506549776382836172353294242889994408159239968602259514985426936029400112235119812765105348976174181439515473204453048872867023129348706072964735571412375376985512342535559657037751298371124722252251355977407437132662461204640242"
"-93/100","0.7511590928638783733402394269907507166023467996557305935543285264810154867412983537088430636295677941812171055506207718656632304946668222829731893663205812443276315800162521549342869119598156461924808197671143224441904859271998057764240105795040447864668098377108265545614297094066097472912"
"-23/25","0.7487062532382250428693899138806311376875895793365294586117851657174705864879626662728858874034416230135883277696103147090145750375831543476683382604632629391188159087321840332784229779517181100436665036947678734473511142303692038994439447801995861887571501531569376714804066254602767439942"
"-91/100","0.7455115031159287402505284642172240135820318822883625455044591098248504099103672263081040866047360633463807922135660421373125230126563328751841396760455975546619813971307039263391232009361537871157037219781028970702978899976676364733708676865501714026582016153710417454742121992514557468442"
"-9/10","0.7415564684108761850987756137762267363707782809709332834360866120876482533145271067252406933496912828571950434865289778228043236382629109915432437036886997031456462404431708931853116645793710364383703863680807973524573469032499592342493498552609605116473239242503930237866663031454479970476"
"-89/100","0.7368227680305122846828901000754285134280571050301963702757616447753181448922075131728100589014755247676851837196900556380878834510269115821438488611019950051255908146115625934002935652130027768760260158326125815933898805123853043675444879342105132138928968269566495779142666320877579887808"
"-22/25","0.7312920110945521117862576622935430314741593801365423598577216888171379937737767208528776872051761979744325622310600637979918198507045167761143422581174166765342712355648852338751741803555586088741695756368017656810045537137607748300458711260976921480996049102162670707008441259645827699231"
"-87/100","0.7249457921709717571125792153236096703080984768083240965006874304486426051760486093827466571231478260557411189984197440884231151191410123124570558562982951863152335510899421464238927784153416711676462394831639515216521896359407616733005108302538463253325136065088125966917188898749633262972"
"-43/50","0.7177656844375109712030586646894113098629575754112063091054367593676802381641805299828395155118503479471112403430902462723617579913084000747967767305481978736030613487653183188291604972219834823385913363591165061742430025662674625545951840396887678582242687053136304371742909225325909134753"
"-17/20","0.7097332306881141567122106418948705970108690866843317724979111131254465667305751173926298485052967672561294062617654446293726506651436205554792384554139622222964055978164192665112341747226551188656660880482750184063891509037148514250994143973274989971934486393807769517434316911043390179632"
"-21/25","0.7008299321165061264454989693481391393963352048275900064664166175022105697361094175334408157044659319486875193387297764346176250671635180335441128285378257704308088833695848026926900174172718445266614382271316648575733768826041107854488662578802852368655139915107400101003472291048254313087"
"-83/100","0.6910372348235016644028136296889016085234825681648619699451376038074756179304176180509904004706365490155860740220058757267286643856044259758886275595455127528970119887657011791836010417101762276891509654182459610173086233626608979475546244032502732707817089286497494993146954397676671201812"
"-41/50","0.6803365140107453611047511997446347755758098283159971147747525689974782472939599774493230700044262465422926116668212801955507385772504987237054846589355913702723758606820290063012627340512356857936714528335155448528429499712321264272054816360431518659819841299538504406520381667728194848546"
"-81/100","0.6687090558414405434411365272371865384061685981394124205202992409140384195733450747599695221566723661685339200693445861273612017268216011425443362383046977762486982647120596375442614977908947038427486211953011043258408290927753272059774919898504782959968181546603086260049719575885824425805"
"-4/5","0.6561360369683344752715561095469121506670607294418021109997344737579193704999425888775410651624564529154404566072358018854956997025798011290507082144096987854508309868162257217142878433522194772419519612211496663539229888347841933700547337359527167920393450046739814983350663883336674602963"
"-79/100","0.6425985017508767531618024702586053964997366149061253854712079529833147299760238304476130484554230848292895293996629701182615242333624466620308620058089098246208411468591807610554929246282588631997523890671831808130643538990591695784571620774146612287657928923310488391847350921810553797696"
"-39/50","0.628077337207172335350641292434456790420976843813857543705907486444199546603137197661579054511489019638784284322939806174770561895152788909490054858037348978148233685449051112264684923858382847098488420344646896982505043162934210728359363486311485622457473514271928917623847572045379073367"
"-77/100","0.6125532457722454054585248096080408592041692827174486337100271306691196915918070671236581882947727509662014608070096612862669453948393552760704931734868165143300940872452354129005136901544634052598864861343979200662662558840840765821070935404472954453248448912698565596489517108371643522471"
"-19/25","0.596006715962377499323760219630589042588551894154332944486026857191059375002435076010033338264991054262907258723793924954452549966272296079058412096414233847498756352897999788781179573605779830689056692555782444695147928522620737210464360211067721801516433305012113431221048001051872128824"
"-3/4","0.5784179910760772068649909402928995688321338659608239787795931830499483010251568847607611376552284503211595504826648800246561312031067251773859594739294093075317926535464366067883560860211405591256575479657651372493677583368817259015001717665270798984774923333037886263782795326997214583752"
"-37/50","0.5597670360958116174034953242966207485715745167331531338196180183037343326370600978789816368940828384019457472334258163302619868975569840312386681542081015721967985891937378153388599447413969103665410630997153956863946650312278182612407514355612573511207805274705849177921342447860516087748"
"-73/100","0.5400335029912594998244339883690091785876077814407571355797393080213213214940077514759348255971502148781838453556213428866673420289886036493193928271347701213430794837338160285301643681007456918955668683513853958846727910054828833653927301539188712830145432655049165242478017779289269556837"
"-18/25","0.5191966946648666575456885748024015969067840488169073869123745696022629279924396291961054148772095688310187912639478259404568593967542914536924096255482792552244887881075168481984388883543722368966232865047021575987007362586748449747682691153819963369762857431220000130711113627743872327216"
"-71/100","0.4972355278242987953556683587086546845146055153972875110438916123644805200462794506603104922007936805929239732164276033378790951641173923512350311893116721907857774075530097072396412880190322844021434438560090258791091740218004945292999691980082796729619286175248206515925754501969901178024"
"-7/10","0.4741284951144938776029200286013753606221549530457604792190629373097413490106740453416364322100774380351763876767427655881182387298103480901198705403075703550034080801488704227454064854694753511569669417018016467261705784662717459396173768727141040313704355254089125283239290012511049494936"
"-69/100","0.4498536268950464553438474811418118633211857626168407525263444922408794304113460601795874933319518221894420868181347930626707284555392298453506787305986614471258367354912513940415367371089429741375817712052611391516439960995500456897184801591660096497963127728498699094702738600885689525289"
"-17/25","0.4243884531074575857929710783108343057846248986435182016698008379573990323355618056147752837960865088441346652039185146010498342018523875644832093210010826425123195913678968314951906507798063497911448749959048295264094490417556572290089459533706809296803420460156740538124354649299847770184"
"-67/100","0.3977099657425832916192514922380758170853085536931278751223097013890819806289604072256825898876404812168452017503115830162767287263232269757779472077893262500852276653904607234525163922462235807245941225651731120959050335945342646055398192682032737430969431367728797231774674262467705168017"
"-33/50","0.3697945824933892071036511287540013871199521063838133947424729298894595418916950467786452228053781420961775869544474924889198704158869475712562145714036996604280781221578807333356772194041917815783596812043959145490043912124736278087294112394765136151602307529663589999606446853903037401818"
"-13/20","0.3406181122654710962872946794367600315711847567683203971188970570408921672832405097202128618245102736193802965615189275577182897672955798133175419744623909188914206759647234473283226865978657538284509450952676015846851488600645618820030217301816576635836632939925379683276242081224800921645"
"-16/25","0.3101557233251839819664923493605349234344097004367046592350802889224967886739428080338412350910894932188340782081120330546285241544295990098432640776448366265949743014646158342903168720803553573641099727503319179658389323589680307120922502167414572534268577283673212054775304602436421210375"
"-63/100","0.2783819150100823739721746257135947694653481537785782916722333895981411667401082896079788226119390921587145063895929748447063878650127889461311956563081751514894256541160261034774317374897347473530342445367781186176887260398922586225838407278643183251451485519988643319537492431228049952654"
"-31/50","0.2452704941547715242636923670387883284274411401115110456588046653662451253310161360356055186375311149123821167013980756152368767496254831737959004235049246848878788389560903427190563717654188432717348051296060670860184894820731832912996312963825663964276722893053500740564827638610905032909"
"-61/100","0.2107945578353802696230384993617114972867124582380522810963979222191713120280431127219896513321072978414600624201614119584866451063623611575961160893768167978716067267782543072831076665299614559240713682528976884312437188989653392592418590756088842804559674284677605500109525338069281062628"
"-3/5","0.1749264851892767739282653265941710589624791452780214895224378899517520770335120041490071925018235442639656140805041012194723076130113664422963166853427268901602913036003393612378279760373622383322414478323292862665921323300568361204250421921790703288979558884197417988545432272733790910526"
"-59/100","0.137637944961625473311675099383833089400387163150027141439803184439249014455377145956861557240393552937827422608515246366802149210053103877007716687303401228184493940705442102367101746725744476037024832048927253441637049464186723156939838520996524862316831052506089436185436828919016066694"
"-29/50","0.0988999434575665164968679791740223987499485405408511529914056162165904878789539673921756957938820504171206330064731819867678383732907253120105636889018997171623298581319765891567349888997861173168249564114699022702316446677965351956228971146829998421752525390240053037796780167075455814671"
"-57/100","0.0586830708621952899596777540079497163566293302931383423549551166048938932815716343121873367884199782746312931077101305947285171565188999022038318093530220336735612649871371161623201650956968356374920221727354717452659910720767061372931594484568261979824596736125098599462958091228667483283"
"-14/25","0.0169612604084895933855122210881636344412097200033202678477602969463056035730234904093583880607561731104984554548724045575827066779724659434224316826358727864651250936736239414923090815299129661033394179382879946231987484830569196856301366090014512129851710284198689579817919951320883231487"
"-11/20","0.02632151759064398005723697367034734447257969525273424644781200402304964324933200045359053227213563276044057097815155956468712165123303559695438182345001973069532391478541967741627274999548937497905224121974717885529486713126761386584724560187509208845507274430077993862753122997348782314"
"-27/50","0.0711597867578019896519075181571223720067751361406543712999975828754151373499856839318469703579466364790258414857284075786252144634407299460607398896841285555170097077338553841908306729829053723980395641849090035838386992410197736559328055363683966370344312787983935209083773002169361350776"
"-53/100","0.117605710584825123374733613671308830687765099801980414848093549959885123272692076665440075584649323475560126048067303405059975734223571290058818706728153171919297953106866467194064016576480534556969371078848327731024983093226083994357148415421589854338992936139447075255754838739421023081"
"-13/25","0.1656897225937037987377557415937299555668762980093799472869870120602124608070442488608984171805324762415838111171938888161843914060366057513360383970057379006354353725480777178935710887066565545178594381342800500431735498039191754587540891095675512621743868027820999154819998965595113491066"
"-51/100","0.2154444393618572741438550368825458644584997935386789584872611974732590879900547112072946474465132542256799985768924078688032454960769717717219700690411934897269027438011154357563811740563764091461370588293064083252087585165175615368935016606162184594424957320157369625023046093320022104813"
"-1/2","0.2669028084885851940144772773668740418325071963747257144423509192624412776729020723466844857855758537686426048672337293292966069649105176371043802256562562715255831057607454341993828844484507060057527233933824161344236526514585667836176839573548145129074838756315928885051441543293467417743"
"-49/100","0.320097768637079224252843927495371203582276866003809243409926422652376095393254957694913166241283124822361804102569703560253806410369035782191236719043820071344271701110219163253368728169851563885172578950130448114643938363342096511611982787663848721822002903886929012814324307521530491645"
"-12/25","0.3750619969292218665619413658221603564355712856073715923860234495265949252357972764729672320881014709346154754569033053727326773529471487206537338192141685414604793395720693109893764512147595494820446513153887277369682852132486734475448526338173875419234689379737210724734799390643173267692"
"-47/100","0.4318276398682718638693689976022926799769463690400143067969749834888554256814514942652749524516804479737513644010475877268472610680887299837904668454101029811196377264411178641495297040576317665990245259883479041085081775071075437896764120522097516823182486069039914484984354590421441091584"
"-23/50","0.4904260067705565962819137130975435427341964376153841880103038225051157903375982252472593977102201479242063122525478110647281391458717067448549992686485796648241941423861868595257406467553727299791272483127880502205931996197013843347235363267865877296608229032618259061124957223339374737941"
"-9/20","0.5508872169799807519303844954012322308237151977320993151329254400229642112900993909478163272312424305756275757108265710477567687825135672175259855592370908810534081219195729297433450458214235841204514045685425196966029866132405607980416458154960420717280117521326872086753903717884571578296"
"-11/25","0.6132397947081603772489304014941780624993319949536306391128310860205773518683228009706172846305546950216338581483138705447330460829033629734321989079497375923890228613575081119252127572312605136771055971816053485059891495482810708118521770803549239921039510220032638787413136197162553667825"
"-43/100","0.677510205937563818279771859249170181291939525013279908945100339290490520673285911738749061744115666208512361158546289170228735576172505490837811638769906579152970240897351523344899121657658832564295470943109979099320791476103367418321609851232270293362517844899164144959430475304523674477"
"-21/50","0.7437223319438130418361318172925571907379803132645346621874267835492808230999030931994378495197073686943845547937806532880174678935192568629156498841406129631974834771284533966438669946637061108887214279865281531398000663160997465704716901224061023955148954433519405044649590111580001468136"
"-41/100","0.8118968740237586952792708730900275406799688212700641913684483682419567327565338146325666989836697855011284438413902477019329259362336306757170592839825740736098223469837016332676657729460314988092996587304939542186268368814982644748179129858073482084870179545041597194266885969968147902472"
"-2/5","0.8820506840925317114791656389546007087653325275722947564274259536600264306810480599351033903806443263300163222034876592754730857408787068893945832362501517660441092635544696012036593991240117221589582385799605137088282376145118053369172745456202022686048734471210146188790989618145695809214"
"-39/100","0.9541960160034973757782352570981417608332797510620097298506209499580846148008382981991521761949967298034349970646483529430026791994844649918394332604005528188755813034857840495869258283595348437813002805979720982094462665066816744532042546559011130242916634138360157763182431412967166246856"
"-19/50","1.028339692800524308734276655034693820940943967688916078297143754566368070158799522063209365695518372181728565518796310439776034038627529350393045116277077794832763940747054955177825599414826047844580869587370213627628481357242295407458294491262082796608126326965069661890835380556061661764"
"-37/100","1.1044821856803840976374503422866262521528462686923163394303953287593633572987979331329736359561847482566150667911040372193492848820800513334872936170874003533041416838686142706299839356983620630944464584615561811446491741879778179261105246087242368959394157780050706808636988412329157950417"
"-9/25","1.1826166012750376858047510494895798211333598241772723456714044126223917357286979601566375746377360404034959066454687072577024987061720636079579144683616810414488091814652784577365915509670313345661162245459836556854437650314369699094068887623625971513118654250941894957560830047347031167749"
"-7/20","1.2627275750136216149770610909255935590877192083328422796712254231178453240185186333301210392079358438079066027393182574559490478335710786412653308959417446782139926100086110897400346220295363460099350815028240871402534988953171090739055369432777079063323094360092816665539221670204137598755"
"-17/50","1.3447900698505919135171737390581133502839771784733494874447021049523508973953718274771569662534145520057110604364086113114313438967796289166369479283893462907324368712914330022529653299307694325854506852004895375350408588696797489462042474050779687002704296617678903684651911563864511920885"
"-33/100","1.4287680816109788173663528997107448918276044012707335701399421197088857249442260759306554372033174791442154490927732547644749012572900068159183962418726058982179477189214499831715823880647033831111639752623504585124435646982036773489044507041903324226085278331788870206280790235446814320164"
"-8/25","1.5146132546680491455616925289349743724524759355103995360675192270042168942308023110767467763649007860322880342560402323420061642079259478246391413820108968796404941652398409161981069568160487182026292755934166441117183083231818577009507729441070240042788616666845248033010653582693710367859"
"-31/100","1.6022634146924908530326173780914002387538257332181832013417899856025803020601938625257571085137902844951665449158347292133087537957023208032088008229416286035958000663212911442741581712519020390941737431099830964438126654573175051746294389446681102360180029994278428911217427638869610897233"
"-3/10","1.6916410288484740602449631237457142399843400270728620542348589872774150942265607473909314604713573958164417126029455051447048552972372099415023984638328855580903009242808493954578643573899343363214302901512531153467580050149865535207783722378922558264689414201002968421960889495125950769868"
"-29/100","1.7826516081012117821798839198691426484582059203672198360639296144258507764965280460259884265160827784666165987736191929167468315931798530733039899377743098763100476022024416840014811691340554307310279322620566028140278491528114131399594604900650746241612658006987458910918703481938965594202"
"-7/25","1.8751820712640653064310259435777479746078493458791204292005297003987091858620472749007958607569426430843231455669817987313392678563785011298136452468477343807712447659986599200500587761347579122332323707108973346011704541742083096645962681047273169311187088168002071035488869319698905108216"
"-27/100","1.9690990960437885514867059233029184556873393551687202126962206787638208537793852440775195662379291817057630980168269730759769317998287962083789528510968745605807916488124872431648245176614412543188626052606077979815020837284166547576032541570229063952596838992065350891246311489057374888048"
"-13/50","2.0642474885949075417419626681591074437121214959306484429474780574876256679475027350843375925861938165804397677625923597371208198900396658396518996540258657305242830043037967054340281101713145900602077661318455219266762139403256493725073691374685121230813912002512351891315167337740660397214"
"-1/4","2.1604486098737014708068648065576190310936899108947024783382529840141553965913440883870304858351804674927186396272099096890058458894106685601527701362797911544593894355347559326867894246668522971771305124069507202655643096068885929094918787243732779607280107247169082014458181644526902870317"
"-6/25","2.257498904232619735267830145433497028087736977215256130957632529462925805877138631419479333581290846125759245222599157696215077053587145788729573845482396797398182206162137159763630909030526234828737116311628759579527569468251500603598607343294455289694381203294395527278317015618034693465"
"-23/100","2.3551685829880428564784321850303139358007623840624436063368744682173991782917119489996021835695004195863390463226447215881601597726193121680901381048813925741913197949566354478454529360539708051659376181619206925373991238374700728453724775028078545646339401720552675525956192827042264313231"
"-11/50","2.4532005228157205081365026510465659405777971408386011870601164186801181170990540068518993828422654183100893763504925496415430808325609057795208864388704103840769304184382498305116372399245445768001943329626430707816877146112637801464632423302732954897332885865876101914154737420805197418954"
"-21/100","2.5513094453764977214092747867579927520634643615167896435365449388505584826399874402627872319738917854200552244579592285926351105952020741706481334570695242403624999633060544556940573058007283910044221379495997167121940002753178410460068226373954897639247270134840262588953239772549647929934"
"-1/5","2.6491814500556654608031361846353632765520485167405306383734661896314119236072689294995097282458813737795288334340293604408368748494913393550421369384834232142093073712478310650010936267176341797434044772198200410940173104978715811845885583278426063762095310381972777749040984473261612122377"
"-19/100","2.7464739755319746451356991067253844425423194732089784178647515325343439374794192023677232482147552047536059994922239394603308822978239745676576404074786556036526694248453612637783527697809698833190541755761025420098839180472318114816094407844113092457874339673090772988812910696766826785237"
"-9/50","2.8428162674264560262250588549743653130705801113058419557308490238781478672235456430195447716789934901493960363164250333047424783811012533244209173371520388184675609680668225904273333220258200591226667904115689209968482713151275825595998126966411849931446996809785864503121607918767499927168"
"-17/100","2.9378104278244227269955749147092245120826610071517697496372787297963080120792372494691959226000141667912329539002724408828957835869987305755627385754583192585195514723580664063840689004534591430510295994596617999900130149946639915330338220650799940483043375482791402832910466678141059119343"
"-4/25","3.0310331173250637685820861513978875608665442148409770040449859549897435311623505654418181196449314957264599959759174424766937143410467768337032377185654119255257881085865893709039245952086685806824528005023637375149370812539254385856582978359892533392861763466813688347848778018766535905014"
"-3/20","3.1220379708189307880674662912173099148423348085501690722113576277762944572268623210833684034676702977109214501341167883811587263956766185083608589374511084083177127403352059074831485506733033824950001803450943335284088057018226850049854274087291879269470160054923776938592446379402921879458"
"-7/50","3.2103587739210334575120996310899844061829962325638619176632762633512417840682825432555100602313095308876274904830611993068583855330624181287749293241552608555850401490344060834578690644806055307831062244861561787541506612876543160637987894556009331087914127070717196105013751580873047038129"
"-13/100","3.2955134276039421581956487462751704732969682568671679679639757000483046515707429878516173472367030123111048164111446277617436794094928982338238706192384703739523615546605074609746304117842359342164140375206988496992225804613295454098588112548847015607232412522754518751153598003079195057259"
"-3/25","3.3770087040857328398962924523129719776822957383901077721365668488385198204729553887998809796650130889614356269105177893396464470513766303590974044373979156006248960208377023844698452768023707415821899723481083321460460657871089774930092631854542927769634111707837353936464351274897439740665"
"-11/100","3.4543457678137477234035975685077193132224182498047680740282523809003116524617496918293696253240357657810453568621282532782006714649462409649002109541398936602694183406544103048169708812032304401890315360363373107644822430692686403449518637013607276658121613935133728513904830971132031778787"
"-1/10","3.5270264022706508260238201876069203524589190056032609339755007874885917188164310611358358559416399051703583293547767443332559782785571984266262908470902019402302696879857858140930745583064141808491967228551235544279524315077607850135059099260685061876666950523732872956212501609684982352921"
"-9/100","3.5945598476141401448800567880012966465619056177736962218007379408781314844635462570083015113642524913958312969303947741272984477944301787319576896094697531872641629829957566952791496613656878307678863845559767393210771769717866423527790662197769975751355439761161182490773846468857621244259"
"-2/25","3.6564701176142512797889682355028308470217334555781937650192984336590955324286055117785187171659336411207404392550344904361442336815857462790015157951010859109301770180892996579216473718462723471296767432067949282667696654653690305489748355250836576105538066223749068530538571289345445752699"
"-7/100","3.7123036291475951957843457076558150641688620326011504849285999465021182890313572149710699261553363113082240015447247577613226621122145273907415961441478584909420415585511648519099170593112502403072096469483513313409600825526600190764183551413035893546047843916747829542156941088345123061912"
"-3/50","3.7616369461073307590499461484878654218468614326542338327389403593814296587289796860654295871686066826342812169841009795185652222519184988224008146530346508509618285798557940563152612038088300275324131317472366148667589949625123027779478324759028921834658878317106976000230033246901991672255"
"-1/20","3.8040844145598834973337067487475548949930537248484327828365512957532637863309027806180650130602091315064682163895901869371386704266906542355847905566164916702222149887423233501555864542104891555025071310937274564586862198266857203377746155342998400714600802281759356073674116727002782945671"
"-1/25","3.8393054497747651647111085394236651778566034221150411500766862801476031530036051298168492352083303778237066368453241841163865783891364475498554617900466185121132159131483998762671863144361224610709488203511284942469441655872169271154385751478971642659442704639601253953264024142302080127828"
"-3/100","3.8670112304515336091925515591234326896952684795281692731539820582145593538631148141943708527286862901227903567674474975693423559610812154443605734042248161095585680116592946485066431495489317214251155361992586021302150123496677999514416611337801513700335378359844467284123494191995857698214"
"-1/50","3.8869705625246233440607560615177312877467908222412766366926213301914104972922182296882481537073938247703823169341273583095174709789627628199745216994048363988768589907528427362855095283060965042125442304421520529925246123773706792550608506648405177168785125118845742946115564053892846734888"
"-1/100","3.8990146949602671547552280147575429391561634106648018162384020737480384317944340563601972647726461674348153000905159513958154766843809120190410183173636711092652303496729838650856308822542013250266738157303639484778033883735304501872359925415877727921718702684883908667815795991265866501065"
"0","3.9030409026013838318787609681272817055081042185263504431654810615271806176382022480900489407397449685472436699637933968740584889865066923259270995940526112766315918417698809427936913068032657243426148159564904928863408252888521655312524547095052369227533179365304243488955266782133157197018"
"1/100","3.8990146949602671547552280147575429391561634106648018162384020737480384317944340563601972647726461674348153000905159513958154766843809120190410183173636711092652303496729838650856308822542013250266738157303639484778033883735304501872359925415877727921718702684883908667815795991265866501065"
"1/50","3.8869705625246233440607560615177312877467908222412766366926213301914104972922182296882481537073938247703823169341273583095174709789627628199745216994048363988768589907528427362855095283060965042125442304421520529925246123773706792550608506648405177168785125118845742946115564053892846734888"
"3/100","3.8670112304515336091925515591234326896952684795281692731539820582145593538631148141943708527286862901227903567674474975693423559610812154443605734042248161095585680116592946485066431495489317214251155361992586021302150123496677999514416611337801513700335378359844467284123494191995857698214"
"1/25","3.8393054497747651647111085394236651778566034221150411500766862801476031530036051298168492352083303778237066368453241841163865783891364475498554617900466185121132159131483998762671863144361224610709488203511284942469441655872169271154385751478971642659442704639601253953264024142302080127828"
"1/20","3.8040844145598834973337067487475548949930537248484327828365512957532637863309027806180650130602091315064682163895901869371386704266906542355847905566164916702222149887423233501555864542104891555025071310937274564586862198266857203377746155342998400714600802281759356073674116727002782945671"
"3/50","3.7616369461073307590499461484878654218468614326542338327389403593814296587289796860654295871686066826342812169841009795185652222519184988224008146530346508509618285798557940563152612038088300275324131317472366148667589949625123027779478324759028921834658878317106976000230033246901991672255"
"7/100","3.7123036291475951957843457076558150641688620326011504849285999465021182890313572149710699261553363113082240015447247577613226621122145273907415961441478584909420415585511648519099170593112502403072096469483513313409600825526600190764183551413035893546047843916747829542156941088345123061912"
"2/25","3.6564701176142512797889682355028308470217334555781937650192984336590955324286055117785187171659336411207404392550344904361442336815857462790015157951010859109301770180892996579216473718462723471296767432067949282667696654653690305489748355250836576105538066223749068530538571289345445752699"
"9/100","3.5945598476141401448800567880012966465619056177736962218007379408781314844635462570083015113642524913958312969303947741272984477944301787319576896094697531872641629829957566952791496613656878307678863845559767393210771769717866423527790662197769975751355439761161182490773846468857621244259"
"1/10","3.5270264022706508260238201876069203524589190056032609339755007874885917188164310611358358559416399051703583293547767443332559782785571984266262908470902019402302696879857858140930745583064141808491967228551235544279524315077607850135059099260685061876666950523732872956212501609684982352921"
"11/100","3.4543457678137477234035975685077193132224182498047680740282523809003116524617496918293696253240357657810453568621282532782006714649462409649002109541398936602694183406544103048169708812032304401890315360363373107644822430692686403449518637013607276658121613935133728513904830971132031778787"
"3/25","3.3770087040857328398962924523129719776822957383901077721365668488385198204729553887998809796650130889614356269105177893396464470513766303590974044373979156006248960208377023844698452768023707415821899723481083321460460657871089774930092631854542927769634111707837353936464351274897439740665"
"13/100","3.2955134276039421581956487462751704732969682568671679679639757000483046515707429878516173472367030123111048164111446277617436794094928982338238706192384703739523615546605074609746304117842359342164140375206988496992225804613295454098588112548847015607232412522754518751153598003079195057259"
"7/50","3.2103587739210334575120996310899844061829962325638619176632762633512417840682825432555100602313095308876274904830611993068583855330624181287749293241552608555850401490344060834578690644806055307831062244861561787541506612876543160637987894556009331087914127070717196105013751580873047038129"
"3/20","3.1220379708189307880674662912173099148423348085501690722113576277762944572268623210833684034676702977109214501341167883811587263956766185083608589374511084083177127403352059074831485506733033824950001803450943335284088057018226850049854274087291879269470160054923776938592446379402921879458"
"4/25","3.0310331173250637685820861513978875608665442148409770040449859549897435311623505654418181196449314957264599959759174424766937143410467768337032377185654119255257881085865893709039245952086685806824528005023637375149370812539254385856582978359892533392861763466813688347848778018766535905014"
"17/100","2.9378104278244227269955749147092245120826610071517697496372787297963080120792372494691959226000141667912329539002724408828957835869987305755627385754583192585195514723580664063840689004534591430510295994596617999900130149946639915330338220650799940483043375482791402832910466678141059119343"
"9/50","2.8428162674264560262250588549743653130705801113058419557308490238781478672235456430195447716789934901493960363164250333047424783811012533244209173371520388184675609680668225904273333220258200591226667904115689209968482713151275825595998126966411849931446996809785864503121607918767499927168"
"19/100","2.7464739755319746451356991067253844425423194732089784178647515325343439374794192023677232482147552047536059994922239394603308822978239745676576404074786556036526694248453612637783527697809698833190541755761025420098839180472318114816094407844113092457874339673090772988812910696766826785237"
"1/5","2.64918145005566546080313618463536327655204851674053063837346618963141192360726892949950972824588137377952883343402936044083687484949133935504213693848342321420930737124783106500109362671763417974340447721982004109401731049787158118458855832784260637620953103819727777490409844732616121223769"
"21/100","2.55130944537649772140927478675799275206346436151678964353654493885055848263998744026278723197389178542005522445795922859263511059520207417064813345706952424036249996330605445569405730580072839100442213794959971671219400027531784104600682263739548976392472701348402625889532397725496479299343"
"11/50","2.45320052281572050813650265104656594057779714083860118706011641868011811709905400685189938284226541831008937635049254964154308083256090577952088643887041038407693041843824983051163723992454457680019433296264307078168771461126378014646324233027329548973328858658761019141547374208051974189545"
"23/100","2.35516858298804285647843218503031393580076238406244360633687446821739917829171194899960218356950041958633904632264472158816015977261931216809013810488139257419131979495663544784545293605397080516593761816192069253739912383747007284537247750280785456463394017205526755259561928270422643132306"
"6/25","2.25749890423261973526783014543349702808773697721525613095763252946292580587713863141947933358129084612575924522259915769621507705358714578872957384548239679739818220616213715976363090903052623482873711631162875957952756946825150060359860734329445528969438120329439552727831701561803469346495"
"1/4","2.16044860987370147080686480655761903109368991089470247833825298401415539659134408838703048583518046749271863962720990968900584588941066856015277013627979115445938943553475593268678942466685229717713051240695072026556430960688859290949187872437327796072801072471690820144581816445269028703172"
"13/50","2.06424748859490754174196266815910744371212149593064844294747805748762566794750273508433759258619381658043976776259235973712081989003966583965189965402586573052428300430379670543402811017131459006020776613184552192667621394032564937250736913746851212308139120025123518913151673377406603972136"
"27/100","1.9690990960437885514867059233029184556873393551687202126962206787638208537793852440775195662379291817057630980168269730759769317998287962083789528510968745605807916488124872431648245176614412543188626052606077979815020837284166547576032541570229063952596838992065350891246311489057374888048"
"7/25","1.87518207126406530643102594357774797460784934587912042920052970039870918586204727490079586075694264308432314556698179873133926785637850112981364524684773438077124476599865992005005877613475791223323237071089733460117045417420830966459626810472731693111870881680020710354888693196989051082163"
"29/100","1.7826516081012117821798839198691426484582059203672198360639296144258507764965280460259884265160827784666165987736191929167468315931798530733039899377743098763100476022024416840014811691340554307310279322620566028140278491528114131399594604900650746241612658006987458910918703481938965594202"
"3/10","1.6916410288484740602449631237457142399843400270728620542348589872774150942265607473909314604713573958164417126029455051447048552972372099415023984638328855580903009242808493954578643573899343363214302901512531153467580050149865535207783722378922558264689414201002968421960889495125950769868"
"31/100","1.6022634146924908530326173780914002387538257332181832013417899856025803020601938625257571085137902844951665449158347292133087537957023208032088008229416286035958000663212911442741581712519020390941737431099830964438126654573175051746294389446681102360180029994278428911217427638869610897233"
"8/25","1.5146132546680491455616925289349743724524759355103995360675192270042168942308023110767467763649007860322880342560402323420061642079259478246391413820108968796404941652398409161981069568160487182026292755934166441117183083231818577009507729441070240042788616666845248033010653582693710367859"
"33/100","1.4287680816109788173663528997107448918276044012707335701399421197088857249442260759306554372033174791442154490927732547644749012572900068159183962418726058982179477189214499831715823880647033831111639752623504585124435646982036773489044507041903324226085278331788870206280790235446814320164"
"17/50","1.3447900698505919135171737390581133502839771784733494874447021049523508973953718274771569662534145520057110604364086113114313438967796289166369479283893462907324368712914330022529653299307694325854506852004895375350408588696797489462042474050779687002704296617678903684651911563864511920885"
"7/20","1.2627275750136216149770610909255935590877192083328422796712254231178453240185186333301210392079358438079066027393182574559490478335710786412653308959417446782139926100086110897400346220295363460099350815028240871402534988953171090739055369432777079063323094360092816665539221670204137598755"
"9/25","1.1826166012750376858047510494895798211333598241772723456714044126223917357286979601566375746377360404034959066454687072577024987061720636079579144683616810414488091814652784577365915509670313345661162245459836556854437650314369699094068887623625971513118654250941894957560830047347031167749"
"37/100","1.1044821856803840976374503422866262521528462686923163394303953287593633572987979331329736359561847482566150667911040372193492848820800513334872936170874003533041416838686142706299839356983620630944464584615561811446491741879778179261105246087242368959394157780050706808636988412329157950417"
"19/50","1.028339692800524308734276655034693820940943967688916078297143754566368070158799522063209365695518372181728565518796310439776034038627529350393045116277077794832763940747054955177825599414826047844580869587370213627628481357242295407458294491262082796608126326965069661890835380556061661764"
"39/100","0.9541960160034973757782352570981417608332797510620097298506209499580846148008382981991521761949967298034349970646483529430026791994844649918394332604005528188755813034857840495869258283595348437813002805979720982094462665066816744532042546559011130242916634138360157763182431412967166246856"
"2/5","0.8820506840925317114791656389546007087653325275722947564274259536600264306810480599351033903806443263300163222034876592754730857408787068893945832362501517660441092635544696012036593991240117221589582385799605137088282376145118053369172745456202022686048734471210146188790989618145695809214"
"41/100","0.8118968740237586952792708730900275406799688212700641913684483682419567327565338146325666989836697855011284438413902477019329259362336306757170592839825740736098223469837016332676657729460314988092996587304939542186268368814982644748179129858073482084870179545041597194266885969968147902472"
"21/50","0.7437223319438130418361318172925571907379803132645346621874267835492808230999030931994378495197073686943845547937806532880174678935192568629156498841406129631974834771284533966438669946637061108887214279865281531398000663160997465704716901224061023955148954433519405044649590111580001468136"
"43/100","0.677510205937563818279771859249170181291939525013279908945100339290490520673285911738749061744115666208512361158546289170228735576172505490837811638769906579152970240897351523344899121657658832564295470943109979099320791476103367418321609851232270293362517844899164144959430475304523674477"
"11/25","0.6132397947081603772489304014941780624993319949536306391128310860205773518683228009706172846305546950216338581483138705447330460829033629734321989079497375923890228613575081119252127572312605136771055971816053485059891495482810708118521770803549239921039510220032638787413136197162553667825"
"9/20","0.5508872169799807519303844954012322308237151977320993151329254400229642112900993909478163272312424305756275757108265710477567687825135672175259855592370908810534081219195729297433450458214235841204514045685425196966029866132405607980416458154960420717280117521326872086753903717884571578296"
"23/50","0.4904260067705565962819137130975435427341964376153841880103038225051157903375982252472593977102201479242063122525478110647281391458717067448549992686485796648241941423861868595257406467553727299791272483127880502205931996197013843347235363267865877296608229032618259061124957223339374737941"
"47/100","0.4318276398682718638693689976022926799769463690400143067969749834888554256814514942652749524516804479737513644010475877268472610680887299837904668454101029811196377264411178641495297040576317665990245259883479041085081775071075437896764120522097516823182486069039914484984354590421441091584"
"12/25","0.3750619969292218665619413658221603564355712856073715923860234495265949252357972764729672320881014709346154754569033053727326773529471487206537338192141685414604793395720693109893764512147595494820446513153887277369682852132486734475448526338173875419234689379737210724734799390643173267692"
"49/100","0.320097768637079224252843927495371203582276866003809243409926422652376095393254957694913166241283124822361804102569703560253806410369035782191236719043820071344271701110219163253368728169851563885172578950130448114643938363342096511611982787663848721822002903886929012814324307521530491645"
"1/2","0.2669028084885851940144772773668740418325071963747257144423509192624412776729020723466844857855758537686426048672337293292966069649105176371043802256562562715255831057607454341993828844484507060057527233933824161344236526514585667836176839573548145129074838756315928885051441543293467417743"
"51/100","0.2154444393618572741438550368825458644584997935386789584872611974732590879900547112072946474465132542256799985768924078688032454960769717717219700690411934897269027438011154357563811740563764091461370588293064083252087585165175615368935016606162184594424957320157369625023046093320022104813"
"13/25","0.1656897225937037987377557415937299555668762980093799472869870120602124608070442488608984171805324762415838111171938888161843914060366057513360383970057379006354353725480777178935710887066565545178594381342800500431735498039191754587540891095675512621743868027820999154819998965595113491066"
"53/100","0.117605710584825123374733613671308830687765099801980414848093549959885123272692076665440075584649323475560126048067303405059975734223571290058818706728153171919297953106866467194064016576480534556969371078848327731024983093226083994357148415421589854338992936139447075255754838739421023081"
"27/50","0.0711597867578019896519075181571223720067751361406543712999975828754151373499856839318469703579466364790258414857284075786252144634407299460607398896841285555170097077338553841908306729829053723980395641849090035838386992410197736559328055363683966370344312787983935209083773002169361350776"
"11/20","0.02632151759064398005723697367034734447257969525273424644781200402304964324933200045359053227213563276044057097815155956468712165123303559695438182345001973069532391478541967741627274999548937497905224121974717885529486713126761386584724560187509208845507274430077993862753122997348782314"
"14/25","0.0169612604084895933855122210881636344412097200033202678477602969463056035730234904093583880607561731104984554548724045575827066779724659434224316826358727864651250936736239414923090815299129661033394179382879946231987484830569196856301366090014512129851710284198689579817919951320883231487"
"57/100","0.0586830708621952899596777540079497163566293302931383423549551166048938932815716343121873367884199782746312931077101305947285171565188999022038318093530220336735612649871371161623201650956968356374920221727354717452659910720767061372931594484568261979824596736125098599462958091228667483283"
"29/50","0.0988999434575665164968679791740223987499485405408511529914056162165904878789539673921756957938820504171206330064731819867678383732907253120105636889018997171623298581319765891567349888997861173168249564114699022702316446677965351956228971146829998421752525390240053037796780167075455814671"
"59/100","0.137637944961625473311675099383833089400387163150027141439803184439249014455377145956861557240393552937827422608515246366802149210053103877007716687303401228184493940705442102367101746725744476037024832048927253441637049464186723156939838520996524862316831052506089436185436828919016066694"
"3/5","0.1749264851892767739282653265941710589624791452780214895224378899517520770335120041490071925018235442639656140805041012194723076130113664422963166853427268901602913036003393612378279760373622383322414478323292862665921323300568361204250421921790703288979558884197417988545432272733790910526"
"61/100","0.2107945578353802696230384993617114972867124582380522810963979222191713120280431127219896513321072978414600624201614119584866451063623611575961160893768167978716067267782543072831076665299614559240713682528976884312437188989653392592418590756088842804559674284677605500109525338069281062628"
"31/50","0.2452704941547715242636923670387883284274411401115110456588046653662451253310161360356055186375311149123821167013980756152368767496254831737959004235049246848878788389560903427190563717654188432717348051296060670860184894820731832912996312963825663964276722893053500740564827638610905032909"
"63/100","0.2783819150100823739721746257135947694653481537785782916722333895981411667401082896079788226119390921587145063895929748447063878650127889461311956563081751514894256541160261034774317374897347473530342445367781186176887260398922586225838407278643183251451485519988643319537492431228049952654"
"16/25","0.3101557233251839819664923493605349234344097004367046592350802889224967886739428080338412350910894932188340782081120330546285241544295990098432640776448366265949743014646158342903168720803553573641099727503319179658389323589680307120922502167414572534268577283673212054775304602436421210375"
"13/20","0.3406181122654710962872946794367600315711847567683203971188970570408921672832405097202128618245102736193802965615189275577182897672955798133175419744623909188914206759647234473283226865978657538284509450952676015846851488600645618820030217301816576635836632939925379683276242081224800921645"
"33/50","0.3697945824933892071036511287540013871199521063838133947424729298894595418916950467786452228053781420961775869544474924889198704158869475712562145714036996604280781221578807333356772194041917815783596812043959145490043912124736278087294112394765136151602307529663589999606446853903037401818"
"67/100","0.3977099657425832916192514922380758170853085536931278751223097013890819806289604072256825898876404812168452017503115830162767287263232269757779472077893262500852276653904607234525163922462235807245941225651731120959050335945342646055398192682032737430969431367728797231774674262467705168017"
"17/25","0.4243884531074575857929710783108343057846248986435182016698008379573990323355618056147752837960865088441346652039185146010498342018523875644832093210010826425123195913678968314951906507798063497911448749959048295264094490417556572290089459533706809296803420460156740538124354649299847770184"
"69/100","0.4498536268950464553438474811418118633211857626168407525263444922408794304113460601795874933319518221894420868181347930626707284555392298453506787305986614471258367354912513940415367371089429741375817712052611391516439960995500456897184801591660096497963127728498699094702738600885689525289"
"7/10","0.4741284951144938776029200286013753606221549530457604792190629373097413490106740453416364322100774380351763876767427655881182387298103480901198705403075703550034080801488704227454064854694753511569669417018016467261705784662717459396173768727141040313704355254089125283239290012511049494936"
"71/100","0.4972355278242987953556683587086546845146055153972875110438916123644805200462794506603104922007936805929239732164276033378790951641173923512350311893116721907857774075530097072396412880190322844021434438560090258791091740218004945292999691980082796729619286175248206515925754501969901178024"
"18/25","0.5191966946648666575456885748024015969067840488169073869123745696022629279924396291961054148772095688310187912639478259404568593967542914536924096255482792552244887881075168481984388883543722368966232865047021575987007362586748449747682691153819963369762857431220000130711113627743872327216"
"73/100","0.5400335029912594998244339883690091785876077814407571355797393080213213214940077514759348255971502148781838453556213428866673420289886036493193928271347701213430794837338160285301643681007456918955668683513853958846727910054828833653927301539188712830145432655049165242478017779289269556837"
"37/50","0.5597670360958116174034953242966207485715745167331531338196180183037343326370600978789816368940828384019457472334258163302619868975569840312386681542081015721967985891937378153388599447413969103665410630997153956863946650312278182612407514355612573511207805274705849177921342447860516087748"
"3/4","0.5784179910760772068649909402928995688321338659608239787795931830499483010251568847607611376552284503211595504826648800246561312031067251773859594739294093075317926535464366067883560860211405591256575479657651372493677583368817259015001717665270798984774923333037886263782795326997214583752"
"19/25","0.596006715962377499323760219630589042588551894154332944486026857191059375002435076010033338264991054262907258723793924954452549966272296079058412096414233847498756352897999788781179573605779830689056692555782444695147928522620737210464360211067721801516433305012113431221048001051872128824"
"77/100","0.6125532457722454054585248096080408592041692827174486337100271306691196915918070671236581882947727509662014608070096612862669453948393552760704931734868165143300940872452354129005136901544634052598864861343979200662662558840840765821070935404472954453248448912698565596489517108371643522471"
"39/50","0.628077337207172335350641292434456790420976843813857543705907486444199546603137197661579054511489019638784284322939806174770561895152788909490054858037348978148233685449051112264684923858382847098488420344646896982505043162934210728359363486311485622457473514271928917623847572045379073367"
"79/100","0.6425985017508767531618024702586053964997366149061253854712079529833147299760238304476130484554230848292895293996629701182615242333624466620308620058089098246208411468591807610554929246282588631997523890671831808130643538990591695784571620774146612287657928923310488391847350921810553797696"
"4/5","0.6561360369683344752715561095469121506670607294418021109997344737579193704999425888775410651624564529154404566072358018854956997025798011290507082144096987854508309868162257217142878433522194772419519612211496663539229888347841933700547337359527167920393450046739814983350663883336674602963"
"81/100","0.6687090558414405434411365272371865384061685981394124205202992409140384195733450747599695221566723661685339200693445861273612017268216011425443362383046977762486982647120596375442614977908947038427486211953011043258408290927753272059774919898504782959968181546603086260049719575885824425805"
"41/50","0.6803365140107453611047511997446347755758098283159971147747525689974782472939599774493230700044262465422926116668212801955507385772504987237054846589355913702723758606820290063012627340512356857936714528335155448528429499712321264272054816360431518659819841299538504406520381667728194848546"
"83/100","0.6910372348235016644028136296889016085234825681648619699451376038074756179304176180509904004706365490155860740220058757267286643856044259758886275595455127528970119887657011791836010417101762276891509654182459610173086233626608979475546244032502732707817089286497494993146954397676671201812"
"21/25","0.7008299321165061264454989693481391393963352048275900064664166175022105697361094175334408157044659319486875193387297764346176250671635180335441128285378257704308088833695848026926900174172718445266614382271316648575733768826041107854488662578802852368655139915107400101003472291048254313087"
"17/20","0.7097332306881141567122106418948705970108690866843317724979111131254465667305751173926298485052967672561294062617654446293726506651436205554792384554139622222964055978164192665112341747226551188656660880482750184063891509037148514250994143973274989971934486393807769517434316911043390179632"
"43/50","0.7177656844375109712030586646894113098629575754112063091054367593676802381641805299828395155118503479471112403430902462723617579913084000747967767305481978736030613487653183188291604972219834823385913363591165061742430025662674625545951840396887678582242687053136304371742909225325909134753"
"87/100","0.7249457921709717571125792153236096703080984768083240965006874304486426051760486093827466571231478260557411189984197440884231151191410123124570558562982951863152335510899421464238927784153416711676462394831639515216521896359407616733005108302538463253325136065088125966917188898749633262972"
"22/25","0.7312920110945521117862576622935430314741593801365423598577216888171379937737767208528776872051761979744325622310600637979918198507045167761143422581174166765342712355648852338751741803555586088741695756368017656810045537137607748300458711260976921480996049102162670707008441259645827699231"
"89/100","0.7368227680305122846828901000754285134280571050301963702757616447753181448922075131728100589014755247676851837196900556380878834510269115821438488611019950051255908146115625934002935652130027768760260158326125815933898805123853043675444879342105132138928968269566495779142666320877579887808"
"9/10","0.7415564684108761850987756137762267363707782809709332834360866120876482533145271067252406933496912828571950434865289778228043236382629109915432437036886997031456462404431708931853116645793710364383703863680807973524573469032499592342493498552609605116473239242503930237866663031454479970476"
"91/100","0.7455115031159287402505284642172240135820318822883625455044591098248504099103672263081040866047360633463807922135660421373125230126563328751841396760455975546619813971307039263391232009361537871157037219781028970702978899976676364733708676865501714026582016153710417454742121992514557468442"
"23/25","0.7487062532382250428693899138806311376875895793365294586117851657174705864879626662728858874034416230135883277696103147090145750375831543476683382604632629391188159087321840332784229779517181100436665036947678734473511142303692038994439447801995861887571501531569376714804066254602767439942"
"93/100","0.7511590928638783733402394269907507166023467996557305935543285264810154867412983537088430636295677941812171055506207718656632304946668222829731893663205812443276315800162521549342869119598156461924808197671143224441904859271998057764240105795040447864668098377108265545614297094066097472912"
"47/50","0.7528883899725649122843399414209101310169529274825346014667324506549776382836172353294242889994408159239968602259514985426936029400112235119812765105348976174181439515473204453048872867023129348706072964735571412375376985512342535559657037751298371124722252251355977407437132662461204640242"
"19/20","0.7539125055658826853769164597988978956382920018777526937115072562182773293071516376621290336833084824623393167187944753589197662526292868912044690872256528298057315896405485182247114162394157252739072752069759212209749980250424522132089278758257537701582356467895037957760225185215299380666"
"24/25","0.7542497911404830827280245816258465156013284276906360311632118690180397302344883827991259022417035887547246159620576759930192436598402488666653196317913507284433486390378985089213892766168485173292252281444838987155149864684795907477199349085261139163766008530378651236306475634127692331737"
"97/100","0.7539185846278086589113812857395797652153212470894919797614138288439164703315247035196313298735509052974749487978247280039571837035536299836852628450533413528681626590432723841324244607813959211841014786685028421644766772009754335456097436220523728666294678892326824443903281039885701734358"
"49/50","0.7529372049263766867283857092207766330483192290548130845275403002313430027153234466758446544340168496055779640699463665959700905866095809394248392436760775666807236641534779354259309201189619227978494722162995485249646474039829939830480596595367115888638893509521206951482954532351730468606"
"99/100","0.75132394515540296468832504357687426769705062042620116875482564807098983608002569687531706068575319275991823533076341256411904814724729443970767595231351229671774863022484252528727496928360594197239774260675527549167902039733659085469416627106709974419052825954969822432929473690809232417944"
"1","0.74909706476022694796938967843445981623154823384969090664471458438219923861667705924684713524713678111730450023059447273757581822256805006296521244989009983611757813309484973405838291545041471098001093347275971856486993740164006920089315560437937703522343130845453875384642801856077838520497"
"1 1/100","0.74627478060054327288958562886389025781346644959242512334721510168290069517056739498981986520123032019502713942182931376367319688137759773755581610144506608623426561830781373507817428746263046956573067801486644334654427498418813029678683022609935611679253240081639578993886815262191478833225"
"1 1/50","0.74287525715193564010771453414495256279791230163959863369041526878961404355350076566667880311926147386340760309541850102589564556000465076816185765991266870880897703021096192398343682858786580647695165063837799219388725812681880787151552369074443302305451831627171885853543423748536358989968"
"1 3/100","0.73891659594971964611583050840280234464926203030440404776396981898127064709660450358995869706555863728375300143745808356493935393712554343856582019273257363133737674155497776012486979080666488589688845496150188442399771200393343107793360165662893349191343507192250373046787496609769241559695"
"1 1/25","0.73441682440170735090853895354921155503725781962558028322319062642911102339521087383479144024023352234488560449806985616737321009329869865335894961393219963657347807266632930256720496887061798536165281697835555656983000254250592277928083284479760423206162126308047722026436304157696226945017"
"1 1/20","0.72939388409328651355318843586563898570767373658750621409660242883845001624714589742446375254690300870649375161322243127615664293627175142717570527200386045571341947413741386807341063702060794314874900400630238733409404489913995978473292491110244337605091883706800262575599168979312322534461"
"1 3/50","0.72386561870424183327781772537597905945945677412206928800270164665831529240158983884811753692379361236846949186733585437736858242066592097536194937223792085648664269242513373009560217914807765564798547697167390215184790720469720983668426191846883753990138132157233399184554539185145823057842"
"1 7/100","0.71784976165211580981149003291618856260786340270045003857583547893315487170265471401308783610453143681289939600919965493843927482057707856559439271210930842112049162882729119768621494748907588496495811424333371378167423211771633952388285639746390074122035178751836060173458104536408712932752"
"1 2/25","0.71136392357169518260989798523045288613995851493006891876187816648878402207456668513201257499321781478034068171912922643972751490552954873764830284932477793988647524035225668014852060056257015563249863541721319397395428265043522519579911814559784576036663165877790351604452853715504923361627"
"1 9/100","0.70442557973449739125397725767621489344278748199279081743250352057984872040243312727361225426864101754569722173723277459832084292133492694885980458982660555553350027595478412647236830361912646872129971767068291687644160242356581486299186695321528525692433482241672471779412332899508980207982"
"1 1/10","0.6970520575060013266156559222174152560922211678225516390162938998758273865904096093242193124931135435986715722970418631624130633028958533115301971673337126764514519602804655347895728915071995169234048234262039473195646836605885828264334973276114568331923459111765360497176642378916389931719"
"1 11/100","0.68926052393189745307375238772022867314082346045295542733180041016853404223049953251488629988417421972439031689624094649476448072314630278865017323936059645066280659268642871802054112170689297917627150140323983247851189927335575518149804070365628174356965617184766115238403891532222838632205"
"1 3/25","0.68106797353790156859017498735503904862427348872497564231023916549950703758573376001050024117466225612562262994285525115609917685855502266754035072938772699159372663498770166295180523413792615768210697111682450898372842317601863473992767010312233375656363599003156221870115754933696529140663"
"1 13/100","0.67249121642075854789816217829527946842967906798374370013331059068626740934767276569655491471086282871641277389622679720305167917886442042422645016482745740092817978602051629457261728061075928779180465345684702986219962537061639018580206568131859651623801419323887670963253086752578002123357"
"1 7/50","0.6635468667010284524807862476168875024369373908957237430697282766223453087634384243153663076980345440574551088567917926376212738415708590303864955214917017324502894549850194982278892680521679449941659690861986232056963961221613978458334066544203607942702621426789245418615499978386451578665"
"1 3/20","0.65425133140116450526891277621326114916536711937332484113768094053343603567251271234389254240660390004611555979958083018466197930790878958072886724605377780462837877783909761670589002077244810697124794129134981561737418356669568700874487235991474558725490063637219644159346525854975292060304"
"1 4/25","0.6446207998053233512946521185134658006751249311981475153010653668118445890520166227122833540843087420293069701504167658817124295729974150643480741088266363517401962926409473773210813931044504340668849547054906931218673421076232577517436148051406062492743678963863215984402991032583761784417"
"1 17/100","0.63467123335035075608564929472502858994245324309181739174870025640281516776501916431419696130364073841889728917205163703912581568858856626273997708160436557459847967496857565420613305568223210164100406920431292217647894080032512458008355076098021116246988678851286143634559559436627468433925"
"1 9/50","0.62441835609051342192691435477668474043149245421415923692578992158324044218879583055072615175029476821751683070573056427473312968769503326925745635029601081291590636320120637941110432561341625185926774819001774280667013949557648737099302941975559498122286440007643769960981681389665323413221"
"1 19/100","0.61387764577184771832780926129270736817176602295089285304417063941746589163772649026999787654905446902397923016256863445363334078226357348639956275060897826442734665904451446092232709057217912285731493674265065650574421381817638370428589114567181927119807837062255831766734418497362446080738"
"1 1/5","0.60306432554551130178552871647517927545939858777429070921988695604813429582368554302080694946288200384288612827278327678083091128880402078321826817974019596304559602254241107935463506693223398179193997392718388222422824615631017028249803603438739410933787556679440590618989934612235753935008"
"1 21/100","0.59199335634329096009199062658807931615109369791086084859779647669347962421135959174545540488501077713281356383426698934730232366534198020720263816652111203589331231203682052908336387796942441257938425492664540433374167860583084979047161566468665730761597463932630614618097241310428017079413"
"1 11/50","0.58067942993247135048852422589020258202729517136253150099904140087054541902888676887795953376971258841797635659124674170760483879268013972871788129721494051386553480244712923685421047771221433750188118869557511170007928433108019509909790150364408963856026616094466629209199540043948405359031"
"1 23/100","0.56913696266163116871108045362095818442498501363433464168818298428866855186408542239899323299167068086791379219778434284901239748431485024417202319106211196458002498080906781523068814221848404291418666231775541268636855097732397185463053686642446275843549330028004568665101592175619840567904"
"1 6/25","0.5573800899036271658051733112706884798331947900793312316774750451766367583613672963230766627880488951277254854904557855236862146061883857510940623003111151037371359465361360755685763367370084166786853291656269468901879987872605088680909931007584309575801000303016277757605869372304041490091"
"1 1/4","0.5454226611970689206560500703015665956243185800261893217276099759125841568470266328909565496878637852184186255114743260416231724023719183949910496251225043371082439443401924120874989536499633910463873160865938694264746730528678869455481441204823826438239295009201572148746379946584643968069"
"1 13/50","0.5332782360829903437863637441844472657912197473450979604646366918374466649053909210822089118111185385957724965120741233700650910021314362869143819603435011945902015433987750461511644310948220107921957898894534742447434078452955872879539524210590291564159168010543956410135180701283244706183"
"1 27/100","0.5209600806291951450133913330069489926851809432991529231027711776655980345036634878749295860071578509132439046710287111854534217810692947172835572968501959366620007020069162813130020418689732946548710935929628715265485093690741599948615784047070060655332491816071207864780295566880920818851"
"1 7/25","0.5084811646308965144523809198637640482055895930719880748146054539552347085787034129942743000067979278720235775015699358908610845264638650080809284072636055174186397011263319250426664748094499709613631757902453017331439477178720921154614643856106469215411625209013252661025076877074883842281"
"1 29/100","0.4958541594727859023643400795800382863778577276478340511690000314656184262205771704894877736696693360123968290759343865887533382529468381038001718772614542597526004481237457886796407355661277277014224117648524782080234208228629710736877519238852227553117210082310681923194412591386355920917"
"1 3/10","0.4830914366345485324178360999143504735558137630983828923886168379611434863706616243916550480566128345948455580643677829539421186212511091517285949353941697262219733014190813757897854346482189730380418901800948399279298845421447083787489162241581224308130659711159357009240339520978499592984"
"1 31/100","0.4702050668190876276711631100161569033368855337796603562680514769113209449727155400195118118098155381971990932596250254390933318841979693459058197413307842431463098784472402385266671355803250609095225406575933111600629249893240257284211087603251135818114516411713286684852892066897104535938"
"1 8/25","0.457206819680316096535689070611974476609732689456719866968699276347263326078147960870319175753457298674668350625121001771113133562094221552332947787013866607127104204728275036212027002137791481581548411357689479591495214843496381745704867320206026441683524244125596348094466950302035748485"
"1 33/100","0.4441081641253121429888556444599632539800169467597598758285944256097859719295475230954393047225341972027619269138461621512210117718519406739389432929749447645018361972773324635350265662686024108846649437407341148762628702991382533948791363952292419332240516517138435456435786967205611258502"
"1 17/50","0.4309202691639005012802464043853326327954689147061216323613596747555097413963242262062106015069302424863989286117474352286091392322566634344714115439444690295966574544439429136269330183221257438700131704596659871400408310901899075669598029789230809630688580641435575289227385515112518817057"
"1 7/20","0.4176540052772986986429011861640535365116610414283557201160811973837937916278795413882855900895636746825960826806421972528006006128275194085121422076461099564892908358272315359338851422760813139133319165775919982351394211547109502484462813514361155329944085419335227564796960884861516802598"
"1 9/25","0.4043199462763415664745843962778947317163808041861493287950382471013231106465303712553253253118241629132169225646159675103109878820300588955566105852570936325634409532508060293587382770601286928023100451447176752431464203500874206765875871975507066977414232377469289169008052165522487263083"
"1 37/100","0.390928371618949798002729882394027897296980464149034755585308458161410186741097342717251202606381808240511604798661865883936451770409374613335132169463173592659614454916635937845787024176151290621997342690786227354141271720619794012581938411651229847281777520950822483966095546900239330671"
"1 19/50","0.3774892691559216195198049536851336328478099454094937499090670646748240331008717242302470820335833998348390866604370640429909346228219344692499212887141946369275428864429542676010207724023552726459587393275124500415803799330617965541913810745261633779159531692117149896455384757223175280824"
"1 39/100","0.3640123382737820813341122923249667021882867849190286345515122529575750480924650567131246658394737070246172562617950155368027337904977472515543529186391768926603532956390015460329421427051113691761639085027202647916499292525448387991652868067273303875711558665535920749396814839028767948875"
"1 2/5","0.3505069934033033530038844385922483162042091440307242138124876987479792818486031344881398027361813368269749366937866164843831370840408335558546535990393802406307547838051311047761838485412414394354984308732593326516778996743801324866444997093791222706353233233099373359564174865871493443331"
"1 41/100","0.3369823678623930095842928881830626195262367623167896622155727617493795850955125131383707779229300100634228273342084009617958941874855470285194935606327088538517636751856533406823690328771667404242171922783747620355257716312679286554963537056312740025976684540136672965680677968351692951154"
"1 21/50","0.323447318002317127743540020250185161618177516313083980311038173870907093009998947375678367103984640053603820779020916918720470164047142673109280665479591910461208891527245985096174015279134188794539644223094816919006784103481170429349131831362859055323437136087343793894025838197106058423"
"1 43/100","0.3099104276266629942494821906046472453532140463258956220617860228807452784129834669841251492559245304952341753127932001015921541687524356027296968840667122552523227320113595638096946629492729145994231139197320938676032422260847254982141200388403369033481611296590571525603061220992183539031"
"1 11/25","0.2963800126530348879616385178762806291155311341160412921317698289151783115870085169142562869752060725069161819477221291748486519709584188343367499744267698206405032283604706126771912037971417348458081267217102083376519907004546033941978803306669957420185956625107295991358855915133595341099"
"1 9/20","0.2828641259881990459304294639289356279380285983965797673862917090007641905464824663304191487939034315412725697809425535776307001151208423787696362474361251991646121519683760591126114074875388522276925917273699254731539392480971792121778170976359826446246555924793158634750468967716241364839"
"1 23/50","0.2693705625882348850626522974449127199722756784489010300795202976593115758710729145800730143483286192658076826689747238342250087718695575685391342568839247255535885269720941467983231778661601885620280330183923886694759608775078253488665038929179980933066529872900465229907401853258936362781"
"1 47/100","0.2559068646761944132823134331234301712154402484546475273962276614040513774021387426633926457666583267085102033333372098869755955243379783293890372147882884214555990807720126809890292877885404529794848429530919981665288316433479065595924683475133091499937738774967871945586251224642387052096"
"1 12/25","0.2424803270908077595747616691616812703829579730303113452007471285398793145713213700359548431906095195899355326072865530310446985927333511834608210359659804455585295158835165608390058989382441553634022529765657062315236093217193915445525758775301327103762045548976210084236402361222383522923"
"1 49/100","0.2290980027408893285667419262993498060147743194042742745296327825460637494592584793076936542905631365924492668801972168599171702073924751065370495585170032274377645768572796533338929421631552176043222199653350963106265822416386875887294346940666824894137558048952589353994006300594452853172"
"1 1/2","0.2157667081412888665139322980948677730692379918971366556355442358201845375687499151681641517085655384926115470755085458898516079393211152594898894382579837802293719269930795904117667722362564081976741931639339676211803779275538478997119444206135040829822069103598307759723208234002537174817"
"1 51/100","0.202493029007492203364741641526992718961079014536434013269933085871091875408482049139413888596030552296537142581109765614597331729356838996491897092322554843117659430229300862335063043657006448122889808067720162447790877946816918984912551508470127735797781675411694900003809207121178689999"
"1 13/25","0.1892833258873130782742380860668641104095683550476727136402878536987254786436365628947952024281159455782993926460353868950554736212579431801265505409191099975682858637380263806297250879444269590297149222586170893107059414636204889822808185275514456653688272120567094820008166648766586739801"
"1 53/100","0.1761437398095496457126973878555284434359418959697331379302654859424550327371718392086318971198294724966135764300656747832177471475842409621055424462694634357034446201680754128593203930807953032817582279931701195391806859658038235898404493633967981497961717056359951932663406531607694991057"
"1 27/50","0.163080197931052065086425860071994455656334540464186367830470146922928995469825190212177665818047935009425131657380879744864442506953508208063741469674831957033695816650204043201533565290693281508116189487848448260503314396253612677827669264261853225663928962266649810959101449087449127618"
"1 11/20","0.1500984191654560619884464683237489530201289899367343411241072878992829275358965294846218218850558622660200566312380403423793767797724481600632710626536742404731438156974591613816096126943787158626170902545685596408412073810658556204834009590756661132272754505648049037569627854906653163552"
"1 14/25","0.1372039197790790685602330413164033452126137443799084820735081802778822045544678224079018828501858943596462066179578137067470745734040649437408430017532531611261017772520767961948593025642541288621034026171961381670703072658515826554385310578407190207869158859473341476530104487441262285313"
"1 57/100","0.1244020189425698687979857414157349156073766779127521997858504211995032782224121249377727308396495116328082508741694453175544967890168098239704180699558685183718307278568231681013512117787104504816590462547600622491471078448168441106992803949467707144437293380493920473786352572181589488582"
"1 29/50","0.111697844231778403365785814729188857778870637369133686169656628884729058870744130600631864595821894424656231052754080248937578441431473697443354764068004946941175683622265060452786956717154169874722845676028054889263292828826031754303910340962317582737264276393783967113482788328118151813"
"1 59/100","0.0990963370801504884271580916089498184829922669655359663110665301018366194090839740526006408303851386507133774812709709676845321787160674044580934718220312905254324812450733156729875894469221644972573983514954873010027988485740397271131557387904042623958686875374656694880184673502862628784"
"1 3/5","0.0866022582032661990250789560828663306655108811869768677386964592300868163527386024547888694160987218266859744576410832079733395032427346448294839127173879467961105321629660256109400594945747082829004187857526430838558820060831363195629549687231806633348190664936949549083982226944679166723"
"1 61/100","0.0742201930592066469766700701450944635986636339846531050613574877789929352922021382861063717842226884818372043345247002975240990031182356031525219306131972017952454403833066042404516946114492052715404654833258959782715064026871697303755898279661964110717503757755788535654635306075026907769"
"1 31/50","0.0619545575237399597389906459368909681870698374955139770489552821791586297148924215302826589699841190962799750091100323396390484138716906231505325662632685172673797567382854157610711172112128542032810089912833398756537484129895662108412344755288364203273492028934186562529304196982452931412"
"1 63/100","0.0498096043182019434809694902535160283577338677041076276665132046140087254756988162722744359231345188695835640247399843737307001805128433534360863571744217209540492484936039896899385285965581445328750216929869256933338093796783524234939036810415462584256317723219788771220289948791193648664"
"1 16/25","0.0377894320874268664202302629431691993094269889282241079616288335027629329990281690002637982915977328343067554795315780315900872151531506711718396310167689764170321245935886278863161747718524364566788069904164826684652846044718037304318381602678573819219618475995932519747548042464244930631"
"1 13/20","0.0258980058964001002434013944618607676568820366145750603303940265176747713350277124924988455951851099821238998888389448922550808518225874824006712002468681516814603955436526604035938787575153495016997738583471244332807355765600173531442124967426957757852579508925046004109824043728368245416"
"1 33/50","0.0141392555465911133329204576011286408039183569426802771093598262223401867598618073243303513376156343167875398711365312858174382007310781351340960046816230534293110818709804868015510538967023594517288258144394530558067642256163417990220106697576534041607047685089526170117969376761853973679"
"1 67/100","0.0025197518056251031265315839038102701623952054339909396427948258952951646057952383499270296632801826681942627457129359336697056373391019913595878298654877261201661127431453780377552596182818287408672794332461709959876981210661163550327537239710963721190471191254020108260026845088724511863"
"1 17/25","0.0089691234615094290991364813126727483963056302168940339797364138153901904262253224884156979558192636903277080446340161232305058798113469931185295880550260603678433771398730809122809176566096977046867590723343951405926351546313191214805639509307803507047511550952569695897298210462006567744"
"1 69/100","0.0203089533957532160751721667068452562640650175027415221325072544373140444097731088362845751704662745641536022000326242109697289145937665140298877725797107532991692868695158140049591322361157956933687121704602782409474170591567201470816962455880153832918384644707208545685258645077844423395"
"1 7/10","0.0315031242919192928378165626554054645705067179767284876184563006947406111421763500592026920650501606201343905609493207291779998347626816635587284230114794130295481224507243846113807603331237089145849794569746237916819271136927503097885555235749284683980645557441495664834097538288565500399"
"1 71/100","0.042548174855864282772757313345540101722091957684074681114998336814194821470291170128787441446514453553761278772628810944008844110507081376605661426221520609143239343680887428432782131639826333645127135665478987988075639088301507155922000102278464154974656853686102164979890277255017357201"
"1 18/25","0.0534410900166656085872244930524625186732819856538202456799003115905261504781198850014503124010360902610909587976298141962406656124604812737093107386579567541026112672985428404086157213801769459015211480312326627483021255164410908666556336562568596639435959437064292286857445679026406621539"
"1 73/100","0.0641790222414660185122586864836039847847756628748642152726479072068474625461084054877733310048935207815876976283299652221813348142910771083477234468418469965949218785838606183220302706428296921052172444105237864844506235641800716774461664542883742176960005892668883488719214170268932499719"
"1 37/50","0.0747592565041307930294435043606344418520126267169754994996461170981794130605133514919365097721734790864854039244803336839870091553902847620910947227060146446894114633532594606851168722390157488710920267092076612500307927661072309558772479689285053080706150893168083831089574492033148426507"
"1 3/4","0.0851791998811508448916692356652103221269663946249977070250364325948582441637006472363975078810095719288661147180426737986152207580919512245253115345692416318087467586010846851414445371740834706997720755817349558568124156162333938368561279378432684784851293934188073223656927993535352542415"
"1 19/25","0.0954363762668334071020914531773941522310459077887609226403069407983871767318059784367464400328936177989272563570831498128769944089980030107681606287408217299195411267187416389502446865718274700278475901554706447381847603375598923253166623422916059558227884339758413171759762689883074005349"
"1 77/100","0.1055284226518121025796970190302746534328664319274038152087771715903190759993965491008708942565163990586847443332339840014285446005273044922952292676453308513557679064538577966922227617248732788832633585979969954328321753664896617591305188511351392463361286798430947501845694197493072395002"
"1 39/50","0.1154530860450919157267985654738212612980848003437257719443632575452605572669949517309216262564258469024703363457620635784541309286554435955244924939521645987588755758214040387191532873716115437762002469892090789158394848056802211710749148825568297052078011763245175014959197087265627667527"
"1 79/100","0.1252082207419960972473319100900744094662672507921647246647725741876795877152984460307263431260880830010064293463315247386378124677292117601164290693793669444528759212725531542344438684031207227279623333922994113103579719840124351564557051407672296605221647422597629981434559939005328521228"
"1 4/5","0.1347917858242005179924574834817468170996040057818453777724004224034223065995376139292004357861243588495968162880415865754123077135882978826444584229419121031773184963737495067739198639759754808723244237390136848193988919541330466051049541825576231912690913343315515139260797882080585678105"
"1 81/100","0.1442018428415983358241732233326331360952742272658854490309976926136104556188444420739001361713925072995491852132361346565043806865013140191376096006134799837699095334160358016189353364013941463084840593752949346381923745041546392088051082030529987052627582349735344500828363726445884543669"
"1 41/50","0.1534365536504133559719454161785670168736740030478013109820142850779947791094030737132532929496984771896684682721895528008344391038148715131119695973535434795884121370306349802952981216047643655619807253649122259623324063336378191578455210442826676185285620747636322356467097408520441609149"
"1 83/100","0.1624941783924317658644116903370842428906701664812756346102660642933112198626282344107969606322859285162490051620590634317963391838810100141412159912286009020471578177209777733598166468847020937892201790600741308817955746985838748987774897481462726672171267482569741346279392602674538867954"
"1 21/25","0.1713730736049437683999361782108809586940062581172689295238775393988267041199573414466170289338511688328071959448479041027128600100522711664758648286523922334667836433087445321601888344817464687970176005186463100386416725670554953475314623856356287974480522057114797137252512228085541822151"
"1 17/20","0.1800716904532182410005203606881367575088695962133728069752901244099143594089906394101289299074894577212166600744310213161532783859030578134672567069173804940509950677374446201276317570450070822504039147660420532890509573760770278859751844270088199163120528134364426120525384629440584023238"
"1 43/50","0.1885885730784164042724485097574608288980800907582338811974592029669073680015332434620938960894897524363127497991485332164729442604271903044204011728567247193056550126497979317383453812965681021226170353413493648252229322421307115315010047448381894096107181246183741610013816586445706173015"
"1 87/100","0.1969223570543795501169289798200213114253770507269184729753229921598221593741876779164054649891302751948419808659914468812577578405260968909393235533609820822292749555983052995915532492802798410239512106901161898833367056299683252148321113573018385585496086263007894059371199309465726423262"
"1 22/25","0.2050717679469806496019704441862480007777767776011156130094032424791272393928798388834524874726593112299003276652357008088246960712001741385181520066111899965066300541662292187018296496464391701372879650204036895820370582042888894643271207078745423843063304860795393916453613104050381245987"
"1 89/100","0.2130356199698479692347280646981895430358857765939149787074248047938101072939677598975943076188361506975194813344931365599781431565153059110959776879624669251589778603548012623895273112964389616797299683009930455347108365786797491009284830589833347496339506693905213808903853057479752230122"
"1 9/10","0.2208128147303214676106125171737869225275595741350917383303235143870557325382040109833864069411794812118656089262035553080487029523541903692851760188957864007201400913022280221827040943130748048794300452295295037315885868480126899864002973340916287169471033463370452017854781110831906272648"
"1 91/100","0.2284023400595273159693598836571957226562080574100187196842213374041145903248139442561079595463141074499163060478029005960021942226502218999261834752704715457046972997446494240385305084824019374690230734098889943442965923292079064566306193610526219846417011497961496076253306348204922323223"
"1 23/25","0.2358032689204728593633549522801706375911136805708504438910519993474390559427497973133971104694000404282153693710165832110845227192008740092231087704669150669357742942613332718860595319462030330009107321092460232558650574598323840872458962923996771844959366299504015230563717797890308167187"
"1 93/100","0.2430147583880850368418478724443788219692175993470112890067540516710712653108638203502630070350885333461412280482273360261588970855179011514606512325050071607667239953151176583263841912963253962279096691320248074390246647715101688493945682168353801233675510296096329762189285633457789391305"
"1 47/50","0.2500360486951459918800991491691456994324339048524269113365742324071134694829843165268564408286656749194264376107584075079368150765489023927931041362268475414138100423502018567659449738889285663024600766768127969418405500551905100781908064699964432256625924271941005103210280396188806234538"
"1 19/20","0.2568664623381237483215078019990276589526608535353667075212524217341718904723555283945422108935979139730158772863442528865462490394472745108424504092579506053534354903801597464645656507765828864041452639541344999663664902067576596168350370416448696860487010300716605022454185356290150293888"
"1 24/25","0.2635054032369551553830333071460535577953549191247721794015630060486819290415378876821174881838278856018785669280603593741261497764385643702522237855180120820974443767903705074305058092156507592784216258923235754560619384483912820715304142542255101012240505130190857581818991035563953581177"
"1 97/100","0.2699523559429135765781587079218199231560931741448737269626987083447278652651479358764817431398010778071482908368753874432861133445868884257630061632149521720352767741758477318740574668336122775928049155234064987839710022280549104842369341654841329559049990719783056540642976199967058162936"
"1 49/50","0.2762068848887851641678098411166586933582707054352563044052683639889559861028268352862364497152700197943617316036548395103688295644747417966877270905336330829003917619643317533505680052792362596636100092502527089651644732287631610714861754517907575598642566760827477844931773261516888902561"
"1 99/100","0.2822686336756847976074257187865111364877507104763463995355065046244579152040854026205949472306009771003744188672419508956738145354715080998560753294969186189928209433472419978813848315738748163482496966991056580005069961951338262248422445207004306295023254771622682853792027494352994946384"
"2","0.2881373243909654056477630656804678346601369994893285148789925708727503392571886805835262989938479697467174120206342968430850882543456111707709738039524348235223767892329475109102720352370055559914969283901046336603395483595387649084140809898035882902460793057973067952508017512328013242282"
"2 1/100","0.2938127569518118151318490255657345470627748558208562599500853289487667152664227436114759012249964650513211134652760595708725279397215370017748191566746686685165315797512297938832711076636997094208896732967924589397776319743470300893858947866068687657772516189382566136768387254543285303726"
"2 1/50","0.2992948084692617489197113894715913809499938466676368567334677518319514721472204069422521279186447441567349154645685656884297843154131013942811414449153959629987978767289584090299658613432912725261903035616444385960919734428628397681056442579760032284339767299471739042381826338257904594225"
"2 3/100","0.304583432627561333625308168483364510071744397843215412043337481106597347259808367021292325414546465367025150524286546648697688605719320943461858253068711470091333109027920286806898097369122797750928705025870669595970619971152128910820062753929006379618696461934862020828773947328483927195"
"2 1/25","0.3096786590739396282056352474022401206724691847900107015132852001489030091270414139871435243634591880227939505198821669646151453975660011838002206808826701929549088415011026796636655596203705859353418494046642099456465829205730669078616708065071286270138294002254701504984938207979990644722"
"2 1/20","0.3145805928140753645588251451307066445008275984429370527852103409541255449734763458989102480923006380972978957921508657248386809643500236911337317926406809011890361917186667341564381789546495608635211705779273898176326309607021299763110095650075501382319435816202540580738941268571914832313"
"2 3/50","0.3192894136087283927451165860402827830246526993079264561282177745709276223544987646346417081716168053874457350449530036197739788280641581874585338631688916940671946946661674614870877720501864815265251377711372448460853465037360193690180673322574069318958829566097603341818899652950862888603"
"2 7/100","0.323805375367217318418304921925257151378379114296627950182845418666525055862751444176703874735300819280862816795419471911222287994619012363564976057164099813984390740355902636172803651384744769041850436143039938952903627719136762119489063747694097990606989782873494409584863214515410284948"
"2 2/25","0.3281288055336425662538598651450723425695815433367224757199744452249566300996893696543287057792112066468008163676209027545561819819458072038231011495534328892537139654605621869733732200311357746674353820777877994482578344100336218175303505992604654761375485186124395155157239701006417218737"
"2 9/100","0.3322601044619796477037833754863460364430040001954869671755826989833937119055026579318478649502975024475074607564078958568094966462482311874859731990374003059454195929131769653082249102482613905960072349469198248132354854000632583595805158591686079527111429359860723202778049623300257074981"
"2 1/10","0.3361997447763997940987894129078555218961236531348868178511880602354324723634782297088025168731807388725533773556886952093235093155555532465765397246606551661436682557014774206876533527639463589871826070024767222535037465136399982286097001488734931131613488689941032368639945432090651913803"
"2 11/100","0.3399482707134133723777235799205401741925353671244898649952540952445071822950938964068134417062519343083397724480045417770152147862508365109417046475313399050481555505980325829160523635703243582111699409046442929781078715009113355633637062989026340050201630516505546297606719111320538520966"
"2 3/25","0.3435062974426746643873185575982739189888623900588409157880042165912097923918455573477659164117186795207388780032444080335345259737690559057357124253148097266571922556850652119224916226536159854556367999762303987135272122597367816390708208591925766900154613824405380784942210621339314222414"
"2 13/100","0.3468745103635336967662876370698543931216193225552938266794067304041464566675695446130731713365656903684780706331566019743359342179067068624100534386254492207599402557580399748838036121080353260937154521634632451123082184385412615236625495167232182618907207668135125563824378466117124771379"
"2 7/50","0.3500536643746708958659048814932780199837320896242045133902275640350613734921802454894316564964131283469148915426576771008621925323223941055190112734309712028858308487305668304354144291578029956397154869684421468547612488048120968477510438873659677257348029586230588739570806011345579882566"
"2 3/20","0.3530445831144024567325731185376542289100199582918347397243245614975849739398581335143922059241365656688871553420382660850015091063288101031648204537733830077071115908132489269721043753777528020734756581158965140155705127145642951137081841858194506135890128569915767646322452945882548521209"
"2 4/25","0.3558481581694975123956748518802450683112744482554663940122633412052270202786752065079257920078060378204812750061870731419672490926382746200567327787170749095378380472049561595299753704314243399998764122365077320777987975564147402849674346183680576612056020741391415493047176146372037212307"
"2 17/100","0.3584653482506015378284674139977443259475405845790078578721104100637053646021732487020041610059465673942148716434904244303300063101792254749417498496520194201597911649244057162296293351831421824322691433692048670397734789553106418757563239370062524342326791562676763712388965556844397344968"
"2 9/50","0.3608971783326130060752483040718003296316960240834757443272757820651886767554643073323681146822835036363502602938535048670213178114167457711552943787648209610953994665592929124639120279045527475292002587798265086562234196741923686538387123574608979733749809617729002761773171195231595051005"
"2 19/100","0.3631447387586112352185137115832079789780574962824047894961436144406081990281450898555446547292180340235287466177050614523650931396406930584154257881492864287892352651241842479954467077270907807724077019960596694363152964946300601511914313682890505428840728970280453324312576731449144895218"
"2 1/5","0.3652091843061817492613558394417854759866939031708110178460188602360043467679786234780366380770705821867551545082628768807425667181416455599046808162108948502468291576312122802668992682906144594559425416396006399923799182533850429463447242104784523891619006860213900070587432892785340278077"
"2 21/100","0.3670917332152304740505400565396701432710062628021662173192939146587653301178285845398069492988760758543129520503511786631532307301906685400060164040016120136156943420427803228103077230279960425940702420334583265779399483584941428588974312417205465164406256385759586402590361029277358276054"
"2 11/50","0.3687936661766188798718024730019317112788938052976894852566395239104823219167129335345538920278823524957784037203951885090914030752497742935549160458599537161294184920951746850247125117174679320900111671134489469531280307005936602407088000977130427830676528115828396206794916102932478050274"
"2 23/100","0.370316325281187975553692162217356665110717308226331627742153968424940161598068938460116932481594734287730368381741111114511702227750707570386665178082166656770052157103487087817300512685259809878088710223395091209112135862988379023478072976902917907854395484361354893895978309883217060708"
"2 6/25","0.3716611129289690994617104143518968785810476773361275493880383587322941285477319683512856753644158842625808901112274597016281736726478568274687312242038936644884177688013945780244659973854495726186271514536089313045912788651899618278303516782886830927308438887771708421943066304724517818972"
"2 1/4","0.37282949069860302253315716657214730091662098996677465193287712069163181360280318882330613885433417622483991121799948327985541771657913596656758786763027843010605494237225756373850250874348121346365288125050911910942558466109164490104651403609720234196664051477052962478511317193806654394766"
"2 13/50","0.37382297817720529930867030113401845905136024479202961541041564473435749379649544941774396458416621860306833220523058709964303625843095461459806616956110021830650514934094386569333496879788399943495181104087774111982627422661200152413067526409228992724656439046193977202718737417867765149072"
"2 27/100","0.37464315175112443901601780433015202763997333900570695760588756822941144853774704706574170377415280039514007779905514824453289196383060249782849318931082148467226691306830724039571024266235349075531029286120339506773904753265830376692188354316515941286150383220871868361572820470063992783686"
"2 7/25","0.37529164335823972916458357132050144074470926426780663876911501924618766477823305291398181491889262236840353074768555181784789922583821643910030161579955122033051482874697877841446817889274710485408900438806982538564427887663014586345640306041169596566694579396435463078814606414343099937645"
"2 29/100","0.3757701392026368846591145572985802678233812452554835411293908901635964355467666484833326331188554766479457364834025317339524544130876479405198337952945576278851064233418761644310594809008081337824465364730574639416526562373077331308704968046230886231364156968638093345480993532517609515346"
"2 3/10","0.37608037843268162065281741371415200304903193202412287345972351546487332105141573706400052286081672934128229761720502050978087868922208919257983552345537438022757138833085292790909710449631847566585236587563552403589445491010144083970587918265009571021003319952484295952978817434121784241308"
"2 31/100","0.37622415178368331198830603704756387289782380522114672650542427798807242660551468742673076022518497688191731848679755730514133896698912997936600502984889660559722064800758268920910080037653518060166488523497475133669458226412319992748768364347544584507971409614316246840687632294187886016474"
"2 8/25","0.37620330018650271240914158000714519414268330953824918897856390037524107938221175068426043656400329484250220218376645200092048260798678435877199240732124847619130613650671625663805674499544915352635732433512602669845582988427968278939673865868921950889068155290314060238775837474700697909239"
"2 33/100","0.37601971334360892158863307881587847009512187721549301235958126073208433796681894090935679986334016068639943703765484712333026219820756833773404941293854574392959109606620215027070559224326528929034116501414940229469705614326620486551542943271373921538044022849106777931970049814707113703149"
"2 17/50","0.3756753282742311194775147125479489338546276149814525795078821939007651532650088676209253260635734279554233559788709264535047921174722927509287160615083131086074423340860666566316645465892291448433581999473435872588315564742633275094194490186129999292241721994388775270229137235568842939409"
"2 7/20","0.3751721278303798012153707816448567578069544799240600035864035376082458744538280482392447827074536489755500273305374630415551505297601225264782558138509109753553213632198541498747966855142316021725170588698239846031972879640218161444835632892213836725809550163892405015191693678399068078624"
"2 9/25","0.37451213918563016130796391687382646634386470952075101648799610062932020087142061473837849744859236369558496982201653150473150884459115002095498969947124603791636309789352904690775595698587421254812877352414188182987999824217571436713252979884502024395482158725090194010536515610491814042453"
"2 37/100","0.37369743229866676588584254069596424565036756871408481061488507728938336705836166252750398155689823773964892632352901855469324634487396586668294673717326775728730013097631442303238468037955160048862892448191879065849834092736449353926289746510863788567715311248801898517333047612923457255057"
"2 19/50","0.37273011835368364257421171959949981240924256389324326026880582489703946088631164534006554525218850473789543448656561362567397095422244774588526711673976525800097707958161321415053408682930270662931396131933168236280960818509111777959913421232517858345683651894256675466399514765189342912372"
"2 39/100","0.37161234817981738696334756819907724082294666710823638113075762251680008160974825793143060757922677135114143599667926607748336347328693408719529492121867801261178807484949369095484054214955565341913090567436907917491620004629785170660480968369715968625995593870716073133572608021673075731298"
"2 2/5","0.37034631065186286212539239574598704573786485595317218245853942957688752908988234732873065813719332162572838568657608527714190711905378488644056422054070099777913503878356252932653287250997153427758410755723117955235958882174447122478204710964653493359795818053850719491515623251231698477388"
"2 41/100","0.36893423107458163208043194772173159832073371023476849182678421885452128187141452280334396100829421436951470375225122821051391657484489677602590959329272944287382031092396744307136374886392891518419227334807455928638979194722252377565020873485135330893243510896222973847423895812183322199535"
"2 21/50","0.36737836955296254871297414243822869337927113109386838036566639501732961730520472098282560172606963658785694941018944128917274600970569493805208983446013478419584689562018027810777037322041210998425392620168327726066539638676798148536284035762694030245463801312420969654165514030966008759727"
"2 43/100","0.36568101935083207780706828861642477356031797414348557871981704890741505926260298860670958146484859812408828928767611674239033871812033538756213258814098265017620954664433040045830287205934203664812757882337249264189493430125390528732051050975595950556077220927426250664683701301454813419079"
"2 11/25","0.36384450524023922125157384712225653441391434507196411873880981377429964676751931697549331147622716712347874458089062392577208102788536688516764393646500769504921839459350610984825153519381561289726442554047230884714082780473574675188509201561281817545456487270525369319953113875357818252341"
"2 9/20","0.36187118184405652866995122152002011091498421221055884659264656311524949687840427191441822901509995943916904023916917852968946138563662315341016974767160098246267393531063035331086183656736842757798390096334484785927480986226001518681224712104195862984741730840300846964735795292540607920604"
"2 23/50","0.35976343197424499187526459887740987570523906115511798182971369975786799181267900929932562457878332627560757636763661031294710533200252648752102154967932335455363599191566409074643762009608238070202744906600346887311973709474898146219853238860985067839653195675999968497129654255972707638522"
"2 47/100","0.35752366496822691570156771638329891305814052047876873308973460348355467798543037418670073195845367656411955840517278994450815471883840858327745892634287988630068834311527485302399692697999212999574602690971758461304849088803771150994670450817267650265024635563430147110215590221643404988079"
"2 12/25","0.35515431502579752920959478086102802136865418014154611349547093550987559664804729886235158774729589930326370273028129635552584011998859887183170308275292010962580677688193551586403314605666869810825106179899813514824732763117321435410348332809746497185249022595043611980884800667491491975346"
"2 49/100","0.35265783954898354373084602914771074702238803572945442578267302455360254340775811560647334141842068349377038195638425157991087092297659457369779609054479987157223855583958885343491386911357926972073844299564209888916682340327585125223634767537270830254997297919178860675576402726256281586343"
"2 1/2","0.3500367174872255089865357798086697315153999617998026140178711785723782415034532123648307717191470892345727311087400092789440026204016908036573949102066117907487771423458266275389517890437613027595733449761321163287767977231936756056908126656660374293375555453089264054084047672266245876198"
"2 51/100","0.34729344769022112154116450262795111830937042052134311685891702744350606189458737482015829490221885700815137810637766481527401866008727157460878918035049357357075289329828353921590252733105415783706927840657439072255206756782001583513310320501000024122169715937930839946486906614915184735864"
"2 13/25","0.34443054727071907981261214632589793099372084064170273803884234235464603667090675886990517559790160698072078001210396084392424906486708279402889552810732542762729778880657956424275104038338854858402955138309266747776195358818843646972474619554851553998132829768505816222240815363998472548319"
"2 53/100","0.34145054997949815529927536557587966831731040763316381910537005272791393164187697510896159526890682205583152713559720758782127518868691763363505094203755827059056866066541652729456902764387951596291192254564270230134183830578383887953458405430071808098027751388525529341820974150592404840479"
"2 27/50","0.33835600459470437614586104050304792490616342985986660247967582049973889495996830657419888060755398387611832425611494466969109125734435019846206986628460277944819955497172964430064839023549582241010689792489750386983707481222982255293320809321969467634398012945114012953155809770815414791408"
"2 11/20","0.33514947332765112644989260360905188413571956063516822725103921829273689153887842317039591111754702484472907695438925985383161876914075416607142546711468252338699542942010951072138608070609988212206707179609327176500283320121896960532766438549784932998393917319885950203201386354022748596398"
"2 14/25","0.33183353024711309421825978083093772489091000600109960894626414981559880362596331647515859024839366874083898661221318877110823572316475946923899308147647948319556934796406896563761952241018229031427856357107845517150264779106949510281716430954092628915557078787937936741239913900513834546752"
"2 57/100","0.32841075972406590314679883962599986829609264942135795844628451222550282655950820324579315239591732398736727241215004104669619093034036807079786438536602807279428221602188118919554859026371178679298089376141518781488365034086011002572532828642482922967850868500167402607144915365670666250891"
"2 29/50","0.32488375489873949576784000013655878331030887796051326057706169055314099947769323794067794094996664510266549135541990717162558616307594362973897653509721864262817208103738797170763520339741609019517187366336364723574313444807773769605343351421660316683390488905126638670721806525038309241742"
"2 59/100","0.32125511617176546009425308895255614098063954959755724509374379804210750035085695432729517990611889137959408565489132097297309726046361740666415629864286075011191654072045047571888338337094124536400237907739693936974419094721321207796863458652489828372107088711567494406501068322311523531961"
"2 3/5","0.31752744972110707374058430790227351115348405064869223864643420525712369417028985323700695697145987884163203766076003082683222744815685429580768564769727766855934447112982508899388124161014598262775663983595667361745026835111621666801403198494770624099480852516688205282971750172392256830798"
"2 61/100","0.31370336604636644515740451495337328214066054963571512942854790925126560372027781342569823127112648010739087729514157863387822771507039004711555410340526479281669029387603408458770757465498140175564211986781392981474322716427191698796547488865727252524420366394611138265941683279231877603481"
"2 31/50","0.30978547854196632799175721639291920178360150965431511263270800160744121399536817184512179360278242557750080789874151987858250365342700824359905182645134088586493945965154289812079558285253579337601335842312417936720722889807352203391253433964897624489738309224591246241303230052084615495939"
"2 63/100","0.30577640210060553833685993912813173607918179775874496866829787904847271213451966164013455759452219002169334284488032439058357327873419546758735967852850636829767880954351199571578499942259909205850747057099480073971980506042030097546997005861802693048702690939645952895995752311793630352706"
"2 16/25","0.30167875174828698202400384058634984108623486683053443696659759489198206883670077090702238968874630478104781952525018473345394400078224244345463218320199756497625645303587366544958256875882659054323637770373855784400854370885717246144750779112849719990611412161858855287928057641445173035791"
"2 13/20","0.29749514131211666652360329373318238661006583249740841376217540103086514487882521406651189959821798696372422189461864413374432699222600266699564501626540428970516038114274175101184755857423469039218277702928574990629911122829390335472052921881956524047539047934379547920775067887229870218041"
"2 33/50","0.29322818212197129721560379133887803344338449285491435661224217513134800015438648186455094944753012012961516831106419710440828408429695158336185685821323559024700521244839632694107852952801726291042411186945140365837396037579055556578017490770619604640753214995679149430955014837559220429766"
"2 67/100","0.28888048174703171203755400558278333453051977851530870889456346355653126462694503575684899925873802471805035860124511055221068560026535272444064300839578620776674152435291188980946910795466086644586459958504111431656370387236666022525141270939037789305346730908662709523006785651400857636877"
"2 17/25","0.28445464276808006985852030358991459684186788542315246677480072541718857909195076321950464187277954933033271498494694942435970438787971336259115308393062679907704654037413715601646869168642000322863903726440789273624391968707562014597791381988830597065079170193111392160316968329786892627228"
"2 69/100","0.27995326158636096573356762574764884100049087157520130869558973479393311089611039175623496041031584062428518426894030656904179000941376322336142676272448323582361528683294666706900892963628228964479124623970368438454154747251662241694944076907977566878333048609938820885359066576770880896216"
"2 7/10","0.27537892726971110740774896899449768571395193077455065688713287743089097324893916904587699019143328751800283634406292848609201322113994363478250025803132942458605685448772322726910522525889888316583254748820317141075918630798778837218519107469974695940342612357611281107285651384832058899763"
"2 71/100","0.27073422043656948485629537647464947185044213506201303203525920838988406932813061128534336119350429168171559467556202219715301837805456285453647229719063362894824961792892070774429859513023935693451777677466015211602369151080041603801477432297779813626583712954642777335715399390650838325527"
"2 18/25","0.26602171217839076780253522477140206978997324544691379876856330751938580927386783284320313963083887756317036259980175993718048224047185461745698919583134016553554510452628911409872302678827461796846535558495597372592009514182263632347601004342951416605994040743900317108676628985338289465182"
"2 73/100","0.2612439630208996954948037508930551337475672311588199674407297832582585767320346048193671971571191273033903924359554120682088866892861728736065410896998972836147505851999863305278870612881535077176532262227908151155135467501729262829309723705869004054113787426988467698712517505497808807293"
"2 37/50","0.25640352192454426830322803305041380914677722605899580170212896082497749637928778676799644794069299736079641913085123825056127012184168162282926263894368711178525319099383847970728508286587580972537719635082481686261112868458227027649306008546320249073638130234448159624937825366979739529243"
"2 3/4","0.2515029253244314948117355487188290660616773159467681194364475741471783005136630817225961412695537099751015648270590034824836972748372957430461123960635652371984070797835345947546877448237373533559319053605423260708185470402706562213158674893455576351908545127117609319000300134541660931583"
"2 19/25","0.246544696209962297968598301990398875269091077088604677722567010298657433440228792571138458818348524852215595145253415145002574385018305489069616841015268973600279743971715222736594479586434229333812428687394758696952271657428861389869607382495479983129575555204572685181539355039047593073"
"2 77/100","0.2415313432443231106644377564106632414210815166226786582855722753226406598832545667193992141662767041491564056143333910835225315798136130574887728187636193707232690949204311961142341775103581117267140435010843283351077421809218017071825291210392866869136729249992982428920604835855540268956"
"2 39/50","0.2364653599239420825484383766693461719098048293841291107694704269438335805656251266047667095682287256294991409542202293980652657345047581954127736666853818407112478377887129074376041260567123545898620110928170977744316324615712124261950879594431531587501456669908734418069241331304533562361"
"2 79/100","0.2313492237779793488413556221993662708423866390198875601511372117046639137511365038234569211928554097639249057939675431039941032745096113147879561583591703141772845392686059564326657238379375582218195075609292080985417159101366790680453633961979254737160892098665339654294806210856023297246"
"2 4/5","0.2261853956078955266248095794082667147625356554264302313345280799502165263990557424307986139859378625919787521734815550589454229737769312463590578078326334499550825874587225723382112827188190840106543530253541295570377986827758684607776916038313081915243489891728246616675418469688838502216"
"2 81/100","0.2209763187671330476634036896705448528360698344907670526921330305028028615326935055290279136543075532915763456193983497656041875653294328854917538134478175438575946405440216438666222196135614020562486953600868360147564291690628251330758180454076942193946168503208171427583208603093097242311"
"2 41/50","0.2157244184809543061203018132055591347548672985290398426716282598102273531087423580340413959030429817497344947694725029766825915520554487630034341063523558585995655537749658463685202215101250107158997924651822930028654101613696382045166980209084542930190129810355364971684037646601541134517"
"2 83/100","0.2104321012065129582041631272558669727945850005700687305962395032866930230844882324981737007702291568933965993955936156160870911316598680343190781166714014126702071138096691229628463972350801412606205562311473248394112303906871795654412170280936695488522844505750777131753514494087073924078"
"2 21/25","0.2051017540332952765619162614980694531852515143776344353984014487358949634319162389029679786952534969385527565587822690510221887568047232159518156695139223908323257734956134033455001876916621798976112766250858597719191682093575008029663147796113316185137058119630319622847827993962610872975"
"2 17/20","0.1997357441241639972594663841882940857849604553265397306885995712253314804344093264392717613205004508666465648213484852902821356987680332082521279640972249827481515163606994216455432839602391073372894311387536500102001420129147611135699489201744975713437570155344629197177831469744967502718"
"2 43/50","0.1943364181973764424096627111036759932990825703030294647136870678670993253338870338025141062934420064404716724308537829788236843759477752539686150950225169983192496982385177822383139523844722198356692190607406839767390739909215389445065399286439968654774539847220287168389189895496191367407"
"2 87/100","0.1889061020501435139775547726801810954782472430736348378809884296370160184837837908092955604275695394136906520059892337094348257714255341797751209171317748996588410649940528492110512343155100527634259961608131637150083142493800548307724012446754264043764959621798639761559993932735042239332"
"2 22/25","0.1834471001245619331418099129503544511192674881640863407674781494622917380639917440108140666385319990903759983305146537770753437449813189579379348996592029015592056204125371874448316413149778123971899130729627698744078997203924221827506720060049962006735942114397068562952887525761864680965"
"2 89/100","0.1779616951171096260683821767041122266993562626825584133185090621088129882966474405511434174544874768229521779579846095312860133573360214485472544427242597294611067634712167782779977364465695050307688551606777237809115879835872620496245254744289642325778293006276535394566801094543809692532"
"2 9/10","0.1724521476333715345486842812137234311263576952697267954178721737748663175284847933150889534178357498722424232352214543608405086173728573139159825758533875905657986536206780878987216762114163275404822985921226295201862595156832194884848525433033024651980656371153941820376918394261244472777"
"2 91/100","0.1669206958902987028836218900757943443976006697097556730403754745606844442742443799273692809560097869031514929188380405175122133371980531538015662590794648886080781707172499788832777479814867867892112570168642555367764567487369474850478147995853722741624852373327389922580240362313953055406"
"2 23/25","0.1613695554691500638111669316201434144654290394881240573214357678720945017700733671963900204377371118348581153162795548158983541364286500309626830430931365595284719993770533169694284736219565085032161545577810614984689035952131362664738814904775551164071860286841226138082024058920754489892"
"2 93/100","0.1558009191233973418294053973723372812382959328720227973656018130760929360589826298422234417087279565478492338957185984348850559832444088362567084398962128888510363998488021848865285152427825539154803100126794909058971504967223641152066734424921942472658520624761325581942365225305957459008"
"2 47/50","0.1502169566473920708002370720183167089260052181893036842315496584428567445890134753315686844324710020389665855727844105471758002177907522037482019912641073258682334505474653022099310348746792154231015417989494552927186949944583609532346422078478720217736961246648313220235650558174564799946"
"2 19/20","0.1446198148136464096743685995109335608150045942721576823125745113728887022814106186450181827755303440753578725678724856697539739232332450624973817622320220898091388173175353672666106958066752271434293273098612970080123070561467423748177167399433383175339971265792299228828841162501447184212"
"2 24/25","0.1390116173893767974944403553508160388104687093577687292337275552200751915562552282816394011972000446669568259041943902933988915317388514794250174615271538937079873976624873910536160400903336954767947546184581176799310520939046622640731408680896028353383348642084707483135238975527880458974"
"2 97/100","0.1333944652468078936745569590088716407495409525173122722615165506695177795336367251606889012451312794326017534641938342373731398208236708475312858785130647320925093168766727805865993907176572700861069714235885484645298109919781650747542278772567707741306620201777460186943895356831420748948"
"2 49/50","0.1277704365870854878629631578718361584673725814253390127314387552818022547489841290249399904612522172819211585545355704585832527075579256794178896705189609990464218181091697900866913268047525402978491116453225376392036509368855118466939237251228410492359375183647107697258515652211236788182"
"2 99/100","0.1221415873051769763752494052135229356322663043965948417109031721761796178479868530928279084003500660677507309286036035741098393633402236062764289518147829567349638061736415131621226740638821409685542913607517203420535272816736741774233287464541017808280031535356789077563786372007411768373"
"3","0.1165099515338733736656322282567825834416118077452084006212393473706554065370925318538032307849569482091076391274402262111946763666113610631239963563956070770077659013153018053216993082844969147571108947475901598393227903035265692920614156753958323434896883283355820747493583703461489920411"
"3 1/100","0.1108775424205339556766794095504886360740432756399225958692233769208709109155782015167235132747196783404668428118969630389569756347288275138761289236142428285888394988531023247077651279901810388206782398460982109460180906370805623438263477211918964588804488701216474562063940839374159224111"
"3 1/50","0.1052463532130291404079758016976457620821781156728851205622104156036899870255536137683862889961575700031681831028058480437333249428155426057256747679281113056658647466536828995022355946180299122749729829521513748766143155180290917787799037063152776063111053458015210846426833398491201828713"
"3 3/100","0.0996183587654437337692784352140339042962526888519969036745318291255284577648595411767005047006379478800455006863549930175226269409035732622002109383475385723943050588773746821219140504206511906358380558887732572112154509256822953351722805663311106229195566389951609668899664973005357224615"
"3 1/25","0.0939955176260677364982033078795902852779061906465462417083589982657373543367384524532250632477532625739413966786383882674314251083013577087121824007145773962400398400786719014841277155327486576223979976839752823577432138041163645456408296077027956927792197800476640413072634674573664843156"
"3 1/20","0.0883797749510514937233546817062345614035640472650214566042347391306737735768708482766052422475423284612053507847924381650015736773634189550238519494616369321281874397801521915773412035494540505653507255340787574931053595195055540024983581301931432901839019636717275605040578451275365962741"
"3 3/50","0.0827730666158410907309699114707962862115020139270795480040987847579212761911868200667959125286304763885598758192338454282630088254182530279770528994284201294184531207859733660813150180275397257362218748444641759929226528532440227651803600646595663854831936175604577233277669746165204497861"
"3 7/100","0.0771773251068618088890219928815842840236796754342941545378223098922881561181178717314740288559627883663262066037137285665762801238197198691122390157286044925722254679100256765217468105983115529181036913118451817410958726729140895502619276074250798088563396301969286868863473429976982025485"
"3 2/25","0.071594488129692222541761598559489136766492859734656929717752619541539005525218765928601292945423234656601256271425181881336271286190529729676085425587919724728557883517032859470954509708726618904973069122299569400409504218978814076001522698331554489159759276616162738481018330494507823344"
"3 9/100","0.0660265114846568418237394509254605014762658977360555500584354870304837293191314717670257381854129512038400776888813750562402214409613147296416543572938545120007863243116966402065426578589303936763550258033636788510110113202289632372302166317597498282919664564056395211094955352687777093586"
"3 1/10","0.060475388869071799897804256890148517200022620809251814713269619405072483527117337348568275214558129883846956401393439085717313439286952995343259540653271974289301648973216010309256779696070418906110129722951838224569970017205573754495775617697266352783758919232557726754776308862081179501"
"3 11/100","0.0549431833504503562573884821227824229476278047366451531591664856284911820866870775340914063952912518699677601429823729780825735868097925053744191158937838311442307157009917758179107920644642553558272934313491831511571340482409016050443542949481823424568493339253057233995899653356160265412"
"3 3/25","0.0494320793758926387382620038834054947085926645761185163136886705044929497630576367663679207658448471536088382615997584076817782840433454154346169679266843448320544401150904822270238329867323029315946291328879526905311473134537279902785686203694157169060696486782235427954244572152440204684"
"3 13/100","0.0439444728133876918093204838245452001368108694302821740304498411992165250988033862177170701642862274317539376008230922791405986246007946169893556699623736118093165014763990625999339768786525979882552078541029797222364866111902101942871099027627092767456467913571054010340137879456465595232"
"3 7/50","0.0384831358909777711188952634847342286036106419730077682197876822180831427012846494597534040094525509540042462677998711912342501275353665129409684188100478673702801828948683222268965533530672377612060341590834985206726851556376569437919804523764121566706147559933893632925883241499084275229"
"3 3/20","0.0330515411962611311886791486208222410500782787899747418022754477856531165762163424316590314073951712189051498805019443159872999635329862181312612006057151693488250399774725678179116632211752478652786957070514744257185391140840992530139817532382802364943460331523242263574932188530228792355"
"3 4/25","0.0276545571894086398313088538887958033533135769070064465169430268206626011244734784054963108245129627029138361010547604392528111704654631656595756941395443302566094768775463089423444786421521295345701034187529643044857526040258228233134727192294543862060852931344205781387187731099114165812"
"3 17/100","0.0223001261890383436034454643368808186432309658833899758153767259443348497716358648763176578979674341143162591777720598318544901619581423626430742911010394999600921940673212050608033908886136981058132100859371649611807514021212175664499903411017217526170557698766043033221774471537252083708"
"3 9/50","0.0170040218148584386671440991196133838067891962510763381831487942984916235373826401169938766270420047835036808815233610230400497129534526558143999458415335746766787642502043464672747482246014591088492909771610072529193541153786562534196201877045348621979875405025145891955865231671085847576"
"3 19/100","0.0118069887292365565058551232267219196928075322419284791206978480008176292885154046630111974366677223447713818863019652307761490566622601096738535549950473281272735728702280409170031157852830473421445419375429427986593643531463582212910591711314604013723816110800780394828402716219819819268"
"3 1/5","0.0068664121138830094441530216580892076417245989569854073642072590255060432495611587623762070054925221863801740468927138954537605877815421747536122936065012588337058313284698150538538663034198015415562635469806206216658372040005116836407284535405504738622801869826754493571248180841040198943"
"3 21/100","0.0033696481408155891624726238589320646385060292510570397271516980162753404693236170481998793784395807559450765456678717065343829982033827084307036660610095647900893674320638766623983847306448175851405531948409814198495781083220921998743437222697085449773075391900248670164809620756311379498"
"3 11/50","0.005564214294175231077823546438715368204314296233435405762852334038082317491797604720791015894980512641501176007764293020204244739532361233000873477255383996175017773644103847424277881767304582815323201698068728577897570331001396211170768379004220850272362197402387883096667715797150349582"
"3 23/100","0.0102395044114287386655250124911765170445995217505300193345027567815267907796202263823663742283390282798509937629103262948683496536852157723486435489877298787184970048686275519637714572520468992723597241401651045605767888034616954818932414679443822225758105147469875007430520779510358486986"
"3 6/25","0.0152265223869553829841795021040927891758148249236103119962715155151721361462522984147810818599523558322634134985317284653812920938755591007573698181395486173989361627866890781235116180429284573943211163361372919148509648786729548252078908445494242688305700409828559873262034069697874744999"
"3 1/4","0.0202667843230850294216131400692017469176837227938446846977234909509106013108305709143858039760799185005982493790507406919724832116735041407599575258447175160911020624174456135374988503823443730494398414885882312943704014117159320165374267709970090839342330125929219195830185642876250383796"
"3 13/50","0.0253035942712724820627742494950514490580236978908102055420207960737049551191064237416727624061840339572194893800635459598015019945544997778888279736819803680307811651837765339394905162363642184658417559535986251093111251366452539970412111951941935351168212218469026112516660575510283929136"
"3 27/100","0.0303171465615944728814627966273912194168383565209304209771782772991119726310857410005169937014123825927796174024129213407923332800153762857191416421841162468757565349769328043584329681585765828936018623682388510192603894026912151873641021098728977689453419498093413251228073649312268316396"
"3 7/25","0.0352982776808966451739304927451062774930845974214567681914438872016335661045231696758843043117026052697541653809716025854153377256023253546245369769098732282374729868051382030821026993196665157233356482608673923811709648498129050188662787238173238616871224123804393448917848695715236482927"
"3 29/100","0.0402418155571847737884248785140887821606814855833091017213563170446479783743565414431957297888707142333553463985465103270640212560427776615313942538081117713825087256370375033719439884836351064168413157793177722326991249774903196547551717375587526154395009671186132885850091942091899189228"
"3 3/10","0.0451443658430737487088984570971413384755334692096861915630957921142001165870471307901740203561555735728248878665328793250026957211511631743903592042887322483249141422065864450872137674507062795344310574409366885356372613879815788804944663575589575836590527711517093720442616671782381834254"
"3 31/100","0.0500034305810466212869495250902049196971544402487373555713387371301233888349717573599879836782531450306766322936318580101599822352114697866083772319714287527213197190513076780037643801019936819237260106532699513550451430916051164215468749847097567187843577673171950726913908037348507050507"
"3 8/25","0.0548170096751651534152313866121601449653465360251178615376324091605232267901925601020178617488940414444974829685261805774049322001768805016254226407736697049140564523931730309926952786201580077710395098191498012228100949626818437900288806515316082929379942093413474053556648827941958352491"
"3 33/100","0.0595834026022700369722612702992514212642316776405810830191565250013937953842782987494463111614733965848110607808227102206952156099999586306795805979652127069932499812519267041537953914186304000507135938475273600261428276847220605324421370368956161683940496642093465599837908130408039269878"
"3 17/50","0.0643011021068395888056852238380660483372422545301443190134771243342783662869388222403405692319240794402553189954680391121775398188130290623061170751013171998259060536314521045174873236927282495601602832568935449659658881964304317463537743007885477664485314610788612835409706718526185755675"
"3 7/20","0.0689687336838570317135503728104577569718767778674127676766617682083604681631064277879784537875917524260562708041002768387766776946909387202855135832385193241090658199523117104705298085309218647782101627527495846227346942541780335767285226765493577833808051481813896370497644768764881635798"
"3 9/25","0.0735850193830517429821846121571646055278471256975383751013526357708340211361053833057421680757706121360139514409806332596319146389830542702350254932225257252996086404138593228817699483322604018185889057454498064050052490693243503279929220691697132258262975189611303999254148388578157223798"
"3 37/100","0.0781487552440698512120520665328132905104683747258425885918859262516536467943565458972404743324900286037594575785588314968970465675008275547111136310393996057992821496724336185278479139215269090432586868717211807933137062793534558562184778227794590422631100660627129442753884060834487714933"
"3 19/50","0.0826587967238469429930276187225216414603221020988501901622159296498278373279266776645816983137053843701144650017362741760600560127407711632733916402605020568247105627497992510116139167391535253152392403038722256648445503764390175721096215815071129924283445528136872244062193367762234853813"
"3 39/100","0.0871140489941804078214077191889610452095313874006748976251732862149558625066297228917610636946434160181599922082988593359708420747016188826496318907220535865600114968944445187231804550015815938612232043980323590999033206932237913474657927348299794651278767642715451995505243671477742236155"
"3 2/5","0.0915134603076255191933763861845529718826414795431107202241074351349496527537725853021560319338550386330998515068629007675718862306720892388202017524994341890274460237739182080837050417915122947403094347330896385556412308443826536414198644409743827680446667127535783198716489872155819498432"
"3 41/100","0.0958560173536385366010959574094249448253628304358418994353819887987816808762111819898119812821727363740435204411917484505044540922483817978397856452233146729569294471533737864195292122829382799121188101478877627046109153552890370019620406774347075724670507515064925236395401896252288797912"
"3 21/50","0.1001407419392911081807866851589455172890962891317319241342388337678030059560632539294075583230751297373684114682561917450952065047158975623568198564107116410155834231837632067702662166643191545489267774632203374531753101981494056688686402264975657440787019523910604939676196120660091185316"
"3 43/100","0.1043666885719162065962261688732800729744240657507638629131741051080894489929387620227087889946567981057235618930932863871316904291482290727542133459011661953654055571275789350538664895498650364215427866181475731020995225628459643178102596419791901364941253442655624641278787650210279334956"
"3 11/25","0.1085329426686099597141938795234285907610077997860325898759629908752984307202311801948224344481731074071485326714725699368404142870764656700862364225689395512222296135000964806638582614290143069694899049609958590119026121686060488150853048156254402139045168392764735948587311241604176530108"
"3 9/20","0.1126386192095247435477588175162583279841808507755371454211021638482777072790200955601509674379524422303043891603644883614334635003156167186190706733615003435829053602851206235306269691663311984601106646262746186445834552822104437740136993049147418989186551132420578022999364755521985476617"
"3 23/50","0.1166828617106454725451257774767942100751811029419486235921524139619364996756782939373726003484955877590828404927987586589775884300908358310579538219553980842298645606989985026235002442900079138435531983154537851273297167410013737015462137145344969047430925612120054874370007623257552227215"
"3 47/100","0.1206648414300777622828548444413629372858579347366899056478832560395400874232881269487790273594084961519644713189727239875729171476233897901495604034026761629097468139345950110459471656204870643765412773899919485241756119208015412213138880828228216514633512584230617621931296620657551618707"
"3 12/25","0.1245837567473826524307869057630302371576152184158216361257526411489709846405204958222902127395642376916798073410540425059482777546956142299143455581144529494334366839026981731333246244596335681533988066158275854816890635112280193937137731682672713062183205215469786033759914670136119118824"
"3 49/100","0.1284388326727661229664664278846720862742284185835336574836329226200192682208183201290188356580531771589668166708949492108460785176449377551176994404974797028513290320459535703250867086057353187419578640707338448048939689354749849048841325678938466618857513157242444599631697795193853040844"
"3 1/2","0.1322293204548213462209304919738646692355106570381355164140717917054036496805009236869783859076713079850011792328194636549778331024053148283851991439748621070283531684282433577162479721662693757625046626076844023653217591506063770894293055785314891866029145545814702864779058762717192019917"
"3 51/100","0.1359544972638283876829919631229506971081703308012871122428366003497864647488280676090457658711359333061760367754116789206825589081298855162314636962110315535281559421252982410662564338055994216400863835366716901188349924990841701209697562157917421751264071673870457761738102253548263383033"
"3 13/25","0.1396136659334998095014972346467804704627470121260473875585676800104055613077930153975476984506209977476251341601285225873262095961604309152630999623835821375860596469306765762867511261815882107135698713900633257566444141503625733217302717684268006121041097987664606306088917866948760163239"
"3 53/100","0.1432061547482813257283940412238726093608759279394937010955964889101523090159931520959050814831962913869467181932669001550320150844852767566526874367605822891913188704478173782230096863071993072356420416784825277810599284790835173121118128299302593363709328043113094712022246942724011768876"
"3 27/50","0.1467313172663802053620822993773576732143304382918478007301954325421470345379686006291960625008821572011501642353059436252122416412637427984184052270359211410393922167796870643459852382105202610891341040008699598941709507835544725008574124005253201089143770967769547312647635083224438178018"
"3 11/20","0.1501885321709422593525399372456974572060015080229285204072019726713953513320708975315566197044436956133601585885800959493074044207476929286278464309403124546617533993700138000042586443493210340087170912474093983737003106311608246966169704161575112807621267547432889218417711121547154007801"
"3 14/25","0.1535772031434650035499087382085357608593491577465601414253980396863434667978761601774703596283979361297151702476563806756886894316802373300700056832787407440173607965026480213111167494769730307145183587030479713614119497794312105129682365263689501797217639877971446849103230654188296621653"
"3 57/100","0.1568967587547822693062048624533684005565724979918807057444400379568377972808678311019904089457311539662327602156175856880017372875166571529847965140538345871369798544417194133798520635066344097168489488794656982245678449715266342571093829113102920859030391022297403102586216541181336037511"
"3 29/50","0.1601466523698980519132611298550381143757583319477306097485342259313666260419947769767818263005618201968990266181763024329975178005307051566749667303912646303016559317920093994191428812596660395365482557286683971137206640301000894513982910346136468658684678783737007966014363433572901111244"
"3 59/100","0.1633263620636655880580949087893693463768271381184444915357432510937738616227683538177074635854967435616730382091295366278451997671079037079763206701190591790835977705589289974487523921867158263751297008278641902616805623544993163663531041322860140703245894095788552358364248155104184246728"
"3 3/5","0.1664353905448595115954527624683148286982178859334918086119303998003369562471467945074215206885902818562515670755296520838330407050214638178740354228286018535080960375606299759889232132522736998264060649145269637674048312754170457023451019820917443088255455641204835323938428992237331497319"
"3 61/100","0.1694732650866164355290724652085619278713254080202788923701415217240372776583934512657518872336970224719501648081987044286354858302991925843236862873488155699954595275232335978665103958816781407326894339742802481770709528631047350011640216108749738302659066430478824229127218636384866271346"
"3 31/50","0.1724395374615531309945411237720737792585527610619242893339063781412132292471559376531942455900504505718623887578104981946203622758350595095526688270440556610531794817377829949481477575090959478188275075940109762952970294827602957794399646915359004675874150165378049808276756775554491520538"
"3 63/100","0.1753337838801342415458145965807187122851584906182372701274707463388445970373722820394984776553268360665617032936249962078849671408522971183641436685479262440293560441387886695610053920699239077521490785491526298440232540375140857654132039278451109578852833756814224564288786042689281883942"
"3 16/25","0.1781556049310699952312405573775164761080764495127142507312618385048210448098244418143323674793077417251740795244454525832213380344828869807791345352086847596994876543906944709024158657863677691729095531082517954075457836170660277367504769428279111049536087512402797701170616248419359122754"
"3 13/20","0.1809046255226912490290615096883864690263956669225534330882550389357120055555612195471814066025507978904947063449423400472725801503307663052447132838921222303946609885595707141812707471510856314663028702121489111980047966868804333589256026706507527296741746137640474801597932855595097200082"
"3 33/50","0.1835804948243839183295684111229645187638049518163126053277393238814776096857782989034640384769228002360390526531610841229324899773837646252617356526801785984956417620146723959120624884431940725623533247470990473178949743752929711112961521044187283545968715447428310961322598141708817562056"
"3 67/100","0.1861828862072746216554469184978704402021238602735976998406995176343623645665774591643490433808045361139453625365037565323665997043188783583062500252574310457889625143689416175280878154744058756431562754148494781819621777818456937948774081426496005229192647707808482106078786894997972901594"
"3 17/25","0.1887114971834497205245872941089435093227923708057059639387341918061617176036860378984980003401180516983850232018612436164309131371893033476147442363629345862706236691402446586308503539585624659601765980552428914745209530704385923706158136128974045766276116736270721773018787720888988106422"
"3 69/100","0.1911660493430650942450690296530057573257094831753707574582025660869925593896445003843349993394629535002750816018253503141061898401691308590831831504958066107197261647301021499521333199383988270224462878510201908983370709553491835792969283643991061004333685750260496116989939086679600722141"
"3 7/10","0.1935462882887672351102393459615754296525237398493764994824448284655183135236832533271088216176350682213583752496678012037911702142495955514481173015606580804512035507993583780611050835244540121810204270890356464341715772761495909219994703390255653072485765681242966853754010504932131137813"
"3 71/100","0.1958519835669001253130993366404466255967669107841688453960096783809781082808468429398608035028918862139979486713325536793689160842452406417417124215141567163795675594143469314283809638634576650504625874362805766367620962963369002722556689053728950228959106334604281320706742262826410237191"
"3 18/25","0.1980829285950188481570917173229015388862031184227337688527467432117163903914558082030537307845196966844801686747278649460434981883842357968479368192668901307658938401214762583606512995506684294885085937928682472177026174354939615598221273687894511828103528826307337889205739926598321120696"
"3 73/100","0.2002389405852715478953887741726529218474331814389955466543284425236731633425592556468292083441131510225295251281258437189129581697155449515215505029513931416792210406946614239067673036371767558290254762201486755555523447701508955766854693037256732552290837202289536142462249505410416928025"
"3 37/50","0.2023198604632474070522957118419695532891948639273789637407937762546721536512856570425044980761788957927402168683160303699550818502898920862245425698246876927254853197328224994821293513002966509617525587431125570277866780509914207349443600744041234546955625628628344623038330235087187426448"
"3 3/4","0.2043255527819207206883982945597509136253682569825548834867482971545672423940102252071116080681626656617166938046274545728554030504768079926455953166948634859111940140743595321783276249002530104679147722905865708931842660760765885724083400846826335243262959200727687645239206818935512039823"
"3 19/25","0.20625590563035067454025231291709573321070574721787802060609689072511859256559814631042698433219764021562995719013959936048821340891502723416798602623925482429235079028168997406434804027928987177664527881547440463148997519782295116185628226185831252069643570722600799230870048690610876745869"
"3 77/100","0.20811083053682367983821233666870609633145955792981841191578278998997843549763723413607761831874683011283143337733654405846758848978439644289999480173010507506181027737787616476548799907955187743321217437164874882119997300246972291908597391128677749186026094331452045541847505906629964794815"
"3 39/50","0.20989026236615055763759057736973819957699475699349136275553308719324353650733165979932809326290826888802023890622522597552054775755186613347858876633550652775204412593163360457068717248488949643884452353759069755599194055519178041455964482864973596681640287711066928719134928770173694200486"
"3 79/100","0.21159415921085487562067484987832851930554193214941739929407185374392666086646986921552412806957084855321924402742062123274034800220659510486503191779085614133874010111436191285719396373071828656643010887829883303607592803916464391302651548129603912490202222178301785827532464674855180283849"
"3 4/5","0.21322250227601161691156407647882656611551594885749920831249531715136541051020293460375015111630567749986724937298197714315961603855523851230252160583998590673988627530383772753652883830741495975430116466428406666270324127624050402015114224091569474618906715903417074910043789894033685400643"
"3 81/100","0.21477529575751733619765779925979341501140966079658243981642577193799354606347374428049918885537577220109264203276523179871069555131027679034770783640549909445703668908589223585602933724401464118088025338250019587881056425312658603126775869324569075534278589337473724178819466294868405879427"
"3 41/50","0.21625256671359421494183027301884665067150116962017718572577684330281839375068012728300529983155592829508536469177316451843659248702445569783377419531487697136760180506159536074024394828435550112335063241794032782185197907561940233717956296412303620655837690690284721731966813226213542625297"
"3 83/100","0.21765436492935110506378702643452184641552260836586563517358755502397659721711119654001811741904243255886822713530947756912376386225409817941472438526297975094918574043793620945407373274928964291224228743610122900226892000484719953041929137215961245495900307253715535914085124635763531589027"
"3 21/25","0.2189807627742448562360587741065246125421002720640054970738083764449953159561933724945495984357182516736805598905142222855831696017502612034845118064511861487149574643332270744350573560072641182262538311919467771779413863481712003539221134307765614776088933260685777237969865857234043111718"
"3 17/20","0.22023185505230503597809333791412950183002196800103099394588087138869076879956307730053451318459616937747247543460247992124217954776231632800046655073527320333502015295236757052430694773414009324514785964351195127728513995660794780810713759723547859183690402699322540023086720074712220498249"
"3 43/50","0.22140775884500463225957502737336326250909652046134298487750001370228493336079838212546443591782787690416197596202654533152793962415937160038176382424670327921896855326141402932849419688600775932854235977780924895711174770520497301661962067172295304766444490388655206025715958633108665658371"
"3 87/100","0.22250861334667851579446914310909712775388256181847624274947139695418822968443657813409145385276236120605408601073079734286168588744143142318972314627314214390693074248006914523157712550767819253107322320105971973763344872186187696122997932475568504636216384599364737396705866185002997358906"
"3 22/25","0.22353457969241035965075768315794656726972866347257439272416308985080788209864699613134021683936396918905806816369843492819185935302767292745191007480864307702987359589169534940904311376096344253397152488225344487306799037287530553527719926792931439285241636525590430715762053040846340596009"
"3 89/100","0.22448584077832738155543225913375815332615360631410033481777722260677186066951824982604754337104325770204095655175753891864886166563208314482625685955050081500661788826337492469344040204130512627789293610742523898791175990657546264818236664188620086994658398150666320841316764150017558153212"
"3 9/10","0.22536260107426069422736654212173392274242992322343128929508551711246065478924300640386170784293877229976541172974426004992108516996705050894730584121409102169685338384616898304443512765870034158321258092902168282167845545325564222802221696005775121071363290831563303729777171827274813508893"
"3 91/100","0.22616508642874721850922273722893935046642541735536520221355779664056369810077998673272197775231618844923250601358806532276321954413093984916379552666793746217564110774682886538095794639549172536130130558878967506879150797262370452750998159450554606086835454749374698209628634366286560208434"
"3 23/25","0.2268935438663670242160575429833182201545001218135313165117044362100844425625873515634078775977787338266556819077411718843094552883563710249111836297263171100977745634046428749501158037191346329781704225760684498318551086022963034018185706449281587151044064207787813698388708320479347433062"
"3 93/100","0.22754824137742760091251746386367524255098437032012039101858720209464461796859325254467582840375378692721145993327689456872410867167280232501077315865862602707576669217010202574487686932057722449222960919117502256428628241784370607481972911410428014570293514396030006969214122628181935696647"
"3 47/50","0.22812946770002390800515794069069569068456228415442492773270909860455606087048942648446985380048291444693642566481679739282665340489511720446873626133697312426310596915008107744915579702858212292502225104820930551473605254973886544599331270491267959898445272823228292958035081157790629808957"
"3 19/20","0.22863753209452009052511574492558256511038878908631733482966623316093446135954157426574770429696151086380754413822239545217327186046715990148992647810656429051700924810561013400934555334543150454611224898715369316613365060123223800072609749327620563837734045173270755783915300160972304949546"
"3 24/25","0.22907276411051545168434025309607408361368105404933182281543868488213534816070093913743457203700242948456531900627803816063439367490666299430547196803072603486805278068707979889419004661858812239673098099512613770922036524482381308563563640161383827915958533182017267132243266179840962153564"
"3 97/100","0.22943551334637362225052867669902039998596266208856306215007119195853398855285866151659004744940391894963612779381753750434811975975480126329025866094497452688965465928222400116044754900050705201702446376095448061951969996882439584136069965931475934832176706480493871752236469381793736585783"
"3 49/50","0.22972614920140983573062916536373425879267874178679187771009709934096136180907400301269174858173354982202391391234482049043571577356284604631062414057812639734117856447498442740836082445762836107196710957712928948400048811160889797993616312536926786754522646969968813252407229287238334796847"
"3 99/100","0.22994506062084678269060801707686112371805464864358248292913171195267636793869749797495531243780736350504380975193612862471485911589445801334434508156627990339013882779652815535881534762144106202152318437560155823913561597137529406310822682170494566300346412191575618806920063899800683766061"
"4","0.23009265583366465278492708976048415194801296674231972746077058770953796010354567704080360157488114893882279123954151182545774934470316768952573128609814636481651517726413675708892386096785718267285630517748030696591950133342691374379220642320983586393461603950130012999611309482017226550132"
