"-4","0.20522518325239749160442430827155663527279348407342986416166139391116893403326918235750154252802886666840980392700897418889014249633904165388892713974132843150017609172430661307581100809913915986735937863350875008953979757276946100901794646568333355964450597952167098978474401335775812918"
"-399/100","0.20398280877467351515125029125951108521914962448199406244095870082795395020984823234742140683966101580795657125205049655897605931185396017385986077723654962693759901815106736910892460872925290285974086267085053779711304633664310743658977985691048157161084631530034026121861938109084014818"
"-199/50","0.20267608536427925395961948671077060719675666293872225668376223277241625291623076923081667147595700617790258596750158332096492776464612937333275297563698646698207230143732026885177103694980180587702238448668743027064915134376558289196561244607946146820134268865005249639246585794019711951"
"-397/100","0.20130494189223813436354546389664711766761949018262665328526641393997487579526370379262679413788257786798158266853683275737764914000840594300474221432884775878272852300152029347239945809497610045202833179159575786023527079762845074898079165438742999252651312250725349049251645620889462332"
"-99/25","0.19986932474131958510503366745618097088537743450254143304027181352669883834258805943815945815777643358573449796492572209079532512046394858751867825681273794198394955792045818624769408779111027317151736377917946525213695226631245936827769119695455478481306001733872814591142905255188082923"
"-79/20","0.19836919793440939891279116586421245126985674044544854411891526110886837083113685384365638101021353852956700947481700345239639893265460349841545427711451733355590295590029397751123213203397251195962961899231900545846295798242072591084971385032498125231436010410170393973410965797909603722"
"-197/50","0.19680454325951103750789780157852220714080490530984002605364477624315222684549626470150117000129817079159370567850772466291112857839842930239371743359415446838277922627487251226586868319530791252380478550742148685360859621151302514354497875692243378054777496017226867363474764968988299031"
"-393/100","0.19517536039164249933408031291667816228261233054401657117701083923016424455033660776704629888285535632467736311246500591605897113464683711797796082035964226172689341481113726047642624096338182351392479059690002139483166414341768748989781288028534429992026775311869124849352697183948953326"
"-98/25","0.1934816670119288140668860680953672481642304459506328198833086868941969930981862936206719953632126215723340390463597676926341591633279539766113956178116698649613899732433941198556993235024411662068752913378404327995484737243441620399588224694084435459539082721397404788186992077528249026"
"-391/100","0.19172349892422964221205506672316921534987134782227912322512779839702002407942056063026485900758775598585592057892333726756549715520686646014742368800274672470477392897678392562280688672314945796479378093098988321564458790007241243668438061720658107194983775281143675502342716100176320153"
"-39/10","0.18990091016968557143130543740396609371775506398863729388245053713255465794786483860308400053913379573546983538730634945416544802236162037785612026129782515039432943000097794481709257517867949746946650760129369762233397433132043313016062396610783148311279592635812823614112196571026898856"
"-389/100","0.18801397313961639744735902145040097240113574073290907656279705518672960611720493399381212311960967887541557222449884015489068964947379783817527244219333721712007725313206103728201797768685871330116004258099854110808479328271797008674678618512510870167435177707076649263556508434782417453"
"-97/25","0.18606277868726102946477140259376767190273672027937746139823294651610696688201985796880868700360939231441155604227512155663726621051301436068437485475803525825339593828056031930406516561087284548439618824221300111865490932613602868797093800836293546592081271896589124156242746267634514879"
"-387/100","0.18404743623891297378989997263529792843892393072916461089676065994746164678028880319260133555962692426156603611338367011337443140397828647859172308506326813474284255651721917743633477084083467546796299799850425305399755326025514884284909563568774743713976828699993306704461221656174334629"
"-193/50","0.18196807390507921806110657797454871997191530288355594260230203470727176779784644320668001026866452837968339572035991963948137357953361969229337454088621993621564131110210635193725912520865057121501458961063272509782291107453348877881411910855584556332914631856985832529258641287909830232"
"-77/20","0.17982483859237571196707251439125852537124138968918151982581085379687037061178701992285805094709209490194017641309939553145028647633152928017859482008064560939683772939646975139641417433850570504795796903409449133729374402354901133283482294330979456255095974237098070504552495195035453766"
"-96/25","0.17761789611697191188004579871152689771131452375384010133094275363942148432510328293688391328751174316453858863109454447536282355076300297076726983789523648959579768550438913179823954045046046264472145559349662215868930562743279485211440188426604134711447208734042930845868604916986724174"
"-383/100","0.17534743132051297407978488145375113231827848472041464161010450489707949774233844504409525317515610618080764185239682015370760825770616875707744428657592164813765017792079049687807078559702470518382229147806756789032037371054502259789900608368444133016888473455146620084497829357160486046"
"-191/50","0.17301364818958478731730731129047555499305776339034505375207065906745644897717058050663412291253006845715437851345860011677436613167350030681684367503034071422584049493536551874681694086509336969601711369318199348951867941085079838800955518953707880001275498881460448727010360265155331428"
"-381/100","0.17061676997994865004570782434508425805685512084356330685952443503845653160380253655585791626436491618034755246808839906770503668040636116450946280419217480991335126539697788411486476860548510625978413448323293842092903811223533567833451443098567802689357936450260337162613508071827842177"
"-19/5","0.16815703934696465019069935603868056631276983612379578334254968138862465113050955046772897133491782196878595046286397607723213656860408793167762500307808997308552589794704954231988486608530105646776760657680343686540608356245420373922107162243339362823010399152832527849539774550481077252"
"-379/100","0.16563471848385273705348622838659629930742334850892687116393653708682083438656928197667686875885537313180512558168765465090374838275390968622700787744409132916121747268425562378211369017041639904994238902793511507067110166528561170961016201441393701615387254955793579260280682832686972705"
"-189/50","0.16305008926971693180506153322661155334013153023310157974678554021997586873016542663781703083284203756558318782802367169953465800175592160013284363359124566950220095060595126887240654694406904492035609681924723414144349030056795828554966210682373100693885160513612459272787190687532967757"
"-377/100","0.16040345342959227012293779116665859906234237839121870170652448860886210600450354033100583070590886223350003220994644282226823765398090045788375697410943365061190037140505931340769515895733098249012789229456004004391286833667649957621022238212257243244764086203201532172838583825552144672"
"-94/25","0.15769513270918006899029653248401786820463177849316866867522715728065134855878393054520893147305335088791791150430610753932237411522310263356554464343159525381521774234859008350944960738518013896268619463146636163257529846105804444534794541694466807647048023966522378565764478531592087341"
"-15/4","0.1549254690674330130693712364790929733331074674016898647632697400269775614324631800195871683908008904414494497590118296560146144363182838416936111541248518015567467162503940634744355748936987281992718193201527558272290797668822796108046026907129709190650572767457470320977897672491682621"
"-187/50","0.15209482489076050446005091202860459726955352816460541799494548035333036733957574962983518320850110096717559405418433163852006587911872453157422602226320238542004608875854859257746032497858175165402609669307541686856895109206617118596555816036173263453804757611779053724893562330745028952"
"-373/100","0.14920358323337654096456516316638829548780515567014671393792111875546749696611796055870532223015978381577225426059281395113239547743640495317022891395802290639416388509967888062489183712952953123952295252656131676680178051507540875353380759608830653895828200161543899096753001764843184021"
"-93/25","0.14625214808924575976899152286128628071117748083388392435867037158531283396590978160704956824197330051655083225648097862352682730746700723464454644036595487323005042098025268413048010102442753415500690845973765068149910862997434083121106289351981444808583807126496900188872555916307997348"
"-371/100","0.1432409447022486724279020506945182711556997301236346418278431401842676408675982869976107820235617977772310544756315241550914713335455657948258163617830845621837868711014798119774397464449157756772982750543350392510806746137660586833479869865151371407205868067077014903523789923369973298"
"-37/10","0.14017041992265080574120442511343788313695899229237822490291091983861426297662307697627616533391530117256466352420832539016868596881020502434486216143088715831811953667350947818482700728556354500987104932283286407254898615798388648947828743615481973893081634622651045576999663198396154589"
"-369/100","0.1370410426198101092955508833426894540029838782526333441919062958626929531421150575016538400567457777366098123522503707271731261455023649873221405805326044706729766737997975119226134650977872939534838685322882505516078449630257400537592941796393610745772016454126387671734123714844141502"
"-92/25","0.13385330416340936585686423871385253805704911177386090627102550778367702765018755219836297018966706137680032148977788996115210235189692419657891052300660836712135673034474699363409168561155786412273146779649650491388646839525590689582184910860303446193184075820334389211478556795444340434"
"-367/100","0.13060771898851219735335432291137539751435372696808075467367005406677167244874787155446707940992833476341842593919796271263435487954833037151630818498581223021857989074979913845381339380060175435862820436340637202576633459255287542408032368548383647753801884297182363993754375685179372081"
"-183/50","0.12730482526362472601108293371086438340953379987147971178629871485266651121821120427071921768156131688087488495260188125328766275675040467594625515994025487366027967750979509145933079886215424051855176235772987143952348777687179106783551679167657684715071059691808144107542653851874121972"
"-73/20","0.1239451856859895617465471493519569240122346063086975262537099577753393331779809350658606352199649674298701486391404309448533067504391391798918542804440464088733383576322922632532728187924238313572156896056226606684703857105760494219336176858961505801360747279447488796609205432913725846"
"-91/25","0.12052938843494331981890157489243558769507831319059145018738122763201853384811832682894142812828327301983675821149950822527196381585938367042442173494382658058015927456413559352849281496261496681000361294028709175178475323929516763330650559472106564318636647303453850525395256212931747698"
"-363/100","0.11705804832288785687891372435885285248347523357937860304552229241869203128696497678800439716733368171661472033083423544095312337149687450743209441899281275834222983268993452493919265760057697118017046332050069839127276558312579074944062114614920945349716749304293665777196974686983059779"
"-181/50","0.11353180819503786041751359696323923639011647493258278732322214473415140505312689773285661293403515284454555237863228352979067256276345708497593701122005329815894220115402947559600758676434466220096655283894910115125531196202606761838198780744916228998673082678261471820200717259270422774"
"-361/100","0.10995134064471962560631574081154548427363189000611716210979371751468423705462678395120736949099321094534101222007806089150857540357798228563459808330606242717726172866833119858368413642577468655573306367531659837029360179937170260381378945484275167061088610028368214177935836556155206721"
"-18/5","0.10631735013219711813798339154602125134342859016824993418778293502050798004246440059627277496320054394898377958722638375055411700917308274930705406411526293609252794416001552892696108377285727854521036724122717248700154561217902814039203570954888393206067120870988828601185108451094096226"
"-359/100","0.10263057562410332572116494340478217121660606134615518383290013665585296430814968258627888775203671702971128814254856647289417527954547374045884456839801503790465022916489730270242777628096592437370910150377549535675386023845047464513991028586325151120956677002034801688995871556887370559"
"-179/50","0.09889179391096419716354524325710301702044401123986872967269702720733860468493795773112874280294325065044193516369191701542223101781097356729711386981013722319751004250543256723809128763938586814244562600121184760471353460724204005560431098132076074461001587911499443904103080594262368538"
"-357/100","0.09510182381711160361641323159704351696824852929578021699077784638178677722851521895638404110436709845726082447066352931550916176028049303581401638098381528254304452754846252772149524810310994904444409300046699229381455787955795370765366806117418643987630977216380803760638987395632434698"
"-89/25","0.0912615315982198706592777222198206861007561583051840947345427769951981518944216471591339440136960450476300012460762549240964687369452244667523381728148938043897491604949857772955680914751431842495570607107938247931907371947788678605001833468007991036062764640736810460523767363957083447"
"-71/20","0.08737183793869296880690089681849651668021567125090196369523826571561306982761977797827376154308426004399923547095281030731678249549534295068123442411152101859983805188826447037604223630225125479552034105818284893995264414928485215959457749329720419805635043054163473882572990327149148087"
"-177/50","0.08343372713290654053413701769570422383425628137350643977380126285030572756426361816991984730860030618141910704609364290933948977042823434422338382465055335649817717122725738609599159589770113629130170161280141738033857001473434040467770408305557413830288932296704254495421458683426976222"
"-353/100","0.07944825929086130988168285907069026476310456238756137445624120600940067763929106360306655122717837062972569959629137495115364045102552628956662277169857524818041023230833513360321623610396614485514314984576057094093946921234877425535293750706555218396436328445551745796383276981740028605"
"-88/25","0.0754165867991729043692957667508695723583797502329912907484043465339211938294408176449531904829233754271833866084915242952246123729458131959524535534128535843697368420501042801034489024023307713273102742509538155915761119476662303288214394023864798687199932896477991929393589953980921152"
"-351/100","0.07133997687456183948292134730814631990173932705740086608971315297237493890188513449763886810200416789954563868611659890892049352490312228789608901908493235100080875801726450297885222424940015432327712105224137846724373571546802207287882030692882633673572172847203045981108497631164261921"
"-7/2","0.06721984300991004864504683297014025634554220069254767574505731255659533888839475574102430866072959543223533129385193804841316992267460491615654997138674683766538078484540680103809504630062868506141878720833440448859417438651763916984477435179882618481246924945422904840342648883397256407"
"-349/100","0.06305778968089883679602301710353955353328111195757103909051670006489902543171446712412096168470941320013601612984393678559893529814054122178967363711715791632089075382681693126547371355860816456108927902551011192414844881005392347621750958526801257744945360253765609878733577940436349831"
"-87/25","0.05885567730609279463173252956586267013054901550817765148681013781098316044057020700108745250066669636342228637610372795749866758785198097556223784260073432145755604692507053218809784321825052375031608944709222463660337138150162796841498081209502928138651923414672767125439023673280551705"
"-347/100","0.05461571898567424731322584393650768130176732818940133284473534682656126954846109657490536310421508789641986238066352959810249819854258518560032772418587773209754502494302080880733291832172517858782151914390464396399123534357835480554218722359349849399651988676469064674325799306176807214"
"-173/50","0.05034062864740832427888838065421069737130941714614823266212436720648703911798925291136333485690484913517231958241802022668574398628698929568027443387776702374105097912709374715457870739187037715517733957323147406960606883853385095403735089321981889928474539199781459676131811831860551353"
"-69/20","0.04603385529911262263172352203963407944933426937037189092690464831471160298770296567356204446624852025083167166962237082200384546216855762017029181700159646566259138747791618471580977153593785601283711282085480477372320296612666020023721602565414727566230935636703290537598648943911233093"
"-86/25","0.04169996740364896384162910451824066192612813287062779589020158033716102812277433222826771724122784136408450457328009074430851645169672148256886170000274598518451793608665147891865004206319760650957838489405639564903636608393606664212381896753770799573639377176606607087615819338661548248"
"-343/100","0.03734531143860020411061745190814540132508181560353611806308885804184488143973275724380368350449250906919661185460523339202520707660252267125933914063177034596475642234823964411076371419228050207627012898327470790544642531552252954671502924502942919849311291134816138474162255523085802903"
"-171/50","0.03297919922390128371527793756900776734717656542434346105655422817578615000287688604256512891242217884925636252571779291450072417763322410480408808602938714518439575356558444831575295275349697361728647147086408628331591684704068432528886283908729078872617500839844846613274496567826753164"
"-341/100","0.0286161825119072479791369741597623342091318550423043821866855048408992897711766865263327167143259369197178703325686207552389481806201032059992247298098980923298488483653527874632807860082709119654969875258831521075897227001857302204521461610360913894995850620421906046948833426650479254"
"-17/5","0.02428073919031222982086195978782170329480782831199772528991121337298513310858554802354810190616689403342132251326906671623235970707999892527163249746587901609970222626587923396491184079439217614902006891356967768617163147011008565957658870701793383380459998541388142599238631789941598341"
"-339/100","0.02001780284085978085713718399540258763965415248646643710477426347058120050287286090718444837554442433828025047963159389562230432673338103701708888868608790739597174157166440124217128069945511761553614449770192394345626628677637923067137727114987500873802474486500935363720577448672613398"
"-169/50","0.01591888468387193705194520243012643841069048714190771209465732177717996697025615258732878459678919961540838856023555790554126762044252502183005341362183413811774287087416124418837189726511453815901018175686707652902561863284136800277854076511889479194487485484037916924459324649134042811"
"-337/100","0.01219300888263842724540224609285004361161388448504446622101684346633761880905343034675106639100601745371994886736301737143660424072654165175060528854549953987050727286943712737107786525004310880668439106705971563328968117306645509070890348772304797279185283345281359230647374547006091466"
"-84/25","0.00935283120778065647024514798286867394006659261488731252110987127338279780407047736970410363402498401028195654892509268075275154172890048164609032014055690900711655958777045048237089806585683200018363922544953110037744826782874072124199816192678122944978661861386157531304735970931341621"
"-67/20","0.00841319966552485723596918897613608560644233885570155445478800370183327537576342419249050349735320727298770223325176981679626464863397826959503449853678837994501074955857703555851842057251179220745493336266579085651617004289182045890361111480802985253105588103457058924835562122026729879"
"-167/50","0.00997527210362625149523494206284470259993762884455326297230377634435019523868640489576673440854009516815968881633320279509589531205428589783304811909537821918179541770117922221951816246384854430445724638213201079082397078279255451680540693720177009844961223238773375093399122022282897202"
"-333/100","0.01321087990338404062062093129502987119455359227474278749457057338285637388568647641048447885703857790972329204276566972277298923352963455858941982997283763636923873359243172663206019974383975307231833536809649995557414910575539722288364923466493845696008132428393634850585543712242695736"
"-83/25","0.01722457513900763547385812022504018860138413860317903688811254300606263638872051462183858606518950566830338477303561183804226013456744443135656949526645937412174437366141953948461065504076340629825608898186329965428083831494094206234008683931398980619452297744780173878150318708280650469"
"-331/100","0.02160511756214479464035707090932343920008315401188293450557405720647580371834159331937216789832586523188308076131526701875419462464994029310823864883731883185784816725736923846888438838312710787854848215773769777347941161334891578309341950046319599483933161254920408851501081322468247941"
"-33/10","0.02618337407190617442847517144307545635448000857349885551458257160710680177147031700122810015140898277662196911992970429739988676072952499943378075376712393886654504626760441373745218207974552081714447490398823426959764484147431027727091530187813532246947800654341130439364174681347471741"
"-329/100","0.0308830350039925117858383421759422745777290176319288606559179682815233177394539071500866055806532467302421945129639290727936716817374954307673879426295668964658324013026392518432138963471484247488737704552418248888837926805890368742598922329209641946804814968246203398038333847660286322"
"-82/25","0.03566546297440014094465322434009902108450990180847437145017590975043034331794242726945196828297624878039309420120070362205057298627081387129853038116707521653107109983469824705740526221795344109705271653953650548282998718955530744152314198093086995958977205067063651263934692526816390571"
"-327/100","0.04050897811469016453106636942780723966092304904458204187389108507250352773177523367462945615935298134865351762999366978419438028808571288015407948719366959458173260718961659501741494536120822106716014996867853870311916241426280329265018142029592082673226886003510341432015688525954558323"
"-163/50","0.04540029314971921443784954211908791355893514745859039234557658622102355491822149427559847009057240690485656879509060623365840509596072011249104677011272561173323011027888366372037008566250231238686380040787117056760883532366808204331884548213514198445305723154635830256443413799516517122"
"-13/4","0.05033061379741420371786117649429096490655037591443052824469505812257291568179509774687180117455916776394359306611506892743336096945914705928094739482397697768005288311337200214896229661096238350397770366421728332679247289071713456676680995683831537072456344032175202527315517462985910987"
"-81/25","0.05529370946821970011616740864570891221726490545893792185893981476168953941884173706940185273539342304042558651409251684073326881446126412624620960366084880315291051340484995179104574086630895930073420020406093005319997415015169273092995226944844586426230579535452920182944360357918415922"
"-323/100","0.06028489005885606710215477875046018959259006291800747432887247082121673906513572001434723499855071745118596502171705033362097613046842570130136578512996200780765994200783722480231718274267310783613665281248964728883494513489276197625657652585678860384607390140423947171524817430822650577"
"-161/50","0.06530043084858142110990511184178503316202592496722879698090663271808728370573032900731504448830975373009157929612343737468807936791809509793161879271960105645522125699367585954266174214755239170159743323774093443269543355285363089648210385796456802736784010860379975858493166623933790145"
"-321/100","0.07033723306420739872015875583621975933262101781789427412140526884212804642147606626748684031909924707691144596567029844530438768953524867885025516474862941716651079518866670767250090510217155562987669493606220292563909148118810662374407842941351947076005815687665264190126248076968869206"
"-16/5","0.07539261504349558221142631747094989258771849051234460853212801135175961346056620978094290875058647921499766044803865888036139181544274821215669176205616760252807800077707218596622954662674643961493158720685786282214801082729950733360071651644132682949496004778777552226648156828883877364"
"-319/100","0.08046417908641875810177518436864131407541915751306583812550211265253600482987359614598705405965640684390866625475468228773143540544415326687363051668653941654679539892687434313528565916434061210289580274621707514783365435095234229411405658435324548142136443960707178121716301897149636217"
"-159/50","0.08554972390190280077879771658726142172941451924667043052639301179570018650833429113271235340454572682154316849135710063069437399759693673138462917517684701869259012861952908454557547890630622993576240478853224237253660227984711562812593563143387480722056147499499436732027014913648292591"
"-317/100","0.09064718546415807968309806224478887661792847064135391663647922698693964558672048660867217945783724524048550014699585632762346250011464615203054216292900834245832012394135596320449308375119386567763209277779628859381102366835729975825405974565818762050060736026903312353936599846007499048"
"-79/25","0.09575459610293649712450129784944200563664244117391148616397049358265254702681777355638157552356055558564660755061507173670844388065618017436551261725810521139381035502668926212421596324931471055486162841981277735848090726887148482679311236394887070625893284421138160347864701923121805147"
"-63/20","0.10087005560804229875051966538399299258398875615349223503982327172871789318062289011326258783150716071470461592710982250623639257633001257353811677574614648331323656468857245116403041783200922880546336718643553699772952938126194707870847272896191892830730432501356624645576524903540095243"
"-157/50","0.10599171043764610523402556014925496168821090263486966171929037782427116298637084413958345419213331465047315940905484067068942123113528540116991066735277545833372000627747707030060092593239912108072506770039532605050215650321798484775794941917001761334812027003495298484261270263783792623"
"-313/100","0.11111773850910983406795405767537612695248259913663637830709686934870729212827957627065087552399749439051368301925145225386479441918682820249591597489794308801706999873807360971771915852130112513547282534817417619825957149963215460657767878677871572573791852265325180266107673477742513666"
"-78/25","0.11624633790954498300033525047578365418978232545517104568729012632241459798443802248357970704071992960682698464482956214499433088921121624608019742982980876811094123932806302960726182263633791103411796163235961792602348735715521938330709088355513031363111972334108085866424126919723137805"
"-311/100","0.12137571840693624068643273818847753475619498911312745694407622189713711625141050355732058563792722358824131643537484623086876037764381728696311202231616680586161131017428327016306609101760282799123696426046512842929382757160461231102528293103154107943692181173012852869968193980488677768"
"-31/10","0.12650409499451929021435377022635224536480473284172446685076594399750270628040962556013248683276571023962536321108087080489746292720891027437177069836177433719798632596094333283195840380537771139880407267215823852340383238143754241194080458275784588994162010907842337231732172669965306097"
"-309/100","0.13162968293343755793619493753931092661472521213513006132190287565199101952400908467584391469960082220220723924529175220007481541746156043130595006610601237288588900120622814660588984945990837589041920601575917275569083040830178452825625989893306697798444016317138611325917100962560087035"
"-77/25","0.13675069391493861545370360214172137633471996687048107679857520712697607256391076916142612746539208421051332511575806498366072877005167289310278027378318608316967438495116425849741640866390435189456196529312650717557008378873283689451342201504772562748587495100126221636795401268866876885"
"-307/100","0.14186533307020183875504289365058062431372119552895558491884947169484106826610593257335413816559351158582092976305445087830523953800586562832383923682780438070365382178736164086915675994983854836960506175847555367009707135089095031903160795653339906957878057336994482668053148052057452074"
"-153/50","0.14697179663006760876026575036847887405068886258730847956152958850469175195675787504742417064222419191180746178634164260706294222002074723462260806171991375878090963162778954834365462860597524045121978517138303040660956942769466353399346301068600251816730443623125222324306496064880010752"
"-61/20","0.15206827008917902743909911245151243348837382465269341721044188384476307072622497290994265307654709004280641543426106457636393322966774174412061241784948548230470143158092513907624882205817638154654569206033084335767569978614949991621653613896553403159314994705672508004891559034253491819"
"-76/25","0.157152926766322605430265143288629556716586581613222071220553717382337938383607043252446203748795349374009853166987598581753718584838548251899045299694076349365729976376260652069607048359517726274104424044938579710724407754323894524070025261425110322601698484233151889271864147767178014"
"-303/100","0.16222392667967630914370243593821646653203804877020580667280349032848018321731750046273662202885010266960916889856832687304357645897006949740179031127044551015425722205993036915807451266779521076495097829807218608720134756436099589702028143747921802178488041963046030038806912169567903645"
"-151/50","0.16727941567533778497448773148397285167739998093060621743653411077358339901269326450528785875447016034486102733342823809998853900302110309198543241628841831712528236128777516187590075469005192508026170778442584933137507980779255053018017771808122968603145631360730200761481718602493963582"
"-301/100","0.17231752476202018142389652636550040495136865755127243779594799960678374862457265724933757397430362575307476944910331071085831203148268021563120948872079185897480424555027150057615208968506970995050234868673226288767795930601820429126026407051097964035759079852193637594368398895681224427"
"-3","0.17733636961562134310176462736131635053911993794719851198084581712615186183335064425064842248884438613020188426532648683012300471314678557051507344901795082048844852403328097001611054918568691187651160439345913467147038860485691254629883526448715820581817276780975133080097668291813309775"
"-299/100","0.18233405022550896287678506795054253998257849149573503436831109938226409837008279064653248071614081490642352357241960279408017680291948130456382779517396497062145953682161603953578855952851303931462601345980949659913420209337068940937285442675927531448759962405293676651214601397629789142"
"-149/50","0.18730865066053599256190027685478151514387146532477826963698789808694551700642923335205530427618529543910775796715397591000914950178507821486024111070884192435321989778574191193655357364707643215895945488372601828415386302689060434053411079321882307692123691787737358163369105060177451067"
"-297/100","0.19225823893751850394911857308199494738569520344404116564132512683471864712610627265467146153660092411895126104293044972014284882683256772851273104036348402251431291078974136866623655267819781094897752092141970324017677932004110882353370242345715138705394946353905117448273364666586101559"
"-74/25","0.19718086697854080237739418090687977000549713007347861839217762026281487040776019985232577553446197027558508602212444093438143669428693379998110576980784102525961828029171585588343389010119392184503808747067022943398740741894189609124813519073160425673479878722459920027648998242211657103"
"-59/20","0.20207457064626810350273264314470720843506342001235623578962167736215238558731310421783130937388232059769568258551471350716832670108656820182967363393320569159200505769663351028616020789542998858454646137662074233539789425494527720998639383976553447573881988201679425086148813259662636455"
"-147/50","0.20693736984864238843881263023363244528980523285545019144038718575198630569702551969584825432456065684913371698167280493764825261870878384493267037015011014915535750992298013404047642918211464891881941715168869591256415027856749704421552740624277025004545529396961604275832144831248042144"
"-293/100","0.21176726870605794209022831600755948322929748674685939331119899660673525039708120583607355040607953827486338799264214957910722233700170324925052807245876644204525646570757531647503595039380168565166328115775535063919414072569917533047021637819462690505991290486610127755624350486598130016"
"-73/25","0.21656225577546836867117475763158102856882620076635291047267256091156599901445427314301819785279824509966733315589103544876091841433243872987026246482688247000139683829348274074647701945984365504432916615344349060603532925720087310002117975227320993155212432465789831242231068649609416006"
"-291/100","0.22132030432694840420307030015308269495614667760769035038781957150112192045435750446559026640099592258953095373079903835818154007222617481918467886015677529071910099193030968664479091979915328546017777267451569840709735890952546293282710759615956859210686747394893678049679444803669405961"
"-29/10","0.22603937266908360369140535479977575773521529453670345450309696496519021350037721456428014571597941023195306127002515760037263904701826162693558713851895819822646008949458472012970162884047259066397055823096663471756611316226513699212818633703645139361606332135737525037758273870694901729"
"-289/100","0.23071740452023626121525195940732678607701513450323509491994645378133186032134538046758462614159489455008355636376718952409575478083266112623703727142871549116948320832641438600321534908952055441013481655058755228008099690252645113142650178483572330098850309365441904764849803839283766199"
"-72/25","0.23535232942327303778520059455750463925126445755864672831602313864454033395903782491296982400876037430801440385060751002412218091433571647352184417145574322557481405230796317939360662164053992287097629881353421841947100822567263620381213026354101162519418707088986197893522813047022057114"
"-287/100","0.23994206320176678744812895050964067126893004481423453762982135584246180884258045693156510839601827671245570566120391686573518130449620695470417750550130795329792858205463910025167124076319237327585637611726735305627230250846499680582305395563514519949043422285745261364862568779518208116"
"-143/50","0.24448450845602380797136856421841642660002473784338926929763962143574820289668726408024790679690928969414997376614423552631050695701617701042874584162288800097750557340706033829874080015794216925652504156011970880847001462597107536541155172151658819473118004141061074081578566060849969512"
"-57/20","0.24897755509755526865484656375559017126743477319493992970709899076808765020415750541703964161445089069159835531389479723322582240752373410035176316874914881669949651080490174056166664300654830212762590358390009557791125038834379433227588858591644097342717548709309043460957344290367029609"
"-71/25","0.25341908092082131689523377477538762196044429971728137355485232937436277599306298850640533626816994731368920342608167884595431530803616882962440032467831910266311880722798180944958834297092015558358780238905248875673544747375557254490384426477336057548608975516044561661401249687067412533"
"-283/100","0.2578069522112389690544356292132362537666453718732086420564073267300536328977916169069427541939675313132442718499110262534819934647041538367690302480379491425609159582725417842435843361449837478634965429545904016119550142323937760044127309040015074730708718392755699081636861797762070487"
"-141/50","0.26213902438856881470760523293806149549969263510130608361943196070430353872754213878256892821226408743959475094100665887570613015380523253612229202376107124364346180828855194194229325627049058440902557390991062544318294288027461054914846179786374428138973152609783027435777543415035454353"
"-281/100","0.26641314268488758580877059253497412599658827648263490913789368973195301048440206345904783229452867841218658461102539565147400479305792392940343118274126410316337989874298682016188695517597272777963253691619522627527539134029217077367052225903174848467018775966055196619443252330218543706"
"-14/5","0.2706271428564192263887831140583111255306021579818058567686064717707097657621410974169095812795595395756902466552823097616435554694123654452228745272633340324124062956455796919053508946107723443657896858247496186265704488298455033961944915013445426242303080362531283504748014858797123112"
"-279/100","0.27477885192854067376931676878516663345611760072789147666083012542350548016138800115944976429384823630995148154820492720849982212632630449594925739047048451292811831807380648016784498601647125045098570189094830506547533007106736627070237951710224137049749820819166956380452182188388465233"
"-139/50","0.27886608897330374499227550229019688292329330055673854638762737750015379829574798066577710244443268640561716424830853432922559514346407097158504314157909503975789670168087091552417694055630929669482966475374332109247352351495689414837206544916437871506827478582142749217857531756692435929"
"-277/100","0.28288666591882428512943167865508500485155927620507308854547098370350171240529800312920273459095533462048619606476991160119871560838117029502483019491858587457962716982165667085524374382643763525455944737818276873220371109329033590762967126321776894612638904062635237547784379485119814605"
"-69/25","0.28683838838988654019633157121605539143416803434600618050716306018300305753449268942823418579202370321798642774342438712703790648357739138183403742737428775935072757263848900442374300215733204791839668703294202257653809688751843919865446324653212620319606047275585950303093799780709996398"
"-11/4","0.29071905657909662369425518471833241460271979333899856608615394487785887431963906939696749415367847233832209808385289105338041065884199981167933049093689082473458594108877706240723741663635265020606751033775372447595856755815478434392871528133394788755066614395926949066413700725628307719"
"-137/50","0.29452646614789568596296210237988194591790140927112965168603831184904477397551489763834439958354142908387424595246288835829887729299486861856435420736973412375919408773608394022969455134697379781993633804803663892162496992672124019969815978831245449354931486769653295251600039663088217723"
"-273/100","0.29825840915671244457440221343994601288040284621219495591108980794917206207342384723195110323079388279844691416596697970253682417044068811198504858215955219776015082892990042405133965758074874745908608600909325773890625284270520595981786485092452162589930394933812422915813056810866349611"
"-68/25","0.30191267502349735986924689243488471283350226455706082892111793585886164036118377058028284952356090388702872523099137385536774755557306900032619542179125645094015185106181644534389392354462250110639632741444135258414309958818914835292800294760545105743544549066995780991563606731270778672"
"-271/100","0.30548705150983804423265987915531091824787558930618508428296809000145117201700263507267228143061318879154171795636598545089718002975137802505271645992399413979096025388592512505517286651566292665483047253320512919905870350171394834071859365051950968502695197786252279014852013104330768035"
"-27/10","0.30897932573380844513883519569743966680310871298167755434124815397209188488010075475852334854062538839546515846695299432724215187437498191144764133002255955829913921781449843310578902144030465839817950122706463363635248319261170037686876325857329311159116636053527203200276425328833572186"
"-269/100","0.31238728520865380128059745670598317019615194474028394403974806222042691603915907127085726256014152754762838452058656804139569482915396115898796308396504677849709433413822156955688851369512178258303496241781145576980524129813947898618924031890563596031366814775182143583776936892428061021"
"-67/25","0.31570871890636011261145217887762078468788254903977223754530942940470912775875886279626509817117543795067621672255805864128241707016378981710933427828311423275699917131671594511410491399189101035725873594160126147899626344882322488601717821320607365051387986544968604275829301876004315836"
"-267/100","0.31894141834510159336894166132760208830797700402702367031353422813034226262974785702078697110532920024117037115717464555314779171660350266642767442503475458546469657221379158508005036552309778283088161508478577923420396451913311242441131816541201219161346362076506111371180090210804413357"
"-133/50","0.32208317869950294008831495486939603006664887270317228219148212277465240693333579584055480416567663747697178317573641177657117880955221133401741478706197218467072287822015057524630166673807641717967227141313675705931427927504762622032412359733811842503669945570934356613411339332217240464"
"-53/20","0.32513179993259584630708697090720884526898015027264300704491278742306995666632967954056825232425057796929119977744734162372035956511856329977538765448809512193053620408518353428519849749695309796986279118349945040336530332643118273354000849772529768895629598376015641288884662893570804886"
"-66/25","0.32808508794829159667134555755494791912727007526101088383491342466415502796676136160049133632104660439018491478957686217750507802637733852664374676154048464689785910047306354640115799497939679221973454857487324733651454339516540385738453795822540800921788830000210878771109407954386053091"
"-263/100","0.33094085576313430921104465183738945756964779128995112364980310832981110845521700890132748713774582551318031156686979282857684452431505645097073777935209136117691453291208665481520546279964350351752380753268066132321021456844764767812021033817110309193540661023237080230997006345620143055"
"-131/50","0.33369692469604297372749543838180809814777906625909331662842206028733693851834942303099985702229738059454160728786378259109114155472485855545443527769907161449744236034367427686776500389043907001218409267674182737823598929897596420428793831791053716807136270852041967063729980520715318747"
"-261/100","0.33635112557469534293900721325916943992403292107444266750206653638926405598495460728476010630820076575376215350154487304517215697466513410916569203737825918718408050543701106361912052154709363016006672287306766568499316156523432491019536609852496170879122176981280178562713862609248145064"
"-13/5","0.33890129995715343900061534783220815896061433239083331579073729026208785757981028000657444121122218896894564855595821792390112158891188336220815708319578524075371523166323340346776960368410019130195598003474299275858507241544902808134063735365503979440953449257702623423569621987425708982"
"-259/100","0.3413453013672793925075505399997468933522779912925625650496750320862478515267479266750718821943500829230898892882745383405265050628849698027625120674855475353585107807638601537933230046438613153870860541597259585003015889253409224707907839991509883142754407752780944329010328388910166199"
"-129/50","0.34368099654244197038757619555533657493135752917485643409661282224588742079686100295218530921054904604216232288963642683614819415252568786539229004941001695472681547607542029536673125120055410524841563508833078625942299568450315598950771079268415990503736912557695931936261318451978203399"
"-257/100","0.34590626669196889542764177507444401230343231497329650636016261252400782464387547119930934251403898689680752832996049861481540734637658114157362676277541251346102805683159449503002445533964996518651975341074315226633511818973682522519521122529953082148736420724342427737927197013487190475"
"-64/25","0.34801900876475832225084777025182969471953145243122947244072736760752422509309858622442239272872899358025717664881515105943535802792874571315854327660382121923789253279276398010135380439373981106031245833835347299330292457316495227287720828648145822831869914114983874901846630328082453452"
"-51/20","0.35001713672442500757936582001553501881662804896927977896155329481362388940871355384889329725424180669789379535885421138061775064861471242450188135566680360726532919674030836949235201111026467495041356947128355688752136372229989191883802273601711488385156067181590818552667135333638132494"
"-127/50","0.35189858283032317811338224872341627398596185578239332637986758739047171969169521983436269248931933298710146097355588574603871219139334026277045154025341589197344309342697089227895269818760235725086247086484717799688137535842260659635722764633424489893876413220155829907049592895807337847"
"-253/100","0.35366129892275922467168133893003239082934435115057170810448766774567281659779320645026818550273828491944673276783525036559269322048247400216328348779627176471412614230461680602858506041773514181230811469226169141380548883803663840094396369642236270716281180357362770526248541215000219816"
"-63/25","0.35530325771068348884840775710480040953964010831168652176040727042921060282980289037657512889288718615197150763026278238720757165491356982912739245861745788957318430689532589056284492547169754413007320717101356551160500790219538796312251927404778963984339442082138872124259247863958668185"
"-251/100","0.35682245406013189508237950001073680729858144509956836937494213422949558011408050139933660146322832779612873339580072960097845877359742102662282143932119032768656453639582773971566792360089765687334234897299434240194510881895406710852856676917543420532267287612074126541004618072200980519"
"-5/2","0.35821690628167533673439775368603769560261602351244726828100339065842665066517564816646082539051164667976805057017293562725707327965286468359151104389055582622494533594394014008009953241065321080472070455921247677338878759232125903392998924883124038463739557489881067005862577707506680704"
"-249/100","0.35948465741512785176336846494599702067149276969159937305948744425086200031148959859049930955755865343399210696665385839907865326523544340178349069676197587986137714107022820433014137754332382034870126787550955543476521949138232590483688994475485809548372162176841844040207915326076288934"
"-62/25","0.36062377650976400521312443696783613532916481774254331829483730556620095650502105200942223652158965203677267744447135826915710857245088844931142186471720126208013929685669801093214930215181074279385343594093251243204302799029733539833561645259627315049444541593664071559068722907205850316"
"-247/100","0.36163235989830179524085111519015494526376643129996476640458346364747705753137089345376170472141552188503583184302217712161583652851253394698106573282785864279837554167366495665663367894825702136479818622558623533932240396750482189627700687467553436287825418430096451627830191750664391714"
"-123/50","0.36250853246292005890870280735153723890760396808392959758108324146120367881218353562540736734536294066297920557371686720309371060124607467979515721307117645906133936776600746451823491852277044633611253845907870748254622843409899230337990898709225950528916385495225519969299693329144295587"
"-49/20","0.36325044889159899319084229822186021658760615711197357247634305352823889147264961826357814720470749568910766938317463845990736116711980315967949399168000755817579658361964244390564935683017550591282375941890114203676613885688163153077794817904522601091109573089754406130586615119428807848"
"-61/25","0.36385629492309922203648060209078322589821519198571826497645850303010959386495957904200799252017702541440468565577916123721580955660331931564610663288119507013511817652357166440978770554486864692371654810949739948671053018936806431694248294063610380640283142183384895104039501416910884072"
"-243/100","0.36432428857892900398642704900501991595722535879885358881963233707450871791255769313128486239202895817013753466268334012476995391054387960118924716445265474841832895867225455459783963932956251538998479385111280924735773133282241348800812487189350025960396377150795839071280325487932198221"
"-121/50","0.3646526813806908337298496570695580796238660782099722931603627707516616485285454729873709053250253847204276623946130391320890560039469070106207985981269110431664886725149518412893058208394052941166014991052089188918112395313684400539134117790396842056264461191631202213610998268933979966"
"-241/100","0.36483975955124796622888219164427525596285930687621271918798449301969407264861723957989193062053167987451988717734589352063169493216797277113698963460047213127058780231104074108883568131702534813978512599290767046159997885295354862080329643121162419243822465031025456764840403974635514727"
"-12/5","0.36488384519820837838168615864763022571021530084481055916664839944631371941336187913681532549611781063703541054280071037591643487452618372034525974692029562941316436647432511326851740240181029725940781838889015469588787303897966186119124140060324247407558597369069484913512422369635519527"
"-239/100","0.36478329747828844869761684349658295782127413992134492270922040094815093629170385261102325233797795998881732653692215447073616781898564108227380093380154111594813525967107427741189250323758309188536388228195484298229855790097060926045424043875058899323580995036736262826711281921537250964"
"-119/50","0.36453651374119122139827396074838059452317163959317676879908735004922130847424503500680944406223637247521655740578829591531511236271526522215084660063260138809602770618285069566844352421750271046781281058682494616168183779028998809757710352475939664973158499608502512263355986349142127899"
"-237/100","0.36414193065171454241249904488943846843474387989639286915545440784662512468858197276699758827325526432054929305816197681905013884687120844213257721719864920539327328708100268456682673109717301041855805130489186683940973205902056982086820737643707131847135999767545360758094357017569369569"
"-59/25","0.36359802528889259946961866662336113497103023165048212463809851020668057070114284016300670806698755212079886821326252448368891690238440571853015946355904926404719446689556723494837110856971566546948809868125987425064559908434689459258521787749925474376499512426094366481220510696312048327"
"-47/20","0.36290331622107043021801115011782849891743936109447303456011848276326517408963006064680904172038069050931037685777716830732256815120411281499463915769213881250050904932726815234062770974189460366894000402855333635186130394401683197932882435005845153967108522714053566999726345437060825242"
"-117/50","0.36205636455591472030151664351092537338269529189117181009816261043822364676308583130715798787388414383104911038872800417553671796386513119796735182066212126549196306850229810103061691272688576706771262618030861969362089729109633690791363906119746354110687349131200606515910066536129205639"
"-233/100","0.36105577496447561462902284206615234289719192637569689092117058395345902064521752970825600561450817236945570904039447065384260598084490022306442143563182855233132175266644237294472008474695740330835982785831174372240597577572971662246697696461771279003546214753276093501997473390854060675"
"-58/25","0.35990019667853320668232242634058154578329770932703434550923777379153548182931075936614967707322809354898455315384433277824360100321194974045641404985662876583323823254010731197808570618663156022157016938082834599863963165961820621503850182640572553930304974864048715517176870749657612042"
"-231/100","0.35858832446058873254850118441597407929111874099339409645125857487793840958417284738837170182000023538244983422454410788970025886649386624399314270572288127900126966641310049410457046153814797896930082678000554963730725910751445242241048193964793900595037316277031469799527814079144392399"
"-23/10","0.35711889954599414495606759952908273699332266043511419214764466165654842626669196548721814530999115883700197375417411578500880312230128479466702455105949471534086001271952916058614534498760256672872889869485014988253977177443617734583546396672944512869294598676358977370960876118814671203"
"-229/100","0.35549071055685453564462491957929616809009886133676239026854389999938146040773822481125969388287021475740121019659986425572066057710163531832051073900415274051747403923849250107855759497081440055668849589369395815873951290473590011888527182347195390346132795329119154794625713599835220857"
"-57/25","0.3537025943874856664819894618253918210833466335262204110234301298615137873096292929513542210388492165587986590195820723834062449900895761185118826402101476488197139871078702990455873487628181009821431699585419242514230217698133999058210663269022047253360856990679763215171065179492789906"
"-227/100","0.35175343706136351932383139336871037037251159841935843651819366831300005342518668095949856750649374834236731859904824598755609538176759113110899420643743528638247354900382941607582361505472140360523890564357918322590398512032379198746273670381303248451347959456537037510038543798609076569"
"-113/50","0.34964217455966415269676413881823121031873742329728479657823198930643884958316089271547127705793577758226147083231486866416668387115377835169643357973213582612186062215376819441732814911035056455418498206479589026741419414640216711606339765307418744723939740817146414504246934695929759445"
"-9/4","0.34736779362166015421766240991673613702064649807701759044319496112728666498537271464473281000430895620280096965346932721268541776808898968261220916638551712098986655335526747762309564269769954114659595278196366188054801162461115572263323966115995018513088408072859299301699842016238628883"
"-56/25","0.34492933251741453194998801819675235183378567440150886560110133822797702580271272290742506733752036925928201583526557542788439827500813675823517105902603778297345415437001015504053617178474586851238925909812327776766770857240724589693273053876723474242009813692376970728359071571487572354"
"-223/100","0.34232588179339397926946165417087914183777040708933389530432139689428814126351758595557371602359023033019591864333929572499509643957038110833903930801627472053050017806539373659749667863090266557014884593947628505742934037247272692546077307078418929449825090975269233853360816704362822781"
"-111/50","0.3395565849918111333483502558564413174700837970568314916166001910094282324072392646146136160620991143362260480656584186341184548467341923923166737373215980918077919069499050054452474760919994745543704055296552926537809387461546230370450236604367842919454931349565449166228990976101882197"
"-221/100","0.33662063934469988338445429029896738231968399945123671922850928682861618275089310363370930805847618569010292189494026340791116095476707942052424739484340362860938778242984592644304898824207890069096038298059222504584436852143961413064170091287406884668572931861577254778614040788753642007"
"-11/5","0.33351729644392925928908672038077244910451129528022692052174464176572662553556546246699503702683697896987703519540047901422484559625501484322360909446772363868837046006253337164638882085984886056101306176400905386837197792728474285297218228237466057087108584534045396594934594293365312374"
"-219/100","0.33024586288857040591417673536086712201869378922826348749892955097300223744514824078599948528637086742092932939276795959180806062358442650604387542706475179339959429749186769450246189940500378225605024957095106180877188419156403328621334793700730027593228652172209366963167145672258711741"
"-109/50","0.32680570091124830920384987655393810533432895781594184806838951120932747241857635432513190846112856878248342938922790630418730830574767853669816367070596256563678842955093754283087162318576876672869804792590855242472301381445916057092352449741129012263740282740271408458763606273374550354"
"-217/100","0.32319622898533627000229187258364040215914665814965190931673479140318773332618528488768338658684230184624947780696270954116706677964664929710960388692241525515256867766727233905041047244777821632929607454052800662200941056589505382208064226084522256817089408995019006563386627851953333388"
"-54/25","0.3194169224150879817274596617746628657776611082389052872412942970239335176939074031442246759084975861091024594354360761271436214908545568830301138226978759539397110085214200750985266220589884057910338851409233580815847865205194926529060385279039907574117856303225524615798267150559015225"
"-43/20","0.31546731391105131960609177406815772703819705883988753712224874672898027061315795564146767071730387506114345747465670825211868593978620933444306210196649211487502185680599747054744157560942654092834119468730627411827723988710682639779508326522584683584267446786032107658051894757012535843"
"-107/50","0.31134699415337209901799830556579665507032186121946024790880582971566390298326855906245720640371895909407091056613980066514141013508703943093669019582402167483418781438351369077944199235052396670523857048150264124233042371084798333985617066984324394244074190650207509073896260431923195904"
"-213/100","0.30705561234587846273884426332197723857151633419649363482376613862509270464456195930195948559313573305830923622799502433890315093875043746621806422758221856002700904106761115556354538099884226174469721970700601635596112193335952360487124544288233849834904880192458146207953504626689806907"
"-53/25","0.30259287676414167730702313676699534369804194941044126234323748904910826877929687557246058521274119135994440939834928368064102688984457297047490482603284783320265034847600508036353301211967138167506586772318556473215313799836065813759618909691406216474610528449740668430541211176247062705"
"-211/100","0.29795855530104289038720034062721467581895633844522207702801149888271748013348270337099318124568635793894440206477745679975190512293406625856256718741764584994638540093846665648277906523221935553507909810916593968661882991907455813241014872724144847398271552550223819561851725605367889028"
"-21/10","0.29315247601374570408768634390813275468699526746287652805780888478300790543552845884451581848052030032096722054737124439640693777454139966626216715447494981723053371205119435604299079294662214348535650766205966601918396702244992881089712303773752121452053373530314456815568106522715779113"
"-209/100","0.28817452767639173432777292218092292028004261673089755048707967163247621125169126276686194868450802870999567483116104625182670595864067023727181119745803842699418191617188302958413294501149637475316125693434525752337308308217416313350521168625326048686891310057184154739072960027058150579"
"-52/25","0.28302466034331463039026077153658554911763597635857283595854177153005191821257112898089816101205593175785957793695230679925395318388082101595609414521442527620741877950617869379621622052798373176474262393655935740204100933022033931793051984852753435957982672404971316722459541627252486837"
"-207/100","0.27770288592812603353431912528266182411899840494757412022918753104837845556696562730663296855855457439542754044034981261837056093276070331702952176757572098129717439566621861076285873612208104427900844753686502370987984402380968047163001158473763458036009459691920037411021766979497864519"
"-103/50","0.27220927880468983326213459736021841489756069748681901611039922481086424767770068199863151424030459332773564641672659829969130811208257478637048946158214866072253115623148819899675845381785321972607765515855332000649886721842035847109922743321634149190891202963678899562644979759437727011"
"-41/20","0.26654397643680290209405106256434083598174001736729557156098971877194304268733389396104176376726882993647226080410931730503318154693335791284672437954365309304611845968401598841390406352346735842250790886605236426505900607370823430360408599810250657319834552957441158610777349928371545149"
"-51/25","0.26070718004438766802743844579546522621704712733134365393176234438850792982107094873639424936381012680672067850853828500768637847569425440085930765633343688846574222677542465782331576834738233055615325423496999213343144267438528867450187329252845591111658096379301736849684504695436803167"
"-203/100","0.25469915531523813052002092813581671363333322882371037597099787165702397250360420587588708530336845351014677407168393310831781766204612438183313811864035182424888710424596553933046669564476143985497672776284425050689131906052065470295179399342788356937330847391383061942327299110410932002"
"-101/50","0.24852023317293443127407526809412601903261951832605096525217495212350572783653437929006936842631070127260883931602775243294452327025956657723129251739377939392852267344575663865556280792210970681808530021969336719862311798737969181433521386451745616411819669119901064532638751776530456623"
"-201/100","0.24217081061357504646958902763961428942372113713051958916956356549239233288577223639318803471121232402409685027284767510653437670683538521592255937436951933828247146475118250925364938897694032266724208879690110474825390855646574522729597039669143046419415405361624870910669184976694833057"
"-2","0.23565135162664386904379904093150751144544085607060213574346507730935625143957440871433910812277028274374165932514489711150509380856925312036114178257116009054922388111142815447736020534536237048188207839272896545635716997116445440913156652912898549404578120642953397192308942614034832391"
"-199/100","0.2289623882188797323054219390199995650949177937207753071757209614515141793506742582931882805725288873123736288858401500861777978924148248330170561595290537287570522086989123829192628682508997291165871337749327919405738585342556061466095995660617378851817103252350736856972609159665384112"
"-99/50","0.22210452156480581807703477188110548193670281850427327168062484333200527818144970549463403983879976209976068312728581790346114401744466082305362521809334492492868815190849087324148462108331273060482589554718927211851862194551236501290474785642658285766112277192505813723822066587405928542"
"-197/100","0.21507842331412815260934238397339944479161842538640118346752139720048412707012981714223486687256800534683585104012904957852978981074353198124277072460955028424348139010902568907794533938560343821019170370762454426516082438429019663666948024965149227657193637375678976271870603062471767784"
"-49/25","0.20788483709529926260941523135676470985662764830689577929792722489097559204394475916473527654199931136984915976206412399542027093052457074248972261645195168232718846574302431134544321253070416879762460473171179950991042115883739400337699391530227953747943629840154095664209474611238715095"
"-39/20","0.20052458026732666480488841651787427116428710587628355071924677588367709953574058521590953867072451529478425374938539636961263383304323481481085787715209700434119129701489633523501982800502955959925814740229564435304803937838443475793689555542681690122514597988347744424943095280982745707"
"-97/50","0.19299854599015896945005249984024487941218486854684841748398130532334868091673199956481664082556306152267993572036076455135254067461446747624503673769583111476741763307311893359151185955619002089575686897532761810038993305613863980959697099041481943944836197142599886530069494191230499126"
"-193/100","0.18530770571045703042476134806874768986044504448039455312158722576256941259805878029154554892695390227448993813376815812069692185261053319432614882126819904478316881566027402036417934687841177735134698816449298591928807625063208748856415828193029225961465971811228289808207944146063440664"
"-48/25","0.17745311219860603548372319286045341255624397648621123801806988208700482021357986966662659552986664315675903419124929426872846895086222641858714085912162210504875410679521326827966270764618858058357649739366730940920259531911366592304712996871187373276723439246423605775158273947434275246"
"-191/100","0.16943590333147040489926499804450244280116748785967207586532760603175463542417340934537243261373469523937515604429690684908107744318844661392987159760634919441516129837552878186880143172082389580089154019887711895459144710748144181951119389268145877905075206589813463133110055522467752995"
"-19/10","0.16125730690522574887602237962694138916710096518874618073579650443206993706224268873113294851675641103604294686258358878659789424168945204476214548764024276058490102150068299174032768358056784887561945796813977576752717195806729846336796712729534393802592311461456774296067024490116346081"
"-189/100","0.15291864690321392054794114724834954086140723313559056047340224250289801737374292056362729504789608721420988569183956188765438299872648579204146611802015504146223291717185994590597141699421107619450322477888052738060822375387003692514385085794114386548889546792733478077236774280909261296"
"-47/25","0.14442135186918774140154011796705761107639152462430379651514174711250188612419543769562001743059812820632076306131132803805338401274780957281603954654710072391834162869291333737013334939128772896210258455550447994120334929735481749782926608457661740626944915449280204518991041558166850935"
"-187/100","0.13576696640743865585332135821210938178569442544787307357859177545453588779322284956363001272833820451620044856947489433895612838729395440324499918688491461895704230660931896022340964544209665961092215145927454029004460614637524433005450458283148146037229863657603370850739115456874111592"
"-93/50","0.12695716746081897800620455756318168282967657265862664703728822645408686481417191557723197414956693225955789895351080004741960181833237415673297989238454663323291856875880393162194777537352133096385558153914695789519001816264841041947744286593114163870788420632096011805003411376513639803"
"-37/20","0.11799378812209723096764237554193564204266612090054062760551640801237501140147023282311596192139143555906309927629778269030212087054719893373525890368341346859141993189120393724940391823832661771232848912482737057376361185236864365538485944656851372778794518888680133771740034036038149015"
"-46/25","0.10887885374760748621151402210196539924789129440263499329318685712634820385728741455491704404018031232538512448857789022065221132324843103987355613879865702570904923038291989518504103279897352729063676907822088874062334556036896541712158364210196992884294591591085320691738146762545788958"
"-183/100","0.09961463897916373603595591111683220659151703395427273749197134261237477695736381871448601220501108025549890378388718754982087815688695103882175848687925830052892813074949433678831147641888818279659422068552518467681964599336157708962983685520511079718849143132123571013776530093362957784"
"-91/50","0.09020376197884096720036897742034454945994709317591399914538072515191457821904218936512031664696817698202070196312813003262731797840759334835464599537537698100570989383715819861452853445650563067502957604895512450457720353699776355746722436427445100048946593500335458684626076299770073949"
"-181/100","0.08064934859735711257345834979282067895872036217161629932137666808517988214064704149639209443067819744681351770259095423005535503822898826575800706927824063973098320571682906150366073073477822530954228491891047428824592569444350828120556566382053540978721347783564958564230996291597352849"
"-9/5","0.07095533685697343664981145908262729322705624109093346321979338501221587706541261750580157493109153801018717272690327540002973456380906260899102772504231655540112411514424153003681699545796884388828698652585641762520909378933257840020222977108096168722689578533827448033753640693380626369"
"-179/100","0.06112708663297272115015650511222667768765391744935894207323885440857072116519315444967476381942129915823917206180857637539259270577681765495280988094838438314053485427187968491295365917836130047188464550767236711835549799601066852401579467659136139094349580803783175650304352402495155473"
"-89/50","0.05117272494275368514013426382492712397666047711959001108971078230970066668129304378399471554972470206204255559264077549489020716643808495092178600464492794645689473822440957691636945714070677134815171857527972374572866852577655115532792753363243221855790059232365078004042467632990961879"
"-177/100","0.04110652210078720101866164055074397863361552717745828386290087604382518828157365790249004059503077296629444176498246231815502823188900050939233574036475266258109755379889859974874299203219556525531353249578505103767674421219496758557856414010250572197871486686688964498978556451115926119"
"-44/25","0.03095904642017227718041945437537302016822899339111681844644516936976031179914963733203637148784930918043482560017023422701589248918825787063279595299395870606623331362142761424404040678778314557196285891992268502151287311862605328313922724623460763396659612913404594962315183386994400499"
"-7/4","0.02081750752200591118034677713065402002272839503302550252462649710505373895012328996913430369979292162786581331109657286965124802871073472642525826066593585084192812964296247590089184414237575146615195031852761139424708280187989660988326782028327392986254637331764045501467018219648568712"
"-87/50","0.01108800046460782429658049969368542413677403591611593309316952667328457333444103354694044299541573552964644686034064699951813780041795217243582780108865436076838924808989738513461996249221625595603248556426912242870679624500578406769392308652793102711966185196629044525983056046712524762"
"-173/100","0.00596298942238268395233113630466309701455170556504537198275190384137243943017185495749639560011411844336113483169108628128849668102316797934439506200155947727988566401096950196102183736874751311062649899116459549858088044904695509424356145841605185205040916225062127450664350436124431552"
"-43/25","0.01339588398006040650745598328491505141004112873317949445115123927897627331511116093134160437529945474760303602059351103592629499989094647869336291841748536620067790486475314774567005915126981467040666421449736918819989615531553599953261220009502451664597699238551575922771356044362923515"
"-171/100","0.02372159106374272976058553724904635331203487835135423301401775944463012317163531747247549206463952568156863733721630891024102086654307496112836154968635015230282178725969338329820372171526636791321450096827066423148916215762702622853812711059915784159018523049265437564548215876207961662"
"-17/10","0.03454380818662010644352640164084080070529674360829878008905392637541349024301637855115065695739267826756936335364540786714578702869715960594821639604136142765717069925444071749683134059599623523533870415241421773154839741586586855546894983370024262224794463597653112853824381886890839014"
"-169/100","0.04559461116147040561948911166164489409704057147345691771154759985915350834720801974570643166727491319550323540452085320974856045530288343718586999330379656529458663986959194320356637221415949676939328163988272065334097199954928058038895263952598353144175635193691228966918306330933567199"
"-42/25","0.05680688476328166178764042885902158404655400833953854436901509380773715152648668331498557802635018425178519746505443241832630214957506769270631222246939666207563296364277858605952604808815196611259538834621860492413793020829343725290234046820259526530200638213696059641689083368257655076"
"-167/100","0.06815445799238087371444238387822697876936426353825728854724509158398956361933191769390453707455705087091898454648702228825220588387807280097750501891389270252631090957646885679356753720434862466299211209115399417990122744453944359597201437798975079275008832545791065635173402083063976225"
"-83/50","0.07962369271972073093826352990602546155628050676531206656770189748824435614661250674370578382866544634348499523556255561493079894613425832659014909006900641649830324632755932717071101964979442016676939546190086755468869263971779020772277104056892560856939963714000140352404056417903723266"
"-33/20","0.09120575963513987559942369433937797617289742296711126293860740686956168255658352074990037356657349280779915075364554710843934101551538307105237870551929471772373030915198714810928232363139419425824949335098969429215522805892458321691698834565988216534837337076305206935398057799634783849"
"-41/25","0.10289394255534173758277872537690587836669509887720176028875460093468127403124556136384951921982147919392797437451554591018670109956689845110818753955826683769834853950462762284963814598803985256643884109841389925668549805960557604083336748621213117397503995515422141689606307732310020516"
"-163/100","0.11468252672171941978079835191171585882858433593838128898811738465650213182987825125660257474061859447489267539471215993586850543192121750003503934884813047774185704690144885965714682442769693810312910273325989047112030702075304948082980969888102677939320164660168867220850151510177425355"
"-81/50","0.1265662811982109340366144824673004841447343756194182091327041819748837037997800392873967265009369591440603131140427863912340009499086418849434787792707439801038372597245016410991178639259630221579615297199735525736083478651380744897295908194708953820658270513013274380460896763347808835"
"-161/100","0.1385401941557305342552538778620595964029806070258428463873979766897085863493508613394429210763719410203482722941024645788902733259725950300070516197399166332927486660297200070990779832134749710006186422628562541159882173583211248035362598907514065411516633350100572380370538627643622472"
"-8/5","0.1505993267000234083762803012205973843258331279244570787021604175700399336534831807354518996166987016061777688866487475330549721369107073977055112249245342490672882340060932782901316975271242429402772572646330051077805814624167422178882705721439451962306320429178514224372097651851375619"
"-159/100","0.1627387266648623577416308460740900924604868225349010304906038543146580106701529975287529735696651998213319885699913336844986879871029786625583622582273737476539973120628371551532624728699296645667562108052832961649734478757719010831251724579326556519942501197852659901873708974165748424"
"-79/50","0.1749533746712119862417456061085921622798324991412726611883484285834127308204275673532213452814260887770734066469807406419649266953007765295809646223581102042713871096175444456241868815430240273830878598523783762558664194969508961864139768889175077492921566469167680813957643160428032771"
"-157/100","0.1872381484599191484236222667620745220639192654309927323592536833491178652170499480334884709670962736610877619304779656088161583491572606175439048267803987213251280881668133597305562765744564484092167383828539668684779397906896183002871103534798566559343557196808435198616724646797802316"
"-39/25","0.1995877980312271004703627041951177521153608156038049757568802175426502263358335823141681110810838356371566057393575162160877707651945804683381070236390333883396052160995061455199423458157361293986121726847506567575695426823119397512530839405013217163184423443878452554577603003600592267"
"-31/20","0.2119969274186777888100152119134958804834373939030185448754532950490536223838856747212051727382531257764579030848818637954040540030278039427473219887397025302298395905821177001362599407813770514054735393417208582429837213342813952104673103840900867100088336501192688431656763371561040888"
"-77/50","0.2244599806729121076027359164181590611362920067407390838235462906333850293888901009453919299464119677023326444549356337209075872497550508209222517165679239491891554876472407191647652450980094581026114132810994452419221949381207387785587101150298314790914418489555129703048878418791720684"
"-153/100","0.2369712305990827556900193839905494234910051066731183468829943919071701042074777819036868788392876443572935496322131592533971134130960454901510397372382679173195079071794833846411616849675457607256184992839252228646202449532532666101355566352450502864555442379606904379840312405005800742"
"-38/25","0.249524769348418384642452752138013486891964405878720828252291946768223445330169271432567511390100924197561294295328396278354081827330608734823960863989650989378910802252770735621452478712184216077212860102841556262850434828905662446692926662707125657657897798506345399438732382929675725"
"-151/100","0.2621145002955208531669853562233863872722718288887636800563052010745255925918200325046588106617637304300775101641604438967339715232374875344387482130137307744720055391724969654108468515939154965012334116610450027392908356447553154194498085249673587572714195398366845802039540245930701961"
"-3/2","0.2747341308357140144856915975236964424045589497586141707421561002839139919320668184214634408133065390417078295316296934656968663185181090133507706951128470226680537404311606653806824190574342234932852027770324567347820627605612667486493293842951676327170990546084631197603646528898847912"
"-149/100","0.2873771658642924742612031092539906561500076118293338552130467600016523633598832464604153145415130336247972508442136600608354428744861690970024218873863701325412672692991982342032161435244272503850737874756558059877751596938891497416107408270540875760696590338779782275747535307121073668"
"-37/25","0.3000369017817251123608288847589192886946056209354590218654016875769194726019112685514347614792311595677417383104178669772995287018116262158720177091794824649309496140469655954319247856717302052028818836522514818667812417698740421027979275094887954683467510676450140407773234280447469381"
"-147/100","0.3127064209230645538833284883783962966174860650517081375881641256571639297991940100940684832906822146796124857947684862071385501038919349457906131693157389916995185129826525339792828223159660766047007995554778670922615071361365513591394776989365080902685184225687395363875281122993250968"
"-73/50","0.3253785863462973064180225308505627354749342481078093547720055611790933468000132898826638676731324434864702422659669197671648296450176079513002980416592684794556451485965490094459892278142062307826472068837113246792541760153556808994707048041315524178632040371183311249783341479037664029"
"-29/20","0.3380460369394102109452312279456769514113509531569676833564925454288152695724979251338343529922493019695041732087789774045747881104533420248697673837334300586408774524577041627679742348871788362410040469696079029300026304571790725669444451908514335223507630193769174775707926005837156189"
"-36/25","0.3507011828234475928245924381713683637980147689081012350192771147498260432464743070606121214756692456997036968720031474527219880862003700271719020493397985465943577236607539374400053614210980772348342401683343667509506880537705484075037061358357497200989703914602445030688788771347141141"
"-143/100","0.3633362010412634004904231719206614179283445445014005171845430933699334993442187092982532537930517889915328755689688725214861989311127070838578909772226543478334637388568232640345043998940226277365267644540294867470197884130137265003195891760099800743299120181367503235854472357535571301"
"-71/50","0.3759430315306294347530880076103940772727440735454244879802167110370784102388696474062666683984550071455327252917125244464157909855800021383753754922353055148475621926704711405967605146220226224293630255538930318021788246916292536958784860261888728982070527824099405849032821690822338172"
"-141/100","0.3885133733868899972843733390208072301767722769458861392157144089217809373351894587670639150654729352972668770755087128513080130209966436492432163723345375107535730407232616106674969680594972755338350745083141431089980107055147857197537173369357658859566353173649113481759614136649686368"
"-7/5","0.4010386814251491821809088111836279128932132211770831628328429064316944241288220480581366994807195493822339733478902148532483846867725502294210128182109009930082065669835662100024781797478158150019833565157209122998302020782971395453049098140912234951384208989547083662522618117197203977"
"-139/100","0.4135101630555059158188730037811002651636501270864832114558317391267278551028850678331016063492245100759030561270250243774261387396241491166230328250476427741758122627253859347786366125532590626294290767685366422743922595727215770551390028364223991060559095165876715749327712559443965183"
"-69/50","0.425918775487429822022352566571905583495399316089311512186934825128357334153900412002668793625088850119041957904492901675360041449351283744087534278311766744513910709965923148924044745294764002289255247969267212271020208718633026293260292540842620979366026313600783306073996908544153002"
"-137/100","0.4382552232812137614194683487831238642101152008774799089867605941730251455135802431530049594374951596984864097017921094846282763214347051520510232324873545486732047447864707982914977152882874279344009000131536446249431092953433920674465743996108688077789006562494434938633855878528841111"
"-34/25","0.4505099562656942076284506858776083064030322711059241059069024751075783216158056824428385956648331017016213225122586697682332293795750364556213315120294573274909419285521751855228238355020991818337012510479812338839870158806122399915704770912455247748466250853692306733261469699109045713"
"-27/20","0.46267316784219967733292034747022006858671707249045650955018479800105504998670605940180046700790757016286561158790279178404095946326090062380771288570728659921061868604360700098772046723586038536814438212375369426364911548436074520399549110256710652121521474711749550151263511108848002"
"-67/50","0.4747347936950392438831149929780950011942667381137549685500373494362991635609437597292223284719039594115710158653379070629832258548179689997132861309694701096934667554265682949247110444576960914810602092306946785792833432373611281298750973039848260147008002739184516360392613190369152459"
"-133/100","0.486684510928824338480702007422352802578829540899884310092120347383862879144376300556369509429134955606752712644198919142600886776339352224370574969900918839741842411254898712526098468066745192839098882268732758692407741694984605735556221426079299222274359641023524868081199486583580256"
"-33/25","0.4985117376525585102567323351950038671716678070010187541498160370845218482323199439767614402508121080317904540646750109486618881588402329466920340058183737905106332549278605603710548903477255023090858226280334380157104861591890658390803844809891198020452613143639251925712012898902059658"
"-131/100","0.5102056330297515596720341307986950440109368012399962072962775858198081719481246694240125346437128226787115038625060515333942517971004388205248137765614796345971519095937012998476466861385577275495225123510682278204105533368338042279553323755491844258937368780684919979715166230609969581"
"-13/10","0.5217550978128288804930843094304106653780358048940695717633072484377430547118262785431020297979743819009742079167956721927492880645251107662406713837275114821843547373557158788191843437796623303277802117728745962564405015079285894234688436047769717694093396099503862677194042729137336448"
"-129/100","0.5331487753788212076717536201659278054286600164649396153002914693402488752998151201801488912524919662778756159629038870201787692164199984887243451457586631860882343292534936260893961821503549601690972003097424249918183651738257207960955904370909160605024703035476334665161859284862844317"
"-32/25","0.5443750532817382053630683058911982782216456099491474664623130947408843842124025690415543198242449934629270242805163239192203175573322917753853893332761778178490215456998435965469739998491338772719237936509644104802839400262345440681417692170597443555829867253988178414458795202313412233"
"-127/100","0.5554220653351534128243514816318378767284426815407014399034287841265545140246923316692773074510977232301256412603299244612180023508913524303560195232723531407127631393344642952722535461153260913123595194424588524467741490614818668173886168110371795383787982465746343134477958784298856108"
"-63/50","0.5662776942363590656872253870317465939311651985419434777256630604208857195819937503259548843875379013139517682510774038906693920983280755212015539808124238094265393016231063793842186053665923763001363079775262816939348693201707020157509834339641620678086110730656295021222598977805588302"
"-5/4","0.5769295747409882343644397903283996631389400273224770533757672686745561631546228487516237098661242857611553483423958227846444099635528838273041855703267664745472937174020395608770959966943922115889519634431489214472282813624714159342641568260986070548226738429718727841477609137878024128"
"-31/25","0.5873650973942502001075047158593421073385874262085427520970833539768104058416870929108572866636590707569805815696677390129969800574751294814588253292045248364426303418844366162209526137928974011581035635032057850230235438944209964479383783689635629080202964819346011564333273918768404009"
"-123/100","0.5975714128218858409945941531434360558560324177529307099463675843880103661230875200271576735528528782795080673786374389713883407377123584970519789130916661038671732598735439768903328661816582138808236967064857004278145790241865033529592396035261231429228732747176347810279673466592247538"
"-61/50","0.6075354365806275108417093177471380043571184456929331484642136114020029928734907567037340227535107424843963131087350753673150161872013383100253093726576229139494792596589712587446028923522092536306190948414564567494239105485876384821912417163942412495802834362934129504819763087133032737"
"-121/100","0.6172438545643490265236437020989335454217510542910198398927039936285498234380732703282490687890193214439274522305377178132307213216491316881942556839411407434697306747947975097619593138539309054521036150014478562049086458780645417549602686168078669789333681913898843611523332079086010541"
"-6/5","0.6266831289582249252908935796287580786010049578756009443211324326420710158881165561074268590906308348160564834169456259226326811175822689731315198838399494959972450834668060337359137563660991239173693300243358947133642464762143572509917447779516988987245772253021392377519420859025050571"
"-119/100","0.6358395047290958362254814955050406100372066801814501766866112710364124876018043303714757327832364832587958290859714066385581904066073727219192941333003088727977060255139138724074050276970770855496972538660652785281115636223222586328843786480416118525976314253017288032054424862148187616"
"-59/50","0.6446990166358733387689454077525311019453004946504847633877845777055781454819461580719147279939460261507533044721020646064885252193792669799005752802127565483005671416381977828078229125759109843766933621160616221900394642298283555457009231186857539285725082682001550499462377207795623352"
"-117/100","0.6532474967392309643502393468384671480097196742557796788689632950633432477731590053807028968488586818614039119737701343049631356476880453454357130582659871915361333001880952831522695902484322178604459975311056520013207273520983979053200901682753939061170701326004908958445540872063438024"
"-29/25","0.6614705823850393077305448493515502222868100994721835197752258296819221708084247931996829560622151879008638301727732293546786913705237546902086654658375890765393263197089529343116420895211180881257583583936114561092674016565899004235905486962132145299351939833674296630614244912941603052"
"-23/20","0.6693537246310373122949909580695464799670873093751197994147278225658357649489697623481216955669984195088046790886016617408747308313637095056613402666969560327123299795761416925263983044644249370338716771545112817793104001682268335090684328041862435462712551444020693885753076032684322181"
"-57/50","0.6768821970811169979718370672732251995660046946198396131173830988045058206054876292387044641358116184358534296960642545119918626905158587527138621413781800633176928376686530474677238567337377239636116756641841651869501446156216110123255650326476562377184424618338751674934078517715344955"
"-113/100","0.6840411050863671166170392240915738148298454488982868382828886859333661326108072346163789425634168579880968062489822680896987209097182161446558255589544345687372253551717594604149710012589708523423161759730642837308012211217581010730368993915088470734048059812863195409534984147851141371"
"-28/25","0.6908153952667079112530561740052308690130690876124603196155146921520120011811581271925088095098505427511777036876160535760732615294825359550689810819586916565103650219962174664238804453713884429955768093079137514764968272680091001044655867478547984563650240632762349084698632187901048317"
"-111/100","0.697189865301593266259357427279662890263026734961929662854052573929066966750635563129765430606069362999175134069938110087046263134043886570195421535834850196073941685841658118789012272573225150124744192102689450652585384692557850542422190499457795733192855788942132679716422189119385046"
"-11/10","0.7031491739329003571602337591067747219546385096674444670462342846798665091047263348766741100893161904786856006931772767181202881128499284211820583394950986710789835568979713463822094367271884961557861644245282986207114850096095266017232931297209628002793569843189532606747087066781390687"
"-109/100","0.7086778511178158949351379767001853324857547512311797858375251149589605195609682604892103159464492668940634931072161929577842433350504844816706701996255077742597587578164937360453686630154636122652297987793097762035374385889587763597719739448811503522437622140728496475969273698302966927"
"-27/25","0.713760308264310588482942875487921544414177903186020320222726729689727769036550719539198318971628590342642025135718853641220268009995754628376805861702654352402321131633742631654406470778385579680905334677363495355216277859120576631885894950955706358575342627031622718887127571749086138"
"-107/100","0.7183808484767205323881638474296350105629750607769261582826616017836566991060557507706201964550526045685485597515197808506154793215324644997974485756783142811436702175682025399939210514896575245208890038246324524685456248685207762806564717189648371927649514994009062406193386717378614042"
"-53/50","0.722523676734079175993608395290093420108046091249062103299425616432607987261428529016805801075519095128663073750946067976017947027278499964105582792826209887792424411421779552153042641677436660506560979759054392938363287112384848404422464264991303468752091468549937894342643955406628617"
"-21/20","0.7261729099192215733605389542381748037892178340135176377718839246784033584471819223340176210346683981981482095280092978183160687203917259251848207208369125782412154358830754574689723714094049019873072026088046712585602287328066353637320230361164997305172197389637006409311127914917701526"
"-26/25","0.7293125866123704843492397239068742534794704911788627734825474548912135137616977567147407593972402237183453871799690741997771146120633883300636835703245731403563928853595216027364398139496755383486515508328599946965445384283491106539422413051076397071219243855368062016620827235894193534"
"-103/100","0.7319266765589693853630868011160470601627274241458479005783638364924792741992314188899169586058878092256296375156646015193835805548416958453084158728322409450310533814463651601776971863323963573526979961259638142190068442275222511117925214409302675630876018006294997200068468656417108126"
"-51/50","0.7339990897180089387451091253778302879512465348157283855149523262498326067237306801957196499623029746393776696814558059121085441988925015545514063189437047239663397212805428874819342359002911102808887894389856029539617602441566084859793039846777750642035612114156129111124096938827191666"
"-101/100","0.7355136847940594676861475352682286173875867228018966304966195960277834622583250112701704329140026783910698138022833797770017042825244829185159535905983696969141699623943304713816122746638967045129135274455057385582460594285696964402415814565390834836445128547251560241765162017753342412"
"-1","0.7364542771537306454183921323501326186358124048035614741353114251426089169392619505655697564478622950475040281918745048712929144670715451256013043156429295800578030328747237716914599116132116011573982335768294581772153880411234654126241576412351001962060005407783556263724688314073417925"
"-99/100","0.7368046460253882892893109408468423944308824617576361030699013467606442852918562945707359023976364180221992585397486825234090672853851818720010073441169976280717553114223410335905206723643941489488242174906953650368921553533997011655023362235708056950625260518419753818050059933672963058"
"-49/50","0.7365485408797229875547786935801496363264639709668615846423352148860593062896004048531432362553701709352387920358563375105257183178829602947727657235830137285983919727808462928806682982039429962454177034653764318815419471970417336610652166956518981869777324427105779316617811035982108482"
"-97/100","0.7356696868882408237904896058018608131776173792270564889408245351800536478491829144582657812310595854321243574961241260286485610126770883168963652850840887623503387372217279672664080149627509577676786945619905342473110811719488771994357096817299456339776141607920728995552482951930694684"
"-24/25","0.7341517893569853493663996623553720826314776646970200333489861452185590019737698100043275323209449533309320455534906478386909039550723579105989498550019424887228592327254659287869096409695905461223672340789564729234454907738397653567324967304818280366322641896909236463389625173837866058"
"-19/20","0.7319785370338527212453245018395522226640393177937292801635877268909252925305318912274752052168127520871911467547731839698465197883166919761559809559869396329235073160603465325878002656381054559119770987616369009485919806077374546621143697984742991774682545835663807733167618699759804405"
"-47/50","0.7291336041897768707017866522664360481569472241507892422684142959531899475579199544289577190104664908550766638085247738029968474673141119558031445880219518760391907305279840670918016574062515522247797626224783562719375569437615922609163406174111114124121161261407980532382188176420038607"
"-93/100","0.7256006513768847727534941669890566477028473994784105431730227358841111647057886416326597609916219751844458966095524282236827200409994607881994895090731870174859283527949141429111487720167295061825874572857806435152952417738596987912807497443149478801906047167678193056564683148762197748"
"-23/25","0.7213633247704973450433909998731286144235608969958218847073349293497685562263461347451050189318609116918281733223059179352749778872379409107144195884554237569574851672177083841275355162496708236754274950971894170146129223722442876010816237590112293339886682655975516573490890043336269918"
"-91/100","0.7164052540066214577804686356350523962429689959079315990659692272154348858689072113440436164578999363021721802961189982655401898904224208273065937326193212672324461313075812113326782773621767653061996561788960102170724458257285830069364522833872756815765373123491807507507217088127058692"
"-9/10","0.7107100484323839665097812262616983520708178657226664893597666997310255235966298268776234593464147727937737624244591031219903048028729716423954884156205255359743673306148769856776139587318013142508425775597177032534192192959933846933280059447563303640229756423327479552375733283465308333"
"-89/100","0.7042612916937400316999478656703676217490461025926053688550105140944845256485637722785265620180581835514821084263223326973414157652555609416907492247826331429111804386238539303920154850133467603003715337050067304215794489590848343532621659559695982303081427792708699873898113862016411339"
"-22/25","0.6970425345927861290117055879673566288257621462920597550235242312485219952235393047665045804632062131287289355511591473884746939569516090825190646520937299444611574816813257210275962178264182789808263412167072333759840878661139277769319171428077915565090873521894251479392392400148305265"
"-87/100","0.689037286156165605089003297300995950961333971633421242709796187002685186281413300428995237769615930596742526007864627998434925281951886412490505378304440777574328911163679762161695725988098586545501431767108885720064043068672828818528821491503339452582124494583865216061331944045490006"
"-43/50","0.6802290028664171376577222670512338071955449633139599158323494528315591178564574783388254394009100125849663126983403227216715224961221193432358201569636743015555616329015753466700879628818648964173717024663367920670254051701663617663717194198125420127757557078431580076916636874423418516"
"-17/20","0.6706010760197349238238703196626989065244048814356432457688331436663089144560542566366915981147002761919287986027885278095276459808494184475381821285999185474217149304975748553992956112006501765373538273696029744273898770179025772097602499175786542412091075531618043305845858550736342665"
"-21/25","0.6601368171865423497965967056934040116521226330689418248475273669140655663055710576231677754558743202829163055060942171116563999003981225427869823923500229771943151793311680508293647984374547171346685485997368084530134206575876533863980471247486296133909725191905136104485195438082178905"
"-83/100","0.6488194417655974382675991660407372990336831334898321240617641169628209780366227138327731202479947481693846475069939560754777845714247637527842355808670982017091569525983638880136224753500977859099577987769938180325602221656790078187986035428172805027841473533117042691388919912127918258"
"-41/50","0.6366320506381322212911456355994981145886803720114575157729950775073932955678047462961787844364355642158293667796285180377529194608593284185400753972653305407828593034028255557003063682439109068434785180282947432944166882448665019329739299279223704398317596937788437219319268324671299019"
"-81/100","0.6235576099458826975615214469153975600827138487629260192254958416265311387717844825942517062789493556398932890922366356336206263509627225337205727385586223805250561644814811485427869768149383367833730600051902231614373090882403146605712093671402902003683448896658221726595284410327395133"
"-4/5","0.6095789290359211340719561208835559531359062936504893325860057420741786201299931786031343090751239134530128960216310071430176475011748639197242687612314433860550189989841781327883935452640790355821606190706059875926491613202659902535233490043874822947270128614803264080998093209926645533"
"-79/100","0.5946786366361244281870218976587460836530462796761841846242686190570727958962534876754964405192546015697461295579570632837751407122613781468860800495995583957107912943965005536721660885662720849396879555222919868923670858221556543061963015294804766186114225194148887297293312868272692528"
"-39/50","0.5788391553481179949567319561506954082342589901862013465621557875801091173867382754974460615004418148043140254230694895698434906469596523096536286866482951114134863953217813906470883175763341398561232553578977392831831722008977914804798881259661394176804166937710637047985054555421061213"
"-77/100","0.5620426745699138042209251795919526177854688521796712493054457582348252058239861522247036856381642111163668769759912033690487701230195556562476086327248030273714008451184202632191612882147593850164876597148836131420109332255374132001160997838414300112795248575859420875785485859339010403"
"-19/25","0.5442711219886112877819021135029434373578461395950464199339829410914573172114107652313640107569580642531862548068459662696307755357480340685214527041151640863489344822708901399879687738560240503922512154170377203155910933472287259976628783590739066493553998452902724579628121864380496381"
"-3/4","0.5255061338150149733922162736175247880631287712162821723387272224317797533219486423536266483485673736497903643675584156383868518556357981119448223768161476578949674218768025951599450477116083476349402049807805513544930269245830197499108915141306424122444680331906913922044187762528428018"
"-37/50","0.505729023967675030777637790817357359865699751207342864443993576768920142347066343519549779149268330309899305369201544138359280133041398359555935100032397576951936397804984433137960783998414890611177350760924911425875125682003914327435891572413031951197923719803118266368378357903087025"
"-73/100","0.4849207524549585698647334975284276788085068432189946705085567177740673643586034249531725200686417118315438503244812795159671507865728399481146182999233030550479320125311463883813656288000123605989484563169844240217527274310766443692225335025130138567343080317773031653061676312251351973"
"-18/25","0.4630618932523807803320583576014233315255816109669672898856196752914357044980116250063125566303290872898528712810104544156127995651479653236959229358977139532133599437178289073046207209285843416314877739522483224446038396087927992179993547806876113129957934266190358176741477405522230171"
"-71/100","0.4401326020320763699173618987923325173153233650027738681940705249480939708393890942042147455202601443637468220858514939027049966544358451405027234709621533200804261005839800490800168765272424209892809516970197639670730672284023577347487268848109809138626117410483051960830438527321918309"
"-7/10","0.4161125841782319523433775925800604799712945110370967274167219204402895305172164641398071830646986697584883838427766003642747633057943996298947707732251229760598162085588138570543009440507565359113060869248522826717452024904872492523973469277105822009407166687574333102788851287759088726"
"-69/100","0.3909810636282738277131566443062647594408771719762289259645500998746883719417815565367367850303092314130499905525003146198895806786175460250300198419912453359325730727122513215575878453510357902840624164065513574590895724180275888828294882175471021904989205688636618893569118231302703656"
"-17/25","0.3647167532378550463809836111399511601182421039225958067162117841123388034397433632272582523675868236891423536908308757105161707080985820434124426353308993171591487857836449090551389068125511171733355330158089755932906246193429727583628445921800873828218718484894500026313365098701595824"
"-67/100","0.3372978276268817874625148621392326306270763985568230799893858029003014115664561243253178094407737060049457011659860615937481244713427479026777982469070332052928359905609064861419189759842863303417984837907165978348382217580511589306378910560827503399281678194340281803605735221451560991"
"-33/50","0.3087018999324268085955637999843216403310307073091484408318007452122232326693261892818132147901165807398828757277924058972962707979713886829930210664324053559889389049568106331542628131379054875454252429494744130297654682306525450227971429553284660447618130985676148010608286229520571369"
"-13/20","0.2789060048318377988651914536967342797817998953093577749641466879636321903528870041716580974358482599760787371541485848368770973793285590182901748946963843360985670407683329482472280774924451770492606606877486836958839524244629757582442232403558287930598146767178929700426971892391353702"
"-16/25","0.2478865922799847230109944378693884950923908040641334212545677225581944617468318082962446631945751668730450979036586686847037906937069215652221458317653681158996182684812443061174488493329857109338525834886504681344090131976238201656474741579101907044588312249708461148522721884405980812"
"-63/100","0.2156195415666923978767472738057598953661201703722542058513403187080137831295789427914881456605910625715151245614285050546367774444826311738255051261400743303106489749909785636882040550206994940987097854815438845515853162500550711685467215297890867494218968182548414449804976496896105091"
"-31/50","0.1820802198651095294349656684424970093612897565777224306279089632594219238185726234593478027174965402844599473175813616321849929514535148711408085795356463440502784211914654973614367103974014256796858452321425158425985758556586834652094529440904947398730116695556990295641376621818354977"
"-61/100","0.1472436577271428660758096920091422043336730474033091320465779604394303170928323601460052126731451205162709379686511413252826225577920153670901022835211550114064680250372007152617092128866987429703925548021929272304404565813545545007196616040104912045796531899449124492977923161507536935"
"-3/5","0.1110851137231861314908456300973947018573070608439308932918660629276898903060867048394469382807739176746650438535553533370379425686156427993548920023895799670845946839251205827934207076390395546378531489838026980191022386610848285340270068677643280370322147505248119024285518859932388482"
"-59/100","0.0735824641919267534241861176266162769373115146229377888214228921608568261427540267965441677230851628846594409035928846434102624432007437508312045983812670086146211258323879507239606207905801583623854867329662824353068009077542034494139536505205947635941906404345387708148165688816096774"
"-29/50","0.034735128670177980412472610507223232152828840222615782150282108750327004552769888911564395412975611609272087630782533060205090862672930124275415685310238006967739934973969030634116502854644716749047637023342557126629641330606961341522786707591023225504468360351455035416371319617182315"
"-57/100","0.0062130715955490979209821245294419493262394978971288791178658729989264628760834427601192218254066352531294484424386233348086368801275108163220647292295723270025643660051704670127562895921234660139384602146905684329819502795959771626574534914850119220053610193132660349891245221246361995"
"-14/25","0.0474732217716103369965701998252885783803265877921483914576624183285994173420481895172797487958996076432117748066737419582431692742854344341399043315894761059521665448689773401419263754377934623927442391643985637558832351833568794442048185617934123969649042649261072035512213850708979219"
"-11/20","0.0906467939165749691922892493594623192292300224762909379335771954055407441045384214554703552571364889266608796403862293347241520774462224673447766472298778850954272719305635132894420314987599381922265434708919577620213815145326997006320011571202765648799472678420792593654280956697714266"
"-27/50","0.1353363595429320264733297988543252296026257017363819992213564132791632822013194947721610417244576337766393274943828495987218507044160880581985423962226691503252543658768880145747752336043255181621660143175242128529381076484677027724438241556822576527039291135414713238542644938299490659"
"-53/100","0.1815567431926300621771442980274245389750242534201372451120075655203039190531295499327796665985836856214667557618555157451498754166273519750227123409943465455819377131123086550561249877988219175051638857891228049527562222447268401049085526854324600175742141255357264455937794799169871533"
"-13/25","0.2293347620345896379407862635692838056293500957057654218103780355323369426272626808299901054166323984728120478350386344356228964511234697317148834152196991521353688728563044461457417074147589896205488904334920218706582264574865414424991604239565795800257409289021074184619459439310128445"
"-51/100","0.2786994946568326570121437349986559326848346669744480366974563079994914245631430815994684616941993848087899341991225043971167070219853904618308520938890106782505941979968887933774947086532627429282611772566723032031840088301019535679295471757677959039760086733322596228527859264618082522"
"-1/2","0.3296805809606029247649880055280137821418572876142076611847742738874745320381956282339628280790068433399981287326602792760738528352923709091954239339504467792630222700563535680850299395878969339913784051369962678704163295237399651988934305810851435445847237209085882632975650397494362344"
"-49/100","0.3823076207996120324726240135160839363879075337757610647429966771384636230145855995667676889331101055154653364871147591859145000934691278545137064326834683063620802700435650827741582600446989197642609023106814097684210270408605604172579944105180335178073362571086382238122251257198673797"
"-12/25","0.4366098030849721815211268650580265516959352851613570950376064645250841450437895054051326917715467332387494775274101459447842460475706182532503469868933710552730033027801419446082854127586763084973297483912310150776139399321265064497601648817163064141582598329093342384586656059484737651"
"-47/100","0.4926155791825815458184847223602095988690153044566478503178634541003844557769549370949569924987301414981737365825932478750509750032824832798557437307091172735461289366433466989209110748333528379348296224315033564116396222853929639087331623755273316716422545879460529810264228636931004978"
"-23/50","0.55035232530110343178747589852957909574575956994451228486972731465350090614168905812586883870825924512402096015798028881912600600752671040237788693871329319441808475064714055309128202605737337170362285176193405318406325870912203772763830001750722925940429381028165273359807462550323052079"
"-9/20","0.60984597227664798182825374956204724778896704618592622111133085920876135032826690885397932512682601715524916003988325688971007974532915223232850332099029236978136176600492010978170573884303920407123688822518810655793488634199629825434668856487919152807727219003548016341987055726032000856"
"-11/25","0.67112059167785223197153554904575686584491121096998690776638102764096260532578190999767859725364324515832426498767589430474726901576034897722852969753927126868965003894431041104427983006908859104417796901282802678932701313249961618050912783099398232766000383737329450116976912804103063328"
"-43/100","0.73419793092093685603804990338446198264494650091505435904794605339223092336944296597955690534085484028902126211583706498869671201326506670454344171275148887528120042855160434878499580916880571903411484521552543972727518316888352554339373957932646210237480513244782553971995987983441179924"
"-21/50","0.79909689160688521645579396668891561446680023125306281783818727132171568109543658143204046102775159584875992119604847653754521376267721316739435660538067528058745153188940520430345587351733143150740172286660194602441725955641576820788936344832215871922183397555441953635548676911884995929"
"-41/100","0.86583294602306173549922954690400415545438223393797494818445537752868349883156190294943381827232373834504715463243889380121879828227281939325318885696797039674950992447243346266765667061535792239942664263556499317830923223571630541076591644735830523990802437678443078786431029983631182325"
"-2/5","0.93441748722616214887075296302812543479180290405812420666535114724749345329105567943982712341560232512968825280126621552866279774106620458634776949327787105150185077632184185236623338803731379889443578052913009136256437866849305398668801442079187489730245928324031053014796012472493151957"
"-39/100","1.00485710857252347726520063355044739898806463805330966347682993873833851747244656750457419614000532625987274953155692666435131507728357202807589949776656812958371392684216323513830854309856789926483952400581991211529922332352381361497517587502211850875650108795491038561613794475371639954"
"-19/50","1.07715280910396897337701105116581587185178816695288570470601111751960074307318010301734976153640469921042045766334136243704137631729975480726390890757930665070046504021600453051398900729511339351592855400276468262733566879142982367629570560118186193847524216528976676154304731351725337211"
"-37/100","1.15129912190831801761448295546576653513390882730712863200215859628199155888142113242151177695662867732947486286432326176478643503152262859992120060880165720019466477778166120153421634763463214599572109015483769183104042085216451936482360533179987530846324017388883462601067793776035402849"
"-9/25","1.22728316351293447114052239255126424970545963527238840183467974417063033913619569012617159913843363579417134121932143992680584863018309721921458652597585747985953720081672536780217855345973201601886975828804608855953380492625910160843563087536374964201978363225661114200504133434932790422"
"-7/20","1.30508360359079133545740161121251741295435613703762928112233749164013239629449517102440885660095085895654356702096742327436103623542404812659388219049473151053554780454910235895977434905259977138459185655373891302191775676569467770622102492926944016264468459035761668551022091460571636406"
"-17/50","1.3846695558129617551261851737450418844891580724934924781099844729247845566025052085750892424943656151208197422363975127156748918282894775980075670912357535578566973674511418512405353389941900482744371766325065984852007763579990500235761450142548867234676203815588598012318641910469497363"
"-33/100","1.46599939261923000382898404544814258861166025626601107650842391666523805778500023308799313948607619723677241078513573914028125378549005625254648059259830797553180738832628630180998897197890039899201495360590177654497024884020111006345003255933877551833359707348861529108581834607097959968"
"-8/25","1.54901948904706175643588501642660437441271176408977971252302651485700921460953243424356242050266409364497566196250185191642292792401484719406603583379447989356762314093845593965642303762472696874149161078525425237800574513529131027681327786539419017938586677416594689610180125144512699431"
"-31/100","1.63366290360075970077648485918272154783537272294921951059098631368012299234910357218689756675602857927409690806941318947814222861935028092360077273015592009803060632774759293205897782120892124617444453213344568462046675831600480824568857528469842697910707398349835756182181054788120882655"
"-3/10","1.71984800749068919702879549832109522284645299419341038081580797974466933657570492927859646393943905038142832640665790234835011557647379245171463710550593002242173820431628833199075260425879981031764252990604510717311749596939667187168840163543977382612130335591460857527767414634484230493"
"-29/100","1.80747707744668928045962930378385059675163768265329243727604659865103137166757912919313052034937973869082256131816904339666277324692909978181529521558854333329864348619297379549692028867161434709233582887593004086867274350834570077797611811383700218264284310476945859415183479562617897841"
"-7/25","1.89643487171012507988155413285633572642009695712268306163695130987416100187855879880684732247911878301160617333578127827542274394578742197676935042395904954651757134171951731330031437181335472755580990202242129466479907780660527293917150953881574064436910018007988476402703694037104280858"
"-27/100","1.98658721370855561382111553701020008148969212138163179446083150525935943683955891694080269364290121413554929338182918508089203220911793822029284027653321537928827293321531110183550463721835221213794232418990899756310183101865995136320163468524173391323001688198603752477033623843341060221"
"-13/50","2.07777961325386996561034052266644553230944389620623854786326681789835674384997039269836914722769467279076643344653752376340295267913737451754914475904144293805434831560555965093906082644901240111437395596821663493412203128397039333294854649263306598024956871092168157540186980342118231989"
"-1/4","2.169835960773707032942224626610271222036773850018690949926204363939555363242616619313470721316857070421611036461931044808554538228221879961357654391943549617576661851711606864088774052685019172718817387963875489197332538570641208433328189923277804914144119742483741587180357569242439695"
"-6/25","2.26255733592967380064546048269161230567354182995541654629383890574459487772568759488644893158566920256073132364471263924503849141050377196458065051037556613943132237144089474356947624475461821356277108105074403467436007292975333054389991775317283778339815096939727153821727847244231713246"
"-23/100","2.35572097777705969034409927262669138012308048707968775637024096513017737948530423768690632333206991937438648419516057678480820046526043702656686077144312078861636682382692311614819799681672190581540278800703691933634846230922471477910171348656709423977242358427574770911210088009522969416"
"-11/50","2.44907946909623666525128479649270608006306876918390220711080532535069873371807726710826966596692701907221480600558714821409935075839839881405952570164681977056133835649149777921033323005598073792005971722075846106678664297188123325861213808023292398803620449316525330233479033180120925586"
"-21/100","2.54236019232381419053215044226720115848569117715615384168204837869841050494846221269753748801977822190571639777065190630387199405842631885869616163087723775209695044058797267745059861285523193154608358707295745705949734511945460752024546178688089051175779092196366952521614605468440325833"
"-1/5","2.63526511821315029662985752978473076526744118540681914712202599311782287934244882000829129245299068703843389682655723459798656015149125571848607860306137145798659252748794579506763326009249247099821317522892829581549248170459929605956909770941213755833699075739964088447807322576308652478"
"-19/100","2.72747099048189326104018602494404956689903480590308496345417478269131193020876274327038349544556375451833454232775422487561725707032443953382907260120896275411522426109289343232168194770707380582970454874885861990244538720680493790622329042439598667448786633935200644326371494456315379867"
"-9/50","2.81862996973999737549639037020282023135907368243735357482698275903917100923814086192532218170719390826945021328627087154072123510614219935708108166825489437540771165427786967632289155021223484456993030442368655660903694341480717629163877445775870276737994599336401839796954026863346046848"
"-17/100","2.90837079740083122586456745014273677570716800969290343680368835319857092932680058663898653092779198325161913048677167329427569912018895144266108920743445287551240130781370143282227321409726786331196056907653230030106006462311193786307982928540911126345967746655446432765002321308539319205"
"-4/25","2.99630053454762190846764184252477666042368353388364080154496926939662180714844740320133903680747891349860217392216421941975381510283574090538395231498559098172135278970397607608592290172248893644645721799562989373125110840982989370059358765153295521149027316003243684525689785697754499612"
"-3/20","3.08200692141305797400246604683151572949980785519344982401493051351801089949384441184519996453426544852906051051642609232236000188905801336282419928571151767853221862603245736687770143387923321836739337067970077464981675882639849777020775769366486451940706191416583584947004923660050908538"
"-7/50","3.16506138991132436661728895785940835674936920899829112220079416289019677580863934604008905298626032864798514213467444367863756248767672683416356899641630065050382697588703791263240633677030674800315582848986433054866054766118518141580587138640456361282609275142765544769169382540996694635"
"-13/100","3.24502274440501364587085842342596350374596915939772966607121584661035469079706659293768485615491087071665206026037237979764820922107570970103706292082134687774878892124333273033273955337856688903692897726703662613000782820037815451045361882230345165908017242601176214885720742704026312686"
"-3/25","3.32144150470792145141914783789210251522075341491192377221724436497365232275024498640904889850549149573029362494841215737253071931457308819822635675823230249979127930051195902588530499028718408630549822873485037514417687949209684630823137027668251126015615768146680758022940163168111349229"
"-11/100","3.3938648806353483658116303525449443815073541706542742407720055108856657921473415526261897561340615988180161723259384054082775564317546112992625007684393550442254828245524105047252340320150845445062307818605461066538246850026914384819861061086628394748929701452705971401951575340306770362"
"-1/10","3.46184231997567631135095563458511051795548998834275132158140584863015862938904913778342112863877437346542483470612148445987747537451006512944608132026118284043998428198271211940863445808311701800661956478088130264601040298273642164716376048651081925660237896998035362769929873412966107466"
"-9/100","3.52493154268820119856166045669675074258822350273027173387758443133070748575253105775040066958098258652096956815357024223334699771810093387670155648613592143392725120994537515100119782054388444061600202059984318718404648696778687089985351647024208618459057525725235004395876473436277323313"
"-2/25","3.58270494488998508660866484375356050496415066448311763283397995229552680549684870006778295239762278378759148618736869351156910374685538949320293814934920950221681793498246299939812558591262487757510174313747289606193650829855329739753278374252788911438585567013188206571529521678285373448"
"-7/100","3.63475622851833314187608996103237888444959294089947090642357301217842782287883839307796134634477181232587353704860955740141089253365734339174164333982668298208401844024705156851361906062990882172881295126756712976121162499990006050592525976302331174642249850857148516346804278570115086369"
"-3/50","3.68070708836634595719223444937597534891460547542679071866336548960243287957222445243728945408090737831151026339077297987306650418828707319096155100509424448327845983668768267645394107792153574730725560134983295265233981607664795653607319536928108712744225750948391354391775805842478660283"
"-1/20","3.72021376944885506274933861207196491357204200255268894030910801694820212266670656065625684101356057039890271118877594170030938422689299611474964333668551432424611315404160387695855705110856491289059088411205883137761437301653303521104765946860810418473317957496863230144042992673092528315"
"-1/25","3.75297329619688676556545949616142996964437979773809395119257981365267888757703460175518806273376161089389307015366889299139586051707466975162386390955217432017327954422391305825980624894141320541277966913397823352007997355097610900546516917260417382646339471240039787364390851855656223998"
"-3/100","3.77872917231627022403773203645896028210019938346690994449968009524429486608051458446734755269869738050963252113057613012129782068891721181075377372224986327142934914542116601563708490969180186828162010406248512633490004514537256898252314465095840865483802046487562878847798123876633195866"
"-1/50","3.79727635729883860738308835793534702171012979472695390445752773211118299706532335866818237027182255530596645248451837078812630952799014613346977260672191953509902842373291084196170149708706231887391070103037412744560225151612479289983308849912624121777788675106990935211848206567769734655"
"-1/100","3.80846534291341700471640183049527176130288335742443674398488071194099136539235010221325190850189356471788048947704453989778690829707701832087934052392588718297061594190702354589028749832014968496913491316421463287856614717275092626903882979750021892526111111354238747118895156547805904571"
"0","3.8122051801520324243455206669750623404979705810546875"
"1/100","3.80846534291341700471640183049527176130288335742443674398488071194099136539235010221325190850189356471788048947704453989778690829707701832087934052392588718297061594190702354589028749832014968496913491316421463287856614717275092626903882979750021892526111111354238747118895156547805904571"
"1/50","3.79727635729883860738308835793534702171012979472695390445752773211118299706532335866818237027182255530596645248451837078812630952799014613346977260672191953509902842373291084196170149708706231887391070103037412744560225151612479289983308849912624121777788675106990935211848206567769734655"
"3/100","3.77872917231627022403773203645896028210019938346690994449968009524429486608051458446734755269869738050963252113057613012129782068891721181075377372224986327142934914542116601563708490969180186828162010406248512633490004514537256898252314465095840865483802046487562878847798123876633195866"
"1/25","3.75297329619688676556545949616142996964437979773809395119257981365267888757703460175518806273376161089389307015366889299139586051707466975162386390955217432017327954422391305825980624894141320541277966913397823352007997355097610900546516917260417382646339471240039787364390851855656223998"
"1/20","3.72021376944885506274933861207196491357204200255268894030910801694820212266670656065625684101356057039890271118877594170030938422689299611474964333668551432424611315404160387695855705110856491289059088411205883137761437301653303521104765946860810418473317957496863230144042992673092528315"
"3/50","3.68070708836634595719223444937597534891460547542679071866336548960243287957222445243728945408090737831151026339077297987306650418828707319096155100509424448327845983668768267645394107792153574730725560134983295265233981607664795653607319536928108712744225750948391354391775805842478660283"
"7/100","3.63475622851833314187608996103237888444959294089947090642357301217842782287883839307796134634477181232587353704860955740141089253365734339174164333982668298208401844024705156851361906062990882172881295126756712976121162499990006050592525976302331174642249850857148516346804278570115086369"
"2/25","3.58270494488998508660866484375356050496415066448311763283397995229552680549684870006778295239762278378759148618736869351156910374685538949320293814934920950221681793498246299939812558591262487757510174313747289606193650829855329739753278374252788911438585567013188206571529521678285373448"
"9/100","3.52493154268820119856166045669675074258822350273027173387758443133070748575253105775040066958098258652096956815357024223334699771810093387670155648613592143392725120994537515100119782054388444061600202059984318718404648696778687089985351647024208618459057525725235004395876473436277323313"
"1/10","3.46184231997567631135095563458511051795548998834275132158140584863015862938904913778342112863877437346542483470612148445987747537451006512944608132026118284043998428198271211940863445808311701800661956478088130264601040298273642164716376048651081925660237896998035362769929873412966107466"
"11/100","3.3938648806353483658116303525449443815073541706542742407720055108856657921473415526261897561340615988180161723259384054082775564317546112992625007684393550442254828245524105047252340320150845445062307818605461066538246850026914384819861061086628394748929701452705971401951575340306770362"
"3/25","3.32144150470792145141914783789210251522075341491192377221724436497365232275024498640904889850549149573029362494841215737253071931457308819822635675823230249979127930051195902588530499028718408630549822873485037514417687949209684630823137027668251126015615768146680758022940163168111349229"
"13/100","3.24502274440501364587085842342596350374596915939772966607121584661035469079706659293768485615491087071665206026037237979764820922107570970103706292082134687774878892124333273033273955337856688903692897726703662613000782820037815451045361882230345165908017242601176214885720742704026312686"
"7/50","3.16506138991132436661728895785940835674936920899829112220079416289019677580863934604008905298626032864798514213467444367863756248767672683416356899641630065050382697588703791263240633677030674800315582848986433054866054766118518141580587138640456361282609275142765544769169382540996694635"
"3/20","3.08200692141305797400246604683151572949980785519344982401493051351801089949384441184519996453426544852906051051642609232236000188905801336282419928571151767853221862603245736687770143387923321836739337067970077464981675882639849777020775769366486451940706191416583584947004923660050908538"
"4/25","2.99630053454762190846764184252477666042368353388364080154496926939662180714844740320133903680747891349860217392216421941975381510283574090538395231498559098172135278970397607608592290172248893644645721799562989373125110840982989370059358765153295521149027316003243684525689785697754499612"
"17/100","2.90837079740083122586456745014273677570716800969290343680368835319857092932680058663898653092779198325161913048677167329427569912018895144266108920743445287551240130781370143282227321409726786331196056907653230030106006462311193786307982928540911126345967746655446432765002321308539319205"
"9/50","2.81862996973999737549639037020282023135907368243735357482698275903917100923814086192532218170719390826945021328627087154072123510614219935708108166825489437540771165427786967632289155021223484456993030442368655660903694341480717629163877445775870276737994599336401839796954026863346046848"
"19/100","2.72747099048189326104018602494404956689903480590308496345417478269131193020876274327038349544556375451833454232775422487561725707032443953382907260120896275411522426109289343232168194770707380582970454874885861990244538720680493790622329042439598667448786633935200644326371494456315379867"
"1/5","2.63526511821315029662985752978473076526744118540681914712202599311782287934244882000829129245299068703843389682655723459798656015149125571848607860306137145798659252748794579506763326009249247099821317522892829581549248170459929605956909770941213755833699075739964088447807322576308652478"
"21/100","2.542360192323814190532150442267201158485691177156153841682048378698410504948462212697537488019778221905716397770651906303871994058426318858696161630877237752096950440587972677450598612855231931546083587072957457059497345119454607520245461786880890511757790921963669525216146054684403258333"
"11/50","2.449079469096236665251284796492706080063068769183902207110805325350698733718077267108269665966927019072214806005587148214099350758398398814059525701646819770561338356491497779210333230055980737920059717220758461066786642971881233258612138080232923988036204493165253302334790331801209255863"
"23/100","2.355720977777059690344099272626691380123080487079687756370240965130177379485304237686906323332069919374386484195160576784808200465260437026566860771443120788616366823826923116148197996816721905815402788007036919336348462309224714779101713486567094239772423584275747709112100880095229694164"
"6/25","2.262557335929673800645460482691612305673541829955416546293838905744594877725687594886448931585669202560731323644712639245038491410503771964580650510375566139431322371440894743569476244754618213562771081050744034674360072929753330543899917753172837783398150969397271538217278472442317132458"
"1/4","2.169835960773707032942224626610271222036773850018690949926204363939555363242616619313470721316857070421611036461931044808554538228221879961357654391943549617576661851711606864088774052685019172718817387963875489197332538570641208433328189923277804914144119742483741587180357569242439694999"
"13/50","2.077779613253869965610340522666445532309443896206238547863266817898356743849970392698369147227694672790766433446537523763402952679137374517549144759041442938054348315605559650939060826449012401114373955968216634934122031283970393332948546492633065980249568710921681575401869803421182319888"
"27/100","1.986587213708555613821115537010200081489692121381631794460831505259359436839558916940802693642901214135549293381829185080892032209117938220292840276533215379288272933215311101835504637218352212137942324189908997563101831018659951363201634685241733913230016881986037524770336238433410602214"
"7/25","1.896434871710125079881554132856335726420096957122683061636951309874161001878558798806847322479118783011606173335781278275422743945787421976769350423959049546517571341719517313300314371813354727555809902022421294664799077806605272939171509538815740644369100180079884764027036940371042808579"
"29/100","1.807477077446689280459629303783850596751637682653292437276046598651031371667579129193130520349379738690822561318169043396662773246929099781815295215588543333298643486192973795496920288671614347092335828875930040868672743508345700777976118113837002182642843104769458594151834795626178978405"
"3/10","1.719848007490689197028795498321095222846452994193410380815807979744669336575704929278596463939439050381428326406657902348350115576473792451714637105505930022421738204316288331990752604258799810317642529906045107173117495969396671871688401635439773826121303355914608575277674146344842304927"
"31/100","1.63366290360075970077648485918272154783537272294921951059098631368012299234910357218689756675602857927409690806941318947814222861935028092360077273015592009803060632774759293205897782120892124617444453213344568462046675831600480824568857528469842697910707398349835756182181054788120882655"
"8/25","1.54901948904706175643588501642660437441271176408977971252302651485700921460953243424356242050266409364497566196250185191642292792401484719406603583379447989356762314093845593965642303762472696874149161078525425237800574513529131027681327786539419017938586677416594689610180125144512699431"
"33/100","1.46599939261923000382898404544814258861166025626601107650842391666523805778500023308799313948607619723677241078513573914028125378549005625254648059259830797553180738832628630180998897197890039899201495360590177654497024884020111006345003255933877551833359707348861529108581834607097959968"
"17/50","1.3846695558129617551261851737450418844891580724934924781099844729247845566025052085750892424943656151208197422363975127156748918282894775980075670912357535578566973674511418512405353389941900482744371766325065984852007763579990500235761450142548867234676203815588598012318641910469497363"
"7/20","1.30508360359079133545740161121251741295435613703762928112233749164013239629449517102440885660095085895654356702096742327436103623542404812659388219049473151053554780454910235895977434905259977138459185655373891302191775676569467770622102492926944016264468459035761668551022091460571636406"
"9/25","1.22728316351293447114052239255126424970545963527238840183467974417063033913619569012617159913843363579417134121932143992680584863018309721921458652597585747985953720081672536780217855345973201601886975828804608855953380492625910160843563087536374964201978363225661114200504133434932790422"
"37/100","1.15129912190831801761448295546576653513390882730712863200215859628199155888142113242151177695662867732947486286432326176478643503152262859992120060880165720019466477778166120153421634763463214599572109015483769183104042085216451936482360533179987530846324017388883462601067793776035402849"
"19/50","1.07715280910396897337701105116581587185178816695288570470601111751960074307318010301734976153640469921042045766334136243704137631729975480726390890757930665070046504021600453051398900729511339351592855400276468262733566879142982367629570560118186193847524216528976676154304731351725337211"
"39/100","1.00485710857252347726520063355044739898806463805330966347682993873833851747244656750457419614000532625987274953155692666435131507728357202807589949776656812958371392684216323513830854309856789926483952400581991211529922332352381361497517587502211850875650108795491038561613794475371639954"
"2/5","0.93441748722616214887075296302812543479180290405812420666535114724749345329105567943982712341560232512968825280126621552866279774106620458634776949327787105150185077632184185236623338803731379889443578052913009136256437866849305398668801442079187489730245928324031053014796012472493151957"
"41/100","0.86583294602306173549922954690400415545438223393797494818445537752868349883156190294943381827232373834504715463243889380121879828227281939325318885696797039674950992447243346266765667061535792239942664263556499317830923223571630541076591644735830523990802437678443078786431029983631182325"
"21/50","0.79909689160688521645579396668891561446680023125306281783818727132171568109543658143204046102775159584875992119604847653754521376267721316739435660538067528058745153188940520430345587351733143150740172286660194602441725955641576820788936344832215871922183397555441953635548676911884995929"
"43/100","0.73419793092093685603804990338446198264494650091505435904794605339223092336944296597955690534085484028902126211583706498869671201326506670454344171275148887528120042855160434878499580916880571903411484521552543972727518316888352554339373957932646210237480513244782553971995987983441179924"
"11/25","0.67112059167785223197153554904575686584491121096998690776638102764096260532578190999767859725364324515832426498767589430474726901576034897722852969753927126868965003894431041104427983006908859104417796901282802678932701313249961618050912783099398232766000383737329450116976912804103063328"
"9/20","0.60984597227664798182825374956204724778896704618592622111133085920876135032826690885397932512682601715524916003988325688971007974532915223232850332099029236978136176600492010978170573884303920407123688822518810655793488634199629825434668856487919152807727219003548016341987055726032000856"
"23/50","0.55035232530110343178747589852957909574575956994451228486972731465350090614168905812586883870825924512402096015798028881912600600752671040237788693871329319441808475064714055309128202605737337170362285176193405318406325870912203772763830001750722925940429381028165273359807462550323052079"
"47/100","0.49261557918258154581848472236020959886901530445664785031786345410038445577695493709495699249873014149817373658259324787505097500328248327985574373070911727354612893664334669892091107483335283793482962243150335641163962228539296390873316237552733167164225458794605298102642286369310049785"
"12/25","0.43660980308497218152112686505802655169593528516135709503760646452508414504378950540513269177154673323874947752741014594478424604757061825325034698689337105527300330278014194460828541275867630849732974839123101507761393993212650644976016488171630641415825983290933423845866560594847376509"
"49/100","0.38230762079961203247262401351608393638790753377576106474299667713846362301458559956676768893311010551546533648711475918591450009346912785451370643268346830636208027004356508277415826004469891976426090231068140976842102704086056041725799441051803351780733625710863822381222512571986737971"
"1/2","0.32968058096060292476498800552801378214185728761420766118477427388747453203819562823396282807900684333999812873266027927607385283529237090919542393395044677926302227005635356808502993958789693399137840513699626787041632952373996519889343058108514354458472372090858826329756503974943623439"
"51/100","0.2786994946568326570121437349986559326848346669744480366974563079994914245631430815994684616941993848087899341991225043971167070219853904618308520938890106782505941979968887933774947086532627429282611772566723032031840088301019535679295471757677959039760086733322596228527859264618082522"
"13/25","0.22933476203458963794078626356928380562935009570576542181037803553233694262726268082999010541663239847281204783503863443562289645112346973171488341521969915213536887285630444614574170741475898962054889043349202187065822645748654144249916042395657958002574092890210741846194594393101284446"
"53/100","0.18155674319263006217714429802742453897502425342013724511200756552030391905312954993277966659858368562146675576185551574514987541662735197502271234099434654558193771311230865505612498779882191750516388578912280495275622224472684010490855268543246001757421412553572644559377947991698715334"
"27/50","0.13533635954293202647332979885432522960262570173638199922135641327916328220131949477216104172445763377663932749438284959872185070441608805819854239622266915032525436587688801457477523360432551816216601431752421285293810764846770277244382415568225765270392911354147132385426449382994906591"
"11/20","0.09064679391657496919228924935946231922923002247629093793357719540554074410453842145547035525713648892666087964038622933472415207744622246734477664722987788509542727193056351328944203149875993819222654347089195776202138151453269970063200115712027656487994726784207925936542809566977142662"
"14/25","0.04747322177161033699657019982528857838032658779214839145766241832859941734204818951727974879589960764321177480667374195824316927428543443413990433158947610595216654486897734014192637543779346239274423916439856375588323518335687944420481856179341239696490426492610720355122138507089792187"
"57/100","0.00621307159554909792098212452944194932623949789712887911786587299892646287608344276011922182540663525312944844243862333480863688012751081632206472922957232700256436600517046701275628959212346601393846021469056843298195027959597716265745349148501192200536101931326603498912452212463619953"
"29/50","0.03473512867017798041247261050722323215282884022261578215028210875032700455276988891156439541297561160927208763078253306020509086267293012427541568531023800696773993497396903063411650285464471674904763702334255712662964133060696134152278670759102322550446836035145503541637131961718231502"
"59/100","0.07358246419192675342418611762661627693731151462293778882142289216085682614275402679654416772308516288465944090359288464341026244320074375083120459838126700861462112583238795072396062079058015836238548673296628243530680090775420344941395365052059476359419064043453877081481656888160967743"
"3/5","0.11108511372318613149084563009739470185730706084393089329186606292768989030608670483944693828077391767466504385355535333703794256861564279935489200238957996708459468392512058279342070763903955463785314898380269801910223866108482853402700686776432803703221475052481190242855188599323884818"
"61/100","0.14724365772714286607580969200914220433367304740330913204657796043943031709283236014600521267314512051627093796865114132528262255779201536709010228352115501140646802503720071526170921288669874297039255480219292723044045658135455450071966160401049120457965318994491244929779231615075369352"
"31/50","0.18208021986510952943496566844249700936128975657772243062790896325942192381857262345934780271749654028445994731758136163218499295145351487114080857953564634405027842119146549736143671039740142567968584523214251584259857585565868346520945294409049473987301166955569902956413766218183549772"
"63/100","0.21561954156669239787674727380575989536612017037225420585134031870801378312957894279148814566059106257151512456142850505463677744448263117382550512614007433031064897499097856368820405502069949409870978548154388455158531625005507116854672152978908674942189681825484144498049764968961050908"
"16/25","0.24788659227998472301099443786938849509239080406413342125456772255819446174683180829624466319457516687304509790365866868470379069370692156522214583176536811589961826848124430611744884933298571093385258348865046813440901319762382016564747415791019070445883122497084611485227218844059808117"
"13/20","0.2789060048318377988651914536967342797817998953093577749641466879636321903528870041716580974358482599760787371541485848368770973793285590182901748946963843360985670407683329482472280774924451770492606606877486836958839524244629757582442232403558287930598146767178929700426971892391353702"
"33/50","0.30870189993242680859556379998432164033103070730914844083180074521222323266932618928181321479011658073988287572779240589729627079797138868299302106643240535598893890495681063315426281313790548754542524294947441302976546823065254502279714295532846604476181309856761480106082862295205713693"
"67/100","0.33729782762688178746251486213923263062707639855682307998938580290030141156645612432531780944077370600494570116598606159374812447134274790267779824690703320529283599056090648614191897598428633034179848379071659783483822175805115893063789105608275033992816781943402818036057352214515609908"
"17/25","0.36471675323785504638098361113995116011824210392259580671621178411233880343974336322725825236758682368914235369083087571051617070809858204341244263533089931715914878578364490905513890681255111717333553301580897559329062461934297275836284459218008738282187184848945000263133650987015958241"
"69/100","0.39098106362827382771315664430626475944087717197622892596455009987468837194178155653673678503030923141304999055250031461988958067861754602503001984199124533593257307271225132155758784535103579028406241640655135745908957241802758888282948821754710219049892056886366188935691182313027036562"
"7/10","0.41611258417823195234337759258006047997129451103709672741672192044028953051721646413980718306469866975848838384277660036427476330579439962989477077322512297605981620855881385705430094405075653591130608692485228267174520249048724925239734692771058220094071666875743331027888512877590887255"
"71/100","0.44013260203207636991736189879233251731532336500277386819407052494809397083938909420421474552026014436374682208585149390270499665443584514050272347096215332008042610058398004908001687652724242098928095169701976396707306722840235773474872688481098091386261174104830519608304385273219183093"
"18/25","0.46306189325238078033205835760142333152558161096696728988561967529143570449801162500631255663032908728985287128101045441561279956514796532369592293589771395321335994371782890730462072092858434163148777395224832244460383960879279921799935478068761131299579342661903581767414774055222301708"
"73/100","0.4849207524549585698647334975284276788085068432189946705085567177740673643586034249531725200686417118315438503244812795159671507865728399481146182999233030550479320125311463883813656288000123605989484563169844240217527274310766443692225335025130138567343080317773031653061676312251351973"
"37/50","0.50572902396767503077763779081735735986569975120734286444399357676892014234706634351954977914926833030989930536920154413835928013304139835955593510003239757695193639780498443313796078399841489061117735076092491142587512568200391432743589157241303195119792371980311826636837835790308702498"
"3/4","0.52550613381501497339221627361752478806312877121628217233872722243177975332194864235362664834856737364979036436755841563838685185563579811194482237681614765789496742187680259515994504771160834763494020498078055135449302692458301974991089151413064241224446803319069139220441877625284280184"
"19/25","0.54427112198861128778190211350294343735784613959504641993398294109145731721141076523136401075695806425318625480684596626963077553574803406852145270411516408634893448227089013998796877385602405039225121541703772031559109334722872599766287835907390664935539984529027245796281218643804963813"
"77/100","0.56204267456991380422092517959195261778546885217967124930544575823482520582398615222470368563816421111636687697599120336904877012301955565624760863272480302737140084511842026321916128821475938501648765971488361314201093322553741320011609978384143001127952485758594208757854858593390104032"
"39/50","0.57883915534811799495673195615069540823425899018620134656215578758010911738673827549744606150044181480431402542306948956984349064695965230965362868664829511141348639532178139064708831757633413985612325535789773928318317220089779148047988812596613941768041669377106370479850545554210612134"
"79/100","0.59467863663612442818702189765874608365304627967618418462426861905707279589625348767549644051925460156974612955795706328377514071226137814688608004959955839571079129439650055367216608856627208493968795552229198689236708582215565430619630152948047661861142251941488872972933128682726925278"
"4/5","0.60957892903592113407195612088355595313590629365048933258600574207417862012999317860313430907512391345301289602163100714301764750117486391972426876123144338605501899898417813278839354526407903558216061907060598759264916132026599025352334900438748229472701286148032640809980932099266455329"
"81/100","0.62355760994588269756152144691539756008271384876292601922549584162653113877178448259425170627894935563989328909223663563362062635096272253372057273855862238052505616448148114854278697681493833678337306000519022316143730908824031466057120936714029020036834488966582217265952844103273951328"
"41/50","0.63663205063813222129114563559949811458868037201145751577299507750739329556780474629617878443643556421582936677962851803775291946085932841854007539726533054078285930340282555570030636824391090684347851802829474329441668824486650193297392992792237043983175969377884372193192683246712990192"
"83/100","0.6488194417655974382675991660407372990336831334898321240617641169628209780366227138327731202479947481693846475069939560754777845714247637527842355808670982017091569525983638880136224753500977859099577987769938180325602221656790078187986035428172805027841473533117042691388919912127918258"
"21/25","0.66013681718654234979659670569340401165212263306894182484752736691406556630557105762316777545587432028291630550609421711165639990039812254278698239235002297719431517933116805082936479843745471713466854859973680845301342065758765338639804712474862961339097251919051361044851954380821789052"
"17/20","0.67060107601973492382387031966269890652440488143564324576883314366630891445605425663669159811470027619192879860278852780952764598084941844753818212859991854742171493049757485539929561120065017653735382736960297442738987701790257720976024991757865424120910755316180433058458585507363426648"
"43/50","0.6802290028664171376577222670512338071955449633139599158323494528315591178564574783388254394009100125849663126983403227216715224961221193432358201569636743015555616329015753466700879628818648964173717024663367920670254051701663617663717194198125420127757557078431580076916636874423418516"
"87/100","0.689037286156165605089003297300995950961333971633421242709796187002685186281413300428995237769615930596742526007864627998434925281951886412490505378304440777574328911163679762161695725988098586545501431767108885720064043068672828818528821491503339452582124494583865216061331944045490006"
"22/25","0.69704253459278612901170558796735662882576214629205975502352423124852199522353930476650458046320621312872893555115914738847469395695160908251906465209372994446115748168132572102759621782641827898082634121670723337598408786611392777693191714280779155650908735218942514793923924001483052647"
"89/100","0.70426129169374003169994786567036762174904610259260536885501051409448452564856377227852656201805818355148210842632233269734141576525556094169074922478263314291118043862385393039201548501334676030037153370500673042157944895908483435326216595596959823030814277927086998738981138620164113389"
"9/10","0.71071004843238396650978122626169835207081786572266648935976669973102552359662982687762345934641477279377376242445910312199030480287297164239548841562052553597436733061487698567761395873180131425084257755971770325341921929599338469332800594475633036402297564233274795523757332834653083334"
"91/100","0.71640525400662145778046863563505239624296899590793159906596922721543488586890721134404361645789993630217218029611899826554018989042242082730659373261932126723244613130758121133267827736217676530619965617889601021707244582572858300693645228338727568157653731234918075075072170881270586916"
"23/25","0.72136332477049734504339099987312861442356089699582188470733492934976855622634613474510501893186091169182817332230591793527497788723794091071441958845542375695748516721770838412753551624967082367542749509718941701461292237224428760108162375901122933398866826559755165734908900433362699178"
"93/100","0.72560065137688477275349416698905664770284739947841054317302273588411116470578864163265976099162197518444589660955242822368272004099946078819948950907318701748592835279491414291114877201672950618258745728578064351529524177385969879128074974431494788019060471676781930565646831487621977482"
"47/50","0.72913360418977687070178665226643604815694722415078924226841429595318994755791995442895771901046649085507666380852477380299684746731411195580314458802195187603919073052798406709180165740625155222477976262247835627193755694376159226091634061741111141241211612614079805323821881764200386066"
"19/20","0.73197853703385272124532450183955222266403931779372928016358772689092529253053189122747520521681275208719114675477318396984651978831669197615598095598693963292350731606034653258780026563810545591197709876163690094859198060773745466211436979847429917746825458356638077331676186997598044052"
"24/25","0.73415178935698534936639966235537208263147766469702003334898614521855900197376981000432753232094495333093204555349064783869090395507235791059894985500194248872285923272546592878690964096959054612236723407895647292344549077383976535673249673048182803663226418969092364633896251738378660576"
"97/100","0.73566968688824082379048960580186081317761737922705648894082453518005364784918291445826578123105958543212435749612412602864856101267708831689636528508408876235033873722172796726640801496275095776767869456199053424731108117194887719943570968172994563397761416079207289955524829519306946839"
"49/50","0.73654854087972298755477869358014963632646397096686158464233521488605930628960040485314323625537017093523879203585633751052571831788296029477276572358301372859839197278084629288066829820394299624541770346537643188154194719704173366106521669565189818697773244271057793166178110359821084819"
"99/100","0.73680464602538828928931094084684239443088246175763610306990134676064428529185629457073590239763641802219925853974868252340906728538518187200100734411699762807175531142234103359052067236439414894882421749069536503689215535339970116550233622357080569506252605184197538180500599336729630581"
"1","0.73645427715373064541839213235013261863581240480356147413531142514260891693926195056556975644786229504750402819187450487129291446707154512560130431564292958005780303287472377169145991161321160115739823357682945817721538804112346541262415764123510019620600054077835562637246883140734179248"
"1 1/100","0.7355136847940594676861475352682286173875867228018966304966195960277834622583250112701704329140026783910698138022833797770017042825244829185159535905983696969141699623943304713816122746638967045129135274455057385582460594285696964402415814565390834836445128547251560241765162017753342412"
"1 1/50","0.73399908971800893874510912537783028795124653481572838551495232624983260672373068019571964996230297463937766968145580591210854419889250155455140631894370472396633972128054288748193423590029111028088878943898560295396176024415660848597930398467777506420356121141561291111240969388271916662"
"1 3/100","0.73192667655896938536308680111604706016272742414584790057836383649247927419923141888991695860588780922562963751566460151938358055484169584530841587283224094503105338144636516017769718633239635735269799612596381421900684422752225111179252144093026756308760180062949972000684686564171081257"
"1 1/25","0.72931258661237048434923972390687425347947049117886277348254745489121351376169775671474075939724022371834538717996907419977711461206338833006368357032457314035639288535952160273643981394967553834865155083285999469654453842834911065394224130510763970712192438553680620166208272358941935338"
"1 1/20","0.726172909919221573360538954238174803789217834013517637771883924678403358447181922334017621034668398198148209528009297818316068720391725925184820720836912578241215435883075457468972371409404901987307202608804671258560228732806635363732023036116499730517219738963700640931112791491770152647"
"1 3/50","0.722523676734079175993608395290093420108046091249062103299425616432607987261428529016805801075519095128663073750946067976017947027278499964105582792826209887792424411421779552153042641677436660506560979759054392938363287112384848404422464264991303468752091468549937894342643955406628617041"
"1 7/100","0.718380848476720532388163847429635010562975060776926158282661601783656699106055750770620196455052604568548559751519780850615479321532464499797448575678314281143670217568202539993921051489657524520889003824632452468545624868520776280656471718964837192764951499400906240619338671737861404177"
"1 2/25","0.713760308264310588482942875487921544414177903186020320222726729689727769036550719539198318971628590342642025135718853641220268009995754628376805861702654352402321131633742631654406470778385579680905334677363495355216277859120576631885894950955706358575342627031622718887127571749086137996"
"1 9/100","0.708677851117815894935137976700185332485754751231179785837525114958960519560968260489210315946449266894063493107216192957784243335050484481670670199625507774259758757816493736045368663015463612265229798779309776203537438588958776359771973944881150352243762214072849647596927369830296692722"
"1 1/10","0.703149173932900357160233759106774721954638509667444467046234284679866509104726334876674110089316190478685600693177276718120288112849928421182058339495098671078983556897971346382209436727188496155786164424528298620711485009609526601723293129720962800279356984318953260674708706678139068677"
"1 11/100","0.697189865301593266259357427279662890263026734961929662854052573929066966750635563129765430606069362999175134069938110087046263134043886570195421535834850196073941685841658118789012272573225150124744192102689450652585384692557850542422190499457795733192855788942132679716422189119385046004"
"1 3/25","0.690815395266707911253056174005230869013069087612460319615514692152012001181158127192508809509850542751177703687616053576073261529482535955068981081958691656510365021996217466423880445371388442995576809307913751476496827268009100104465586747854798456365024063276234908469863218790104831728"
"1 13/100","0.684041105086367116617039224091573814829845448898286838282888685933366132610807234616378942563416857988096806248982268089698720909718216144655825558954434568737225355171759460414971001258970852342316175973064283730801221121758101073036899391508847073404805981286319540953498414785114137149"
"1 7/50","0.676882197081116997971837067273225199566004694619839613117383098804505820605487629238704464135811618435853429696064254511991862690515858752713862141378180063317692837668653047467723856733737723963611675664184165186950144615621611012325565032647656237718442461833875167493407851771534495498"
"1 3/20","0.669353724631037312294990958069546479967087309375119799414727822565835764948969762348121695566998419508804679088601661740874730831363709505661340266696956032712329979576141692526398304464424937033871677154511281779310400168226833509068432804186243546271255144402069388575307603268432218075"
"1 4/25","0.661470582385039307730544849351550222286810099472183519775225829681922170808424793199682956062215187900863830172773229354678691370523754690208665465837589076539326319708952934311642089521118088125758358393611456109267401656589900423590548696213214529935193983367429663061424491294160305197"
"1 17/100","0.653247496739230964350239346838467148009719674255779678868963295063343247773159005380702896848858681861403911973770134304963135647688045345435713058265987191536133300188095283152269590248432217860445997531105652001320727352098397905320090168275393906117070132600490895844554087206343802423"
"1 9/50","0.644699016635873338768945407752531101945300494650484763387784577705578145481946158071914727993946026150753304472102064606488525219379266979900575280212756548300567141638197782807822912575910984376693362116061622190039464229828355545700923118685753928572508268200155049946237720779562335187"
"1 19/100","0.635839504729095836225481495505040610037206680181450176686611271036412487601804330371475732783236483258795829085971406638558190406607372721919294133300308872797706025513913872407405027697077085549697253866065278528111563622322258632884378648041611852597631425301728803205442486214818761566"
"1 1/5","0.626683128958224925290893579628758078601004957875600944321132432642071015888116556107426859090630834816056483416945625922632681117582268973131519883839949495997245083466806033735913756366099123917369330024335894713364246476214357250991744777951698898724577225302139237751942085902505057129"
"1 21/100","0.617243854564349026523643702098933545421751054291019839892703993628549823438073270328249068789019321443927452230537717813230721321649131688194255683941140743469730674794797509761959313853930905452103615001447856204908645878064541754960268616807866978933368191389884361152333207908601054144"
"1 11/50","0.607535436580627510841709317747138004357118445692933148464213611402002992873490756703734022753510742484396313108735075367315016187201338310025309372657622913949479259658971258744602892352209253630619094841456456749423910548587638482191241716394241249580283436293412950481976308713303273709"
"1 23/100","0.597571412821885840994594153143436055856032417752930709946367584388010366123087520027157673552852878279508067378637438971388340737712358497051978913091666103867173259873543976890332866181658213880823696706485700427814579024186503352959239603526123142922873274717634781027967346659224753847"
"1 6/25","0.587365097394250200107504715859342107338587426208542752097083353976810405841687092910857286663659070756980581569667739012996980057475129481458825329204524836442630341884436616220952613792897401158103563503205785023023543894420996447938378368963562908020296481934601156433327391876840400914"
"1 1/4","0.57692957474098823436443979032839966313894002732247705337576726867455616315462284875162370986612428576115534834239582278464440996355288382730418557032676647454729371740203956087709599669439221158895196344314892144722828136247141593426415682609860705482267384297187278414776091378780241276"
"1 13/50","0.56627769423635906568722538703174659393116519854194347772566306042088571958199375032595488438753790131395176825107740389066939209832807552120155398081242380942653930162310637938421860536659237630013630797752628169393486932017070201575098343396416206780861107306562950212225989778055883022"
"1 27/100","0.55542206533515341282435148163183787672844268154070143990342878412655451402469233166927730745109772323012564126032992446121800235089135243035601952327235314071276313933446429527225354611532609131235951944245885244677414906148186681738861681103717953837879824657463431344779587842988561077"
"1 7/25","0.54437505328173820536306830589119827822164560994914746646231309474088438421240256904155431982424499346292702428051632391922031755733229177538538933327617781784902154569984359654697399984913387727192379365096441048028394002623454406814176921705974435558298672539881784144587952023134122332"
"1 29/100","0.53314877537882120767175362016592780542866001646493961530029146934024887529981512018014889125249196627787561596290388702017876921641999848872434514575866318608823432925349362608939618215035496016909720030974242499181836517382572079609559043709091606050247030354763346651618592848628443167"
"1 3/10","0.52175509781282888049308430943041066537803580489406957176330724843774305471182627854310202979797438190097420791679567219274928806452511076624067138372751148218435473735571587881918434377966233032778021177287459625644050150792858942346884360477697176940933960995038626771940427291373364483"
"1 31/100","0.51020563302975155967203413079869504401093680123999620729627758581980817194812466942401253464371282267871150386250605153339425179710043882052481377656147963459715190959370129984764668613855772754952251235106822782041055333683380422795533237554918442589373687806849199797151662306099695813"
"1 8/25","0.49851173765255851025673233519500386717166780700101875414981603708452184823231994397676144025081210803179045406467501094866188815884023294669203400581837379051063325492786056037105489034772550230908582262803343801571048615918906583908038448098911980204526131436392519257120128989020596576"
"1 33/100","0.48668451092882433848070200742235280257882954089988431009212034738386287914437630055636950942913495560675271264419891914260088677633935222437057496990091883974184241125489871252609846806674519283909888226873275869240774169498460573555622142607929922227435964102352486808119948658358025605"
"1 17/50","0.4747347936950392438831149929780950011942667381137549685500373494362991635609437597292223284719039594115710158653379070629832258548179689997132861309694701096934667554265682949247110444576960914810602092306946785792833432373611281298750973039848260147008002739184516360392613190369152459"
"1 7/20","0.46267316784219967733292034747022006858671707249045650955018479800105504998670605940180046700790757016286561158790279178404095946326090062380771288570728659921061868604360700098772046723586038536814438212375369426364911548436074520399549110256710652121521474711749550151263511108848002"
"1 9/25","0.45050995626569420762845068587760830640303227110592410590690247510757832161580568244283859566483310170162132251225866976823322937957503645562133151202945732749094192855217518552282383550209918183370125104798123388398701588061223999157047709124552477484662508536923067332614696991090457128"
"1 37/100","0.43825522328121376141946834878312386421011520087747990898676059417302514551358024315300495943749515969848640970179210948462827632143470515205102323248735454867320474478647079829149771528828742793440090001315364462494310929534339206744657439961086880777890065624944349386338558785288411113"
"1 19/50","0.42591877548742982202235256657190558349539931608931151218693482512835733415390041200266879362508885011904195790449290167536004144935128374408753427831176674451391070996592314892404474529476400228925524796926721227102020871863302629326029254084262097936602631360078330607399690854415300196"
"1 39/100","0.41351016305550591581887300378110026516365012708648321145583173912672785510288506783310160634922451007590305612702502437742613873962414911662303282504764277417581226272538593477863661255325906262942907676853664227439225957272157705513900283642239910605590951658767157493277125594439651828"
"1 2/5","0.40103868142514918218090881118362791289321322117708316283284290643169442412882204805813669948071954938223397334789021485324838468677255022942101281821090099300820656698356621000247817974781581500198335651572091229983020207829713954530490981409122349513842089895470836625226181171972039774"
"1 41/100","0.38851337338688999728437333902080723017677227694588613921571440892178093733518945876706391506547293529726687707550871285130801302099664364924321637233453751075357304072326161066749696805949727553383507450831414310899801070551478571975371733693576588595663531736491134817596141366496863679"
"1 21/50","0.3759430315306294347530880076103940772727440735454244879802167110370784102388696474062666683984550071455327252917125244464157909855800021383753754922353055148475621926704711405967605146220226224293630255538930318021788246916292536958784860261888728982070527824099405849032821690822338172"
"1 43/100","0.36333620104126340049042317192066141792834454450140051718454309336993349934421870929825325379305178899153287556896887252148619893111270708385789097722265434783346373885682326403450439989402262773652676445402948674701978841301372650031958917600998007432991201813675032358544723575355713007"
"1 11/25","0.35070118282344759282459243817136836379801476890810123501927711474982604324647430706061212147566924569970369687200314745272198808620037002717190204933979854659435772366075393744000536142109807723483424016833436675095068805377054840750370613583574972009897039146024450306887887713471411412"
"1 9/20","0.33804603693941021094523122794567695141135095315696768335649254542881526957249792513383435299224930196950417320877897740457478811045334202486976738373343005864087745245770416276797423488717883624100404696960790293000263045717907256694444519085143352235076301937691747757079260058371561888"
"1 23/50","0.32537858634629730641802253085056273547493424810780935477200556117909334680001328988266386767313244348647024226596691976716482964501760795130029804165926847945564514859654900944598922781420623078264720688371132467925417601535568089947070480413155241786320403711833112497833414790376640287"
"1 47/100","0.31270642092306455388332848837839629661748606505170813758816412565716392979919401009406848329068221467961248579476848620713855010389193494579061316931573899169951851298265253397928282231596607660470079955547786709226150713613655135913947769893650809026851842256873953638752811229932509682"
"1 12/25","0.30003690178172511236082888475891928869460562093545902186540168757691947260191126855143476147923115956774173831041786697729952870181162621587201770917948246493094961404696559543192478567173020520288188365225148186678124176987404210279792750948879546834675106764501404077732342804474693806"
"1 49/100","0.2873771658642924742612031092539906561500076118293338552130467600016523633598832464604153145415130336247972508442136600608354428744861690970024218873863701325412672692991982342032161435244272503850737874756558059877751596938891497416107408270540875760696590338779782275747535307121073668"
"1 1/2","0.27473413083571401448569159752369644240455894975861417074215610028391399193206681842146344081330653904170782953162969346569686631851810901335077069511284702266805374043116066538068241905743422349328520277703245673478206276056126674864932938429516763271709905460846311976036465288988479122"
"1 51/100","0.26211450029552085316698535622338638727227182888876368005630520107452559259182003250465881066176373043007751016416044389673397152323748753443874821301373077447200553917249696541084685159391549650123341166104500273929083564475531541944980852496735875727141953983668458020395402459307019607"
"1 13/25","0.24952476934841838464245275213801348689196440587872082825229194676822344533016927143256751139010092419756129429532839627835408182733060873482396086398965098937891080225277073562145247871218421607721286010284155626285043482890566244669292666270712565765789779850634539943873238292967572503"
"1 53/100","0.23697123059908275569001938399054942349100510667311834688299439190717010420747778190368687883928764435729354963221315925339711341309604549015103973723826791731950790717948338464116168496754576072561849928392522286462024495325326661013555663524505028645554423796069043798403124050058007417"
"1 27/50","0.22445998067291210760273591641815906113629200674073908382354629063338502938889010094539192994641196770233264445493563372090758724975505082092225171656792394918915548764724071916476524509800945810261141328109944524192219493812073877855871011502983147909144184895551297030488784187917206838"
"1 11/20","0.21199692741867778881001521191349588048343739390301854487545329504905362238388567472120517273825312577645790308488186379540405400302780394274732198873970253022983959058211770013625994078137705140547353934172085824298372133428139521046731038409008671000883365011926884316567633715610408881"
"1 14/25","0.19958779803122710047036270419511775211536081560380497575688021754265022633583358231416811108108383563715660573935751621608777076519458046833810702363903338833960521609950614551994234581573612939861217268475065675756954268231193975125308394050132171631844234438784525545776030036005922667"
"1 57/100","0.18723814845991914842362226676207452206391926543099273235925368334911786521704994803348847096709627366108776193047796560881615834915726061754390482678039872132512808816681335973055627657445644840921673838285396686847793979068961830028711035347985665593435571968084351986167246467978023157"
"1 29/50","0.17495337467121198624174560610859216227983249914127266118834842858341273082042756735322134528142608877707340664698074064196492669530077652958096462235811020427138710961754444562418688154302402738308785985237837625586641949695089618641397688891750774929215664691676808139576431604280327715"
"1 59/100","0.1627387266648623577416308460740900924604868225349010304906038543146580106701529975287529735696651998213319885699913336844986879871029786625583622582273737476539973120628371551532624728699296645667562108052832961649734478757719010831251724579326556519942501197852659901873708974165748424"
"1 3/5","0.15059932670002340837628030122059738432583312792445707870216041757003993365348318073545189961669870160617776888664874753305497213691070739770551122492453424906728823400609327829013169752712424294027725726463300510778058146241674221788827057214394519623063204291785142243720976518513756191"
"1 61/100","0.13854019415573053425525387786205959640298060702584284638739797668970858634935086133944292107637194102034827229410246457889027332597259503000705161973991663329274866602972000709907798321347497100061864226285625411598821735832112480353625989075140654115166333501005723803705386276436224717"
"1 31/50","0.12656628119821093403661448246730048414473437561941820913270418197488370379978003928739672650093695914406031311404278639123400094990864188494347877927074398010383725972450164109911786392596302215796152971997355257360834786513807448972959081947089538206582705130132743804608967633478088351"
"1 63/100","0.11468252672171941978079835191171585882858433593838128898811738465650213182987825125660257474061859447489267539471215993586850543192121750003503934884813047774185704690144885965714682442769693810312910273325989047112030702075304948082980969888102677939320164660168867220850151510177425355"
"1 16/25","0.10289394255534173758277872537690587836669509887720176028875460093468127403124556136384951921982147919392797437451554591018670109956689845110818753955826683769834853950462762284963814598803985256643884109841389925668549805960557604083336748621213117397503995515422141689606307732310020516"
"1 13/20","0.09120575963513987559942369433937797617289742296711126293860740686956168255658352074990037356657349280779915075364554710843934101551538307105237870551929471772373030915198714810928232363139419425824949335098969429215522805892458321691698834565988216534837337076305206935398057799634783849"
"1 33/50","0.07962369271972073093826352990602546155628050676531206656770189748824435614661250674370578382866544634348499523556255561493079894613425832659014909006900641649830324632755932717071101964979442016676939546190086755468869263971779020772277104056892560856939963714000140352404056417903723266"
"1 67/100","0.06815445799238087371444238387822697876936426353825728854724509158398956361933191769390453707455705087091898454648702228825220588387807280097750501891389270252631090957646885679356753720434862466299211209115399417990122744453944359597201437798975079275008832545791065635173402083063976225"
"1 17/25","0.05680688476328166178764042885902158404655400833953854436901509380773715152648668331498557802635018425178519746505443241832630214957506769270631222246939666207563296364277858605952604808815196611259538834621860492413793020829343725290234046820259526530200638213696059641689083368257655076"
"1 69/100","0.04559461116147040561948911166164489409704057147345691771154759985915350834720801974570643166727491319550323540452085320974856045530288343718586999330379656529458663986959194320356637221415949676939328163988272065334097199954928058038895263952598353144175635193691228966918306330933567199"
"1 7/10","0.03454380818662010644352640164084080070529674360829878008905392637541349024301637855115065695739267826756936335364540786714578702869715960594821639604136142765717069925444071749683134059599623523533870415241421773154839741586586855546894983370024262224794463597653112853824381886890839014"
"1 71/100","0.02372159106374272976058553724904635331203487835135423301401775944463012317163531747247549206463952568156863733721630891024102086654307496112836154968635015230282178725969338329820372171526636791321450096827066423148916215762702622853812711059915784159018523049265437564548215876207961662"
"1 18/25","0.01339588398006040650745598328491505141004112873317949445115123927897627331511116093134160437529945474760303602059351103592629499989094647869336291841748536620067790486475314774567005915126981467040666421449736918819989615531553599953261220009502451664597699238551575922771356044362923515"
"1 73/100","0.00596298942238268395233113630466309701455170556504537198275190384137243943017185495749639560011411844336113483169108628128849668102316797934439506200155947727988566401096950196102183736874751311062649899116459549858088044904695509424356145841605185205040916225062127450664350436124431552"
"1 37/50","0.01108800046460782429658049969368542413677403591611593309316952667328457333444103354694044299541573552964644686034064699951813780041795217243582780108865436076838924808989738513461996249221625595603248556426912242870679624500578406769392308652793102711966185196629044525983056046712524762"
"1 3/4","0.02081750752200591118034677713065402002272839503302550252462649710505373895012328996913430369979292162786581331109657286965124802871073472642525826066593585084192812964296247590089184414237575146615195031852761139424708280187989660988326782028327392986254637331764045501467018219648568712"
"1 19/25","0.03095904642017227718041945437537302016822899339111681844644516936976031179914963733203637148784930918043482560017023422701589248918825787063279595299395870606623331362142761424404040678778314557196285891992268502151287311862605328313922724623460763396659612913404594962315183386994400499"
"1 77/100","0.04110652210078720101866164055074397863361552717745828386290087604382518828157365790249004059503077296629444176498246231815502823188900050939233574036475266258109755379889859974874299203219556525531353249578505103767674421219496758557856414010250572197871486686688964498978556451115926119"
"1 39/50","0.05117272494275368514013426382492712397666047711959001108971078230970066668129304378399471554972470206204255559264077549489020716643808495092178600464492794645689473822440957691636945714070677134815171857527972374572866852577655115532792753363243221855790059232365078004042467632990961879"
"1 79/100","0.06112708663297272115015650511222667768765391744935894207323885440857072116519315444967476381942129915823917206180857637539259270577681765495280988094838438314053485427187968491295365917836130047188464550767236711835549799601066852401579467659136139094349580803783175650304352402495155473"
"1 4/5","0.07095533685697343664981145908262729322705624109093346321979338501221587706541261750580157493109153801018717272690327540002973456380906260899102772504231655540112411514424153003681699545796884388828698652585641762520909378933257840020222977108096168722689578533827448033753640693380626369"
"1 81/100","0.08064934859735711257345834979282067895872036217161629932137666808517988214064704149639209443067819744681351770259095423005535503822898826575800706927824063973098320571682906150366073073477822530954228491891047428824592569444350828120556566382053540978721347783564958564230996291597352849"
"1 41/50","0.09020376197884096720036897742034454945994709317591399914538072515191457821904218936512031664696817698202070196312813003262731797840759334835464599537537698100570989383715819861452853445650563067502957604895512450457720353699776355746722436427445100048946593500335458684626076299770073949"
"1 83/100","0.09961463897916373603595591111683220659151703395427273749197134261237477695736381871448601220501108025549890378388718754982087815688695103882175848687925830052892813074949433678831147641888818279659422068552518467681964599336157708962983685520511079718849143132123571013776530093362957784"
"1 21/25","0.10887885374760748621151402210196539924789129440263499329318685712634820385728741455491704404018031232538512448857789022065221132324843103987355613879865702570904923038291989518504103279897352729063676907822088874062334556036896541712158364210196992884294591591085320691738146762545788958"
"1 17/20","0.11799378812209723096764237554193564204266612090054062760551640801237501140147023282311596192139143555906309927629778269030212087054719893373525890368341346859141993189120393724940391823832661771232848912482737057376361185236864365538485944656851372778794518888680133771740034036038149015"
"1 43/50","0.12695716746081897800620455756318168282967657265862664703728822645408686481417191557723197414956693225955789895351080004741960181833237415673297989238454663323291856875880393162194777537352133096385558153914695789519001816264841041947744286593114163870788420632096011805003411376513639803"
"1 87/100","0.13576696640743865585332135821210938178569442544787307357859177545453588779322284956363001272833820451620044856947489433895612838729395440324499918688491461895704230660931896022340964544209665961092215145927454029004460614637524433005450458283148146037229863657603370850739115456874111592"
"1 22/25","0.14442135186918774140154011796705761107639152462430379651514174711250188612419543769562001743059812820632076306131132803805338401274780957281603954654710072391834162869291333737013334939128772896210258455550447994120334929735481749782926608457661740626944915449280204518991041558166850935"
"1 89/100","0.15291864690321392054794114724834954086140723313559056047340224250289801737374292056362729504789608721420988569183956188765438299872648579204146611802015504146223291717185994590597141699421107619450322477888052738060822375387003692514385085794114386548889546792733478077236774280909261296"
"1 9/10","0.16125730690522574887602237962694138916710096518874618073579650443206993706224268873113294851675641103604294686258358878659789424168945204476214548764024276058490102150068299174032768358056784887561945796813977576752717195806729846336796712729534393802592311461456774296067024490116346081"
"1 91/100","0.16943590333147040489926499804450244280116748785967207586532760603175463542417340934537243261373469523937515604429690684908107744318844661392987159760634919441516129837552878186880143172082389580089154019887711895459144710748144181951119389268145877905075206589813463133110055522467752995"
"1 23/25","0.17745311219860603548372319286045341255624397648621123801806988208700482021357986966662659552986664315675903419124929426872846895086222641858714085912162210504875410679521326827966270764618858058357649739366730940920259531911366592304712996871187373276723439246423605775158273947434275246"
"1 93/100","0.18530770571045703042476134806874768986044504448039455312158722576256941259805878029154554892695390227448993813376815812069692185261053319432614882126819904478316881566027402036417934687841177735134698816449298591928807625063208748856415828193029225961465971811228289808207944146063440664"
"1 47/50","0.19299854599015896945005249984024487941218486854684841748398130532334868091673199956481664082556306152267993572036076455135254067461446747624503673769583111476741763307311893359151185955619002089575686897532761810038993305613863980959697099041481943944836197142599886530069494191230499126"
"1 19/20","0.20052458026732666480488841651787427116428710587628355071924677588367709953574058521590953867072451529478425374938539636961263383304323481481085787715209700434119129701489633523501982800502955959925814740229564435304803937838443475793689555542681690122514597988347744424943095280982745707"
"1 24/25","0.20788483709529926260941523135676470985662764830689577929792722489097559204394475916473527654199931136984915976206412399542027093052457074248972261645195168232718846574302431134544321253070416879762460473171179950991042115883739400337699391530227953747943629840154095664209474611238715095"
"1 97/100","0.21507842331412815260934238397339944479161842538640118346752139720048412707012981714223486687256800534683585104012904957852978981074353198124277072460955028424348139010902568907794533938560343821019170370762454426516082438429019663666948024965149227657193637375678976271870603062471767784"
"1 49/50","0.22210452156480581807703477188110548193670281850427327168062484333200527818144970549463403983879976209976068312728581790346114401744466082305362521809334492492868815190849087324148462108331273060482589554718927211851862194551236501290474785642658285766112277192505813723822066587405928542"
"1 99/100","0.2289623882188797323054219390199995650949177937207753071757209614515141793506742582931882805725288873123736288858401500861777978924148248330170561595290537287570522086989123829192628682508997291165871337749327919405738585342556061466095995660617378851817103252350736856972609159665384112"
"2","0.23565135162664386904379904093150751144544085607060213574346507730935625143957440871433910812277028274374165932514489711150509380856925312036114178257116009054922388111142815447736020534536237048188207839272896545635716997116445440913156652912898549404578120642953397192308942614034832391"
"2 1/100","0.24217081061357504646958902763961428942372113713051958916956356549239233288577223639318803471121232402409685027284767510653437670683538521592255937436951933828247146475118250925364938897694032266724208879690110474825390855646574522729597039669143046419415405361624870910669184976694833057"
"2 1/50","0.24852023317293443127407526809412601903261951832605096525217495212350572783653437929006936842631070127260883931602775243294452327025956657723129251739377939392852267344575663865556280792210970681808530021969336719862311798737969181433521386451745616411819669119901064532638751776530456623"
"2 3/100","0.25469915531523813052002092813581671363333322882371037597099787165702397250360420587588708530336845351014677407168393310831781766204612438183313811864035182424888710424596553933046669564476143985497672776284425050689131906052065470295179399342788356937330847391383061942327299110410932002"
"2 1/25","0.26070718004438766802743844579546522621704712733134365393176234438850792982107094873639424936381012680672067850853828500768637847569425440085930765633343688846574222677542465782331576834738233055615325423496999213343144267438528867450187329252845591111658096379301736849684504695436803167"
"2 1/20","0.26654397643680290209405106256434083598174001736729557156098971877194304268733389396104176376726882993647226080410931730503318154693335791284672437954365309304611845968401598841390406352346735842250790886605236426505900607370823430360408599810250657319834552957441158610777349928371545149"
"2 3/50","0.27220927880468983326213459736021841489756069748681901611039922481086424767770068199863151424030459332773564641672659829969130811208257478637048946158214866072253115623148819899675845381785321972607765515855332000649886721842035847109922743321634149190891202963678899562644979759437727011"
"2 7/100","0.27770288592812603353431912528266182411899840494757412022918753104837845556696562730663296855855457439542754044034981261837056093276070331702952176757572098129717439566621861076285873612208104427900844753686502370987984402380968047163001158473763458036009459691920037411021766979497864519"
"2 2/25","0.28302466034331463039026077153658554911763597635857283595854177153005191821257112898089816101205593175785957793695230679925395318388082101595609414521442527620741877950617869379621622052798373176474262393655935740204100933022033931793051984852753435957982672404971316722459541627252486837"
"2 9/100","0.28817452767639173432777292218092292028004261673089755048707967163247621125169126276686194868450802870999567483116104625182670595864067023727181119745803842699418191617188302958413294501149637475316125693434525752337308308217416313350521168625326048686891310057184154739072960027058150579"
"2 1/10","0.29315247601374570408768634390813275468699526746287652805780888478300790543552845884451581848052030032096722054737124439640693777454139966626216715447494981723053371205119435604299079294662214348535650766205966601918396702244992881089712303773752121452053373530314456815568106522715779113"
"2 11/100","0.29795855530104289038720034062721467581895633844522207702801149888271748013348270337099318124568635793894440206477745679975190512293406625856256718741764584994638540093846665648277906523221935553507909810916593968661882991907455813241014872724144847398271552550223819561851725605367889028"
"2 3/25","0.30259287676414167730702313676699534369804194941044126234323748904910826877929687557246058521274119135994440939834928368064102688984457297047490482603284783320265034847600508036353301211967138167506586772318556473215313799836065813759618909691406216474610528449740668430541211176247062705"
"2 13/100","0.30705561234587846273884426332197723857151633419649363482376613862509270464456195930195948559313573305830923622799502433890315093875043746621806422758221856002700904106761115556354538099884226174469721970700601635596112193335952360487124544288233849834904880192458146207953504626689806907"
"2 7/50","0.31134699415337209901799830556579665507032186121946024790880582971566390298326855906245720640371895909407091056613980066514141013508703943093669019582402167483418781438351369077944199235052396670523857048150264124233042371084798333985617066984324394244074190650207509073896260431923195904"
"2 3/20","0.31546731391105131960609177406815772703819705883988753712224874672898027061315795564146767071730387506114345747465670825211868593978620933444306210196649211487502185680599747054744157560942654092834119468730627411827723988710682639779508326522584683584267446786032107658051894757012535843"
"2 4/25","0.3194169224150879817274596617746628657776611082389052872412942970239335176939074031442246759084975861091024594354360761271436214908545568830301138226978759539397110085214200750985266220589884057910338851409233580815847865205194926529060385279039907574117856303225524615798267150559015225"
"2 17/100","0.32319622898533627000229187258364040215914665814965190931673479140318773332618528488768338658684230184624947780696270954116706677964664929710960388692241525515256867766727233905041047244777821632929607454052800662200941056589505382208064226084522256817089408995019006563386627851953333388"
"2 9/50","0.32680570091124830920384987655393810533432895781594184806838951120932747241857635432513190846112856878248342938922790630418730830574767853669816367070596256563678842955093754283087162318576876672869804792590855242472301381445916057092352449741129012263740282740271408458763606273374550354"
"2 19/100","0.33024586288857040591417673536086712201869378922826348749892955097300223744514824078599948528637086742092932939276795959180806062358442650604387542706475179339959429749186769450246189940500378225605024957095106180877188419156403328621334793700730027593228652172209366963167145672258711741"
"2 1/5","0.33351729644392925928908672038077244910451129528022692052174464176572662553556546246699503702683697896987703519540047901422484559625501484322360909446772363868837046006253337164638882085984886056101306176400905386837197792728474285297218228237466057087108584534045396594934594293365312374"
"2 21/100","0.33662063934469988338445429029896738231968399945123671922850928682861618275089310363370930805847618569010292189494026340791116095476707942052424739484340362860938778242984592644304898824207890069096038298059222504584436852143961413064170091287406884668572931861577254778614040788753642007"
"2 11/50","0.3395565849918111333483502558564413174700837970568314916166001910094282324072392646146136160620991143362260480656584186341184548467341923923166737373215980918077919069499050054452474760919994745543704055296552926537809387461546230370450236604367842919454931349565449166228990976101882197"
"2 23/100","0.34232588179339397926946165417087914183777040708933389530432139689428814126351758595557371602359023033019591864333929572499509643957038110833903930801627472053050017806539373659749667863090266557014884593947628505742934037247272692546077307078418929449825090975269233853360816704362822781"
"2 6/25","0.34492933251741453194998801819675235183378567440150886560110133822797702580271272290742506733752036925928201583526557542788439827500813675823517105902603778297345415437001015504053617178474586851238925909812327776766770857240724589693273053876723474242009813692376970728359071571487572354"
"2 1/4","0.34736779362166015421766240991673613702064649807701759044319496112728666498537271464473281000430895620280096965346932721268541776808898968261220916638551712098986655335526747762309564269769954114659595278196366188054801162461115572263323966115995018513088408072859299301699842016238628883"
"2 13/50","0.34964217455966415269676413881823121031873742329728479657823198930643884958316089271547127705793577758226147083231486866416668387115377835169643357973213582612186062215376819441732814911035056455418498206479589026741419414640216711606339765307418744723939740817146414504246934695929759445"
"2 27/100","0.35175343706136351932383139336871037037251159841935843651819366831300005342518668095949856750649374834236731859904824598755609538176759113110899420643743528638247354900382941607582361505472140360523890564357918322590398512032379198746273670381303248451347959456537037510038543798609076569"
"2 7/25","0.3537025943874856664819894618253918210833466335262204110234301298615137873096292929513542210388492165587986590195820723834062449900895761185118826402101476488197139871078702990455873487628181009821431699585419242514230217698133999058210663269022047253360856990679763215171065179492789906"
"2 29/100","0.35549071055685453564462491957929616809009886133676239026854389999938146040773822481125969388287021475740121019659986425572066057710163531832051073900415274051747403923849250107855759497081440055668849589369395815873951290473590011888527182347195390346132795329119154794625713599835220857"
"2 3/10","0.35711889954599414495606759952908273699332266043511419214764466165654842626669196548721814530999115883700197375417411578500880312230128479466702455105949471534086001271952916058614534498760256672872889869485014988253977177443617734583546396672944512869294598676358977370960876118814671203"
"2 31/100","0.35858832446058873254850118441597407929111874099339409645125857487793840958417284738837170182000023538244983422454410788970025886649386624399314270572288127900126966641310049410457046153814797896930082678000554963730725910751445242241048193964793900595037316277031469799527814079144392399"
"2 8/25","0.35990019667853320668232242634058154578329770932703434550923777379153548182931075936614967707322809354898455315384433277824360100321194974045641404985662876583323823254010731197808570618663156022157016938082834599863963165961820621503850182640572553930304974864048715517176870749657612042"
"2 33/100","0.361055774964475614629022842066152342897191926375696890921170583953459020645217529708256005614508172369455709040394470653842605980844900223064421435631828552331321752666442372944720084746957403308359827858311743722405975775729716622466976964617712790035462147532760935019974733908540606753"
"2 17/50","0.362056364555914720301516643510925373382695291891171810098162610438223646763085831307157987873884143831049110388728004175536717963865131197967351820662121265491963068502298101030616912726885767067712626180308619693620897291096336907913639061197463541106873491312006065159100665361292056393"
"2 7/20","0.362903316221070430218011150117828498917439361094473034560118482763265174089630060646809041720380690509310376857777168307322568151204112814994639157692138812500509049327268152340627709741894603668940004028553336351861303944016831979328824350058451539671085227140535669997263454370608252424"
"2 9/25","0.363598025288892599469618666623361134971030231650482124638098510206680570701142840163006708066987552120798868213262524483688916902384405718530159463559049264047194466895567234948371108569715665469488098681259874250645599084346894592585217877499254743764995124260943664812205106963120483271"
"2 37/100","0.36414193065171454241249904488943846843474387989639286915545440784662512468858197276699758827325526432054929305816197681905013884687120844213257721719864920539327328708100268456682673109717301041855805130489186683940973205902056982086820737643707131847135999767545360758094357017569369569"
"2 19/50","0.364536513741191221398273960748380594523171639593176768799087350049221308474245035006809444062236372475216557405788295915315112362715265222150846600632601388096027706182850695668443524217502710467812810586824946161681837790289988097577103524759396649731584996085025122633559863491421278987"
"2 39/100","0.364783297478288448697616843496582957821274139921344922709220400948150936291703852611023252337977959988817326536922154470736167818985641082273800933801541115948135259671074277411892503237583091885363882281954842982298557900970609260454240438750588993235809950367362628267112819215372509644"
"2 2/5","0.36488384519820837838168615864763022571021530084481055916664839944631371941336187913681532549611781063703541054280071037591643487452618372034525974692029562941316436647432511326851740240181029725940781838889015469588787303897966186119124140060324247407558597369069484913512422369635519527"
"2 41/100","0.364839759551247966228882191644275255962859306876212719187984493019694072648617239579891930620531679874519887177345893520631694932167972771136989634600472131270587802311040741088835681317025348139785125992907670461599978852953548620803296431211624192438224650310254567648404039746355147271"
"2 21/50","0.364652681380690833729849657069558079623866078209972293160362770751661648528545472987370905325025384720427662394613039132089056003946907010620798598126911043166488672514951841289305820839405294116601499105208918891811239531368440053913411779039684205626446119163120221361099826893397996597"
"2 43/100","0.364324288578929003986427049005019915957225358798853588819632337074508717912557693131284862392028958170137534662683340124769953910543879601189247164452654748418328958672254554597839639329562515389984793851112809247357731332822413488008124871893500259603963771507958390712803254879321982205"
"2 11/25","0.363856294923099222036480602090783225898215191985718264976458503030109593864959579042007992520177025414404685655779161237215809556603319315646106632881195070135118176523571664409787705544868646923716548109497399486710530189368064316942482940636103806402831421833848951040395014169108840725"
"2 9/20","0.36325044889159899319084229822186021658760615711197357247634305352823889147264961826357814720470749568910766938317463845990736116711980315967949399168000755817579658361964244390564935683017550591282375941890114203676613885688163153077794817904522601091109573089754406130586615119428807848"
"2 23/50","0.362508532462920058908702807351537238907603968083929597581083241461203678812183535625407367345362940662979205573716867203093710601246074679795157213071176459061339367766007464518234918522770446336112538459078707482546228434098992303379908987092259505289163854952255199692996933291442955875"
"2 47/100","0.361632359898301795240851115190154945263766431299964766404583463647477057531370893453761704721415521885035831843022177121615836528512533946981065732827858642798375541673664956656633678948257021364798186225586235339322403967504821896277006874675534362878254184300964516278301917506643917143"
"2 12/25","0.360623776509764005213124436967836135329164817742543318294837305566200956505021052009422236521589652036772677444471358269157108572450888449311421864717201262080139296856698010932149302151810742793853435940932512432043027990297335398335616452596273150494445415936640715590687229072058503157"
"2 49/100","0.359484657415127851763368464945997020671492769691599373059487444250862000311489598590499309557558653433992106966653858399078653265235443401783490696761975879861377141070228204330141377543323820348701267875509555434765219491382325904836889944754858095483721621768418440402079153260762889342"
"2 1/2","0.358216906281675336734397753686037695602616023512447268281003390658426650665175648166460825390511646679768050570172935627257073279652864683591511043890555826224945335943940140080099532410653210804720704559212476773388787592321259033929989248831240384637395574898810670058625777075066807038"
"2 51/100","0.356822454060131895082379500010736807298581445099568369374942134229495580114080501399336601463228327796128733395800729600978458773597421026622821439321190327686564536395827739715667923600897656873342348972994342401945108818954067108528566769175434205322672876120741265410046180722009805193"
"2 13/25","0.35530325771068348884840775710480040953964010831168652176040727042921060282980289037657512889288718615197150763026278238720757165491356982912739245861745788957318430689532589056284492547169754413007320717101356551160500790219538796312251927404778963984339442082138872124259247863958668185"
"2 53/100","0.353661298922759224671681338930032390829344351150571708104487667745672816597793206450268185502738284919446732767835250365592693220482474002163283487796271764714126142304616806028585060417735141812308114692261691413805488838036638400943963696422362707162811803573627705262485412150002198162"
"2 27/50","0.351898582830323178113382248723416273985961855782393326379867587390471719691695219834362692489319332987101460973555885746038712191393340262770451540253415891973443093426970892278952698187602357250862470864847177996881375358422606596357227646334244898938764132201558299070495928958073378475"
"2 11/20","0.350017136724425007579365820015535018816628048969279778961553294813623889408713553848893297254241806697893795358854211380617750648614712424501881355666803607265329196740308369492352011110264674950413569471283556887521363722299891918838022736017114883851560671815908185526671353336381324942"
"2 14/25","0.34801900876475832225084777025182969471953145243122947244072736760752422509309858622442239272872899358025717664881515105943535802792874571315854327660382121923789253279276398010135380439373981106031245833835347299330292457316495227287720828648145822831869914114983874901846630328082453452"
"2 57/100","0.345906266691968895427641775074444012303432314973296506360162612524007824643875471199309342514038986896807528329960498614815407346376581141573626762775412513461028056831594495030024455339649965186519753410743152266335118189736825225195211225299530821487364207243424277379271970134871904751"
"2 29/50","0.34368099654244197038757619555533657493135752917485643409661282224588742079686100295218530921054904604216232288963642683614819415252568786539229004941001695472681547607542029536673125120055410524841563508833078625942299568450315598950771079268415990503736912557695931936261318451978203399"
"2 59/100","0.341345301367279392507550539999746893352277991292562565049675032086247851526747926675071882194350082923089889288274538340526505062884969802762512067485547535358510780763860153793323004643861315387086054159725958500301588925340922470790783999150988314275440775278094432901032838891016619903"
"2 3/5","0.338901299957153439000615347832208158960614332390833315790737290262087857579810280006574441211222188968945648555958217923901121588911883362208157083195785240753715231663233403467769603684100191301955980034742992758585072415449028081340637353655039794409534492577026234235696219874257089823"
"2 61/100","0.336351125574695342939007213259169439924032921074442667502066536389264055984954607284760106308200765753762153501544873045172156974665134109165692037378259187184080505437011063619120521547093630160066722873067665684993161565234324910195366098524961708791221769812801785627138626092481450641"
"2 31/50","0.333696924696042973727495438381808098147779066259093316628422060287336938518349423030999857022297380594541607287863782591091141554724858555454435277699071614497442360343674276867765003890439070012184092676741827378235989298975964204287938317910537168071362708520419670637299805207153187473"
"2 63/100","0.33094085576313430921104465183738945756964779128995112364980310832981110845521700890132748713774582551318031156686979282857684452431505645097073777935209136117691453291208665481520546279964350351752380753268066132321021456844764767812021033817110309193540661023237080230997006345620143055"
"2 16/25","0.32808508794829159667134555755494791912727007526101088383491342466415502796676136160049133632104660439018491478957686217750507802637733852664374676154048464689785910047306354640115799497939679221973454857487324733651454339516540385738453795822540800921788830000210878771109407954386053091"
"2 13/20","0.325131799932595846307086970907208845268980150272643007044912787423069956666329679540568252324250577969291199777447341623720359565118563299775387654488095121930536204085183534285198497496953097969862791183499450403365303326431182733540008497725297688956295983760156412888846628935708048861"
"2 33/50","0.322083178699502940088314954869396030066648872703172282191482122774652406933335795840554804165676637476971783175736411776571178809552211334017414787061972184670722878220150575246301666738076417179672271413136757059314279275047626220324123597338118425036699455709343566134113393322172404641"
"2 67/100","0.318941418345101593368941661327602088307977004027023670313534228130342262629747857020786971105329200241170371157174645553147791716603502666427674425034754585464696572213791585080050365523097782830881615084785779234203964519133112424411318165412012191613463620765061113711800902108044133575"
"2 17/25","0.315708718906360112611452178877620784687882549039772237545309429404709127758758862796265098171175437950676216722558058641282417070163789817109334278283114232756999171316715945114104913991891010357258735941601261478996263448823224886017178213206073650513879865449686042758293018760043158362"
"2 69/100","0.312387285208653801280597456705983170196151944740283944039748062220426916039159071270857262560141527547628384520586568041395694829153961158987963083965046778497094334138221569556888513695121782583034962417811455769805241298139478986189240318905635960313668147751821435837769368924280610212"
"2 7/10","0.308979325733808445138835195697439666803108712981677554341248153972091884880100754758523348540625388395465158466952994327242151874374981911447641330022559558299139217814498433105789021440304658398179501227064633636352483192611700376868763258573293111591166360535272032002764253288335721864"
"2 71/100","0.305487051509838044232659879155310918247875589306185084282968090001451172017002635072672281430613188791541717956365985450897180029751378025052716459923994139790960253885925125055172866515662926654830472533205129199058703501713948340718593650519509685026951977862522790148520131043307680349"
"2 18/25","0.301912675023497359869246892434884712833502264557060828921117935858861640361183770580282849523560903887028725230991373855367747555573069000326195421791256450940151851061816445343893923544622501106396327414441352584143099588189148352928002947605451057435445490669957809915636067312707786718"
"2 73/100","0.298258409156712444574402213439946012880402846212194955911089807949172062073423847231951103230793882798446914165966979702536824170440688111985048582159552197760150828929900424051339657580748747459086086009093257738906252842705205959817864850924521625899303949338124229158130568108663496107"
"2 37/50","0.294526466147895685962962102379881945917901409271129651686038311849044773975514897638344399583541429083874245952462888358298877292994868618564354207369734123759194087736083940229694551346973797819936338048036638921624969926721240199698159788312454493549314867696532952516000396630882177225"
"2 3/4","0.290719056579096623694255184718332414602719793338998566086153944877858874319639069396967494153678472338322098083852891053380410658841999811679330490936890824734585941088777062407237416636352650206067510337753724475958567558154784343928715281333947887550666143959269490664137007256283077191"
"2 19/25","0.28683838838988654019633157121605539143416803434600618050716306018300305753449268942823418579202370321798642774342438712703790648357739138183403742737428775935072757263848900442374300215733204791839668703294202257653809688751843919865446324653212620319606047275585950303093799780709996398"
"2 77/100","0.282886665918824285129431678655085004851559276205073088545470983703501712405298003129202734590955334620486196064769911601198715608381170295024830194918585874579627169821656670855243743826437635254559447378182768732203711093290335907629671263217768946126389040626352375477843794851198146054"
"2 39/50","0.278866088973303744992275502290196882923293300556738546387627377500153798295747980665777102444432686405617164248308534329225595143464070971585043141579095039757896701680870915524176940556309296694829664753743321092473523514956894148372065449164378715068274785821427492178575317566924359287"
"2 79/100","0.274778851928540673769316768785166633456117600727891476660830125423505480161388001159449764293848236309951481548204927208499822126326304495949257390470484512928118318073806480167844986016471250450985701890948305065475330071067366270702379517102241370497498208191669563804521821883884652329"
"2 4/5","0.270627142856419226388783114058311125530602157981805856768606471770709765762141097416909581279559539575690246655282309761643555469412365445222874527263334032412406295645579691905350894610772344365789685824749618626570448829845503396194491501344542624230308036253128350474801485879712311202"
"2 81/100","0.266413142684887585808770592534974125996588276482634909137893689731953010484402063459047832294528678412186584611025395651474004793057923929403431182741264103163379898742986820161886955175972727779632536916195226275275391340292170773670522259031748484670187759660551966194432523302185437064"
"2 41/50","0.262139024388568814707605232938061495499692635101306083619431960704303538727542138782568928212264087439594750941006658875706130153805232536122292023761071243643461808288551941942293256270490584409025573909910625443182942880274610549148461797863744281389731526097830274357775434150354543528"
"2 83/100","0.257806952211238969054435629213236253766645371873208642056407326730053632897791616906942754193967531313244271849911026253481993464704153836769030248037949142560915958272541784243584336144983747863496542954590401611955014232393776004412730904001507473070871839275569908163686179776207048702"
"2 21/25","0.253419080920821316895233774775387621960444299717281373554852329374362775993062988506405336268169947313689203426081678845954315308036168829624400324678319102663118807227981809449588342970920155583587802389052488756735447473755572544903844264773360575486089755160445616614012496870674125331"
"2 17/20","0.248977555097555268654846563755590171267434773194939929707098990768087650204157505417039641614450890691598355313894797233225822407523734100351763168749148816699496510804901740561666643006548302127625903583900095577911250388343794332275888585916440973427175487093090434609573442903670296091"
"2 43/50","0.24448450845602380797136856421841642660002473784338926929763962143574820289668726408024790679690928969414997376614423552631050695701617701042874584162288800097750557340706033829874080015794216925652504156011970880847001462597107536541155172151658819473118004141061074081578566060849969512"
"2 87/100","0.239942063201766787448128950509640671268930044814234537629821355842461808842580456931565108396018276712455705661203916865735181304496206954704177505501307953297928582054639100251671240763192373275856376117267353056272302508464996805823053955635145199490434222857452613648625687795182081157"
"2 22/25","0.23535232942327303778520059455750463925126445755864672831602313864454033395903782491296982400876037430801440385060751002412218091433571647352184417145574322557481405230796317939360662164053992287097629881353421841947100822567263620381213026354101162519418707088986197893522813047022057114"
"2 89/100","0.23071740452023626121525195940732678607701513450323509491994645378133186032134538046758462614159489455008355636376718952409575478083266112623703727142871549116948320832641438600321534908952055441013481655058755228008099690252645113142650178483572330098850309365441904764849803839283766199"
"2 9/10","0.22603937266908360369140535479977575773521529453670345450309696496519021350037721456428014571597941023195306127002515760037263904701826162693558713851895819822646008949458472012970162884047259066397055823096663471756611316226513699212818633703645139361606332135737525037758273870694901729"
"2 91/100","0.22132030432694840420307030015308269495614667760769035038781957150112192045435750446559026640099592258953095373079903835818154007222617481918467886015677529071910099193030968664479091979915328546017777267451569840709735890952546293282710759615956859210686747394893678049679444803669405961"
"2 23/25","0.21656225577546836867117475763158102856882620076635291047267256091156599901445427314301819785279824509966733315589103544876091841433243872987026246482688247000139683829348274074647701945984365504432916615344349060603532925720087310002117975227320993155212432465789831242231068649609416006"
"2 93/100","0.21176726870605794209022831600755948322929748674685939331119899660673525039708120583607355040607953827486338799264214957910722233700170324925052807245876644204525646570757531647503595039380168565166328115775535063919414072569917533047021637819462690505991290486610127755624350486598130016"
"2 47/50","0.20693736984864238843881263023363244528980523285545019144038718575198630569702551969584825432456065684913371698167280493764825261870878384493267037015011014915535750992298013404047642918211464891881941715168869591256415027856749704421552740624277025004545529396961604275832144831248042144"
"2 19/20","0.20207457064626810350273264314470720843506342001235623578962167736215238558731310421783130937388232059769568258551471350716832670108656820182967363393320569159200505769663351028616020789542998858454646137662074233539789425494527720998639383976553447573881988201679425086148813259662636455"
"2 24/25","0.19718086697854080237739418090687977000549713007347861839217762026281487040776019985232577553446197027558508602212444093438143669428693379998110576980784102525961828029171585588343389010119392184503808747067022943398740741894189609124813519073160425673479878722459920027648998242211657103"
"2 97/100","0.19225823893751850394911857308199494738569520344404116564132512683471864712610627265467146153660092411895126104293044972014284882683256772851273104036348402251431291078974136866623655267819781094897752092141970324017677932004110882353370242345715138705394946353905117448273364666586101559"
"2 49/50","0.18730865066053599256190027685478151514387146532477826963698789808694551700642923335205530427618529543910775796715397591000914950178507821486024111070884192435321989778574191193655357364707643215895945488372601828415386302689060434053411079321882307692123691787737358163369105060177451067"
"2 99/100","0.18233405022550896287678506795054253998257849149573503436831109938226409837008279064653248071614081490642352357241960279408017680291948130456382779517396497062145953682161603953578855952851303931462601345980949659913420209337068940937285442675927531448759962405293676651214601397629789142"
"3","0.17733636961562134310176462736131635053911993794719851198084581712615186183335064425064842248884438613020188426532648683012300471314678557051507344901795082048844852403328097001611054918568691187651160439345913467147038860485691254629883526448715820581817276780975133080097668291813309775"
"3 1/100","0.17231752476202018142389652636550040495136865755127243779594799960678374862457265724933757397430362575307476944910331071085831203148268021563120948872079185897480424555027150057615208968506970995050234868673226288767795930601820429126026407051097964035759079852193637594368398895681224427"
"3 1/50","0.16727941567533778497448773148397285167739998093060621743653411077358339901269326450528785875447016034486102733342823809998853900302110309198543241628841831712528236128777516187590075469005192508026170778442584933137507980779255053018017771808122968603145631360730200761481718602493963582"
"3 3/100","0.16222392667967630914370243593821646653203804877020580667280349032848018321731750046273662202885010266960916889856832687304357645897006949740179031127044551015425722205993036915807451266779521076495097829807218608720134756436099589702028143747921802178488041963046030038806912169567903645"
"3 1/25","0.157152926766322605430265143288629556716586581613222071220553717382337938383607043252446203748795349374009853166987598581753718584838548251899045299694076349365729976376260652069607048359517726274104424044938579710724407754323894524070025261425110322601698484233151889271864147767178014"
"3 1/20","0.15206827008917902743909911245151243348837382465269341721044188384476307072622497290994265307654709004280641543426106457636393322966774174412061241784948548230470143158092513907624882205817638154654569206033084335767569978614949991621653613896553403159314994705672508004891559034253491819"
"3 3/50","0.14697179663006760876026575036847887405068886258730847956152958850469175195675787504742417064222419191180746178634164260706294222002074723462260806171991375878090963162778954834365462860597524045121978517138303040660956942769466353399346301068600251816730443623125222324306496064880010752"
"3 7/100","0.14186533307020183875504289365058062431372119552895558491884947169484106826610593257335413816559351158582092976305445087830523953800586562832383923682780438070365382178736164086915675994983854836960506175847555367009707135089095031903160795653339906957878057336994482668053148052057452074"
"3 2/25","0.13675069391493861545370360214172137633471996687048107679857520712697607256391076916142612746539208421051332511575806498366072877005167289310278027378318608316967438495116425849741640866390435189456196529312650717557008378873283689451342201504772562748587495100126221636795401268866876885"
"3 9/100","0.13162968293343755793619493753931092661472521213513006132190287565199101952400908467584391469960082220220723924529175220007481541746156043130595006610601237288588900120622814660588984945990837589041920601575917275569083040830178452825625989893306697798444016317138611325917100962560087035"
"3 1/10","0.12650409499451929021435377022635224536480473284172446685076594399750270628040962556013248683276571023962536321108087080489746292720891027437177069836177433719798632596094333283195840380537771139880407267215823852340383238143754241194080458275784588994162010907842337231732172669965306097"
"3 11/100","0.12137571840693624068643273818847753475619498911312745694407622189713711625141050355732058563792722358824131643537484623086876037764381728696311202231616680586161131017428327016306609101760282799123696426046512842929382757160461231102528293103154107943692181173012852869968193980488677768"
"3 3/25","0.11624633790954498300033525047578365418978232545517104568729012632241459798443802248357970704071992960682698464482956214499433088921121624608019742982980876811094123932806302960726182263633791103411796163235961792602348735715521938330709088355513031363111972334108085866424126919723137805"
"3 13/100","0.11111773850910983406795405767537612695248259913663637830709686934870729212827957627065087552399749439051368301925145225386479441918682820249591597489794308801706999873807360971771915852130112513547282534817417619825957149963215460657767878677871572573791852265325180266107673477742513666"
"3 7/50","0.10599171043764610523402556014925496168821090263486966171929037782427116298637084413958345419213331465047315940905484067068942123113528540116991066735277545833372000627747707030060092593239912108072506770039532605050215650321798484775794941917001761334812027003495298484261270263783792623"
"3 3/20","0.10087005560804229875051966538399299258398875615349223503982327172871789318062289011326258783150716071470461592710982250623639257633001257353811677574614648331323656468857245116403041783200922880546336718643553699772952938126194707870847272896191892830730432501356624645576524903540095243"
"3 4/25","0.09575459610293649712450129784944200563664244117391148616397049358265254702681777355638157552356055558564660755061507173670844388065618017436551261725810521139381035502668926212421596324931471055486162841981277735848090726887148482679311236394887070625893284421138160347864701923121805147"
"3 17/100","0.09064718546415807968309806224478887661792847064135391663647922698693964558672048660867217945783724524048550014699585632762346250011464615203054216292900834245832012394135596320449308375119386567763209277779628859381102366835729975825405974565818762050060736026903312353936599846007499048"
"3 9/50","0.08554972390190280077879771658726142172941451924667043052639301179570018650833429113271235340454572682154316849135710063069437399759693673138462917517684701869259012861952908454557547890630622993576240478853224237253660227984711562812593563143387480722056147499499436732027014913648292591"
"3 19/100","0.08046417908641875810177518436864131407541915751306583812550211265253600482987359614598705405965640684390866625475468228773143540544415326687363051668653941654679539892687434313528565916434061210289580274621707514783365435095234229411405658435324548142136443960707178121716301897149636217"
"3 1/5","0.07539261504349558221142631747094989258771849051234460853212801135175961346056620978094290875058647921499766044803865888036139181544274821215669176205616760252807800077707218596622954662674643961493158720685786282214801082729950733360071651644132682949496004778777552226648156828883877364"
"3 21/100","0.07033723306420739872015875583621975933262101781789427412140526884212804642147606626748684031909924707691144596567029844530438768953524867885025516474862941716651079518866670767250090510217155562987669493606220292563909148118810662374407842941351947076005815687665264190126248076968869206"
"3 11/50","0.06530043084858142110990511184178503316202592496722879698090663271808728370573032900731504448830975373009157929612343737468807936791809509793161879271960105645522125699367585954266174214755239170159743323774093443269543355285363089648210385796456802736784010860379975858493166623933790145"
"3 23/100","0.06028489005885606710215477875046018959259006291800747432887247082121673906513572001434723499855071745118596502171705033362097613046842570130136578512996200780765994200783722480231718274267310783613665281248964728883494513489276197625657652585678860384607390140423947171524817430822650577"
"3 6/25","0.05529370946821970011616740864570891221726490545893792185893981476168953941884173706940185273539342304042558651409251684073326881446126412624620960366084880315291051340484995179104574086630895930073420020406093005319997415015169273092995226944844586426230579535452920182944360357918415922"
"3 1/4","0.05033061379741420371786117649429096490655037591443052824469505812257291568179509774687180117455916776394359306611506892743336096945914705928094739482397697768005288311337200214896229661096238350397770366421728332679247289071713456676680995683831537072456344032175202527315517462985910987"
"3 13/50","0.04540029314971921443784954211908791355893514745859039234557658622102355491822149427559847009057240690485656879509060623365840509596072011249104677011272561173323011027888366372037008566250231238686380040787117056760883532366808204331884548213514198445305723154635830256443413799516517122"
"3 27/100","0.04050897811469016453106636942780723966092304904458204187389108507250352773177523367462945615935298134865351762999366978419438028808571288015407948719366959458173260718961659501741494536120822106716014996867853870311916241426280329265018142029592082673226886003510341432015688525954558323"
"3 7/25","0.03566546297440014094465322434009902108450990180847437145017590975043034331794242726945196828297624878039309420120070362205057298627081387129853038116707521653107109983469824705740526221795344109705271653953650548282998718955530744152314198093086995958977205067063651263934692526816390571"
"3 29/100","0.0308830350039925117858383421759422745777290176319288606559179682815233177394539071500866055806532467302421945129639290727936716817374954307673879426295668964658324013026392518432138963471484247488737704552418248888837926805890368742598922329209641946804814968246203398038333847660286322"
"3 3/10","0.02618337407190617442847517144307545635448000857349885551458257160710680177147031700122810015140898277662196911992970429739988676072952499943378075376712393886654504626760441373745218207974552081714447490398823426959764484147431027727091530187813532246947800654341130439364174681347471741"
"3 31/100","0.02160511756214479464035707090932343920008315401188293450557405720647580371834159331937216789832586523188308076131526701875419462464994029310823864883731883185784816725736923846888438838312710787854848215773769777347941161334891578309341950046319599483933161254920408851501081322468247941"
"3 8/25","0.01722457513900763547385812022504018860138413860317903688811254300606263638872051462183858606518950566830338477303561183804226013456744443135656949526645937412174437366141953948461065504076340629825608898186329965428083831494094206234008683931398980619452297744780173878150318708280650469"
"3 33/100","0.01321087990338404062062093129502987119455359227474278749457057338285637388568647641048447885703857790972329204276566972277298923352963455858941982997283763636923873359243172663206019974383975307231833536809649995557414910575539722288364923466493845696008132428393634850585543712242695736"
"3 17/50","0.00997527210362625149523494206284470259993762884455326297230377634435019523868640489576673440854009516815968881633320279509589531205428589783304811909537821918179541770117922221951816246384854430445724638213201079082397078279255451680540693720177009844961223238773375093399122022282897202"
"3 7/20","0.00841319966552485723596918897613608560644233885570155445478800370183327537576342419249050349735320727298770223325176981679626464863397826959503449853678837994501074955857703555851842057251179220745493336266579085651617004289182045890361111480802985253105588103457058924835562122026729879"
"3 9/25","0.00935283120778065647024514798286867394006659261488731252110987127338279780407047736970410363402498401028195654892509268075275154172890048164609032014055690900711655958777045048237089806585683200018363922544953110037744826782874072124199816192678122944978661861386157531304735970931341621"
"3 37/100","0.01219300888263842724540224609285004361161388448504446622101684346633761880905343034675106639100601745371994886736301737143660424072654165175060528854549953987050727286943712737107786525004310880668439106705971563328968117306645509070890348772304797279185283345281359230647374547006091466"
"3 19/50","0.01591888468387193705194520243012643841069048714190771209465732177717996697025615258732878459678919961540838856023555790554126762044252502183005341362183413811774287087416124418837189726511453815901018175686707652902561863284136800277854076511889479194487485484037916924459324649134042811"
"3 39/100","0.02001780284085978085713718399540258763965415248646643710477426347058120050287286090718444837554442433828025047963159389562230432673338103701708888868608790739597174157166440124217128069945511761553614449770192394345626628677637923067137727114987500873802474486500935363720577448672613398"
"3 2/5","0.02428073919031222982086195978782170329480782831199772528991121337298513310858554802354810190616689403342132251326906671623235970707999892527163249746587901609970222626587923396491184079439217614902006891356967768617163147011008565957658870701793383380459998541388142599238631789941598341"
"3 41/100","0.0286161825119072479791369741597623342091318550423043821866855048408992897711766865263327167143259369197178703325686207552389481806201032059992247298098980923298488483653527874632807860082709119654969875258831521075897227001857302204521461610360913894995850620421906046948833426650479254"
"3 21/50","0.03297919922390128371527793756900776734717656542434346105655422817578615000287688604256512891242217884925636252571779291450072417763322410480408808602938714518439575356558444831575295275349697361728647147086408628331591684704068432528886283908729078872617500839844846613274496567826753164"
"3 43/100","0.03734531143860020411061745190814540132508181560353611806308885804184488143973275724380368350449250906919661185460523339202520707660252267125933914063177034596475642234823964411076371419228050207627012898327470790544642531552252954671502924502942919849311291134816138474162255523085802903"
"3 11/25","0.04169996740364896384162910451824066192612813287062779589020158033716102812277433222826771724122784136408450457328009074430851645169672148256886170000274598518451793608665147891865004206319760650957838489405639564903636608393606664212381896753770799573639377176606607087615819338661548248"
"3 9/20","0.04603385529911262263172352203963407944933426937037189092690464831471160298770296567356204446624852025083167166962237082200384546216855762017029181700159646566259138747791618471580977153593785601283711282085480477372320296612666020023721602565414727566230935636703290537598648943911233093"
"3 23/50","0.05034062864740832427888838065421069737130941714614823266212436720648703911798925291136333485690484913517231958241802022668574398628698929568027443387776702374105097912709374715457870739187037715517733957323147406960606883853385095403735089321981889928474539199781459676131811831860551353"
"3 47/100","0.05461571898567424731322584393650768130176732818940133284473534682656126954846109657490536310421508789641986238066352959810249819854258518560032772418587773209754502494302080880733291832172517858782151914390464396399123534357835480554218722359349849399651988676469064674325799306176807214"
"3 12/25","0.05885567730609279463173252956586267013054901550817765148681013781098316044057020700108745250066669636342228637610372795749866758785198097556223784260073432145755604692507053218809784321825052375031608944709222463660337138150162796841498081209502928138651923414672767125439023673280551705"
"3 49/100","0.06305778968089883679602301710353955353328111195757103909051670006489902543171446712412096168470941320013601612984393678559893529814054122178967363711715791632089075382681693126547371355860816456108927902551011192414844881005392347621750958526801257744945360253765609878733577940436349831"
"3 1/2","0.06721984300991004864504683297014025634554220069254767574505731255659533888839475574102430866072959543223533129385193804841316992267460491615654997138674683766538078484540680103809504630062868506141878720833440448859417438651763916984477435179882618481246924945422904840342648883397256407"
"3 51/100","0.07133997687456183948292134730814631990173932705740086608971315297237493890188513449763886810200416789954563868611659890892049352490312228789608901908493235100080875801726450297885222424940015432327712105224137846724373571546802207287882030692882633673572172847203045981108497631164261921"
"3 13/25","0.0754165867991729043692957667508695723583797502329912907484043465339211938294408176449531904829233754271833866084915242952246123729458131959524535534128535843697368420501042801034489024023307713273102742509538155915761119476662303288214394023864798687199932896477991929393589953980921152"
"3 53/100","0.07944825929086130988168285907069026476310456238756137445624120600940067763929106360306655122717837062972569959629137495115364045102552628956662277169857524818041023230833513360321623610396614485514314984576057094093946921234877425535293750706555218396436328445551745796383276981740028605"
"3 27/50","0.08343372713290654053413701769570422383425628137350643977380126285030572756426361816991984730860030618141910704609364290933948977042823434422338382465055335649817717122725738609599159589770113629130170161280141738033857001473434040467770408305557413830288932296704254495421458683426976222"
"3 11/20","0.08737183793869296880690089681849651668021567125090196369523826571561306982761977797827376154308426004399923547095281030731678249549534295068123442411152101859983805188826447037604223630225125479552034105818284893995264414928485215959457749329720419805635043054163473882572990327149148087"
"3 14/25","0.0912615315982198706592777222198206861007561583051840947345427769951981518944216471591339440136960450476300012460762549240964687369452244667523381728148938043897491604949857772955680914751431842495570607107938247931907371947788678605001833468007991036062764640736810460523767363957083447"
"3 57/100","0.09510182381711160361641323159704351696824852929578021699077784638178677722851521895638404110436709845726082447066352931550916176028049303581401638098381528254304452754846252772149524810310994904444409300046699229381455787955795370765366806117418643987630977216380803760638987395632434698"
"3 29/50","0.09889179391096419716354524325710301702044401123986872967269702720733860468493795773112874280294325065044193516369191701542223101781097356729711386981013722319751004250543256723809128763938586814244562600121184760471353460724204005560431098132076074461001587911499443904103080594262368538"
"3 59/100","0.10263057562410332572116494340478217121660606134615518383290013665585296430814968258627888775203671702971128814254856647289417527954547374045884456839801503790465022916489730270242777628096592437370910150377549535675386023845047464513991028586325151120956677002034801688995871556887370559"
"3 3/5","0.10631735013219711813798339154602125134342859016824993418778293502050798004246440059627277496320054394898377958722638375055411700917308274930705406411526293609252794416001552892696108377285727854521036724122717248700154561217902814039203570954888393206067120870988828601185108451094096226"
"3 61/100","0.10995134064471962560631574081154548427363189000611716210979371751468423705462678395120736949099321094534101222007806089150857540357798228563459808330606242717726172866833119858368413642577468655573306367531659837029360179937170260381378945484275167061088610028368214177935836556155206721"
"3 31/50","0.11353180819503786041751359696323923639011647493258278732322214473415140505312689773285661293403515284454555237863228352979067256276345708497593701122005329815894220115402947559600758676434466220096655283894910115125531196202606761838198780744916228998673082678261471820200717259270422774"
"3 63/100","0.11705804832288785687891372435885285248347523357937860304552229241869203128696497678800439716733368171661472033083423544095312337149687450743209441899281275834222983268993452493919265760057697118017046332050069839127276558312579074944062114614920945349716749304293665777196974686983059779"
"3 16/25","0.12052938843494331981890157489243558769507831319059145018738122763201853384811832682894142812828327301983675821149950822527196381585938367042442173494382658058015927456413559352849281496261496681000361294028709175178475323929516763330650559472106564318636647303453850525395256212931747698"
"3 13/20","0.1239451856859895617465471493519569240122346063086975262537099577753393331779809350658606352199649674298701486391404309448533067504391391798918542804440464088733383576322922632532728187924238313572156896056226606684703857105760494219336176858961505801360747279447488796609205432913725846"
"3 33/50","0.12730482526362472601108293371086438340953379987147971178629871485266651121821120427071921768156131688087488495260188125328766275675040467594625515994025487366027967750979509145933079886215424051855176235772987143952348777687179106783551679167657684715071059691808144107542653851874121972"
"3 67/100","0.13060771898851219735335432291137539751435372696808075467367005406677167244874787155446707940992833476341842593919796271263435487954833037151630818498581223021857989074979913845381339380060175435862820436340637202576633459255287542408032368548383647753801884297182363993754375685179372081"
"3 17/25","0.13385330416340936585686423871385253805704911177386090627102550778367702765018755219836297018966706137680032148977788996115210235189692419657891052300660836712135673034474699363409168561155786412273146779649650491388646839525590689582184910860303446193184075820334389211478556795444340434"
"3 69/100","0.1370410426198101092955508833426894540029838782526333441919062958626929531421150575016538400567457777366098123522503707271731261455023649873221405805326044706729766737997975119226134650977872939534838685322882505516078449630257400537592941796393610745772016454126387671734123714844141502"
"3 7/10","0.14017041992265080574120442511343788313695899229237822490291091983861426297662307697627616533391530117256466352420832539016868596881020502434486216143088715831811953667350947818482700728556354500987104932283286407254898615798388648947828743615481973893081634622651045576999663198396154589"
"3 71/100","0.1432409447022486724279020506945182711556997301236346418278431401842676408675982869976107820235617977772310544756315241550914713335455657948258163617830845621837868711014798119774397464449157756772982750543350392510806746137660586833479869865151371407205868067077014903523789923369973298"
"3 18/25","0.14625214808924575976899152286128628071117748083388392435867037158531283396590978160704956824197330051655083225648097862352682730746700723464454644036595487323005042098025268413048010102442753415500690845973765068149910862997434083121106289351981444808583807126496900188872555916307997348"
"3 73/100","0.14920358323337654096456516316638829548780515567014671393792111875546749696611796055870532223015978381577225426059281395113239547743640495317022891395802290639416388509967888062489183712952953123952295252656131676680178051507540875353380759608830653895828200161543899096753001764843184021"
"3 37/50","0.15209482489076050446005091202860459726955352816460541799494548035333036733957574962983518320850110096717559405418433163852006587911872453157422602226320238542004608875854859257746032497858175165402609669307541686856895109206617118596555816036173263453804757611779053724893562330745028952"
"3 3/4","0.1549254690674330130693712364790929733331074674016898647632697400269775614324631800195871683908008904414494497590118296560146144363182838416936111541248518015567467162503940634744355748936987281992718193201527558272290797668822796108046026907129709190650572767457470320977897672491682621"
"3 19/25","0.15769513270918006899029653248401786820463177849316866867522715728065134855878393054520893147305335088791791150430610753932237411522310263356554464343159525381521774234859008350944960738518013896268619463146636163257529846105804444534794541694466807647048023966522378565764478531592087341"
"3 77/100","0.16040345342959227012293779116665859906234237839121870170652448860886210600450354033100583070590886223350003220994644282226823765398090045788375697410943365061190037140505931340769515895733098249012789229456004004391286833667649957621022238212257243244764086203201532172838583825552144672"
"3 39/50","0.16305008926971693180506153322661155334013153023310157974678554021997586873016542663781703083284203756558318782802367169953465800175592160013284363359124566950220095060595126887240654694406904492035609681924723414144349030056795828554966210682373100693885160513612459272787190687532967757"
"3 79/100","0.16563471848385273705348622838659629930742334850892687116393653708682083438656928197667686875885537313180512558168765465090374838275390968622700787744409132916121747268425562378211369017041639904994238902793511507067110166528561170961016201441393701615387254955793579260280682832686972705"
"3 4/5","0.16815703934696465019069935603868056631276983612379578334254968138862465113050955046772897133491782196878595046286397607723213656860408793167762500307808997308552589794704954231988486608530105646776760657680343686540608356245420373922107162243339362823010399152832527849539774550481077252"
"3 81/100","0.17061676997994865004570782434508425805685512084356330685952443503845653160380253655585791626436491618034755246808839906770503668040636116450946280419217480991335126539697788411486476860548510625978413448323293842092903811223533567833451443098567802689357936450260337162613508071827842177"
"3 41/50","0.17301364818958478731730731129047555499305776339034505375207065906745644897717058050663412291253006845715437851345860011677436613167350030681684367503034071422584049493536551874681694086509336969601711369318199348951867941085079838800955518953707880001275498881460448727010360265155331428"
"3 83/100","0.17534743132051297407978488145375113231827848472041464161010450489707949774233844504409525317515610618080764185239682015370760825770616875707744428657592164813765017792079049687807078559702470518382229147806756789032037371054502259789900608368444133016888473455146620084497829357160486046"
"3 21/25","0.17761789611697191188004579871152689771131452375384010133094275363942148432510328293688391328751174316453858863109454447536282355076300297076726983789523648959579768550438913179823954045046046264472145559349662215868930562743279485211440188426604134711447208734042930845868604916986724174"
"3 17/20","0.17982483859237571196707251439125852537124138968918151982581085379687037061178701992285805094709209490194017641309939553145028647633152928017859482008064560939683772939646975139641417433850570504795796903409449133729374402354901133283482294330979456255095974237098070504552495195035453766"
"3 43/50","0.18196807390507921806110657797454871997191530288355594260230203470727176779784644320668001026866452837968339572035991963948137357953361969229337454088621993621564131110210635193725912520865057121501458961063272509782291107453348877881411910855584556332914631856985832529258641287909830232"
"3 87/100","0.18404743623891297378989997263529792843892393072916461089676065994746164678028880319260133555962692426156603611338367011337443140397828647859172308506326813474284255651721917743633477084083467546796299799850425305399755326025514884284909563568774743713976828699993306704461221656174334629"
"3 22/25","0.18606277868726102946477140259376767190273672027937746139823294651610696688201985796880868700360939231441155604227512155663726621051301436068437485475803525825339593828056031930406516561087284548439618824221300111865490932613602868797093800836293546592081271896589124156242746267634514879"
"3 89/100","0.18801397313961639744735902145040097240113574073290907656279705518672960611720493399381212311960967887541557222449884015489068964947379783817527244219333721712007725313206103728201797768685871330116004258099854110808479328271797008674678618512510870167435177707076649263556508434782417453"
"3 9/10","0.18990091016968557143130543740396609371775506398863729388245053713255465794786483860308400053913379573546983538730634945416544802236162037785612026129782515039432943000097794481709257517867949746946650760129369762233397433132043313016062396610783148311279592635812823614112196571026898856"
"3 91/100","0.19172349892422964221205506672316921534987134782227912322512779839702002407942056063026485900758775598585592057892333726756549715520686646014742368800274672470477392897678392562280688672314945796479378093098988321564458790007241243668438061720658107194983775281143675502342716100176320153"
"3 23/25","0.1934816670119288140668860680953672481642304459506328198833086868941969930981862936206719953632126215723340390463597676926341591633279539766113956178116698649613899732433941198556993235024411662068752913378404327995484737243441620399588224694084435459539082721397404788186992077528249026"
"3 93/100","0.19517536039164249933408031291667816228261233054401657117701083923016424455033660776704629888285535632467736311246500591605897113464683711797796082035964226172689341481113726047642624096338182351392479059690002139483166414341768748989781288028534429992026775311869124849352697183948953326"
"3 47/50","0.19680454325951103750789780157852220714080490530984002605364477624315222684549626470150117000129817079159370567850772466291112857839842930239371743359415446838277922627487251226586868319530791252380478550742148685360859621151302514354497875692243378054777496017226867363474764968988299031"
"3 19/20","0.19836919793440939891279116586421245126985674044544854411891526110886837083113685384365638101021353852956700947481700345239639893265460349841545427711451733355590295590029397751123213203397251195962961899231900545846295798242072591084971385032498125231436010410170393973410965797909603722"
"3 24/25","0.19986932474131958510503366745618097088537743450254143304027181352669883834258805943815945815777643358573449796492572209079532512046394858751867825681273794198394955792045818624769408779111027317151736377917946525213695226631245936827769119695455478481306001733872814591142905255188082923"
"3 97/100","0.20130494189223813436354546389664711766761949018262665328526641393997487579526370379262679413788257786798158266853683275737764914000840594300474221432884775878272852300152029347239945809497610045202833179159575786023527079762845074898079165438742999252651312250725349049251645620889462332"
"3 49/50","0.20267608536427925395961948671077060719675666293872225668376223277241625291623076923081667147595700617790258596750158332096492776464612937333275297563698646698207230143732026885177103694980180587702238448668743027064915134376558289196561244607946146820134268865005249639246585794019711951"
"3 99/100","0.203982808774673515151250291259511085219149624481994062440958700827953950209848232347421406839661015807956571252050496558976059311853960173859860777236549626937599018151067369108924608729252902859740862670850537797113046336643107436589779856910481571610846315300340261218619381090840148179"
"4","0.205225183252397491604424308271556635272793484073429864161661393911168934033269182357501542528028866668409803927008974188890142496339041653888927139741328431500176091724306613075811008099139159867359378633508750089539797572769461009017946465683333559644505979521670989784744013357758129177"
