"-4","0.229806991875318566624450594675834163910928801429384155110004884045161291016467562219963778732732200321137910442316050566143902265819892947858904067000847443482759684662351604043784092773757776814641640712388015437307953253207885971205692569825262485698786170302811866126018210181447004108"
"-399/100","0.2300873764791899406418971367897229372036582530692168597298147724882138836321925724550130919714729975099583661808667014614102457932823918540255630438151467173136564664919102609623281366288613220519446798073120685372018143525410851108398632121079797031562222819391160116323603796617360380059"
"-199/50","0.23029527601278689538067820585335544763594570685849212490169292201845008916632282094521696203438772151111328671034318527489964022156052071426725785416101211346715250305148632516948609791460419619757814973621473119179830861299647796061500039902452002107192508691669246103097877539171270515"
"-397/100","0.2304301431689586173729146526628877565704497890225192614062362764310557462640742512098936227513989445407217922104851368417591609837421716621100107964857585206615333297606796567788482792097562358013529233498668761388179060742189366241742528151300210041862425219056513498068058418054107841296"
"-99/25","0.2304914507940571802501625593294917428855450708581176304982075752516087942897497497685018466651656634417949867258202360162691639540410435324951869032498107487052352398940975845404468804475925300303658056945174467247038038111856145127381232962883398433469627627608021990101173917386631517582"
"-79/20","0.2304786922265092999327131409666075931433084119158616878592467450304237181869714526587217544001586977323215897798413097062581825822602555033829796375188706185556439489454058186373100367844308770861923510876427460821815724207609059199933459165209105841510098911943250414169856343760819689878"
"-197/50","0.2303913816292689673443438597053566815690740835866328482730583299119755891916321365089224634372137887769988601354768177180780620964299972476781555448986385774522650730914905679000110783443476887882991816568775969824903778626030224043745203631510145932326432996764439143634167900474467087428"
"-393/100","0.2302290543159515520909347546962448607103039164703639375175860568176063044664415718557456182044368864554700149059379013234549979862415813482396214473409110408243515271980283382412694640886202281864468546713037993941620613365695767028196190305445968274100186048179192381816146023495542751439"
"-98/25","0.2299912670704737158154398584693601400024128889075000304517661120849428249152321197538031137063592483341241444799935017987465822840962582933754591829065464924829713965755342585932428371324291795860385694763144060704483617474874979722482986002436302269145996578900239469585572819111482858472"
"-391/100","0.2296775984600485446179162016772404950812319926067297403735777553195257855575958145283399014826547566711343136191228122200203924365657397079742459432878501954330539664767753853659728482628930157783964608406121887186036732783142504139058268376208288022156926567641643142764221698221001837586"
"-39/10","0.2292876491414118167352380505712061804071839065662540003236009433325421338322880332936926074955742050152059088103378766683328366951593396513516603079805192847715468841981274541587251212989133845573614599164787125846986545636797931798650720948059069882074905022244737193215992373374184317398"
"-389/100","0.2288210421601833891253937206673620045976755513206489751675782655418225779819635838870875497253494378941392297463072220261400703095070212798245691469920023767357407251766748271019553354103725549259816454506102247393476264547658241368073702923219087403557749301884898376477894509202168772258"
"-97/25","0.2282774232432974564833302204310459473912433888690620595304281681830703418308545991513858371075381090816463704245808733502663044976944629669666842393494461767953085145340451073197620943843042995123021425740979192605896931593568328951885132129995390031516002810235153585151879699001817856518"
"-387/100","0.2276564610844670716391268445042665514610321092031107768940177466197075112482009757299665011863815844463787037749561004109804622905212733182914562550154554499167785964895549616667811683067904290774340897212962007339264632759900111718063107508305157786166847584414815771813653915885394679775"
"-193/50","0.226957847622682006422954340287379273941198719544125830588339414653862389349125204592709241924577481266241193170878081751216699410692375617097930423702302175829267317115084809310028500007075230545012247377734169274293413542012286942010142565908461857908832113485924307418867774698081002901"
"-77/20","0.2261812983137749977202938918941068490108635945897431681039248408879248161784677462769313001357001238141909532565503473844760844660317131031552155164719679380379380956225807455993133174034292547718011762642134226984595883580240529021171813185792266271666193144079989451644711459954804270212"
"-96/25","0.2253265523951299235901664901850031226445006951555008953464094676336412721693357581030057223425712217392358578787779233101127343558026564679560244399166288212321530108343209137499322014502847430430628182451972002533764630605794827238994325359252084599106798540589786404088900581066120857012"
"-383/100","0.224393373143646794006871703804648091915229302685775238872277282314085156360876140580154504586860537051684247532385234399675452281095480872841548285597568790220899355467275456534797519944794653910851165686607920342979982637198052026181650611018695172303570670416590133516167733617343876466"
"-191/50","0.2233815481271229803776050963035699666283829215204425895279143977190702613110204662185198350922326819709030413679574900207517204698441069699745540133283944764655967690222888435276213275362972957658067618087225664707396835460150289486364372289967468502407128201443808591286745942092458794106"
"-381/100","0.2222908894492582743323230635410317177886836215039195171302919716425467186510402889936356248752665984855623980584030578222066083612054867754069248828770202694463117215945002632559626181959805435200644104964748200547926231695081710338848730616777483274466337334086697391977108371424073590952"
"-19/5","0.221121233988543666092791001522300962021005864907044930220999970125153676670398294138160008997425029892761871990040227485146748633758079185190486164188338510693417816272709098655678813849550870261919712941707966269986238466202544464570755654046749981340310977826671102546126735162584479252"
"-379/100","0.2198724436313507687153553575458212902642527039196049990220787971321421086171392669034276348248668845258068250353688696720019808217529117625524056548237317790345835984443434242385589429620721153723379097080931352664767384899044180929644169346188755859236136671755291554066101435103594242319"
"-189/50","0.2185444054996013048783567428652104484938272189294108564625080749672431427109372256885006518688878079061903130164001993905017730338902793435324753328445050549731897345840398549233874536939972295558798374956013188699410087456240776392996328151722165810566873363029680736218874160957385092841"
"-377/100","0.2171370321734648750309110027652082986222418307080811389657505047212198398189796406785925106966208660785243542374108984773733457479991075711301119812302107747660155558038847091846150542537005281242665360843136149127499829350448084883770523965226774896155768694070697090730947409742412564974"
"-94/25","0.215650261909609365000606957251535882461704171059594250481386496004481614644904728543709399871962179366168024492482814399510224811727501546773774588113420859695568795335774363169843126674154475548793198440383234071009965943614431321227243652657800122774519307127015299113119497958167015493"
"-15/4","0.21408405885561305612809933823736120614666302744348875200528924906152604312084514218775831091990970119207525487847920102725896370588593635895262809407094911177564279933741281798815330461732603872162582341708206006802035108244753042785553569333684121191603415591082579973428241417150324363"
"-187/50","0.2124384132612422465571149109976285191534352784134557907885326841482974954321846199761588547156465857521955282028475248284651226701453714814856291546795470082361114086199130160427941540127745214201368905781666720972464782329845769016018061208928275459608360205312823425944619789482912058223"
"-373/100","0.2107133416874047527971820251962915448027605378859375479259569257365794746045290263720170535521722414947357785096495151793809067136534485466499448316728510433974956926452032462826145740660415407613094462800711151628568568143107558559311221055109288646588074684314429922887086439714332383193"
"-93/25","0.2089088872137101754161345288347359663564548616891276102343042303789112095589976120049958412936875427160025331755838957831925975170952302193617574972377693871480281666073069655462397586853698200173809495350646905745890886292294226988185352217739909063924211627276047502410038729792407490252"
"-371/100","0.2070251196457048672368050443783394950377914206633176931405923485624612850962884693183568689409299803266367927921125515248779599607220752031873808909682856621768040303327514251550568406689638270373723374976330191776861578807748619759804018408637306083118803884328665817548393087608474139622"
"-37/10","0.2050621357230062694536165802008283748593456272844691558961974092525879153501617227061379296567266893282483188870114002831568504494418017400417231121043436897940056773162300811284700375628001369299341243385969210929103434090134399180212025027958067268446533074439325782474548086839658399262"
"-369/100","0.203020059329741486735277446707238319639890203544685293682211602621373834969427161619979771094922555796028466686869628547790261267493763216675353553729706039197585342421835451628441656205926724926456774687457144616780279028610824480432439909985493345390582537977267624951248518897989958735"
"-92/25","0.2008990417089032941471763031421273342303871867377671388792959443001881710765074118836085975607400627786121742424813178413083668696733011423975191525652995872706343004093563664228818841465852435114356837584815414153331398261750167808149452895568056076457028327227274534255968805204090268619"
"-367/100","0.1986992616824788744964026586442440945190684827812307842793166153942781645931857166653733639319789642526173253395406723517663729113492084219069111233182163188586981509028644777034661455317948790395731809289791896094805986752730958110360551806494223255305307478256812073216099357272804172243"
"-183/50","0.196420925879489424180671678846946138913624243962949185164936470076433781849381873336279005356945263210972776848604741217570185324565364085902315319066832604103859168406055563477923000636368151603438837069953594792503632396439521457663927634390022347503640351150927078424894792953262807096"
"-73/20","0.1940642689744108895001460355794447802096294468576948716220322768858044400251730435995049144176613863355119794201507978866101679835735210260688371490919521128065584281825867428027234067792996256813453026823293182408509661313970789349922904483245538796433878469712071103886188657980547813195"
"-91/25","0.1916295539388380622741166816635491261769133569381645121594041788034021033639374604907055019027368431014465257130192071178802963962907082834033356557028484213949579519139146973799161439981925979106055258166317124680243500061187658041337426474426044568390260022269778885056598485259139350451"
"-363/100","0.1891170723097191612664578334620585096423451016045739740585886510241874277895058458250556176122815835082448671616716087999416891543638035593716115110119437162387354808683363011742584739124962467795268703354777453666807992123830877502860751167755185073259553310397891929802103152298060126572"
"-181/50","0.1865271444780421422118158089356352004763661488866379453789333937393077077091005872966061223074180258646748162027601773891101359849148580915659695837962325217222350155495873893097449551043754964403519335751642959542011554564897758763208888944802013825604662612600925649407750208785123078008"
"-361/100","0.1838601200025176699124036626253794503152925244492682276321369094908568690294792696110338192986018026019979124360936231395573104512121345870459998270116089385967589180232057333687338161840362593030675568298201709152988629093805842490040328735435606582931333863238719268409375525498769369736"
"-18/5","0.18111637795360250304631862199217379033493024492233360593796558923803930582254707929924190939598021208831030660315357711633453418955936818851595281702521491574115773961823302472891647398826177341794987897505810240801823059968120182935228542482247926400061856917326339096010699354178833609"
"-359/100","0.1782963272941732096072460997338044137204037863320045112244869216418332252465283536673403303782956389619056080272520485131104491942669894803033559818423346772157268202546647175137968258090929894846481406001445428559754919101713023755442858510545190230001297750906651846323710307746902452952"
"-179/50","0.1754004073043344827276042083136257724362942375874251544688461292021599380415153287716367213174454509304480794012185080648149885755496662223666615030086357638308939350004899266531852305194084983107377040243593584150873008535459501220948066534828243041822347753805747487452974451425143047256"
"-357/100","0.1724290880592808727442780169395040055900572505273066736966581315334335651515547528823288317372524506070699692460377485376345124560200688116747279617611411448461927292526452185095986207507324775198598210641849557786632339701963208921839619541678739482642116493814510894325443045447938318878"
"-89/25","0.1693828709708920885497660355159734645723065563731059549181588580837705122611034036809505476159508707588496227356970011021110619595361745617173459913400531668839808512791852544544359766917788698621570521257008998798213374073628652574148420295477314637178833578765902459364140572664740924577"
"-71/20","0.1662622894059159015255930258574749168136641379847429236017277798647969305379133641809563915832247173188305766724761186751047855876177472238502898595038312895102204669284378353722726260667761538811012517846548797782345881717044176845276133278845636224500048673287610529397647317501762421097"
"-177/50","0.1630679093962901729549577804663508517966701036999389119964234291759689577837762119537763913261244194099910901521176366877213869732054615889474582401146603796351697368499979792067346738938389326073292399262977825287667323400559705175480882461353634774352589303636288586988856159784567648791"
"-353/100","0.1598003304605213539733939091575485262177166314115540377202814859862629309547613574999774235802004096653199668632200904466856880433964466236668081354067815335734742170882140584220904592172319995150849622074922462405077875317759183735253152192667022023766653005145384386891193013685800242611"
"-88/25","0.1564601865592608028276031420575478057063470680739929587372904926569806654554467619557362788547092815466884298934987954251771956663143423222869734687161344016398490620854204492523806033889272400523980563181253668224442989257246120998075780542185283677025603667502310668392647455133723848867"
"-351/100","0.1530481472135530872988851485875863125327840390484369289884657189471823114323004675722221232335754799488765098286371703182351409232435029436425677382730535972246901485671247521440398726155032042431202571947124903043344295052968771044226127165588496635042248571865801368989851657505922363084"
"-7/2","0.149564918821005439880850166546032342187063761386761698819829024667156933053522355055270049085397845146149918985773030957575993047341577495714216071018326904800956896079718944254177827589666015351041627601556895136434330774114757890211138531252574170115618174325473319241703740174000090554"
"-349/100","0.1460112462137913565015743653107350218561928734536172517108875757343769069953004822273731007424327358529449905530703182594000967471291757145582468296248824427115397619158505278593945276547929107427281496808954276219911351466974402697836051717211315001435091369806506896414902598388189253742"
"-87/25","0.1423879145135571648286463732370827322728581110573099730745987126058915849127747047778088182874327721529437374609469620486969186710008208106566544257676275103209749049966327279548346077336755479617824449327619519720123818152760170109846530296323056822660253241867228397579438964065778996303"
"-347/100","0.1386957513527696339138915247650441704190410107770877845932207957820803465471467084707895011408799153513976399111575261258707226420679933714844867350288837738431673120633234737437992320559599689873612938861333808059506349001142341667130200319239804814891435727880808253068709254312218777329"
"-173/50","0.1349356295509537694950130310423486693168500518558908616246847723940406446445470471270913054833983370977366404693625188255081109633691872798431389354901258012113283319950731801696429103314790565288730097591500190286732105727667723035789935950752486601136183087466606278925064630940925397202"
"-69/20","0.1311084703591874963840870013066632459115989684798459554449395148559025547064736043078087144381581660075899994652470591330100068116479839324095060905131440550482446954961849198627026345855371952140966174064911234653380311427080861080880300056008302461173609172578986409612689657489643395972"
"-86/25","0.1272152474193349700633553921761358492019374894023568174823952721289269633455979322453132838683919072170732887840536381796549392913683627329076185315838165514467561694426190991903521523749226735047817933485835754277682554109610577541247605804277274736076218783705551534943595346560506067272"
"-343/100","0.1232569916289130373710636612214373667629124886947801281906926703254795105667225402808995583758626610895550691209498920006917880110997399669728139106536113578679944683654956802864380123455141973906414723527550229169457884239908037965839261834990888790554737721976821311506730541018054486609"
"-171/50","0.1192347971626316306391204893295621595880027132457047004795123833063425139364680953641211725810950294392909160597800980081300411665142667327175505708912611608656254938408967001826888429530733622892332457850591922430341862361201431983527721023655099628675987609094435213616932844949063290276"
"-341/100","0.1151498289839504831361957770296087977012351935108888355240178274110691164601897180062135883154779844804721514346732562714117690406784427319155506872881534176589586082037868954184772680900303672703399055319658973784712683530149824312425191116818528421956128282497141515079316670216583637902"
"-17/5","0.1110033322938663777336240400096048767340351235745038348691278716105172349207044373767161787622347093748119830121076157885437800504335833606577845224935152394161223995174007216203077992370221716171756357721213816138413346671145339618213036630393229771506942370952690380869631927156909191202"
"-339/100","0.1067966445235766491501236244446076337533345354587395077661016672668766055705685625486213731055644783857849253318521026816546596672540962912842932151459704404131427292420892609862555356801804857533422277810105876791695660634070061036970974275029734852399296100632185709321129861998090719346"
"-169/50","0.1025312107037433878721565175391959501955730918374633346886736745340460422156627658505603016357555783057427266298804561196279478669311467435871404962007044802908943286277519159557798451674002518382810900563554372075506187331111112210574533063538610452560117973049402116563341329932344534918"
"-337/100","0.0982086033680889814803914228978136023120048424759959685986152197440982480591277659190063007660138632004799230783467706125722250929871268125777210688713103671466016939721824357804143960885599837499628533543563966918683459745997958233708033948346309956065665369494932576010712054964716250833"
"-84/25","0.093830548623224666183160650891041167531029856161379272778625843670483674383657798850058257866477578097410382556119464459059520089803139578228841216079103805024516262544547533308742865780761448594577575308981326804924725391217384493400447718312107127951327912219486678348124231144249137537"
"-67/20","0.0893989607195363228173222546576540139344494696351596356739831720964833399688259820357633719121167227979478248727171052255072641813944464528970539658510304348062401730179004814516414675176831265730781593665316494495700865441693227571589073749482444548293429319563960257939010548111462996987"
"-167/50","0.0849159885181473596175701539928973721418926092176738818489684724415299130790614927031404821188058335717383673749538234936410340544504268520751350964592631114436443659884567984929380883077086842447400783510517276307907938141908987872660772067994071593732136559425152895133505863010816666019"
"-333/100","0.0803840788783286698027921034331810597680092557295938178934865432685238686277103529429664410732900672664340095078872580655425069312423992849552977329416325571188763038248474791296597586778886032830721639356014798623832552378627388880912091256343988100492666241936109802798995750292611180543"
"-83/25","0.0758060645454331847502122554533808951378771029396252272770273558366614929360648255200149584219649111551902583717550484355238284172079680135291058426201189115274622809615992200897786678360662821259341901894169468885790698666582539736558163110245317773928657676862358737986452873503985701633"
"-331/100","0.0711852882184170192953056716449031867103543836760111317360068452239784284932333265876484368471416975695774358070038963103401666412394750957448057002877559436652969877102000910771250606997804610120577367340353361140929459509906631385640942677246491018011781644837746302139824723088154744985"
"-33/10","0.066525781211921487916292103086260839244236395556742385967657553030311562475063503247875823372057274559194777627460185027614815105500103853013668229009072439509398206721268742273201179507931700144375233650282390070583059826815090770606775177894122935126533356924695886639788584425235859611"
"-329/100","0.0618325264948400378494160427069042844182777471676142943605768250924323849576944077651324758740709240355017070380961396005989913858033855324820352270374967051932252549257600494646870953714057541570806705380836991094985358304326084333972702469983576647467644827671469779247245715722404272334"
"-82/25","0.057111855632571749060409507836750179960231109256559599187894248594277617899523368925865386377439655066220580927620369560435966317860450949819295706998161820641369619786445646921350941807287301942335055208322281873535743892950580635192272177356562817316878574527182479967961510093653944302"
"-327/100","0.052372064554177239891578623653999564342324668218350734700128538769440691112048073947374118535531480178321876282520881366940093690479142913223157235797897881565902457968439804700749199176068386226719773932034541957860752746776861296590540806966043046944165367548538810381240590966077445857"
"-163/50","0.0476243986878308787045253491912978706381925331203738680558858156216371162833057488303811558471217257963583676484270801408679427708977191710647102571318075240109622965769226131691315658066892531357437510178359413879913851030270130188623923521911239027986747921587413756352231137935037448071"
"-13/4","0.04288468405603472962127893301300561964034267931837742302224936562748740401268946095566825037917733854073337397261852395972623955673570231641316502797966802517271284865140371944385844712021701330752342941141315178888473169790230729816154112303763442183889298323151152729542980746760584534"
"-81/25","0.0381761316931989354326446343545427910018984071316257187774736516066462458755681256593068021068279903988777818918925185424155629121530511008801191842459862849426313056561021754514837749039876449429945446239114461639402067998506072163141196188770579104236445296828141670814108996376703726254"
"-323/100","0.0335343568993825198525094825663512545230206880740252655063607775651444037046010352134468776166304937847454519277993475587298490367633522783927307388522502661122861323319649709862437401127157933087759227861136925112423625077215848121020820703347620325288829254228826824743303784923683361831"
"-161/50","0.0290167224408455062120577454115185971561562348814595865455132786321515927750252719001858885568237785720308983423062395978632554818548480971145134277434606017810849989024107721310321520376802985264632798558940431310867235687183573574616168818001159721439950098515965350174465311770559347484"
"-321/100","0.0247202421841873063685556968296177013540830498598470652675562528741362129315126103477383779952748476693022055931279723980579988744107529494744352332258275875878042484841644570350074245333290808765788464011031539169216747631875931637777049408732875010680272148279692734336512099065053429746"
"-16/5","0.0208156027993882897441416232839745351292620683735797508650355216056145874795529521715321133494320083375274135259497980634402752437693133793704586156733174839457595116103778274641800321580788957416258820963521855470950042403903972616988279574111027535447979419368956647157540623909448889938"
"-319/100","0.0176037953634348563317451599017810392613034984073987781467621653849619529166145903884937356628478466523233537363375365699989583765432666018944547435032372343671586998145822074816968195235220512902106476321904692750256152311673190657462410771704551494565417752229834400817385839047615777865"
"-159/50","0.0155620741969956353773391377632899086315911992608252150860534131683689497874876363641004731514544755366104446460258796776460869688292039696136516609401435624650540938067449263551070645917470820566040531211981350774928667514274712128732355994792571940176320262090405480667286289656470860215"
"-317/100","0.0152106392914553049257646142028974623741532896478827606590076822258725467229940244679583141545478194205605993621676887146374277207466321285193782156717471683825061231650893155248622499138741602162702834018030293919454242692349414098180274096404808099928091229268078033626615951033957835743"
"-79/25","0.0166917189935514541635166049699674601798606786544474469335625276196649776266938141499336034402454993131839655115436643375777226412250305369535686463154503568995382268549632102716607944103668008392641578895546385908903683199070392667457525893758239118950954428775278663242243696180589868324"
"-63/20","0.019622235871412105499358037477125324356833963375360555431443136909762317620909781837109745978178848701520730735885567865493368023920366471751801056801343544568675209892356108332996526434738253634988054478017485248402155603165667695440024971516756181279992616869958799863037131750090143551"
"-157/50","0.0234874778663497941568420945564364848715560639699939995322969892706824721494489133702829523870561706312172911256063651609034082444078522409311251121516558818743043664763348266866849556235250202377645669354805028727449770980276648892865836301126583647045836417161193803023564465334589768527"
"-313/100","0.0279191576366287180556575744850465652609820328997018607209279160953887611137347603117730187611840439381551202968981059301731605715103139504063508597343114346873915034167456051300132685942283719815556300144090912747387642425444190530438397715414124192694015647386140905807614758281193595224"
"-78/25","0.0327016154683926264135327835637470678115946159127231250925354424709188924058235709054438549011207627768314482426485586450713296259033199254741592969543324077294948954589928012013349711043872243067729029753438504093639855976235872013579447504687446339879854105818769436321388972051659312091"
"-311/100","0.0377127442199789860976766153663611613679223896420011109819881113526721530170810684156383816232255417671135839541834570692605062946241750311379067300702320009027686074643968509376473518700494902511693184365616567068955246410536323166446576475681526074263548681577053066730623955501225251092"
"-31/10","0.042881395169091558734210597011641320396522076701365892995510837180292972391735151659985827842941918589070025548346995325203852260936387618940806924811749687529801109525089611085339640359466241652860049170883979292860206108260890618890711565877889663154482659415269093711518833478591441893"
"-309/100","0.0481640778068923840188136492582946631586089961565577286250893353464250119512864231181270128287314070900069891771252469013905708872753221638181616170923091777728303377424439815009491973967897847983408550895498406066946422827705614891934606192220403825791249137072181547338816251087758319425"
"-77/25","0.0535328019960773889156702382673520655384043644159005167454801579017128708229880504704323058943598286846698648829467651948034255201781495606651937729893869082164518343766260854283348646980430079748560358666308526268348058035806550979805014858078297553849089305270277520172992346097046873144"
"-307/100","0.0589686269156913993184686267586725490744325422421575923015622901110356891410199118408244917755438216378266179066474001408224530801564763797211810182233997016761458642331339940578731476758445870912156087552355766023257620354267669773871946438933257172708455184307435988026015232435987522511"
"-153/50","0.0644581128700676178333747637573738731625427061682229401466909437536864302347779896036763403163695489076486106751938857625397512854027661286624297216785788398564861526240681285316539632505734155465966334589071461196341022812059177654792136529853043699029363854672274011341071026728888946484"
"-61/20","0.0699912901238938803035924403991676750876462834595550368568594510928253390571433012385263171813280741827629160174301576023442473192130080936312874558805446433770745222268463285140348585852487368571725944970826033555981942737347827327532941956564751623122186061802532889702063390434596114542"
"-76/25","0.0755604502994745378834605316088752721197513458503771420219296311688086159091663524936815012468379690102615211811862916368345439203494529497985765824165244853274375100957661441846755777596477154245503886696429725315454178594836392278749592963562358422486282726467850676893826796839141072426"
"-303/100","0.0811594011461336077624585548790425945772098945066411132160841274958133009855085101417245813767144080045681588272804358695478448060642907647876138487123671505276634028943431774823600115727233910245951284308121976176045526294103733896407964244744980937840969486676037689542698435955330168755"
"-151/50","0.0867829920145952488203716874264691483989337423249429752175832729928463221434770678860757555134834510521701060250040600587461080458062100014792271721931276415843544134544889072742555603386457446483942858331905687218113449872507928396628704389740026279830999286892531457409930432078193399551"
"-301/100","0.0924268028755283498831928298350756466155707194196545523145076517542022744344970876176355576983620978106055420709242023685520138246480183804088627871500067046813176678733695738985391981309261774879258685554883301227992614305458787133782559431159968113685513380402062919034861308800728625252"
"-3","0.09808693520328796658259537220554062854175621933831470023131172322848775260779106076222699319979879625575845301496137445573238782363905736779927301120002172766526385821570946964210610401315133875357664073765290591237065963466381000261163786427262679130303666635872855491509686180113345987"
"-299/100","0.1037598680834693918789332975055413298756821181759755903089013406814109355276347199232745182720441327773725703948303465638174130995246675044468573987849851258684514776888837085372932793683107694142113255244364281147968255803458600682137148799672478373094287844048206222673535413511318629866"
"-149/50","0.1094423571383595016500994855246742345802754471497365978625593603345434947817586364696980796166439611567452330623366803703254243065126561938135793114989317844726866938835268695417233900018987727262802405167568377027753666159718430618468702299533997259045422219224011449940941334803158856061"
"-297/100","0.1151313622037103431706844987899612636781214719935257326229841427484073605677219143682262498678816816893138821829172074541369280605852572159716544688551245740321125285985075508947458581357600211186696134058812915827845434368335186124393516116140916758873549326129638285068910274230172565693"
"-74/25","0.1208239947116013172618265666116320880027616743642606357103483697982589870201895318357754340458179575134262235333162676538053114768508104018271606090847200854696580208977934473283578613587166060730104693774249263401534380521151928282146503746684777466852344909753516899924281450619886442839"
"-59/20","0.1265174788347067240162944209590633538862872181428076825304933429652451976933944644260301855942580688636073641959973636276585687418964480942442796180513170908456799086944877473576447451597379308497760115890032672644749055346215849317246065015385547683275053642671261565285177907943437962813"
"-147/50","0.1322091224064515542521253670195332222977852269872116781686746797699200827034747519796984045564889959622984859359657686087989360254177848836783935145609321402398357495108871200897529368215808175749807245645486174278842915710859992921619159409878610711747350076910308913806984243795048924817"
"-293/100","0.1378962948959399722448379662816200367217105999982775023533301783993377312599323808577527559403179115145590285838330339150325367013133469746090194664420208023226277623554457018752044153176582554652758809799783670162856304896142468376231368529777418982492798779681889810770190292671221355393"
"-73/25","0.1435764105485554678253324345188471718175389159101511778693899929262228642229758020253043501769051902313718558986812282990824051173028158266433483906515856236017624163580190592599830140618302903815623222367772439689177613341327192770309239092848248479772131847526910038704514615979854828477"
"-291/100","0.1492469153604925269702989295969055137289182652441696649048997599159281133292314921771729520459354149501981410699139808202960574157587716814090104580431590958775371395735135454889252579027455081243404165488888104791293650680320272162883854437956097973697975340158959941849595554746333241719"
"-29/10","0.1549052769350554553533756439738792519722972992810170067953958731943234893021465065023586372783014747390742372840173117661647393321747585798632358307566316587302170746703538152267977996187238696905332957195963446308670519170421528405663193393494893876563141887500450101107308333751917159106"
"-289/100","0.1605489765310273711986901238461649028851734173254243063726618397815002376440368757697155102650458311504069571629305817326573852487328072839088258574379660326384789642744271746250122067361166082360979579967356458293268066926590802637236288453964882457768450814798617026039739726784496155385"
"-72/25","0.1661755027974809561136899816469894966362864771936654198898888943738716950511432861917069119563993919718926704639928684381796563099102887131306549983431547670168048439731931661222149577804411640297424169867708168696317986431905439487419943052602523470100352466551393783598264684108624118234"
"-287/100","0.1717823468201916794858564874886849555673132605159063287049645827942245409057322209798866901575021426569789876479019419463698094393944283105755585193813828635225383937430650868792599089100023738149867241325456994856952088808539812649128016395235279151844240327741223222385379158500644212421"
"-143/50","0.1773669981988846240370435738252976019661404495206964343354151799348439605716008343619700280966796777965301198059905235088647404853244545585067085453834236667522469116070652740907327641289860255535918528629747848605925437051164482240691791171931460013344184865094604591529563551754862347949"
"-57/20","0.1829269419429784074078284210678113191942302321272276530479849098563450245355993529668152841047770295851791774073608437770859092424809923439206697988199036399144255149217289731277577396974556817308749424380548694482741599637249100202062730574396757404161066775821144086599627403964631379306"
"-71/25","0.1884596560238010360566149827957023702176779583660500746604524647049389383155929753873976116518934343554964165852795627235247418594476027111234159713986399726319336255393582331203625495850236573529844042753696407291184976819686771767349916998516323592503223157807199782519839977626236383638"
"-283/100","0.1939626094586085987605477658636018653733443941395799559238260011684778667332779065000597341816660214232846865439670302562245929874859239502364232790855731676909819735171204231308361188534419666915805849950831719763491474074445770885041454822762185697791254469223623957285905949008784246724"
"-141/50","0.1994332608297316985875201778930605392012841472941667707022406138827646297146960044537459540056778051139347932101194993364762538554702810027850171010325658170643081492059954283394211877815996105480413730572233708925505403758311120517902045701210300796821693367397272239706847673860804765148"
"-281/100","0.204869057163334365774763405859557786925921065128946331888116444477246372448472386381821559450466318301197030132117524937423142575255578284591954557420054082085374384112110668069070579246241444057113408793856133781251571185810499015651711384222152906974347248709233895228732144029270581125"
"-14/5","0.210267433108393503878021888736610126026931993590966583140023118180254894318602956841386053638596255231238429285123784282141175359463983423334168429646493410914089068869914783265878105590500030277644245545645541664358436487443364979092856979543050699044784919848908095828937615179248630656"
"-279/100","0.2156258103688849365148787852017221323891723770222497159228515977787427954730660963433367869948080007553855829075442336142743441026970772996409619701457461337588715821304309848759531852526466453800722234006028026873897290116739548918862388483494746560600202402373743955227148315210096500707"
"-139/50","0.2209415973517312176452267562686718320586108083029210041192622580124716983876160599125509698136201197972914388435481979224669303945134588632401792028035939459493764673565189210192653423576571577707012749707238663030358171153265255408280376039326841183674709356821650964769323577730248994248"
"-277/100","0.2262121890005117211121002296154246666848198770304451341884678648038417446136618352271271338813841358997762982002065999122323354253487807057058057048509761237157953127527925725157634779197205070985042047494957208090379868556145436374115408764049164789308200406200250500169697836526692037438"
"-69/25","0.2314349667907627937521884795716850289096731304677394817549082348344147313556088341491009825209006691374058085576196499963520567744491618985457486283587379405856611719971729148031706458630722352528814296430755753603139027621983594010821290079771378233329313134149112892601026195694527482047"
"-11/4","0.2366072988672811471350682841250966422310504391316695449340392879243837350035924528337881748271297145702978680017388555315595380478422874112700410204856893260520314421918270811214167781265838820542467924495842793235515981721568564934549248718142431293037503932942056639505400484969574540419"
"-137/50","0.2417265403074692322089403710400734048651423993858596087128331395746862270413591700398184618700415139301084615502701459192142428439078413548890519666207649259079263495302488910448499795902389744129374731761449083008291745087253598349760449846820806284184326893283656688277595248814530136995"
"-273/100","0.2467900334976401131135521720103781794591738242796744088358720656603440144430049952956551035069900637403078232310641823128648197125512254629900588437138020855837241807624320476271951901370539323537566596913609641597401707676159890230899619604222265099898940439123839647153040966656991145326"
"-68/25","0.2517951086114933493098637776163312934982525080127830980386045885160458598566562579731606529357891775005545086346559145993581822879746258332615369230534997816140015109403725670716755745659083332983938278492441952187531031238242416086386585479633260024555335531974809021280613339423895989162"
"-271/100","0.2567390841818066632034060590189983736086000655974314341831780011805458869378225743365654428240797328902146463247540899593636601814204136102278065270349950268688974571372280499844898400408977270161002559532383771577527263169787365208560505732732724045840049693912845561417623456839308216637"
"-27/10","0.2616192677578563140709410058061814011728538490764659482609367831037606648489706110481635450006036310032244308991011912086125659062759001388629191557307168804711702650954251441731434548370071770463482428866288288389448683884456208996601921468951232530795827168471453741600628727886919433228"
"-269/100","0.2664329566422562512776660373987704696149113481806739197703004125866265847901024233186753120057277704473158373872104067873530260748159842541204680360251990968503459329398499945257176028248589487527800308433403458048660785403395426848641418286937018351830879779236432733295835415457217702587"
"-67/25","0.271177438701850114528283501476664894851016961891762918301893921583900009286103546174176330054507635795338635512743688951762372179275351037754400378997092916872844310156462445176629843192454936829800544529792757962153046884340042599873240698078134807562985018396660116214344520655943076837"
"-267/100","0.2758499932480463712003301007356287087189193156658158500697848579508802952712793664186226015626208687231478912896130548128008535485074806027356928015380173813400877701510453046350430167743653574539174117198010948997965631033152603007079093497796545249036512523565564758281712416348546930956"
"-133/50","0.2804478919825911527181679894157231705716701912986081957079717954981721893520347640569392439513072425971673364751320535119735211398185879901985526384507329051305139312084669978948315676896887335616620644659260940278978529813861938888600261068788923503963779810297325681762767523954542568025"
"-53/20","0.2849684000052541096819169957320192459673376731182604508771403345136988413075066868259746762171825276121947156247251717040398646841864690639108819032749222517570359460933650508128251922481748057199707264544494518590701562479557647197607327265429221430004705351255503515324281818992450056192"
"-66/25","0.2894087768802825514720580106174670094058193153319434397153861776684663466600616951396309770312638841526919479066953887612503388383899453973759015907475551264120858076678904075728345495568642801031926802525943567718931641435246641453695612937801722936357539614517494939663792215162295095387"
"-263/100","0.2937662777587764994952620670110821408445407552602719543674282579067775352721702293937807797642541901789646372445411157179275080974677763806935240614906631625644455766691055366815760641261574084534396241626334323825229601503545979381892017327301992887232845309308406892748857963222533805825"
"-131/50","0.298038154554366787269682451633630097234096385768900461117763847845885377971831057659877762618489750095204909247088149132406454671424841992308968449585189985474521086253689010020798280326540085721037388188824938781763489222176005773668706301628485809397955585810803849637887437555839651384"
"-261/100","0.3022216571697519481511111898690988268158549059603872550492953948096065522067350729364795600488159365454306566309235812898468327893904829455267449104342800052786345829621678186818841692353123678094701310272925754611806154130845355257910033377446258233351181164659640523109362043202780656633"
"-13/5","0.3063140347717771235165205980964072618982905483842839101957919259940260382494068127452754413237206464766421554854627485485126291460923232681160066859971871218481113765760140959703393937660512902750594326163190000399685235963807818408092607965697775754060691491529843291151362735291440330337"
"-259/100","0.3103125371128276493829545733819744287734780531874816151112536460217949819144890198240094048371448511368090952966392478074423891739797943979469636831131721137827308407987919063530875430373995460587009055664980860584089166607943474802384907775727797339838949058920491532946039836728986305231"
"-129/50","0.3142144158963680062944467936423332233343915870269383183735647219753957119900947153019181829979185446529479414855057706974011417248541109321322658620774705330496961761361785976922483317593901742050376007285287279451798345548843235633577920100847185235496260374634002687143498717215166661463"
"-257/100","0.3180169261844890105419806422683995751206094862282335247746356094689067147005059731491139416038464287241790494975429832095723113138315214117711822787898022622550096564803770857042870171173700845021156715245945487028885415440009405506258096062507732013452624359593048054215437916513082733178"
"-64/25","0.3217173278453371630058507390396155876841231190627597815751004211535206161158473878510930054440819812153945314327677743875968924975781080464831100675275995513709713632265808858289530551435507046326793195375353363982039475024432205309182146590989600639540123622622002243513741291531379248558"
"-51/20","0.3253128870382939199244774381393219822467546473970224234208031340691368703415724234789085990711366700544960899248943610267082732229722704305207073980350182616013833805208843977849867461024173654131711187402941062957042427229098474481254421872015946459030166819956533829267082237306048165036"
"-127/50","0.3288008777347526953398202948623169847461476053058873106613005397840949125260590675282709212831273394019682627195481541905633774992813783126735846242829605052219948028327244534587985425419453223916678336249500816197429906797397311822467916886774125908307191884854144233718234387208136884394"
"-253/100","0.3321785832723105670402512686399224101216104680230277243459780389688757229905402838763525907618996187229590655816236820448539456838331461725726356442476241651651200952827035371427685961104276986802935175156512661952431097832527802749105942654939377461439165691337586303172259631274140718772"
"-63/25","0.3354432979401524739292110263824370569769304750202001300333884648138988686077889036017450584286162919479750910335895761666122233825451308433847195903820195277700808524182315424737035878749164001192341079008955203584039493275211000234699227459190414361897151900839536360910636045075071792203"
"-251/100","0.3385923285933603877313001000275611059287312407621244086789746897159289761115595410178469715260465756120272008998720259383839176278526468551404601491452420723892338885165219811307822652104013227082923836905390765224371920090255852154514864323689227737773915151280553203914817142971173504033"
"-5/2","0.3416229962938304833959408656873791196732452466253419570993204969168869723706658345582647099515323366710191674147485564592473003000704640552111546943284548148065226133746630576256958167428310777671458653845223546516467836765473740664960391553216161256036788887183304513355136556422982033092"
"-249/100","0.3445326379754294750489701480301379188303251991162534745403500990065796703494322164784395909899415943381404889336498243601703165744778008357299811205133902351573257655364497626964590662192471926732808798806123159714672473590161662511034758199182315399255926654490529454472249112488645657396"
"-62/25","0.3473186081309686047914182876659867497009227388178219013979485536748698237229731173211785402788092522964187112401712733483753832642479967488774364144757345531821343203722238923465738403556238538107757146507706362760047675321836022366298151448101460134380053079923572687786065061178888352202"
"-247/100","0.3499782805185216975191073551977470357734599124354055558411539064080603515990804650884731652727956163301174719197183558497020894795262716243030694028176508600432012083704429317660285921412627746075560456677700127879692368575104950828822153644123431335453207284557580611007428590421697508166"
"-123/50","0.3525090498845635267017012368908125445114483888760146757907785442517790649759640720884373280687935843485407483135872207879124576323095142694065198023949716568489704041026703930204740174763191982891940863195411217965063196403492920497061250600060413567074973565332431417321217330381025148282"
"-49/20","0.3549083337013576649699666499070721726778700388574433133156959765775249377060856138054494052770248196441975439484545305240826039172259049483642429420816480381631101413269153041385712028089886354979580844919717658817215191457255202596720980233313389855813894663001595612553836052921699571304"
"-61/25","0.3571735739159801154785587447642464843135116028121988835982586444920548221207896777320475440182779096192352239952853191467206556517994146769552559064402207844227864163067154376426913848579476325243004034599482184050004716577200750074804381938738830525851640690074448829077930052858245241639"
"-243/100","0.3593022387083273471737938202261172608226182411191578305868507265024220086706558893650344595357367457205103901622015411077154494696929152981302333382248796948769392251705947473555290308437092603849092626241193412029409491280021822805763411860634590232562034736277414200062143091193758982198"
"-121/50","0.3612918242554258253965356431353456885062157936577258216027443905844520383921211837525978338678732521496418636416537964685816323540042073414475686451863080008063583062240135328029345660176146660036260664100476127198165856458808131642141151734324754273052432354299333267284913845763494064862"
"-241/100","0.3631398564993356055326035888228634522228172236143988843480122513701308065198692120430596554907240394027854681370582161968458350482417278373372467642387270110381477916996615249281861701323848731266079204057011803998677291525615585050211936531651214423037375402631157031002670585944536979509"
"-12/5","0.3648438929159238441598089857929756039374909076207286940105697630920195870108937424176194997953996745994919186013888184573313620471299893986076695972289527359977087229044477617984582675102860015306192613929636514786722990567526830643725831793339492076840927976941329309656566798562177290703"
"-239/100","0.3664015242817759210358889333451068629807321816158654214860928864173387130437614326520689564425375623754411311696369797940464932261206613096398063838948709496219061665122449112980300755576523587026310079961049247122029791146710019915621167825344115817358820937560672121721251255167443672364"
"-119/50","0.36781037643651293985736900283901919516714151581793073894405222752041849152091666293469048833508996298513819193563065882622566788634556785138922270624079479453042596226480417703386716577370959550617790312373567796660918718879676994851774065069016417980536837052764456986463046226731114991"
"-237/100","0.3690681120377953131826924037170702338428283052452674064407398839112520541665292652378014203526868899955674840525127784261366703337884863632655892108279028367636013814121636348938199694222946910131155276347137766577481987783449123311149264265935161782556458623220483348331754315652059540966"
"-59/25","0.3701724323063135093550424006921590163103133496413462762913427261188427484235102382259788653836255259483570514669756291534708411026826457139203417450252563429904368292658630402743750076312856755477634845568723541002835276838388357396051913376630415082986487873015983177230389856108494559157"
"-47/20","0.3711210787580993645673462484289762910431940875664576039634181698128946619212611952917944499625040048112684853485597240774798986274127733276375152421532569300948493447034657823182089993390560145799642664194378525765749330269688811355057052583829539099404494153456868573119743117168591127488"
"-117/50","0.371911834921535105696954717048046515686456819088301627187073960052454152710243878861988277724432108088779074241490266492283250325687666565231555563069403616690060890463415336954209507876523073421400007088026337111176203139495643653073492273229584610271128728990630641626840454113543787612"
"-233/100","0.3725425280364928004999861771704860407290941399003055763045233184074415889657176636543631449326811293683998398860494620304897846386502864519632306796928758553532645789993131829361383914258092558673265617170985753231090842709662950508857964342104834779468721336366762246563211054192355916036"
"-58/25","0.373011030733104710097340239179745387765213007618235789889298618788520268019102149385092178086046595682689843970263128319870454847571626752398014034582042961539718859255756337783547013997311788669145353071130331106012548991688994661868760773491846892974930509470754309960241121031694063231"
"-231/100","0.3733152626877452717163391415264911804381707197598671820967923429734478808131863780509862798943229722587513435294349457203966738750401542140719937711692226182454893458885681229445285398584129529451929626972205513591094755361093979187050384586201484072770180901739894463735081508288392823259"
"-23/10","0.3734531922538984442223209799467205930303998288443236726589660187062599176498108243090307572601673809826638006310374755735268996248869091258777904194429988719263362451791068000580108371494547798974919077858325482130452476401671610951201087952706574115957061664748155749443978826544749162902"
"-229/100","0.3734228380656901130614626268265787543988199143173699982206000191227452392368435632359578831669503375599734128501907964853238673365261177954154061118657682216478762710065980656248572512643542262772869670436650363016426667366878278363913925777883372291485968413968128880462589350872888903927"
"-57/25","0.3732222706119843361486340875753685306379690476141842863070882025993635869141546364494250663841876884036155573913636749957888030333222123014291834119007900153518717315072863532505735420323378379777658110264992224558977097913671081419620491401664690162680902806406307130992822371288312893898"
"-227/100","0.3728496137790745355850841238655476410620864341953940162564376006374578590737354409544708420386225923876365147020583284509160327472168098786740853469052872534934142804297805217809573942296371884039807263378801984053222966332112167313933021806031198151735128507562295636235019706518741677767"
"-113/50","0.3723030463601463797266468500102767146690689026063519536543465762621310241987076767157096008892863527211814224464352738076978628538436210332792512022021341988973285187358693949804845853529184091781217676139198010613516452582903052582592886463614275853911837140282958441600649867686856315137"
"-9/4","0.3715808035298480992248781481023803192222476026979056577776954608469135676682312960907849053237480941077428078551907520345492844317161575314810945609973193366982280165719330974027601472818989975033978058461694968005704742069986124071260753859233240728477233665711442182645272117493672819734"
"-56/25","0.3706811782824763542751469138977323467201577311180425819798035119264183697282817119735701904177707648465353297669937941617515824961792215743155404898562094627389756725418398594824188947971092836134541994861403127839438761655072394010867516069604366117457619085313634686915982123097370660662"
"-223/100","0.3696025228324715136018924185776545411404886978465095991688911195314751690295828031166175717349508188090108818003303182804655211554462982008720760457411333757298335692183204165487588572182380044728321966544292600740672718807736325773739709865126457077817760660434227754996557640429368430001"
"-111/50","0.36834324997611530438785539814474630451247271688069947994910336006478862386983696108035577559345519418429997774194988572275917329283600516670873104797204544880899622131549683210463447028616265439281356444962885444080199849124855666064961167305118934604006234986082376219634312971425146019"
"-221/100","0.3669018344135362356222848950078417259900642676094561493491651395317435318196682387486676474831256475673030179052907577756142272842308555199450585496854958174177880288743702526450141371497913747438333780780476913554252364829896708122109514141197022188223495831965327041419205674145004406948"
"-11/5","0.3652768140303539941347736727480438092640303569919203948255746605479314365365314492096687849777869490726389115326980266495992564355315893922030653519055892547798566831290463264980945091371873197964082826959495902165487631956347068013778132468680109593609363504538098752828908146221438684255"
"-219/100","0.3634667911385332117405226276606875201954483654830111520652740199611798289619891115143723632635481716821641846144616408919182436833264416100993614186381536435424533881561952094025296616885559086662013135881956767136131858413048336240969698477527105643800551958872249666871252599923276560301"
"-109/50","0.3614704336762697173798436514738016029292034717319211840084011722179484858444648141455998308900389750265205129133952091059154643443376026954884457966589259706064064944674883403039784847513262297824850590155482303591461036243830002243435212339627683823308009167676511339620583694378445342411"
"-217/100","0.3592864763669988303528233461754602598085782611105034352857430426305696041768801885389683252091018162425685840298166290460821139369593012722425086444285139989063905084066844600391034490125458925153845861843017963759131485200606026699548290267459294380085629711552468686441121702683276453007"
"-54/25","0.356913721837895766124110131751655697978852849253659949487317611579399507722623841620649160434660607503396419369345361374116718182767740978626027462766440992162326298957865513534135938934292991808497110396085379635027621150507710814807341815912962295222503215601938637899303392327819898798"
"-43/20","0.3543510416985333465801434702665166898395971230654207221659582086377435761106114298989973856140710892088943833446674979227932137140810479878171372427278299864995682246180757867691314626765909684412011777369998867834801510763925236618280388686027691334208464607702088414308765072596807370986"
"-107/50","0.3515973775806727120226440204244416309883057023618629666407946326649633884989162448228589862606631803073769328385624309520683031975944657271246443897366575761937760423618417419695379680091156979302045402002450652731090018476344590564939009252611915853848502170912826448092997919349874607768"
"-213/100","0.3486517421404897301097114584277278026767121953113459013412018447145103185208260404074313214143466073135950952768285116139724505665745803671335996671700036294733972000778125339876991892667095388820909942395508757339344950290181481289334177206322488171118973945299154547700801142658360901257"
"-53/25","0.3455132200248848239948987061514074617611554322554330640740454061818056265157386699782759640493616373273273174703429207108677217757249601362394634949271284046443690977824261377222247841845412850283559381186256241852677651084162320351639445800829309578373294366184014324798782665632249070725"
"-211/100","0.3421809688038890940199836333424752541101647652375874570412158352321031678947472400292732800061130480213483468088072871275211921271082947001749176947329209931001932975954861458558747669852636021176226378579562702784002477669581574344778959339584639589747070573602098766903753033452248630325"
"-21/10","0.3386542198715677081688080319893763936736961399683523346784606561785303705407712369851382499518418216175122478938720835201059811154688087530859585681897171833108556301458466680240668410973074699378834375620022599817647728767932920185271505278522719310277776909328548129098028154848232250302"
"-209/100","0.33493227931823635635681910055583427504006118017773284676066312599687177229432219135246579538040948611659274215448288260241721607580710991517576847292854254876649590306239625916457985083221967577505669558324649281294145248808872357931973795630288105406574586216529166008198066021940058344"
"-52/25","0.3310145287772531057348821269223529871700529463268668713963309332920472182842067612595394583120959218791677722419373731108211123647428198628823048637951317297866639890634456461396291023994614659579401269527367270828309673912345417460093003419610197462284433959527509332726305029255208009948"
"-207/100","0.3269004262501328718588455721939198750677649316926880937248970824626985731647664481853566997447329933045317410353580680741049334541503752082084925767033948021423368952672688067667256139154302257709644124790456349699504329042825814951436075064975040548763851674146531511774286873074788743267"
"-103/50","0.322589506914263657384612597110326050607815597554513555381714870320683242884943343141336640072887363114043045236596480910736082705870532516165084426024848944021935487197413254274860446264918532725756051955765783444692677830672924621311568712871647248498285603868704916777948794772574182688"
"-41/20","0.3180813839180942074994005963299137760847552610602021465064261695396979698148632243518416487858725389057659461262508883778520556378460567773164314702377421147827766851018185419201147385071996435511096983652456275300966444412252441311268635534744154472975313405093843351508101796223632921996"
"-51/25","0.3133757491693269673674692584036343007907946197551547094589580564115740130508857657611044232771783098331636864704863278469854814054162510160571445004332830270322907249773420151274417245139856072928333839667112363128700940958833018126897434001240941186990230795922168351195158333034853125203"
"-203/100","0.3084723741224082722439384344707913492779318084024038173355472884098364582238717335023149543169122025793733363170122746465045653838550252119223775178670294851938744635111938677433562914865894718773458307459262216440701052549126167851074364018605199779927721063005690612076773155274699587985"
"-101/50","0.3033711105724861807721924346953257717743484720093450935686868495155527684319285704058180898654741807802987582545294453289421059780218665855391950660738002066315095805107332460851241269893504432843066106279632467479832721572555289588799898965072280557966942997125341814103660322879894311688"
"-201/100","0.2980718914640407423190217012197690943879501346511994007601567802196846527777427592381933221504729701704221135180907134130162484469748107548738408183874718860204679330539697954004497915755978747678386019091380520285065348731483706828086719454111001953548453710836725616070128046314107286597"
"-2","0.2925747317236292497165574354628617204063917986973596889085498703864288051860489473468975546151300863833502332698296220833709890595149315067451974766172910147746792952399273668099516290931064472455737883259923762402532966069602473093530235834335180596786384514924581029355062501172809581875"
"-199/100","0.2868797291276941043940498542614640250096112505001481720771510998178280526977733855713098042084299980196600069230020514464553355061484785599076756877899997870223600069000602418912782223250932871258223886587678417747835687095486179683071214993641936047841658799609936753662789044097013350437"
"-99/50","0.2809870652182399760693867000942508205753927673446307189184032469408168968517627712946146821060923042699567081880836369993399681788309703863568102820772646243243478443726754588181410005501732079148669541937381904072025143389190127985806421341814037953318891388431811871440346523085427198532"
"-197/100","0.2748970062815183168697432504206439168786725483578421830338846358195226948319228249618122614866259585220361475256746322188211561294015375804656861435402080394976507567174309611121416863199187474788438998026756831747804998437313117109495701859046159661980970456186875997625792412554957762664"
"-49/25","0.2686099044078239047936979405909981678182941162412870255140348928985766498537034717642990793792852811390758482564300715786808981884334246789158524817826229211101991003896350375138496063301852808942153162492484389758208970879875373729040752007160663191402293886508646976582287627993156610037"
"-39/20","0.2621261986543362069225505209428653839127132718187025959349341542593507766327009511534808756945742694803115859272787537355876398968835744285585791087408207330824811417854117408547363766903523122531376379111053390396769353066511695450275965790885083889307335415065854728438582242400926809433"
"-97/50","0.2554464163379452354199947070741466613115454519913068114118357974252348137008609355136278152065671102198319126236258931606043611320994462147497237043845937512740302586430292328516784492348573291197706062084272528036935524546429812389664296367551901175102223166360025740879723783207351315902"
"-193/100","0.248571174491636715468006438783252980385649389205697383188291223100359574640796308246272123734122025960822685867262962512781216988039820113555328520747789535612066846592159500493301201544730511160830849232002054521716133336970505944383508677253859626015740527339795199959623226829953206931"
"-48/25","0.2415011815269187684769687005506928959748972956852354336130991764406575499677943207422314091503880235821360345318931129236399668699338179680095044288851652261083820595286988058783890666171560423699529653902428362405837049598204484102927247158802130947131378630479727938089916022443761201035"
"-191/100","0.2342372391568856736050312119744029545081735467632394389957103858977347514316759499670384259583454848088245718352843084320066223665091928703432855420844526826812892669848234426933699083713066051890537674155015676269181293629169186257362065620669157445626337361416166342052474276562552662124"
"-19/10","0.226780244651205106256174500146587897804613273227253662493401211246631899753631374440775380645804358713376788172753405255800548095599317937629584024430601375650435903791324032680414660606693532505612078994301170020849620783331390455993444652731021476786415411211733814335707082290240526503"
"-189/100","0.2191311935176263374290316513643934279496462908439765319781698452299071709244823260928738392015923601648751086392032312801771560391373570864408629312240706758074369257046759591351066722595363723364352840578307985202497348825515065295918320210138520823681618230865067012350037587292333629999"
"-47/25","0.2112911827376269412718020559730163639252201984568367854684472629864441138947560384345559817923806682840156233529604227092264242600970419607461967879587897299248661717254942852096010246851129767557615249903574170675835455941122448934001956458894944144001360641188317959747549368490473461128"
"-187/100","0.2032614147312914971407960534302450698503110395702900543004914916665972378887228786717537813845908670150277824158788159280477967200043314134206283417735206204645276929773689899942077727371066261311115379591110424312283030868667300294023757140634712018255406920421319195545304581706488601474"
"-93/50","0.195043202295872809308116543587877384704903811551566731459115203682330533713856083879952118124208327311701910186881076711133655571315622721028137359834364669556425137786274781659081194291448115793170949568777648300137166522919557843436087879177205350454004360390448474321745179433757099016"
"-37/20","0.1866379748655643657230116901099371320486074628458947526763243492824885802008306463430234607310496429442721631050547706268338720816192034462244803343315490785765668850603613249248614280224542628834972403578466008051734798196064584326221818583957245337993412698932802329831237559854322393076"
"-46/25","0.1780472865960922638876003438158917811012075206118291928776143379161321774752482375135980635741297440046686951435034068206387378036489309873266812535063774973515437204268233188521829049170179547335919835685757001953430047895656443570722252447096321303785651213954623908713327638542473716226"
"-183/100","0.1692728270189415584255899361895484875843759513909375182413458610898505789972880206225719915204234488419565502549854344872246985364695477885456378547840272449497706004234845671110044493867242775154137609323752202514485753266875622431066063177156464320135813075168864344184066618423767383895"
"-91/50","0.1603164353912694466227817761749769512343731636015883733001139847756354485571368920317007799095532648436291372934985010735133158592194602386628000906600284032317511014981394857811908469686349143106718147660415695071144316028018081583501659175914251321534095447663369427601326455931288681711"
"-181/100","0.1511801204853240006392754888075121769933639246261147826945139613679410183500585086854563756697664206622416271980755532834420405847215396318409937917815748682980976604002734059727514704760277811703298507035882832352673462987545952913861896255792498736072449715499142281304503574744719611651"
"-9/5","0.1418660885904619813995838173683168958579820669935195266051501927703226608284440025876104819856530011798711795317424454961430906094552508522050146024656211707145826326868449407549880127039683887525426404125754408647321629111168131888975115194707536390041342040026821305593145141386003601932"
"-179/100","0.1323767842702189181554505928842872985316570743530923372174305323818995382139831766171431105096853668684024561193820491659341509243887535976015595357743554543481941558395606770840518209720805042543160462990075969728233733022994798922656879643550980562189275763004866869009349389963552113192"
"-89/50","0.1227149515681507132213549946884197247059515463083903656362308804195928138979102949498849943475654560932346149104067294909580061703652767243192615534566715610953227784322611798658624428374940039291820287200148940965235596978241059586260221647209498888715308703260385409078813741853087549183"
"-177/100","0.1128837292005881785011102496771108778360587720567295083204263413051806364397719083018265645986294494952784699935235915890766885493024188820823783249590520218104241001051193800783629967770081323887489156368609001096724957402583592920976320451661254073405815790003635740834673305556936713352"
"-44/25","0.1028868046327174666389532375792210505954263469518590327655373852321175448022174638037461424289164764296631682036136085010410010366381443091247255867646288873257080004114557320177881430147734511925547240755753407198202250879604539902294425924957096794890326390840854888210571074586804182709"
"-7/4","0.0927286752491295668842019297268839023610055312143893806205088757387670320054866884860614248807156372660853355980508916379477793799472011730214181749280191530063324318373411478854193344136599602124929819064225284069566392749412673639323971805559345995551348525722310943298358752504545365233"
"-87/50","0.0824151158934577497117150807093819733198778691620040739116715172976323363681296182835956021300658814543156481051798588381443783872834917835753010723482865004763304923088079853540810440619529657244387697505573346693876944923705253750587004446191478916464872163780856689096098954520309663115"
"-173/100","0.071954072992719956825613882507333106781224471686726727919731103011205723794471302712260573202201465473876757350336323932919389904376666790291288910912622347686569101774686434466614533584778310156795233635440364771139660912526470457326579304070076898053876085547482882846155115070544149148"
"-43/25","0.0613575209391714192763507747643766220710001325442762107281950615256900308757639441699754411389543017809096377023892500139281032813774716275148342415937099657588021287149779871154680084499416257428834965464491093650928866563728450835397691827709805161869055220402685037413861606013133999582"
"-171/100","0.0506457462647493328571192713649604549764443018872722567001224885065403144799816438069285959151053053523608327293800543578097199232265716961812278020299815225197205788705799029946710805511739345299459632033309581299260111993013622733774670674107991902081495191249552477740503726242156579478"
"-17/10","0.0398587438049956346231020093546187848434777058200068232530365276573657514828710309424975586560488928625269988689532850654292259588599814234575038230994627407247620150479668009374319710094405062859923566477065162820484552599206395737888374286823552382796748492126202016436903135203023760738"
"-169/100","0.0290933098132618613098549245582902905875692732013537878479138538749394262986343102865300755577034804450656593479884747154305079746363876781622393829124574978968506333171662313345513166824249524188941471758988326823134986442229227830955155370290719343517330274770272818793344240387830722447"
"-42/25","0.0186671745731299836619280917187355540836723250473719942581982677025317707831456971832480357190023312913602469231610546895851680171362832125804729697893137673872558189611913386002205203681598774077666511500279874701922463461472122534510100998603415865278165567426639086711622419666760516799"
"-167/100","0.0102502690901064476028769610191340090091539007345075674137174145385614564563759464424091905729775777985384250856792535422899068176164014183088357431446149332627442084918491798648545841712930692026653954413721569678284893120016776795860769391515001443226172258053293859154520232387638007044"
"-83/50","0.0112375306332694234682654145937739408817576994124502613726662907471044323456933331759675158097472629129473834879542914110416171515967887575171945358272298613254230590179128206292072239793031701899946003433851235359239568097512532705670940369954998751752195383931288015679780915327457113506"
"-33/20","0.0205415325502951940278335130793874196358047169699418943387327798247390431544177705810407470886120440266944034825570740704675497844144811767806796450105161380469078593280188443143806904895801591780620606279711645038037522699340939608724948569369007099156685378231495406353370365929234685521"
"-41/25","0.0316497845553332869287888751652856720273121207495965110932598393632449838706421337690551315557640206408557483462862900849432484830168751886081580222263345315432524486136810040299056617300918610897567424849422009149718819826469388840887146242956991035653675742614598987798403227345186933231"
"-163/100","0.0433002919036545825473909404514079058139760595104325535869297902799175450512030242461375394394066693805272336277646643201971022879894168726663543467723173900624503756498018119462674358092571211421980764398287491522745026792048774992135846982887377521767918233746327052865995611109580641453"
"-81/50","0.0552328007065944760416225444090924105511835501962194323297812998075515981612960825954835081524312275394661908434282603619789139494873989223748330598209608033631415519818288011862292307718433647757482795281062892639760021357398010613945001409820246701777527760190983903069296084665711732152"
"-161/100","0.0673626523655424025574749686587788516002018269967252099552614601874052183207679257541799026243313478471645688387960210965235533608615172829088706639144607901747246465855466931640231909953794472782792263374059586249324052031001972853935861359085494903535364476215524542623303583638880095902"
"-8/5","0.0796526488068618887708854472861845004849903263531330570250858471753707075236285461811031115267285996333326986847075168256186863462241582620737804929776435907591053038127233451775509139421691700827592742596889925014893360417806636929012326231195320081646424991182951812078213292482689430652"
"-159/100","0.0920824453237123021212880843112871231021345965656165223919086904042482122016954066899910473220878462339773874812656463525129611809730312956170823101636807742613575304910585535827740861074705300522066137376421314931891672222024068043529386850514925462750386791263838224114131865073361129859"
"-79/50","0.1046388070214846840627102590911095881895725888166079119181861049972465698792593904624202315005880513398194522201616004960261434133429405811560024870276911796761696448284040117878068296684231950393522938709255912075658756481764258439436407335761793107189408278219852196689884150308489855402"
"-157/100","0.1173118546006968142280933784009575512971586943730982029355233558236310357433843613516253835648008441734034493434804952516830315413147405570864258050338577100051646887794408145939359624769062565837705283170406584234879695271910758208375052658263089568469816373448030909815142795241493330975"
"-39/25","0.130093407136185718899625361352702988905644608516551429643187286028307578861480856354597187009403797174469910763518123553965147483433495016360987124487824301504982212528040613322703663066306339487298843350906626053646302283200208898247869332559864038717647573506783415021624170796397050521"
"-31/20","0.142976171537492438427745220336151606806218526805859842277824313642009435311247205108180649068648879155984427141580353572127465554858969437255012328037732458361036348979108800200007482366592303263128586155586839419845898198873779522408319045216864358460649159257144895839559527586899341924"
"-77/50","0.155953312663408742552585053300272086327697026806280949569876425407568964877951311426283187990337043532537943114146540426503444550779191128957951867603517954059692073633989607991118349618322370602117027963273129629023586306099871380477122216802962679997827612027080262284015339419734977012"
"-153/100","0.1690182095943582909009650483079725431878130629540686288441798531813287983834028422928465143625824954475333960530422077316673206732499053222581195387178605881206433904795567959377129437248576776629306768623625479421088501762926051514935467375547777715207910322652524992642167798351829775013"
"-38/25","0.1821643093264437871761617743918634672130247243219838183949284544222878715872469274935765159510958180952707498142532793109158736228418343619875388795348571450499044127823937813894723505161079268717562661102310148621715981233865460515262425268946187434540060227329042065117789178477255818299"
"-151/100","0.1953850343759590376016025255623986652853897711311991254620844461666647331784133561642879264148769044503356510422436120895656648189918230198645292730115516076087524782836336560624018732840598479471081446881150255444079724183172899646761780108854634423170629249186004340110495060704395990912"
"-3/2","0.2086737216494315970856231419380781240942119230828719848029200270767800478807567839043989075647715416081278510053599765709841969988651483815284264518108099623009191622527239680085861576244948047578799960557231854192506288291554195524036558424372149308555576882416602843977348420355106155409"
"-149/100","0.222023580189668474446078498931754600217610282663240064096960025718726226776685862535693595089282305885219936262585409373850114005219873920547103575913638723768526557524100882128888568603313855925767642039553323251812288881318036005085880446181015978238376833177351570283321998844118761409"
"-37/25","0.2354276607252898100209509418395309277937419451575582217151516423138842699336886981840708897558133773517310101444768402499681386115174276038779192337832059670516544165884948739513630334066831106290870378625195171563559636075191359365458428852392324472664836322705616832462721391350926643095"
"-147/100","0.2488788328372021978472872208156796508705349232607816957679580601797164934410442232586867563355743249265051321622500223147410403315259371995238158987261453410921931009368006935051448907359355302931943961488551899038624573549808552967263591249999122789991095301474549742625924442934355727615"
"-73/50","0.2623697671855351700524865579727265496491828396553246529179854160965251743088678247142968372036337028210207920110318037341827506422493912574018807935538730632899069993515425165527172438838760989070970440114257071944399147376238244997808083269708123060428357727152827855758077856363951031877"
"-29/20","0.2758929211940304652482566198692035281304636538129000547692643898152671653561275429058778727429758879435490687584569342032507194078065001631191975006634397933713564588885980933508482333952522726059741037905891305090010343972236977339417882590388798442834875751331401745161586192234193009912"
"-36/25","0.2894405271641371121675615064762477919741103037593860471733984127718915883718345176127577798328385511625266014077010656561069457301468448564408687129133273970790331149480387905483303291399541579557684036870027292962206989893723808511621794997754953195892823105414613303219483026858005387639"
"-143/100","0.3030045821479050010036007605277831469405977049510613464060802534589555435716145232677143239731516731471416676121639669022281133881811491215682568286792803759614813729833616646864123969245423276687711726859040020849206468778240435493972647449429976531471019151376655442719318640251325815102"
"-71/50","0.3165768391357259527277178109767837831738708532035114534288335605392345506391805195998528597835536938810549524778002285830860427925916557637377216633255471483313551935135843079734252275270140231027695057395639896849464506439387690499262017329108541966385440569142730974854626804787780028935"
"-141/100","0.3301487992626353384388726099969283959413246125992544812712001661114750813694433389744772715895136986351783344456154520305871663338815584253881387602739163885430989518268155289536759312904238896293249127671823004078790268493915722802411203589895339085003224916241574697238201044807221167121"
"-7/5","0.3437117048349726922934336894868122085881888567324166115847278688551912385193315666123472457807712219758379706433595901465802149046791034008338774545105210226439971101879179855555681415283827511920880302216738347964451624421807388860826377085429217824729440330273926819154819919661009761565"
"-139/100","0.3572565330455968521706735132482470090128694567134860057381778237856364092886710163914368765707367887995375010591659584187266172946610079861195100372321178924985041730534553886081023659643315407570965608418334071402500277894980746061677550475264864101832913304192091013731914869910815234951"
"-69/50","0.370773990291576301714771842571267744484244521466507332902343342633113557962642304782530815259765881642976177549324975327652725580405687473427497426187532286645153951599050053887780523716783691662738561840135426882056827139080784064486596046228229137043651556815010923766819566853598126015"
"-137/100","0.3842545070402516887752532699888731995146556689233305995973096260874411865401236796227763272533805966673823656224477403277614603251850724037477588965059464848071690755170539213133392053345066308260681112282105575495705616830870200455123494343213072591934463026251306549391112827045838246326"
"-34/25","0.397688233212226790037644720895284171603847643836871270734399667857010321765462288921100095333151098242606630288072792534937181017734891774744238884102001185831403428194134132683861843297070326966345069356059714793797857253687233992414623517041596969178811219588634497505517381445242820606"
"-27/20","0.41106503406607128117167450572326537713460010277882156247380314644272546909341666260454929823734030814586625813856170840964949476374984763429658139632971927628052700261602015659280812539526233072702266012850668064069272826323151841469707608918621720961656697887142323391607774435113023702"
"-67/50","0.4243744865812197596236240026721459521250409053612837400128700782579331665119553576779028197368730805027057569537142052787774420856081190352524124428489464703561941736573362494666621775748127132190600675892494897827471222068953121146683939571890281362247529495865069852542428104518979918651"
"-133/100","0.4376058763440030811097477671416288159713325977453489656574662875486027417535974113854558139733822394290332354814240699159957962048178627252628285149204719303515091744873504583996905704635681780429020299983146667752859979617374222909421750561626829581424965616499484069464546249842911481231"
"-33/25","0.4507481949478151521532231765312064176513415352787562373844084420788461547987866732773025140634552943012493549394663167395422607944783841997546061579473585657329535679226931452324996136284965586670194624803980194535709932538946628631970079763441808738444007047759302643046171378259024328632"
"-131/100","0.4637901379226928597631057015011974093581220370531841368621476892449824117997390697183767614586211733246087507063705026541912283506274153070645920208676926656017192446978644954348399357592695412142220732132117526654101084928608110634237437540751344519107434805407988447316884547894790549065"
"-13/10","0.4767201032124773938942769977063449146000728845182452334534273175443164903594291492409230629498558181270746661529023166696317173015890703532814084627850816706537416053305196907662313844756450196665288901978885319335202069975920384782037567981526538034503603675308418406343543530133455534174"
"-129/100","0.4895261902195157031920801708772958721665056758188106956122902413802547593800038230126507040827515499164656970421825481833665896519447204514615579347524506957832017769698433853418938514121847155154305708475869974191554291474506291349297410411031111235049400623397324237685129704813443113711"
"-32/25","0.5021961994377494440932935307497465673270233809923293870175242785936253650347679334612970376246980335689715516804869391181928345535257211491835147324263212424195154585724631340659264944060598645752668546892397094525642856812665349588044731663283391393404550984423601989992292833518191884961"
"-127/100","0.514717632695164459279412022798716908732254854797578994629550581277229016136147544529668151549135923989442039543750315144229730469941526331568840877080547555252111858189656942566421621612602480304832375590402138107437425044021529746405265340786916351560575964280045185667009932382516206103"
"-63/50","0.5270776940260341974928706459781407742446385552658305593180084987132977861366087018393715249271066719277948085065106600506959375241575944665828667804804514752108091901135340523571629786910703908393450991308738185132498127408443994153321304882082447197157861360729090096885518349737940933333"
"-5/4","0.5392632911922544346156507840364779866794431084578374163755155627756835417057914437201197272005169229822645198212307591155316920885233339856373207207398472023588676930755455683872691449859410689531395103934231459063613152929341127653548400504229987472845404632455453342673098653690894184109"
"-31/25","0.5512610378713830790533115604552220848605454450343315416123920749692398495065308478928008352250704080951930410022930179257000529325918472975896002432456173428460613055159560941736329742140472769938024929703331615367542728163975486994135570136147877478243797628084148523378564803485202019702"
"-123/100","0.5630572565268029696993387162245776457417714203875999611968905166821507457956630501068156298416406836799682892369097264932781559463598266034068003035639246167308968236643618011377381010637695839839515036445939806777951501110186867553618993247874626710669631162148466954217973188141576966517"
"-61/50","0.5746379819727435215540550964968885434324114100910782598976404316110744277076339661248470581290746214476786646197615421945893513165069314565002140216255740990134727331871769005934280178021745855133854242893704366195533713963753430818313569838243625627381802127594840209000219283044090067444"
"-121/100","0.5859889656437492289946088511316535609601172035849976863020560095937101205253892346680834559917068973447017986600201301522042464299283836519502601772125108776149614872293014362646338363641183915725017480501439203764416821259651767824720362829683881000798715966058884872602975405456363162525"
"-6/5","0.5970956805745865891647980991811681251016002829619296239026031513829290210476545696841147859723438170130586614753027637417309987867087087380930131730847565775224498271411461812056629432982011042302229392277744403878945321704949823702129355701980494787559998976202030820009312285295561311674"
"-119/100","0.6079433270925518892818795975488110372614198903237185997958335595867452827474631714913046537064606271442442653738692040128354046272872575979993315696593804648048069299300214841414471006364441981038801680459820441568268006888789097845973643331466978657016418754317154645311665725938886771559"
"-59/50","0.6185168392196966922395218739804697504471092802980549072584792006005378319446407457073132903647783325770545173587439135840892460913558464339941318728032887650714271956277593010370843240007358650503262854535048313423037875091161640028576350601643081946075491580336033979872292272636053367666"
"-117/100","0.6288008917776433724108932173934070370538404505441198601691352543815510922267996959386973236794749280968892721117516837953687827949042947876075512474458685403424982905472325388808862151179723801033798072722023028761981275077019572636757029997485106711349128350856572211224910244963784055872"
"-29/25","0.6387799081824396991834009349583693601092299302667679647365045986166041594336143198480515724574343075830996084792288806642163614340082657965038303365040482192439681374421053342273796236369090058054293805250767915855538017534455923803855152290718366223472145419216756449942424373286228667975"
"-23/20","0.6484380689113223805361357295656694007719410377036659483950609297596104552600224730939548638349481341582073590400761806694964105449260592697620337969716790090766658133210274955112504979117526424361845934834564975822047665609622563032331538203586850297319633328943004166766192378967678347965"
"-57/50","0.6577593206173515455832914566372551012255369396550514175393626615996147212169329619944351061672390762095196360675891230283076087746428368012859392458615648340961577167120819498714444702635698805512380538552444532674907946059376045778548042683239630950941359563645874238572389022215210671756"
"-113/100","0.6667273858616724579598859799688991734544858309862940852369011111970436896289122501439774239776844237636321633154627869944175430079965059297439211682988907195995957673657173478273752143712955816833179720643990137170602720879750726811723202847337986579089739545827917477031171190899783297564"
"-28/25","0.6753257734266929710579592713568826033854439125823993649942273368767039206900904864280669718213537897354582009314680359346692852190961836073514591106841839055647395922715112743733314266392565988273197979195206919746474002722838953201879928182779456026412390924809859262009570777554625138122"
"-111/100","0.683537789166775832610148648821692771502079452835305341989041831858605410574069549299876076757699023971432081722501555727757499894098170872096928132088203518507517310403637329234011679991828285963823463817874996079437101630735296606188616844786246604073452214202926519177155364033399993008"
"-11/10","0.6913465473461793464724389438290997524754169870593001429832546573884335949312299557018127675405932762591159766171495243376279296041138841350779346248931475880083263679194091877027906495948018612528429183501460602286610505042529234339948531945332106040678687334233070084513625888049877666655"
"-109/100","0.6987349824069885306712557988541469588995943340758716416862728992848285668064673416150369566890308260308419342747065456208714408356471259190824723951590740483058567672817099862148673457893631719425915267703053368655872770259691245423916144987011727817735809236400324630761219146266784173806"
"-27/25","0.7056858611027171486270198232320028197877627001513158140344393424881213020743468432630104048054050980751207270656136168772107337542215420711201127086858188732201774014267067708469017611408781325228124952473108793271446978520161153011238977397446004426564202108963228721430244698227211538285"
"-107/100","0.7121817949261890126106024840577861091978821468871852024713316159559928093246413302133114499296874774082844144007995371831641437790898446021612046635902602180478218215798817663621729220483667237732695694177465638910042238562395374166664052067569714294690653889094285878761574071527487983074"
"-53/50","0.7182052527532895044152890723009993813310599651173549972487231489348402779325731737547533491830159711596018743270315199877268657155675064041448550589532858784835615180063537448834473319689083705934024642363730302430842462777792478459588945581396295889502878882345501023170449026471573941761"
"-21/20","0.7237385736172842989419286330561801935496228634196394103362468150385957401611494395382372562830616893887476459334045411323497017561543035109502788162368977027420956519309598098128825724272698489675018896709299484855179898968049486469471533008262096251551065773303974329244161795538328218599"
"-26/25","0.7287639795217045982271585721969974567428287923264675449956240181224975877895685227078656697516896282825650380223762438229722193730157576489745743996175420478462631825800102635378580087176760468686137926761021213857324356932173977564435655592831894940371881654805527102946596753589106466655"
"-103/100","0.733263588193372892020544167377830782128817763516148163426472195333516813586961211158688548693397149304376412087037709803618996189161066205342523660017035685497984605348151522124035886850992129357108333474836292789004573229719758470425911236342736623934131804202172838544675283923805750246"
"-51/50","0.7372194256710692135497522551477976628261280206349971783860834157944678337653326987904403553430968114546870321091200286917443844165331533467095267852399836967409637038582853601319418161385179820499894728134041091104756202374673871119725706203148463677922904020928913247976346217921037668349"
"-101/100","0.7406134386196960354100339323669841053472017522123139450478548865325932751331853699914841511110745180712336026513723056195944708701493443525069862545647445804008796104946096579700669454740784863615565560647665408267887383125491895435712062918345465606119287197454717492545237215151152070896"
"-1","0.7434275062546727755304707960344483958092375266885123543230965594582508964691947929067404382081345894686883856317446703346417158472394828346393733376992868107592342605709060135612424040305231547344645924212860316108232649262326736286241192297543732435528822665165238349480290364254659296205"
"-99/100","0.7456434517567615164563444902352919419014939564157489160097780036405158510414815567382769745276036792259708190172967689919098072710561732080802332967832384748242824520061180236138021273029837775962193828486399465035739725454133633157494656679555047499076926180795484118271097091432815325207"
"-49/50","0.7472430530536771511044649183837814939570652178780032612518259016640978828894237516165531303860959718310880529067847784532203438413099846391549108089848571345335177062087612525112090458380898491937142006801519106450775888260105511250538318742132931517594230203061960921814584038001673001945"
"-97/100","0.7482080528417502111955667637636628249268105209174297218729614902114411511398532843982489213830737764545021536730556878714982560661031440947031186549289717629953116899374430710815222871931039181023240174911310871498805109488057564912181261408803954706228023709170727141809607959167082244833"
"-24/25","0.7485201677186701625767668150802760120870730217421219377877100528140822913093068382599085666086889516096229980782690189387493535816122665736391543052508036565476700839047301728731576933256285385582383274481059691941768175558187027337278828682994255380911434886064270729679164310094578913394"
"-19/20","0.7481610962970199718252656927150146430111986584687174997936687623019450152666537793402907618432270095119049810020862978538211925542091433718575351976011153975285032189550875150841087428153361325604162590108724590127272865458914792031330358462848242277489284443477833578460316811458128446394"
"-47/50","0.7471125261679956634201147458884767812908314008064173201349821327158157202244112760594927596951571598220974049019776641869479332099196000946987845510432293437453640229420544342225494384465747166903094360748713592866562372594488114892339360881274696629743510608097334687731658872776661126001"
"-93/100","0.7453561395854607431547892884678390555996767213085967195268569524021774791029583188758398459814831918729998505122039337973400038191182086269791099162820424014567609662898778069157531268542857813779115472169615143747423428968497464523124318130955386633471517603554934229520225580283299908782"
"-23/25","0.7428736177423847409625705713692509927978695431925609631704165104218990246744406317975850780811599590937282324963377327184840843140886355367124767194792989767701273333631875214764880431012071678066748271559852671285887631938715389183757596541446208629546289595222886175409314887778519509986"
"-91/100","0.7396466435148241984365899433167640167723957345699855978932737673775201086508278146610162994826117777781288129491329560945897944243548667407294554192662180410821524890249509928575701730853549112777351489187749428143915036938732712528195129040783235532770311935426379101030493282524507655062"
"-9/10","0.7356569025529862285607399542564045612061589078288115820364817132892133603379020153619687602005776823887401161521680435110157188277954459745812154163884024412527784058454864539544083780414968025444694270218420904322805239134881094921940016079230446762454095426240384119775143812043765260387"
"-89/100","0.7308860826046292176909612281421138647215342003803472808863195204569764799677932924789399813207907466674814169798010056576729548775970799951466859764633908148736479712045340791505243686359890585421586880987309462252305587518479020737975605250535677911124594257077460465081607492079946994197"
"-22/25","0.7253158709631597057858331706304660779362110811216224076964644253510607045157947697095497364099639298485281681131247809284436119489924479249888818775226872704385548697031489902687368221351614607352718107665746934974169539826600884075827412029439225859083560103422264358023217729876270169632"
"-87/100","0.718927949941334757613004906496038667974550598876857130285674752725856510019231495990719747317549836103680953441601425316394492912145314757682041688357145398688104723822732073735730488438432303748211584918388670939127712070590315417927977641178394485984642191826661049919296151582462578967"
"-43/50","0.7117039902815307375349436351797976770116720837091822659580017156178991246033163013908496114760271915193117303772953685962636576081990030664029386180245301988454811818004135618468973629590334992895999060137197674480565440054208140382682921769377422897285896242453935268129929339066779069186"
"-17/20","0.7036256424251493439898807196678500991038297090946843529384553521010815708096059097846289626320310572847803688354183009628637032949808546760155237358641761299910394483290606362290891772761008852996531037559592577784732357544502754361113010480881110537984058995205161881260880363417034527805"
"-21/25","0.6946745255769609191776237581782056448062417770899342904430558979838441675989108417356791009458266322820013957170176143245124902987675074745430416855677171327354360280197956471619839937832813578217822442056964821103021590951934606746963182189841825486872674836721382531222222150567266236901"
"-83/100","0.6848322145151011940785406448570090868200862691260287837762277655798882115024970520820257716827350512040895222034216300691490779344393200251510933146897589888762300070414804545758728587531721976284030229369270049614502152403571348658131700222978327839637828972024919864877266087564211649809"
"-41/50","0.6740802241141193840026028878064948965377109084064352639234753179128194854365504336112996111350436082698412768821764081117081989816681302212713215614850123022164052473541001746459974382247212193402125693252818092990492097876785413356903423524391911746609374089057256234977250692322117664329"
"-81/100","0.6623999915670175983291224119771084187979948064358077203231728465957983199397805198519438947831330308051846975220217386288632142216276421995159780753134929538273639741094284737828719812272603640481217070423195604669209839234866707832793115588065220712311358098370631787852339737540742197516"
"-4/5","0.6497728563127415834996894136055989482463045793402133997498132538426598646805180260757613291162689007374078527493775502902297993984068157150424009194063702912212982077969948254642231442620442788879830872869795108305261083069676609352358873665002188102984975137193704436461844214910978462636"
"-79/100","0.6361800376982312348138493567601676064211077433173440224432785910479778379650482580584542006175959616315390527904195439442297272339593147266479787935976528587072517605455013140935787035026198984637158370192985834650969558391582846411736332206349900999396991982928008776787328220083540956283"
"-39/50","0.6216026104291127830802150703634661616363475228355050121809820267005060933138215131683142702274728422358681189072335703661281200466862164705625495586923548798234370853729837199814220657154913531460137445102550107224672061602772804809474630614175753827842935609854829009143682969215198098883"
"-77/100","0.6060214778906763855867955822738943242603312890861746517190903419064679849043160305865728302000570296752226102941569928524340673410541585944550920667996915278527109676306943994687118126174913949088441437980557495584858776133159117001773495593063574494006150017824528081573941032629564519506"
"-19/25","0.5894173434512940978341111191165082808440037976502008978109757040812471877781602253408966751726536606184340136625308749229905325229876003062807035028347575674721405596754657488100566741026361556649053805880721450833509575063635143814651116118392799545723986829731648977390662139999111942307"
"-3/4","0.5717706798944025020360687989009050973614721210497544662756446655173696395357351928587016266281967812437099027690910576263794122464905670889447020742637945369477129251135197936844332629599544581552400526436859937106727406351228727069408384192587648567346676887290207323762328326618322046789"
"-37/50","0.5530616971633403141630619007377771985829173189295494445596931460869021917402188812674193903174444574895292283544746374636045407775369310269875672945837313105057650132407134993655837349586401774403540574973982429455407014801485179065749364943858520377311553584381683737553020187966141392301"
"-73/100","0.5332703086468044735419207252393427827749864589643172066081967368584064156325851774669983277922848347812303996902522972208172063101459242580349393800614266388950954760495529973695077299019506882325779657371643165171843148583747970911405581964809894173086687798766141561605449593999131008023"
"-18/25","0.5123760962832022411080318678262341442866447130402302320605338926001512788332803591692469451667882791701121951043307632387970612573904492976151952953356446111410257636737445181275996873814898570483511190660812287964289437327712076981037937792000254193473114117377249378812566302114482349847"
"-71/100","0.4903582748225513316689928565951829922572245594118308907692829961714600231566785042354797922147826202184551984815950147558118236083592733986918073476260510624192118864815484980707380019243335533921527344379555590921336170275070950125233455369249146792015345881615062102707695496004722564617"
"-7/10","0.4671956556596018946380273200114727531460858598539038715881631091388369909478080315831233442172551426950426248990253160087536173304542917495180415404498657843121138301093246834325244917107384110435937994105692695440465883189460501501851009962636832794011978435429614339455643034041873895335"
"-69/100","0.4428666107500202796246115349511618596320762795999164007879744413839089333828072418127867933531899059144288615118850581309104986399613944608560125321060708896252705425666738402948845558986805669761010187352606860224054872182164391596941762324801573841024340468027514941962588376305120444524"
"-17/25","0.4173490372585842311862324684612661718923256215726494260940226358024985875797525121196418958362497753585843641598370278684816594970992803124415776579361022525271361310466284998777729296849679641251672708776648242720785836988530865193499257788430869067084026141548984869421788518174602645175"
"-67/100","0.3906203237952411496233236305876169992722246289310444034074676603825351197707561152556029229994872546599787861461231546728979368416885828147012418882867815609228072001306678935484988419079407863239656171512425114592474503721901805773747384305703758234029900790914559099099628680737577834258"
"-33/50","0.3626573194350657616465952929607022233270864665384278676406029127025264894924875304642493593021461101237228784886702433036260174969571428368156660226755046339123528080189976410666443369575511343694137928850944009662208430494965965734783478307383482732745277827175260531000040870012354473824"
"-13/20","0.3334363073301316999362419164439916673720744396663074460569073812649981610176283465959400375839882549390112222017392545493838756199621171340461651901311477429045398040597272106656695485030403712686496456866929474856601656183021228682401685079919373609009914706876029169208834572866421232565"
"-16/25","0.3029329859279667177417634202404065371243613261863651242107662920264838219212945260928293127102180620306956104752685560018766100966359740066938049768561420847698811560453516775220915040667521360367672560309472539157397925002308218787065166278192429678244252831459909310214398674094841873933"
"-63/100","0.2711224634259411359100007158737685269805449792505751279331396141936953457451165554109153284466505579244799438891859803847910420686894633072720828036463293239724958307582904507086778801166016114700689893664691580086041568277521190333232933650386955983799879209316461010388496953444979297672"
"-31/50","0.2379792773626808005076092565194444937263868548148051604776932254989830548272552882668738010041592884529097262768696124744029801805556772303187062248076558065378319873955578960035155435368525547163772123330057214379161007819462638569465077638546196582027373255620863393335197674478383096779"
"-61/100","0.203477468157598637766826971537070170147040874336793753293227487314343199112035569516667790089466948220899624655241498387629032228534295290172829992604718131734519736120764789891431346055145148861210674824060663600512819563132933292788586874373869851732830794882721780142114821375723341228"
"-3/5","0.1675907881072635904609021190701519082426307172294167888033255263097337267112886935877157657216289324143815474777362569144530512193435211918445813628199992830253225036269414691014263805056120604562967393603963492871303092889086320708269935649462137240973046194742380764863431075218874402902"
"-59/100","0.1302933267155232078091711150956810571416685350693091545351448875905504663386679770718572685136076389926400891680371254432071398083301919635247006033594925644528045552031557731127674735151413417276135346400392642618116829600869545206320204521540551233919568605929294282965030999372141733845"
"-29/50","0.0915618377787289564233982353246588778182722069243924877420934180163886138784344597715973272598171557229191956833067659823216027311665017371862446288542219670869312218173192383250999364771607162885930855052519863576331560866637395916246808708365034521652814316292593369052649346237401016539"
"-57/100","0.0513894183126715246108325260189695618062986058478258090809612425735807059479502649185001443348230088318860671943081493281368203945984833403998857688475879671909866150111296343818476677507039477686288391926361122263517157441828502537976185677167397011306919300436249787693569131218522570959"
"-14/25","0.0101488627403373446034356645208608968661101474799346867141015331368915839596358751047647080362642115209287769434225275891718698619247074167505252427114875928619783734264753323695812807206936492212139588363000065251432467270240862145247502285123565703555012135346687812506524766025266451778"
"-11/20","0.0338826440390833151291273486911018435126537303016737336283244698975175638474556388169236052190169439224010300043001172519411738200553738311272225268053833735735910800354404999012381879643967873540049568872010081939170896891690752963116584053947324873143542854200384777674416343710251390648"
"-27/50","0.0786038057031418908347698637197076160135597322744556195838997802588790576589617555342331161006354833443727602576686567593501438929333191354182200374612107786400256703918601304776608359893674154563156759705519402620981546079012751495250341836910662554412940809908960554239085958981919650328"
"-53/100","0.1249913058746286968045894808263562678626658199283905253498576003629300326629818869088466188037370171326606408250403468266159648735717390644077695295161900009128189291454354335462770637408324730828713371799027500778818522668338811014911900176797803699463647115488738776727232365328013433606"
"-13/25","0.1730199967846543508488459719135712654858702435855970846325940368696819282043407321912345983084921070489160188130625683252798694188872285948769700196052043448535737428803519104385810798244320877890886239668360928582718676528808838080504595549330685417486249153006844777623010270623386010497"
"-51/100","0.2227125342084413014099348795150939542929692862778053577133013711284076701265620394794746046811661270593513312514793539397853659406918246871418087079386623826878439339547507251705489206390696588467479402414600952904138156568124268355661470317258358381588656536252709485114796450201798452296"
"-1/2","0.2740980668786262607686663712578644820368484849507891333608129651038780705200720079693735685604951127741653155345747529308980696817978759207604310583005220000631280703864874801692964445154132939392547831977921714060726672424135567506478336522692176193862317898165945412455778382180396763873"
"-49/100","0.3272073101461527789489561977971711320767936638161272293230938597499536672999822849307155411288643841506454624052754183156432809309545119545881710645035336758346735179199646232590003721153267766978419632396686592681130669106367556127653872552513397115043567725047737736468062975715351342477"
"-12/25","0.3820712401723262537381524427064104216389048989880981660225320823523773747985888657150167299702997342289095222705436662058065698334017918078579446052732986556832894700521744908646770694324446383090326587684027932716008538451016720411543571840947083759828621934998689372632633527632271820634"
"-47/100","0.4387204899771998167239697143882716749762345147919712792580974505559716743683928800070581553794936554218011357435369905189517776607387458491886131218791205871227159929166795989183338432217697293629562516903115767645305408966492553057524951656780960944063583864568304080666657090278900750665"
"-23/50","0.4971849127636183010795887871898489307571319396397216640430114284213023551858786379423570038531600341866665302113513390519317506507013246655410075443419336446872736949050882162271731948973236871903374126351469818507341048265237756702448285739215326436816561610670561433626990209803557342246"
"-9/20","0.5574931712989493488927560852407088423363409867204831097754962454158904247845990291376059554187895890236435786198998794988966407089681412596661273063844194530694768024398822628258124945541910349125239286846040302817988610475040504880824495523412167454239875276062110257200332971218053053874"
"-11/25","0.6196723047660951443980931350615372680223348265470552588262118290436045802886426818181061974713822524204874763203056658174607521020052983363867909450470735537410306101449268971272539517901580124120968675106648269900566009337778257830471320883245512340447555951748212043371477272636746093324"
"-43/100","0.6837472517636746947762600096463767815859352117547076613782752050696712970802363514527055802394154994927860847034941646622779225393451683937694347430734867503201237828368644076278697839703531978530043929010883174573809875388880449266428545751136513974249030197480090875451073023865327654766"
"-21/50","0.7497403175279533839959827616016285183317135169167132723447444704991804141004251104295877166987865797346327428438605453449524756700352099258545224362248673339780714718186080543346844665658780911918380997892252754188407323344983506026013856820725149521884187247309113731395901262059544003547"
"-41/100","0.8176705771244028142844922928997419881553527007795697223818933124484123586222759943740458641093904721574576383742962198667519188130560291914161656128843589516814752084870848762858342883875799327904593725174352139546309388733304880295020860798952426141180058597722333201900557520838642713585"
"-2/5","0.887553208016210360432410717022511545563800542938206317347953902705764758262266929669656930350800179833511358126247530637567992134099727406379612045065463178303168462050862160853090626189839809016479933538035784184047783428534119482148118142813527629279343621994078506033060122182872657919"
"-39/100","0.9593987463572623421030876242496733832442505155155089010353877255545518059432509981747384731168651272479991611221031645451355595886803000923206061875655744150084026536761129218153876623834359204717326099402024555054767744577068040373251042165652539142498749124759278299692146909355226056233"
"-19/50","1.0332122620966625629456982655719382644721389113699178474891109928122779915753717621095317380174434384563228568844630648408904213889039447067428620662905843232935014316481296490632483915774033928421365338907545012410557859747243086071285461387618750351708636634877110917754002118599883936393"
"-37/100","1.1089924487618604912676889078833301070828767030650997057143949749571539259159908899033104596989400363303131359094655565404339670624229630785554458655109853619509617215545358010219700153300516806071991401063004280055245980599295434662446255958848093358460993254324321920079815230301279908443"
"-9/25","1.186730624743121935273912595279352785282696522349986225305404287312527456732529016526436569938370363619594137931310669745211043118233622757304476171587651991443963936936797852894618928833558753479727447433603542501239588701272228494094250745825520268530780042073347225451195516688107734689"
"-7/20","1.2664096441263898017024649855197600324771594797047596234867679326414033890147127108005351793704123852748502809730988622688538334533206604410965492735282222535430083170225706939399610825491043133239653133143374033522087729801649071362365640388660293262156956135151180156705914757115074881181"
"-17/50","1.3480027166904279489315565763482684610572674471187763912776571007138156884462289232964218565167964690991885780912623641443066862240264725566633541279629459462106586527382757900500713341137367491153163851169987069547798507587008213176113432637085123558847812760799974681882772844405027679712"
"-33/100","1.4314721386659107703711513094032269391262294093474399623582438958494114016395973613753575946058650029328141390387921568352895584778097250516682242575914015062415986313043561078470035448888126471811770458599218692106400681398112074201314942566697101322905680777663153343528276228939823267552"
"-8/25","1.516767938312544032960927424666913823452598608686664023919492275945874899172097648694248369021316619683060852154044816840482822580636660157541244693265436793050248419146127411920404827465110368844796856992551735427291650231586635969415402226848247720157223841237900007301363227069361312902"
"-31/100","1.6038264433636787889720579121695079873838925805230857089167820699475296535612332539205808463171005109183386697346630572266539659888530290826832380610220015199147953401605663595023775340783095200037851567487267428315510248678482041391672468991863860276934277090675927454179831742576966716199"
"-3/10","1.6925687809659961013071665359015725969013571182059340895704021608494520620048059893142201757124252549759104174493948007349850046706533859406549102628152903206300534432293475124109604424083420197300879483736428558317199686333327900458131409661835065290230179082467813696957818620684766384087"
"-29/100","1.7828993249410387807934114330064435018284736998199406656630194783353158658717225068142961030803060477038497101256337685311667798528662625898187671376432305456937241154864688246017783034820087631006146000810582017892788501916443638499784636402850758857785302363029665175769243179752935327886"
"-7/25","1.8747041100319551712813916794474160138765980289844771087929789901338877999171251541757324975583382099272909111571730436431022828679513869482259783106183726230895610813142035307463833057219326362834400778377431771356831769538325339159483109194523854898241043694927417014907541332308348263987"
"-27/100","1.9678492382609323747043197839337005252830865677285835708257076930425522848374667766952274150257272146206903893196755734004130503616120222703942510500743911889778426780967613048423949828111714691256961052121655243867218423659151442757564484549466849534408985075833717575290795386143449648123"
"-13/50","2.0621793085608782507368455436991330446198421565749638338236374644965820486592577502122516789251925967911917784243130840490403070256239361696801026434396000632559229477988224694760054905209881070502269830380128622553850941664016022305288342586768070593739528463689199097326128943304551838722"
"-1/4","2.1575159073611651340577963787763761219065140912790860565234602697143604732331435479645237773031749678116666866680950835943594223893656043286527344484897246130168506853066233900841261720879459118103083815484117801765020340363411519317602508769986209376229668264488024411089749858522726355218"
"-6/25","2.2536562046445898309098178197057719069676411462240843240207010395162789745181562964675780479759105921449834218123560364779790369673499665266751780746043048440718241786203908329871567428673150911683398714641852196700673415394288897100443623096015827177968850301168935549333418273655623920079"
"-23/100","2.3503717069240982394078644688209019156378910267122968032264879015478570060244902232186878741120017190434106648291357508179171422610266177821804344187065743040343002910129677241042872439547658889801989345546569020574820044069227706525476274000298319210082620744171656993696120122546897970486"
"-11/50","2.4474072253072037701163789035499730195502031167000913211650745128928550534218479678199918194821848866236809063133523663549824655211350667997832368416349855168055107076155703696258880224182062399584386677693782036263548433990430076437161194236983078799296280962274342141342986437111213038094"
"-21/100","2.5444801229324079705389318220423620239083288979380853996270159359545877306664683787968741238670762729907423713417862892894221650125531462210904525489176236527211735840636263546772742597535995759312418203089137605742544269250359367026264838486371838426042646898576698069047000245308314435187"
"-1/5","2.6412799110986374250498339864078992519061039621750074798382133534640039121016844130074332085411606387646968535610592516584756988204690450647958499124274859066703421809939793022787651069133067352791957737733277369965988805879253005539840832093001347910720875220513544561329047216321266700726"
"-19/100","2.7374682668099831942514664488196136949363076076285126944316905795280406413535071269559973279255007405825472761193476922244130904839926144416347459834508322074647195567855800358521273845871143771300332817828703936602857224237244114494815236453847598900912118653583117010834804483912434040849"
"-9/50","2.8326795456052798972475633694975610493231755954760870624606085801793762095772610870126438828091443642217928081083348485650084624791871766833243246455457610820103914222236371083545999163537492602391377383590322899889282755417982549229933318643681858944490655108483724132559880586190069402346"
"-17/100","2.9265218617819105813548050371899512917766016415791814877631988270932036187659133076580858341561908240583697688854508257204699081154094813973721834469897485707625660127549602826380623942075968082549325254314133059059269135421018976536974567414701324171390312214273363691277756020849885550876"
"-4/25","3.018578802808819398398202445117022520357700952355626911039385490956921623027736315547408594714543395803777417347006912440418859899609351687696492180242015596144300821458220299317978973301516185063316009284811405051375763986568385401003048476974829980746120143941757057183029831600631047271"
"-3/20","3.1084118352697546819451488463029390650584945953172652414957230887235761777822126538694526463003454618988215956464981399045705940176868896811798234503806090074247942145156390166750409348908501624793867599953492329682291315624247322188992238446228468349173914505735699276720610478524707692461"
"-7/50","3.1955634456279786714290856411716825320208502884064804262226843782434387959226074828620992483879996455356575208265389208657914465947365534952028340178582177344995464550985266014936875399758654254408348491022258646053207360619103882277455011011838247846883357309688774521857924484213797925734"
"-13/100","3.2795610402073594800855308046489687685625826693111916861200478812445188986268155319291904213748666781562259061794861888243047055009497059885969052935204428948128402392741374108902551776944663602241365970025301760733361665876558738333106618015408439827543746374310877622230521954819626923093"
"-3/25","3.3599216050763957985873703565446658137731576221438694606394012537085932863563057008642862375947407856313800355410081757104943544486991372213744251065468349856825716688494265903749323370470324831673283370658205399321881007108033460703369993094517867523341320219935921621941587475650222146514"
"-11/100","3.4361570983951582831074995594347433615813300238016703873174453398627232381287992561237878183942456541618761071865372768608241600833961858847192947058823219097876415145577299003169896452952014851142701902829407907972736242000063333654586496281397172197189243683891143740505637966236957950552"
"-1/10","3.5077805160514076451867242411383193134875183777757019304683350987151678264270040717472432852484431625323767257817029369454088618987575744977593257340425220251068216846721487933688724154513029324392466127263709307907287766624271333886783796450119683596562711590824860020707848056570108502077"
"-9/100","3.5743125373289024371218040186933504190213240566490504771912442686986722083511876582762257688148416202510475628023804913596795225558248441196462037249982374435967929129040210632623182303280356009355561857905831737449228520605176361523039132807912530710331787784313785963011840054498283526157"
"-2/25","3.6352886226113688793712695741981884569087938176979410088446950367285037013120352212847058991084289309403463890070860221044245974513490136774062212546554398398429719393989979351200422521491392654753073614517108009067925167112169717630750870749624447168511659587311235933621899127832426937469"
"-7/100","3.6902664017975840040333862464383756258305391059825818476313107828546872030022520871805049384317270779625563122217670959573844700361981783895351538327806538627947816447732954105152642117524296967646462892650564865747623632243108800439255351321673383967038566751741150067190986640766896946159"
"-3/50","3.7388331625128994542643271180786347435806822549277439111344172446569770099161727838673704033603980413804448276286339723940359865389662641753358711771229225125045016150077317005637961921233380553340756746095972092594651424368166021312644126954022237124292905733605868205728343383173548408239"
"-1/20","3.7806132237660860658316940706159829996578825346665352943269364371028585412089961453894908856360461643884092668964148882304061517364474205605062861423567709636491068624719666251467108644132319682689108894214333862785897856940900688998059242035302916457201056573869386001246707072596956135239"
"-1/25","3.8152749657107644109742648680646327114097397200877278869411412213499466171641887506160570687167732981206711822063162420565047177317932865661900378395676302056851760527010572596415784040872822429753199624353997660039206227553956668927577527953230169926774390802657595201304723285002489729568"
"-3/100","3.842537281562593679946188074681015084243217813090501838462779905525582890947973793709995806316963744763064927148466272703373600340095907763739763242916542350129789242832642306747049712514325115401063257706416036367694319773319593340233061391149578186439820930415434729114380241220811848338"
"-1/50","3.8621752248399351130330724863271545698254883958223299402441698308423462378066955361493526236520269452677707654694082585783374145037703940115918648950814591498174992670574468775558993537783329196373412574771792203397942110851608705732831736320602876416739182295492457889442003713135721645449"
"-1/100","3.8740246444890602014460149444562384671024314827904156826524836927959566196491250498412277369807144886065681823621275758176693222429611456020703960402092155523880274258407455519802691051908454526894941789962914574978628236708828661357159190711871927887871357517419527974437882592038266760382"
"0","3.87798563175168299554940176676609553396701812744140625"
"1/100","3.8740246444890602014460149444562384671024314827904156826524836927959566196491250498412277369807144886065681823621275758176693222429611456020703960402092155523880274258407455519802691051908454526894941789962914574978628236708828661357159190711871927887871357517419527974437882592038266760382"
"1/50","3.8621752248399351130330724863271545698254883958223299402441698308423462378066955361493526236520269452677707654694082585783374145037703940115918648950814591498174992670574468775558993537783329196373412574771792203397942110851608705732831736320602876416739182295492457889442003713135721645449"
"3/100","3.842537281562593679946188074681015084243217813090501838462779905525582890947973793709995806316963744763064927148466272703373600340095907763739763242916542350129789242832642306747049712514325115401063257706416036367694319773319593340233061391149578186439820930415434729114380241220811848338"
"1/25","3.8152749657107644109742648680646327114097397200877278869411412213499466171641887506160570687167732981206711822063162420565047177317932865661900378395676302056851760527010572596415784040872822429753199624353997660039206227553956668927577527953230169926774390802657595201304723285002489729568"
"1/20","3.7806132237660860658316940706159829996578825346665352943269364371028585412089961453894908856360461643884092668964148882304061517364474205605062861423567709636491068624719666251467108644132319682689108894214333862785897856940900688998059242035302916457201056573869386001246707072596956135239"
"3/50","3.7388331625128994542643271180786347435806822549277439111344172446569770099161727838673704033603980413804448276286339723940359865389662641753358711771229225125045016150077317005637961921233380553340756746095972092594651424368166021312644126954022237124292905733605868205728343383173548408239"
"7/100","3.6902664017975840040333862464383756258305391059825818476313107828546872030022520871805049384317270779625563122217670959573844700361981783895351538327806538627947816447732954105152642117524296967646462892650564865747623632243108800439255351321673383967038566751741150067190986640766896946159"
"2/25","3.6352886226113688793712695741981884569087938176979410088446950367285037013120352212847058991084289309403463890070860221044245974513490136774062212546554398398429719393989979351200422521491392654753073614517108009067925167112169717630750870749624447168511659587311235933621899127832426937469"
"9/100","3.5743125373289024371218040186933504190213240566490504771912442686986722083511876582762257688148416202510475628023804913596795225558248441196462037249982374435967929129040210632623182303280356009355561857905831737449228520605176361523039132807912530710331787784313785963011840054498283526157"
"1/10","3.5077805160514076451867242411383193134875183777757019304683350987151678264270040717472432852484431625323767257817029369454088618987575744977593257340425220251068216846721487933688724154513029324392466127263709307907287766624271333886783796450119683596562711590824860020707848056570108502077"
"11/100","3.4361570983951582831074995594347433615813300238016703873174453398627232381287992561237878183942456541618761071865372768608241600833961858847192947058823219097876415145577299003169896452952014851142701902829407907972736242000063333654586496281397172197189243683891143740505637966236957950552"
"3/25","3.3599216050763957985873703565446658137731576221438694606394012537085932863563057008642862375947407856313800355410081757104943544486991372213744251065468349856825716688494265903749323370470324831673283370658205399321881007108033460703369993094517867523341320219935921621941587475650222146514"
"13/100","3.27956104020735948008553080464896876856258266931119168612004788124451889862681553192919042137486667815622590617948618882430470550094970598859690529352044289481284023927413741089025517769446636022413659700253017607333616658765587383331066180154084398275437463743108776222305219548196269230927"
"7/50","3.19556344562797867142908564117168253202085028840648042622268437824343879592260748286209924838799964553565752082653892086579144659473655349520283401785821773449954645509852660149368753997586542544083484910222586460532073606191038822774550110118382478468833573096887745218579244842137979257336"
"3/20","3.10841183526975468194514884630293906505849459531726524149572308872357617778221265386945264630034546189882159564649813990457059401768688968117982345038060900742479421451563901667504093489085016247938675999534923296822913156242473221889922384462284683491739145057356992767206104785247076924614"
"4/25","3.01857880280881939839820244511702252035770095235562691103938549095692162302773631554740859471454339580377741734700691244041885989960935168769649218024201559614430082145822029931797897330151618506331600928481140505137576398656838540100304847697482998074612014394175705718302983160063104727099"
"17/100","2.92652186178191058135480503718995129177660164157918148776319882709320361876591330765808583415619082405836976888545082572046990811540948139737218344698974857076256601275496028263806239420759680825493252543141330590592691354210189765369745674147013241713903122142733636912777560208498855508756"
"9/50","2.83267954560527989724756336949756104932317559547608706246060858017937620957726108701264388280914436422179280810833484856500846247918717668332432464554576108201039142222363710835459991635374926023913773835903228998892827554179825492299333186436818589444906551084837241325598805861900694023464"
"19/100","2.73746826680998319425146644881961369493630760762851269443169057952804064135350712695599732792550074058254727611934769222441309048399261444163474598345083220746471955678558003585212738458711437713003328178287039366028572242372441144948152364538475989009121186535831170108348044839124340408494"
"1/5","2.64127991109863742504983398640789925190610396217500747983821335346400391210168441300743320854116063876469685356105925165847569882046904506479584991242748590667034218099397930227876510691330673527919577377332773699659888058792530055398408320930013479107208752205135445613290472163212667007264"
"21/100","2.54448012293240797053893182204236202390832889793808539962701593595458773066646837879687412386707627299074237134178628928942216501255314622109045254891762365272117358406362635467727425975359957593124182030891376057425442692503593670262648384863718384260426468985766980690470002453083144351873"
"11/50","2.44740722530720377011637890354997301955020311670009132116507451289285505342184796781999181948218488662368090631335236635498246552113506679978323684163498551680551070761557036962588802241820623995843866776937820362635484339904300764371611942369830787992962809622743421413429864371112130380937"
"23/100","2.35037170692409823940786446882090191563789102671229680322648790154785700602449022321868787411200171904341066482913575081791714226102661778218043441870657430403430029101296772410428724395476588898019893455465690205748200440692277065254762740002983192100826207441716569936961201225468979704856"
"6/25","2.253656204644589830909817819705771906967641146224084324020701039516278974518156296467578047975910592144983421812356036477979036967349966526675178074604304844071824178620390832987156742867315091168339871464185219670067341539428889710044362309601582717796885030116893554933341827365562392007891"
"1/4","2.157515907361165134057796378776376121906514091279086056523460269714360473233143547964523777303174967811666686668095083594359422389365604328652734448489724613016850685306623390084126172087945911810308381548411780176502034036341151931760250876998620937622966826448802441108974985852272635521828"
"13/50","2.0621793085608782507368455436991330446198421565749638338236374644965820486592577502122516789251925967911917784243130840490403070256239361696801026434396000632559229477988224694760054905209881070502269830380128622553850941664016022305288342586768070593739528463689199097326128943304551838722"
"27/100","1.96784923826093237470431978393370052528308656772858357082570769304255228483746677669522741502572721462069038931967557340041305036161202227039425105007439118897784267809676130484239498281117146912569610521216552438672184236591514427575644845494668495344089850758337175752907953861434496481232"
"7/25","1.87470411003195517128139167944741601387659802898447710879297899013388779991712515417573249755833820992729091115717304364310228286795138694822597831061837262308956108131420353074638330572193263628344007783774317713568317695383253391594831091945238548982410436949274170149075413323083482639867"
"29/100","1.78289932494103878079341143300644350182847369981994066566301947833531586587172250681429610308030604770384971012563376853116677985286626258981876713764323054569372411548646882460177830348200876310061460008105820178927885019164436384997846364028507588577853023630296651757692431797529353278863"
"3/10","1.6925687809659961013071665359015725969013571182059340895704021608494520620048059893142201757124252549759104174493948007349850046706533859406549102628152903206300534432293475124109604424083420197300879483736428558317199686333327900458131409661835065290230179082467813696957818620684766384087"
"31/100","1.60382644336367878897205791216950798738389258052308570891678206994752965356123325392058084631710051091833866973466305722665396598885302908268323806102200151991479534016056635950237753407830952000378515674872674283155102486784820413916724689918638602769342770906759274541798317425769667161986"
"8/25","1.51676793831254403296092742466691382345259860868666402391949227594587489917209764869424836902131661968306085215404481684048282258063666015754124469326543679305024841914612741192040482746511036884479685699255173542729165023158663596941540222684824772015722384123790000730136322706936131290204"
"33/100","1.43147213866591077037115130940322693912622940934743996235824389584941140163959736137535759460586500293281413903879215683528955847780972505166822425759140150624159863130435610784700354488881264718117704585992186921064006813981120742013149425666971013229056807776631533435282762289398232675524"
"17/50","1.34800271669042794893155657634826846105726744711877639127765710071381568844622892329642185651679646909918857809126236414430668622402647255666335412796294594621065865273827579005007133411373674911531638511699870695477985075870082131761134326370851235588478127607999746818827728444050276797123"
"7/20","1.26640964412638980170246498551976003247715947970475962348676793264140338901471271080053517937041238527485028097309886226885383345332066044109654927352822225354300831702257069393996108254910431332396531331433740335220877298016490713623656403886602932621569561351511801567059147571150748811805"
"9/25","1.18673062474312193527391259527935278528269652234998622530540428731252745673252901652643656993837036361959413793131066974521104311823362275730447617158765199144396393693679785289461892883355875347972744743360354250123958870127222849409425074582552026853078004207334722545119551668810773468904"
"37/100","1.10899244876186049126768890788333010708287670306509970571439497495715392591599088990331045969894003633031313590946555654043396706242296307855544586551098536195096172155453580102197001533005168060719914010630042800552459805992954346624462559588480933584609932543243219200798152303012799084428"
"19/50","1.03321226209666256294569826557193826447213891136991784748911099281227799157537176210953173801744343845632285688446306484089042138890394470674286206629058432329350143164812964906324839157740339284213653389075450124105578597472430860712854613876187503517086366348771109177540021185998839363928"
"39/100","0.95939874635726234210308762424967338324425051551550890103538772555455180594325099817473847311686512724799916112210316454513555958868030009232060618756557441500840265367611292181538766238343592047173260994020245550547677445770680403732510421656525391424987491247592782996921469093552260562331"
"2/5","0.88755320801621036043241071702251154556380054293820631734795390270576475826226692966965693035080017983351135812624753063756799213409972740637961204506546317830316846205086216085309062618983980901647993353803578418404778342853411948214811814281352762927934362199407850603306012218287265791899"
"41/100","0.81767057712440281428449229289974198815535270077956972238189331244841235862227599437404586410939047215745763837429621986675191881305602919141616561288435895168147520848708487628583428838757993279045937251743521395463093887333048802950208607989524261411800585977223332019005575208386427135853"
"21/50","0.74974031752795338399598276160162851833171351691671327234474447049918041410042511042958771669878657973463274284386054534495247567003520992585452243622486733397807147181860805433468446656587809119183809978922527541884073233449835060260138568207251495218841872473091137313959012620595440035474"
"43/100","0.68374725176367469477626000964637678158593521175470766137827520506967129708023635145270558023941549949278608470349416466227792253934516839376943474307348675032012378283686440762786978397035319785300439290108831745738098753888804492664285457511365139742490301974800908754510730238653276547664"
"11/25","0.6196723047660951443980931350615372680223348265470552588262118290436045802886426818181061974713822524204874763203056658174607521020052983363867909450470735537410306101449268971272539517901580124120968675106648269900566009337778257830471320883245512340447555951748212043371477272636746093324"
"9/20","0.55749317129894934889275608524070884233634098672048310977549624541589042478459902913760595541878958902364357861989987949889664070896814125966612730638441945306947680243988226282581249455419103491252392868460403028179886104750405048808244955234121674542398752760621102572003329712180530538744"
"23/50","0.49718491276361830107958878718984893075713193963972166404301142842130235518587863794235700385316003418666653021135133905193175065070132466554100754434193364468727369490508821622717319489732368719033741263514698185073410482652377567024482857392153264368165616106705614336269902098035573422455"
"47/100","0.43872048997719981672396971438827167497623451479197127925809745055597167436839288000705815537949365542180113574353699051895177766073874584918861312187912058712271599291667959891833384322176972936295625169031157676453054089664925530575249516567809609440635838645683040806666570902789007506646"
"12/25","0.38207124017232625373815244270641042163890489898809816602253208235237737479858886571501672997029973422890952227054366620580656983340179180785794460527329865568328947005217449086467706943244463830903265876840279327160085384510167204115435718409470837598286219349986893726326335276322718206337"
"49/100","0.3272073101461527789489561977971711320767936638161272293230938597499536672999822849307155411288643841506454624052754183156432809309545119545881710645035336758346735179199646232590003721153267766978419632396686592681130669106367556127653872552513397115043567725047737736468062975715351342477"
"1/2","0.27409806687862626076866637125786448203684848495078913336081296510387807052007200796937356856049511277416531553457475293089806968179787592076043105830052200006312807038648748016929644451541329393925478319779217140607266724241355675064783365226921761938623178981659454124557783821803967638734"
"51/100","0.22271253420844130140993487951509395429296928627780535771330137112840767012656203947947460468116612705935133125147935393978536594069182468714180870793866238268784393395475072517054892063906965884674794024146009529041381565681242683556614703172583583815886565362527094851147964502017984522961"
"13/25","0.17301999678465435084884597191357126548587024358559708463259403686968192820434073219123459830849210704891601881306256832527986941888722859487697001960520434485357374288035191043858107982443208778908862396683609285827186765288088380805045955493306854174862491530068447776230102706233860104971"
"53/100","0.12499130587462869680458948082635626786266581992839052534985760036293003266298188690884661880373701713266064082504034682661596487357173906440776952951619000091281892914543543354627706374083247308287133717990275007788185226683388110149119001767978036994636471154887387767272323653280134336064"
"27/50","0.0786038057031418908347698637197076160135597322744556195838997802588790576589617555342331161006354833443727602576686567593501438929333191354182200374612107786400256703918601304776608359893674154563156759705519402620981546079012751495250341836910662554412940809908960554239085958981919650328"
"11/20","0.0338826440390833151291273486911018435126537303016737336283244698975175638474556388169236052190169439224010300043001172519411738200553738311272225268053833735735910800354404999012381879643967873540049568872010081939170896891690752963116584053947324873143542854200384777674416343710251390648"
"14/25","0.0101488627403373446034356645208608968661101474799346867141015331368915839596358751047647080362642115209287769434225275891718698619247074167505252427114875928619783734264753323695812807206936492212139588363000065251432467270240862145247502285123565703555012135346687812506524766025266451778"
"57/100","0.05138941831267152461083252601896956180629860584782580908096124257358070594795026491850014433482300883188606719430814932813682039459848334039988576884758796719098661501112963438184766775070394776862883919263611222635171574418285025379761856771673970113069193004362497876935691312185225709589"
"29/50","0.09156183777872895642339823532465887781827220692439248774209341801638861387843445977159732725981715572291919568330676598232160273116650173718624462885422196708693122181731923832509993647716071628859308550525198635763315608666373959162468087083650345216528143162925933690526493462374010165392"
"59/100","0.13029332671552320780917111509568105714166853506930915453514488759055046633866797707185726851360763899264008916803712544320713980833019196352470060335949256445280455520315577311276747351514134172761353464003926426181168296008695452063202045215405512339195686059292942829650309993721417338449"
"3/5","0.16759078810726359046090211907015190824263071722941678880332552630973372671128869358771576572162893241438154747773625691445305121934352119184458136281999928302532250362694146910142638050561206045629673936039634928713030928890863207082699356494621372409730461947423807648634310752188744029017"
"61/100","0.20347746815759863776682697153707017014704087433679375329322748731434319911203556951666779008946694822089962465524149838762903222853429529017282999260471813173451973612076478989143134605514514886121067482406066360051281956313293329278858687437386985173283079488272178014211482137572334122796"
"31/50","0.23797927736268080050760925651944449372638685481480516047769322549898305482725528826687380100415928845290972627686961247440298018055567723031870622480765580653783198739555789600351554353685255471637721233300572143791610078194626385694650776385461965820273732556208633933351976744783830967792"
"63/100","0.2711224634259411359100007158737685269805449792505751279331396141936953457451165554109153284466505579244799438891859803847910420686894633072720828036463293239724958307582904507086778801166016114700689893664691580086041568277521190333232933650386955983799879209316461010388496953444979297672"
"16/25","0.30293298592796671774176342024040653712436132618636512421076629202648382192129452609282931271021806203069561047526855600187661009663597400669380497685614208476988115604535167752209150406675213603676725603094725391573979250023082187870651662781924296782442528314599093102143986740948418739332"
"13/20","0.33343630733013169993624191644399166737207443966630744605690738126499816101762834659594003758398825493901122220173925454938387561996211713404616519013114774290453980405972721066566954850304037126864964568669294748566016561830212286824016850799193736090099147068760291692088345728664212325651"
"33/50","0.36265731943506576164659529296070222332708646653842786764060291270252648949248753046424935930214611012372287848867024330362601749695714283681566602267550463391235280801899764106664433695755113436941379288509440096622084304949659657347834783073834827327452778271752605310000408700123544738245"
"67/100","0.39062032379524114962332363058761699927222462893104440340746766038253511977075611525560292299948725465997878614612315467289793684168858281470124188828678156092280720013066789354849884190794078632396561715124251145924745037219018057737473843057037582340299007909145590990996286807375778342576"
"17/25","0.41734903725858423118623246846126617189232562157264942609402263580249858757975251211964189583624977535858436415983702786848165949709928031244157765793610225252713613104662849987777292968496796412516727087766482427207858369885308651934992577884308690670840261415489848694217885181746026451748"
"69/100","0.44286661075002027962461153495116185963207627959991640078797444138390893338280724181278679335318990591442886151188505813091049863996139446085601253210607088962527054256667384029488455589868056697610101873526068602240548721821643915969417623248015738410243404680275149419625883763051204445241"
"7/10","0.46719565565960189463802732001147275314608585985390387158816310913883699094780803158312334421725514269504262489902531600875361733045429174951804154044986578431211383010932468343252449171073841104359379941056926954404658831894605015018510099626368327940119784354296143394556430340418738953349"
"71/100","0.49035827482255133166899285659518299225722455941183089076928299617146002315667850423547979221478262021845519848159501475581182360835927339869180734762605106241921188648154849807073800192433355339215273443795555909213361702750709501252334553692491467920153458816150621027076954960047225646171"
"18/25","0.5123760962832022411080318678262341442866447130402302320605338926001512788332803591692469451667882791701121951043307632387970612573904492976151952953356446111410257636737445181275996873814898570483511190660812287964289437327712076981037937792000254193473114117377249378812566302114482349847"
"73/100","0.53327030864680447354192072523934278277498645896431720660819673685840641563258517746699832779228483478123039969025229722081720631014592425803493938006142663889509547604955299736950772990195068823257796573716431651718431485837479709114055819648098941730866877987661415616054495939991310080233"
"37/50","0.55306169716334031416306190073777719858291731892954944455969314608690219174021888126741939031744445748952922835447463746360454077753693102698756729458373131050576501324071349936558373495864017744035405749739824294554070148014851790657493649438585203773115535843816837375530201879661413923013"
"3/4","0.57177067989440250203606879890090509736147212104975446627564466551736963953573519285870162662819678124370990276909105762637941224649056708894470207426379453694771292511351979368443326295995445815524005264368599371067274063512287270694083841925876485673466768872902073237623283266183220467888"
"19/25","0.5894173434512940978341111191165082808440037976502008978109757040812471877781602253408966751726536606184340136625308749229905325229876003062807035028347575674721405596754657488100566741026361556649053805880721450833509575063635143814651116118392799545723986829731648977390662139999111942307"
"77/100","0.60602147789067638558679558227389432426033128908617465171909034190646798490431603058657283020005702967522261029415699285243406734105415859445509206679969152785271096763069439946871181261749139490884414379805574955848587761331591170017734955930635744940061500178245280815739410326295645195057"
"39/50","0.62160261042911278308021507036346616163634752283550501218098202670050609331382151316831427022747284223586811890723357036612812004668621647056254955869235487982343708537298371998142206571549135314601374451025501072246720616027728048094746306141757538278429356098548290091436829692151980988828"
"79/100","0.63618003769823123481384935676016760642110774331734402244327859104797783796504825805845420061759596163153905279041954394422972723395931472664797879359765285870725176054550131409357870350261989846371583701929858346509695583915828464117363322063499009993969919829280087767873282200835409562831"
"4/5","0.64977285631274158349968941360559894824630457934021339974981325384265986468051802607576132911626890073740785274937755029022979939840681571504240091940637029122129820779699482546422314426204427888798308728697951083052610830696766093523588736650021881029849751371937044364618442149109784626356"
"81/100","0.66239999156701759832912241197710841879799480643580772032317284659579831993978051985194389478313303080518469752202173862886321422162764219951597807531349295382736397410942847378287198122726036404812170704231956046692098392348667078327931155880652207123113580983706317878523397375407421975156"
"41/50","0.67408022411411938400260288780649489653771090840643526392347531791281948543655043361129961113504360826984127688217640811170819898166813022127132156148501230221640524735410017464599743822472121934021256932528180929904920978767854133569034235243919117466093740890572562349772506923221176643294"
"83/100","0.68483221451510119407854064485700908682008626912602878377622776557988821150249705208202577168273505120408952220342163006914907793443932002515109331468975898887623000704148045457587285875317219762840302293692700496145021524035713486581317002229783278396378289720249198648772660875642116498091"
"21/25","0.69467452557696091917762375817820564480624177708993429044305589798384416759891084173567910094582663228200139571701761432451249029876750747454304168556771713273543602801979564716198399378328135782178224420569648211030215909519346067469631821898418254868726748367213825312222221505672662369014"
"17/20","0.7036256424251493439898807196678500991038297090946843529384553521010815708096059097846289626320310572847803688354183009628637032949808546760155237358641761299910394483290606362290891772761008852996531037559592577784732357544502754361113010480881110537984058995205161881260880363417034527805"
"43/50","0.71170399028153073753494363517979767701167208370918226595800171561789912460331630139084961147602719151931173037729536859626365760819900306640293861802453019884548118180041356184689736295903349928959990601371976744805654400542081403826829217693774228972858962424539352681299293390667790691864"
"87/100","0.718927949941334757613004906496038667974550598876857130285674752725856510019231495990719747317549836103680953441601425316394492912145314757682041688357145398688104723822732073735730488438432303748211584918388670939127712070590315417927977641178394485984642191826661049919296151582462578967"
"22/25","0.72531587096315970578583317063046607793621108112162240769646442535106070451579476970954973640996392984852816811312478092844361194899244792498888187752268727043855486970314899026873682213516146073527181076657469349741695398266008840758274120294392258590835601034222643580232177298762701696325"
"89/100","0.73088608260462921769096122814211386472153420038034728088631952045697647996779329247893998132079074666748141697980100565767295487759707999514668597646339081487364797120453407915052436863598905854215868809873094622523055875184790207379756052505356779111245942570774604650816074920799469941967"
"9/10","0.73565690255298622856073995425640456120615890782881158203648171328921336033790201536196876020057768238874011615216804351101571882779544597458121541638840244125277840584548645395440837804149680254446942702184209043228052391348810949219400160792304467624540954262403841197751438120437652603872"
"91/100","0.73964664351482419843658994331676401677239573456998559789327376737752010865082781466101629948261177777812881294913295609458979442435486674072945541926621804108215248902495099285757017308535491127773514891877494281439150369387327125281951290407832355327703119354263791010304932825245076550622"
"23/25","0.74287361774238474096257057136925099279786954319256096317041651042189902467444063179758507808115995909372823249633773271848408431408863553671247671947929897677012733336318752147648804310120716780667482715598526712858876319387153891837575965414462086295462895952228861754093148877785195099856"
"93/100","0.74535613958546074315478928846783905559967672130859671952685695240217747910295831887583984598148319187299985051220393379734000381911820862697910991628204240145676096628987780691575312685428578137791154721696151437474234289684974645231243181309553866334715176035549342295202255802832999087819"
"47/50","0.74711252616799566342011474588847678129083140080641732013498213271581572022441127605949275969515715982209740490197766418694793320991960009469878455104322934374536402294205443422254943844657471669030943607487135928665623725944881148923393608812746966297435106080973346877316588727766611260008"
"19/20","0.74816109629701997182526569271501464301119865846871749979366876230194501526665377934029076184322700951190498100208629785382119255420914337185753519760111539752850321895508751508410874281533613256041625901087245901272728654589147920313303584628482422774892844434778335784603168114581284463937"
"24/25","0.74852016771867016257676681508027601208707302174212193778771005281408229130930683825990856660868895160962299807826901893874935358161226657363915430525080365654767008390473017287315769332562853855823832744810596919417681755581870273372788286829942553809114348860642707296791643100945789133938"
"97/100","0.74820805284175021119556676376366282492681052091742972187296149021144115113985328439824892138307377645450215367305568787149825606610314409470311865492897176299531168993744307108152228719310391810232401749113108714988051094880575649121812614088039547062280237091707271418096079591670822448325"
"49/50","0.74724305305367715110446491838378149395706521787800326125182590166409788288942375161655313038609597183108805290678477845322034384130998463915491080898485713453351770620876125251120904583808984919371420068015191064507758882601055112505383187421329315175942302030619609218145840380016730019448"
"99/100","0.74564345175676151645634449023529194190149395641574891600977800364051585104148155673827697452760367922597081901729676899190980727105617320808023329678323847482428245200611802361380212730298377759621938284863994650357397254541336331574946566795550474990769261807954841182710970914328153252066"
"1","0.74342750625467277553047079603444839580923752668851235432309655945825089646919479290674043820813458946868838563174467033464171584723948283463937333769928681075923426057090601356124240403052315473446459242128603161082326492623267362862411922975437324355288226651652383494802903642546592962049"
"1 1/100","0.74061343861969603541003393236698410534720175221231394504785488653259327513318536999148415111107451807123360265137230561959447087014934435250698625456474458040087961049460965797006694547407848636155655606476654082678873831254918954357120629183454656061192871974547174925452372151511520708958"
"1 1/50","0.73721942567106921354975225514779766282612802063499717838608341579446783376533269879044035534309681145468703210912002869174438441653315334670952678523998369674096370385828536013194181613851798204998947281340410911047562023746738711197257062031484636779229040209289132479763462179210376683493"
"1 3/100","0.73326358819337289202054416737783078212881776351614816342647219533351681358696121115868854869339714930437641208703770980361899618916106620534252366001703568549798460534815152212403588685099212935710833347483629278900457322971975847042591123634273662393413180420217283854467528392380575024605"
"1 1/25","0.72876397952170459822715857219699745674282879232646754499562401812249758778956852270786566975168962828256503802237624382297221937301575764897457439961754204784626318258001026353785800871767604686861379267610212138573243569321739775644356555928318949403718816548055271029465967535891064666546"
"1 1/20","0.7237385736172842989419286330561801935496228634196394103362468150385957401611494395382372562830616893887476459334045411323497017561543035109502788162368977027420956519309598098128825724272698489675018896709299484855179898968049486469471533008262096251551065773303974329244161795538328218599"
"1 3/50","0.7182052527532895044152890723009993813310599651173549972487231489348402779325731737547533491830159711596018743270315199877268657155675064041448550589532858784835615180063537448834473319689083705934024642363730302430842462777792478459588945581396295889502878882345501023170449026471573941761"
"1 7/100","0.71218179492618901261060248405778610919788214688718520247133161595599280932464133021331144992968747740828441440079953718316414377908984460216120466359026021804782182157988176636217292204836672377326956941774656389100422385623953741666640520675697142946906538890942858787615740715274879830742"
"1 2/25","0.70568586110271714862701982323200281978776270015131581403443934248812130207434684326301040480540509807512072706561361687721073375422154207112011270868581887322017740142670677084690176114087813252281249524731087932714469785201611530112389773974460044265642021089632287214302446982272115382855"
"1 9/100","0.698734982406988530671255798854146958899594334075871641686272899284828566806467341615036956689030826030841934274706545620871440835647125919082472395159074048305856767281709986214867345789363171942591526770305336865587277025969124542391614498701172781773580923640032463076121914626678417380645"
"1 1/10","0.691346547346179346472438943829099752475416987059300142983254657388433594931229955701812767540593276259115976617149524337627929604113884135077934624893147588008326367919409187702790649594801861252842918350146060228661050504252923433994853194533210604067868733423307008451362588804987766665481"
"1 11/100","0.683537789166775832610148648821692771502079452835305341989041831858605410574069549299876076757699023971432081722501555727757499894098170872096928132088203518507517310403637329234011679991828285963823463817874996079437101630735296606188616844786246604073452214202926519177155364033399993007982"
"1 3/25","0.675325773426692971057959271356882603385443912582399364994227336876703920690090486428066971821353789735458200931468035934669285219096183607351459110684183905564739592271511274373331426639256598827319797919520691974647400272283895320187992818277945602641239092480985926200957077755462513812167"
"1 13/100","0.666727385861672457959885979968899173454485830986294085236901111197043689628912250143977423977684423763632163315462786994417543007996505929743921168298890719599595767365717347827375214371295581683317972064399013717060272087975072681172320284733798657908973954582791747703117119089978329756394"
"1 7/50","0.65775932061735154558329145663725510122553693965505141753936266159961472121693296199443510616723907620951963606758912302830760877464283680128593924586156483409615771671208194987144447026356988055123805385524445326749079460593760457785480426832396309509413595636458742385723890222152106717563"
"1 3/20","0.6484380689113223805361357295656694007719410377036659483950609297596104552600224730939548638349481341582073590400761806694964105449260592697620337969716790090766658133210274955112504979117526424361845934834564975822047665609622563032331538203586850297319633328943004166766192378967678347965"
"1 4/25","0.63877990818243969918340093495836936010922993026676796473650459861660415943361431984805157245743430758309960847922888066421636143400826579650383033650404821924396813744210533422737962363690900580542938052507679158555380175344559238038551522907183662234721454192167564499424243732862286679746"
"1 17/100","0.62880089177764337241089321739340703705384045054411986016913525438155109222679969593869732367947492809688927211175168379536878279490429478760755124744586854034249829054723253888088621511797238010337980727220230287619812750770195726367570299974851067113491283508565722112249102449637840558723"
"1 9/50","0.61851683921969669223952187398046975044710928029805490725847920060053783194464074570731329036477833257705451735874391358408924609135584643399413187280328876507142719562775930103708432400073586505032628545350483134230378750911616400285763506016430819460754915803360339798722922726360533676657"
"1 19/100","0.60794332709255188928187959754881103726141989032371859979583355958674528274746317149130465370646062714424426537386920401283540462728725759799933156965938046480480692993002148414144710063644419810388016804598204415682680068887890978459736433314669786570164187543171546453116657259388867715591"
"1 1/5","0.59709568057458658916479809918116812510160028296192962390260315138292902104765456968411478597234381701305866147530276374173099878670870873809301317308475657752244982714114618120566294329820110423022293922777444038789453217049498237021293557019804947875599989762020308200093122852955613116741"
"1 21/100","0.58598896564374922899460885113165356096011720358499768630205600959371012052538923466808345599170689734470179866002013015220424642992838365195026017721251087761496148722930143626463383636411839157250174805014392037644168212596517678247203628296838810007987159660588848726029754054563631625253"
"1 11/50","0.57463798197274352155405509649688854343241141009107825989764043161107442770763396612484705812907462144767866461976154219458935131650693145650021402162557409901347273318717690059342801780217458551338542428937043661955337139637534308183135698382436256273818021275948402090002192830440900674442"
"1 23/100","0.56305725652680296969933871622457764574177142038759996119689051668215074579566305010681562984164068367996828923690972649327815594635982660340680030356392461673089682366436180113773810106376958398395150364459398067779515011101868675536189932478746267106696311621484669542179731881415769665169"
"1 6/25","0.55126103787138307905331156045522208486054544503433154161239207496923984950653084789280083522507040809519304100229301792570005293259184729758960024324561734284606130551595609417363297421404727699380249297033316153675427281639754869941355701361478774782437976280841485233785648034852020197021"
"1 1/4","0.53926329119225443461565078403647798667944310845783741637551556277568354170579144372011972720051692298226451982123075911553169208852333398563732072073984720235886769307554556838726914498594106895313951039342314590636131529293411276535484005042299874728454046324554533426730986536908941841089"
"1 13/50","0.52707769402603419749287064597814077424463855526583055931800849871329778613660870183937152492710667192779480850651066005069593752415759446658286678048045147521080919011353405235716297869107039083934509913087381851324981274084439941533213048820824471971578613607290900968855183497379409333332"
"1 27/100","0.51471763269516445927941202279871690873225485479757899462955058127722901613614754452966815154913592398944203954375031514422973046994152633156884087708054755525211185818965694256642162161260248030483237559040213810743742504402152974640526534078691635156057596428004518566700993238251620610296"
"1 7/25","0.50219619943774944409329353074974656732702338099232938701752427859362536503476793346129703762469803356897155168048693911819283455352572114918351473242632124241951545857246313406592649440605986457526685468923970945256428568126653495880447316632833913934045509844236019899922928335181918849613"
"1 29/100","0.48952619021951570319208017087729587216650567581881069561229024138025475938000382301265070408275154991646569704218254818336658965194472045146155793475245069578320177696984338534189385141218471551543057084758699741915542914745062913492974104110311112350494006233973242376851297048134431137111"
"1 3/10","0.47672010321247739389427699770634491460007288451824523345342731754431649035942914924092306294985581812707466615290231666963171730158907035328140846278508167065374160533051969076623138447564501966652889019788853193352020699759203847820375679815265380345036036753084184063435435301334555341739"
"1 31/100","0.46379013792269285976310570150119740935812203705318413686214768924498241179973906971837676145862117332460875070637050265419122835062741530706459202086769266560171924469786449543483993575926954121422207321321175266541010849286081106342374375407513445191074348054079884473168845478947905490645"
"1 8/25","0.45074819494781515215322317653120641765134153527875623738440844207884615479878667327730251406345529430124935493946631673954226079447838419975460615794735856573295356792269314523249961362849655866701946248039801945357099325389466286319700797634418087384440070477593026430461713782590243286318"
"1 33/100","0.43760587634400308110974776714162881597133259774534896565746628754860274175359741138545581397338223942903323548142406991599579620481786272526282851492047193035150917448735045839969057046356817804290202999831466677528599796173742229094217505616268295814249656164994840694645462498429114812306"
"1 17/50","0.42437448658121975962362400267214595212504090536128374001287007825793316651195535767790281973687308050270575695371420527877744208560811903525241244284894647035619417365733624946666217757481271321906006758924948978274712220689531211466839395718902813622475294958650698525424281045189799186508"
"1 7/20","0.41106503406607128117167450572326537713460010277882156247380314644272546909341666260454929823734030814586625813856170840964949476374984763429658139632971927628052700261602015659280812539526233072702266012850668064069272826323151841469707608918621720961656697887142323391607774435113023702004"
"1 9/25","0.39768823321222679003764472089528417160384764383687127073439966785701032176546228892110009533315109824260663028807279253493718101773489177474423888410200118583140342819413413268386184329707032696634506935605971479379785725368723399241462351704159696917881121958863449750551738144524282060603"
"1 37/100","0.38425450704025168877525326998887319951465566892333059959730962608744118654012367962277632725338059666738236562244774032776146032518507240374775889650594648480716907551705392131333920533450663082606811122821055754957056168308702004551234943432130725919344630262513065493911128270458382463257"
"1 19/50","0.37077399029157630171477184257126774448424452146650733290234334263311355796264230478253081525976588164297617754932497532765272558040568747342749742618753228664515395159905005388778052371678369166273856184013542688205682713908078406448659604622822913704365155681501092376681956685359812601501"
"1 39/100","0.35725653304559685217067351324824700901286945671348600573817782378563640928867101639143687657073678879953750105916595841872661729466100798611951003723211789249850417305345538860810236596433154075709656084183340714025002778949807460616775504752648641018329133041920910137319148699108152349512"
"1 2/5","0.34371170483497269229343368948681220858818885673241661158472786885519123851933156661234724578077122197583797064335959014658021490467910340083387745451052102264399711018791798555556814152838275119208803022167383479644516244218073888608263770854292178247294403302739268191548199196610097615649"
"1 41/100","0.33014879926263533843887260999692839594132461259925448127120016611147508136944333897447727158951369863517833444561545203058716633388155842538813876027391638854309895182681552895367593129042388962932491276718230040787902684939157228024112035898953390850032249162415746972382010448072211671214"
"1 21/50","0.31657683913572595272771781097678378317387085320351145342883356053923455063918051959985285978355369388105495247780022858308604279259165576373772166332554714833135519351358430797342522752701402310276950573956398968494645064393876904992620173291085419663854405691427309748546268047877800289353"
"1 43/100","0.30300458214790500100360076052778314694059770495106134640608025345895554357161452326771432397315167314714166761216396690222811338818114912156825682867928037596148137298336166468641239692454232766877117268590400208492064687782404354939726474494299765314710191513766554427193186402513258151019"
"1 11/25","0.28944052716413711216756150647624779197411030375938604717339841277189158837183451761275777983283855116252660140770106565610694573014684485644086871291332739707903311494803879054833032913995415795576840368700272929622069898937238085116217949977549531958928231054146133032194830268580053876387"
"1 9/20","0.27589292119403046524825661986920352813046365381290005476926438981526716535612754290587787274297588794354906875845693420325071940780650016311919750066343979337135645888859809335084823339525227260597410379058913050900103439722369773394178825903887984428348757513314017451615861922341930099117"
"1 23/50","0.26236976718553517005248655797272654964918283965532465291798541609652517430886782471429683720363370282102079201103180373418275064224939125740188079355387306328990699935154251655271724388387609890709704401142570719443991473762382449978080832697081230604283577271528278557580778563639510318768"
"1 47/100","0.24887883283720219784728722081567965087053492326078169576795806017971649344104422325868675633557432492650513216225002231474104033152593719952381589872614534109219310093680069350514489073593553029319439614885518990386245735498085529672635912499991227899910953014745497426259244429343557276149"
"1 12/25","0.23542766072528981002095094183953092779374194515755822171515164231388426993368869818407088975581337735173101014447684024996813861151742760387791923378320596705165441658849487395136303340668311062908703786251951715635596360751913593654584288523923244726648363227056168324627213913509266430947"
"1 49/100","0.22202358018966847444607849893175460021761028266324006409696002571872622677668586253569359508928230588521993626258540937385011400521987392054710357591363872376852655752410088212888856860331385592576764203955332325181228888131803600508588044618101597823837683317735157028332199884411876140904"
"1 1/2","0.20867372164943159708562314193807812409421192308287198480292002707678004788075678390439890756477154160812785100535997657098419699886514838152842645181080996230091916225272396800858615762449480475787999605572318541925062882915541955240365584243721493085555768824166028439773484203551061554089"
"1 51/100","0.19538503437595903760160252556239866528538977113119912546208444616666473317841335616428792641487690445033565104224361208956566481899182301986452927301155160760875247828363365606240187328405984794710814468811502554440797241831728996467617801088546344231706292491860043401104950607043959909119"
"1 13/25","0.18216430932644378717616177439186346721302472432198381839492845442228787158724692749357651595109581809527074981425327931091587362284183436198753887953485714504990441278239378138947235051610792687175626611023101486217159812338654605152624252689461874345400602273290420651177891784772558182986"
"1 53/100","0.1690182095943582909009650483079725431878130629540686288441798531813287983834028422928465143625824954475333960530422077316673206732499053222581195387178605881206433904795567959377129437248576776629306768623625479421088501762926051514935467375547777715207910322652524992642167798351829775013"
"1 27/50","0.15595331266340874255258505330027208632769702680628094956987642540756896487795131142628318799033704353253794311414654042650344455077919112895795186760351795405969207363398960799111834961832237060211702796327312962902358630609987138047712221680296267999782761202708026228401533941973497701196"
"1 11/20","0.14297617153749243842774522033615160680621852680585984227782431364200943531124720510818064906864887915598442714158035357212746555485896943725501232803773245836103634897910880020000748236659230326312858615558683941984589819887377952240831904521686435846064915925714489583955952758689934192401"
"1 14/25","0.13009340713618571889962536135270298890564460851655142964318728602830757886148085635459718700940379717446991076351812355396514748343349501636098712448782430150498221252804061332270366306630633948729884335090662605364630228320020889824786933255986403871764757350678341502162417079639705052098"
"1 57/100","0.11731185460069681422809337840095755129715869437309820293552335582363103574338436135162538356480084417340344934348049525168303154131474055708642580503385771000516468877944081459393596247690625658377052831704065842348796952719107582083750526582630895684698163734480309098151427952414933309746"
"1 29/50","0.10463880702148468406271025909110958818957258881660791191818610499724656987925939046242023150058805133981945222016160049602614341334294058115600248702769117967616964482840401178780682966842319503935229387092559120756587564817642584394364073357617931071894082782198521966898841503084898554018"
"1 59/100","0.09208244532371230212128808431128712310213459656561652239190869040424821220169540668999104732208784623397738748126564635251296118097303129561708231016368077426135753049105855358277408610747053005220661373764213149318916722220240680435293868505149254627503867912638382241141318650733611298594"
"1 3/5","0.0796526488068618887708854472861845004849903263531330570250858471753707075236285461811031115267285996333326986847075168256186863462241582620737804929776435907591053038127233451775509139421691700827592742596889925014893360417806636929012326231195320081646424991182951812078213292482689430652"
"1 61/100","0.06736265236554240255747496865877885160020182699672520995526146018740521832076792575417990262433134784716456883879602109652355336086151728290887066391446079017472464658554669316402319099537944727827922633740595862493240520310019728539358613590854949035353644762155245426233035836388800959022"
"1 31/50","0.05523280070659447604162254440909241055118355019621943232978129980755159816129608259548350815243122753946619084342826036197891394948739892237483305982096080336314155198182880118622923077184336477574827952810628926397600213573980106139450014098202467017775277601909839030692960846657117321521"
"1 63/100","0.0433002919036545825473909404514079058139760595104325535869297902799175450512030242461375394394066693805272336277646643201971022879894168726663543467723173900624503756498018119462674358092571211421980764398287491522745026792048774992135846982887377521767918233746327052865995611109580641453"
"1 16/25","0.03164978455533328692878887516528567202731212074959651109325983936324498387064213376905513155576402064085574834628629008494324848301687518860815802222633453154325244861368100402990566173009186108975674248494220091497188198264693888408871462429569910356536757426145989877984032273451869332308"
"1 13/20","0.02054153255029519402783351307938741963580471696994189433873277982473904315441777058104074708861204402669440348255707407046754978441448117678067964501051613804690785932801884431438069048958015917806206062797116450380375226993409396087249485693690070991566853782314954063533703659292346855209"
"1 33/50","0.01123753063326942346826541459377394088175769941245026137266629074710443234569333317596751580974726291294738348795429141104161715159678875751719453582722986132542305901791282062920722397930317018999460034338512353592395680975125327056709403699549987517521953839312880156797809153274571135062"
"1 67/100","0.01025026909010644760287696101913400900915390073450756741371741453856145645637594644240919057297757779853842508567925354228990681761640141830883574314461493326274420849184917986485458417129306920266539544137215696782848931200167767958607693915150014432261722580532938591545202323876380070444"
"1 17/25","0.01866717457312998366192809171873555408367232504737199425819826770253177078314569718324803571900233129136024692316105468958516801713628321258047296978931376738725581896119133860022052036815987740776665115002798747019224634614721225345101009986034158652781655674266390867116224196667605167991"
"1 69/100","0.02909330981326186130985492455829029058756927320135378784791385387493942629863431028653007555770348044506565934798847471543050797463638767816223938291245749789685063331716623133455131668242495241889414717589883268231349864422292278309551553702907193435173302747702728187933442403878307224469"
"1 7/10","0.03985874380499563462310200935461878484347770582000682325303652765736575148287103094249755865604889286252699886895328506542922595885998142345750382309946274072476201504796680093743197100944050628599235664770651628204845525992063957378883742868235523827967484921262020164369031352030237607376"
"1 71/100","0.05064574626474933285711927136496045497644430188727225670012248850654031447998164380692859591510530535236083272938005435780971992322657169618122780202998152251972057887057990299467108055117393452994596320333095812992601119930136227337746706741079919020814951912495524777405037262421565794783"
"1 18/25","0.06135752093917141927635077476437662207100013254427621072819506152569003087576394416997544113895430178090963770238925001392810328137747162751483424159370996575880212871497798711546800844994162574288349654644910936509288665637284508353976918277098051618690552204026850374138616060131339995818"
"1 73/100","0.07195407299271995682561388250733310678122447168672672791973110301120572379447130271226057320220146547387675735033632393291938990437666679029128891091262234768656910177468643446661453358477831015679523363544036477113966091252647045732657930407007689805387608554748288284615511507054414914801"
"1 37/50","0.08241511589345774971171508070938197331987786916200407391167151729763233636812961828359560213006588145431564810517985883814437838728349178357530107234828650047633049230880798535408104406195296572443876975055733466938769449237052537505870044461914789164648721637808566890960989545203096631152"
"1 3/4","0.09272867524912956688420192972688390236100553121438938062050887573876703200548668848606142488071563726608533559805089163794777937994720117302141817492801915300633243183734114788541933441365996021249298190642252840695663927494126736393239718055593459955513485257223109432983587525045453652329"
"1 19/25","0.10288680463271746663895323757922105059542634695185903276553738523211754480221746380374614242891647642966316820361360850104100103663814430912472558676462888732570800041145573201778814301477345119255472407557534071982022508796045399022944259249570967948903263908408548882105710745868041827092"
"1 77/100","0.1128837292005881785011102496771108778360587720567295083204263413051806364397719083018265645986294494952784699935235915890766885493024188820823783249590520218104241001051193800783629967770081323887489156368609001096724957402583592920976320451661254073405815790003635740834673305556936713352"
"1 39/50","0.1227149515681507132213549946884197247059515463083903656362308804195928138979102949498849943475654560932346149104067294909580061703652767243192615534566715610953227784322611798658624428374940039291820287200148940965235596978241059586260221647209498888715308703260385409078813741853087549183"
"1 79/100","0.13237678427021891815545059288428729853165707435309233721743053238189953821398317661714311050968536686840245611938204916593415092438875359760155953577435545434819415583956067708405182097208050425431604629900759697282337330229947989226568796435509805621892757630048668690093493899635521131917"
"1 4/5","0.14186608859046198139958381736831689585798206699351952660515019277032266082844400258761048198565300117987117953174244549614309060945525085220501460246562117071458263268684494075498801270396838875254264041257544086473216291111681318889751151947075363900413420400268213055931451413860036019315"
"1 81/100","0.15118012048532400063927548880751217699336392462611478269451396136794101835005850868545637566976642066224162719807555328344204058472153963184099379178157486829809766040027340597275147047602778117032985070358828323526734629875459529138618962557924987360724497154991422813045035747447196116512"
"1 41/50","0.16031643539126944662278177617497695123437316360158837330011398477563544855713689203170077990955326484362913729349850107351331585921946023866280009066002840323175110149813948578119084696863491431067181476604156950711443160280180815835016591759142513215340954476633694276013264559312886817114"
"1 83/100","0.16927282701894155842558993618954848758437595139093751824134586108985057899728802062257199152042344884195655025498543448722469853646954778854563785478402724494977060042348456711100444938672427751541376093237522025144857532668756224310660631771564643201358130751688643441840666184237673838947"
"1 21/25","0.17804728659609226388760034381589178110120752061182919287761433791613217747524823751359806357412974400466869514350340682063873780364893098732668125350637749735154372042682331885218290491701795473359198356857570019534300478956564435707222524470963213037856512139546239087133276385424737162255"
"1 17/20","0.18663797486556436572301169010993713204860746284589475267632434928248858020083064634302346073104964294427216310505477062683387208161920344622448033433154907857656688506036132492486142802245426288349724035784660080517347981960645843262218185839572453379934126989328023298312375598543223930762"
"1 43/50","0.19504320229587280930811654358787738470490381155156673145911520368233053371385608387995211812420832731170191018688107671113365557131562272102813735983436466955642513778627478165908119429144811579317094956877764830013716652291955784343608787917720535045400436039044847432174517943375709901603"
"1 87/100","0.20326141473129149714079605343024506985031103957029005430049149166659723788872287867175378138459086701502778241587881592804779672000433141342062834177352062046452769297736898999420777273710662613111153795911104243122830308686673002940237571406347120182554069204213191955453045817064886014738"
"1 22/25","0.21129118273762694127180205597301636392522019845683678546844726298644411389475603843455598179238066828401562335296042270922642426009704196074619678795878972992486617172549428520960102468511297675576152499035741706758354559411224489340019564588949441440013606411883179597475493684904734611279"
"1 89/100","0.21913119351762633742903165136439342794964629084397653197816984522990717092448232609287383920159236016487510863920323128017715603913735708644086293122407067580743692570467595913510667225953637233643528405783079852024973488255150652959183202101385208236816182308650670123500375872923336299992"
"1 9/10","0.22678024465120510625617450014658789780461327322725366249340121124663189975363137444077538064580435871337678817275340525580054809559931793762958402443060137565043590379132403268041466060669353250561207899430117002084962078333139045599344465273102147678641541121173381433570708229024052650296"
"1 91/100","0.23423723915688567360503121197440295450817354676323943899571038589773475143167594996703842595834548480882457183528430843200662236650919287034328554208445268268128926698482344269336990837130660518905376741550156762691812936291691862573620656206691574456263373614161663420524742765625526621239"
"1 23/25","0.2415011815269187684769687005506928959748972956852354336130991764406575499677943207422314091503880235821360345318931129236399668699338179680095044288851652261083820595286988058783890666171560423699529653902428362405837049598204484102927247158802130947131378630479727938089916022443761201035"
"1 93/100","0.24857117449163671546800643878325298038564938920569738318829122310035957464079630824627212373412202596082268586726296251278121698803982011355532852074778953561206684659215950049330120154473051116083084923200205452171613333697050594438350867725385962601574052733979519995962322682995320693099"
"1 47/50","0.25544641633794523541999470707414666131154545199130681141183579742523481370086093551362781520656711021983191262362589316060436113209944621474972370438459375127403025864302923285167844923485732911977060620842725280369355245464298123896642963675519011751022231663600257408797237832073513159021"
"1 19/20","0.26212619865433620692255052094286538391271327181870259593493415425935077663270095115348087569457426948031158592727875373558763989688357442855857910874082073308248114178541174085473637669035231225313763791110533903967693530665116954502759657908850838893073354150658547284385822424009268094332"
"1 24/25","0.26860990440782390479369794059099816781829411624128702551403489289857664985370347176429907937928528113907584825643007157868089818843342467891585248178262292111019910038963503751384960633018528089421531624924843897582089708798753737290407520071606631914022938865086469765822876279931566100375"
"1 97/100","0.27489700628151831686974325042064391687867254835784218303388463581952269483192282496181226148662595852203614752567463221882115612940153758046568614354020803949765075671743096111214168631991874747884389980267568317478049984373131171094957018590461596619809704561868759976257924125549577626642"
"1 49/50","0.28098706521823997606938670009425082057539276734463071891840324694081689685176277129461468210609230426995670818808363699933996817883097038635681028207726462432434784437267545881814100055017320791486695419373819040720251433891901279858064213418140379533188913884318118714403465230854271985323"
"1 99/100","0.28687972912769410439404985426146402500961125050014817207715109981782805269777338557130980420842999801966000692300205144645533550614847855990767568778999978702236000690006024189127822232509328712582238865876784177478356870954861796830712149936419360478416587996099367536627890440970133504372"
"2","0.29257473172362924971655743546286172040639179869735968890854987038642880518604894734689755461513008638335023326982962208337098905951493150674519747661729101477467929523992736680995162909310644724557378832599237624025329660696024730935302358343351805967863845149245810293550625011728095818752"
"2 1/100","0.29807189146404074231902170121976909438795013465119940076015678021968465277774275923819332215047297017042211351809071341301624844697481075487384081838747188602046793305396979540044979157559787476783860190913805202850653487314837068280867194541110019535484537108367256160701280463141072865966"
"2 1/50","0.30337111057248618077219243469532577177434847200934509356868684951555276843192857040581808986547418078029875825452944532894210597802186658553919506607380020663150958051073324608512412698935044328430661062796324674798327215725552895887998989650722805579669429971253418141036603228798943116882"
"2 3/100","0.30847237412240827224393843447079134927793180840240381733554728840983645822387173350231495431691220257937333631701227464650456538385502521192237751786702948519387446351119386774335629148658947187734583074592622164407010525491261678510743640186051997799277210630056906120767731552746995879845"
"2 1/25","0.31337574916932696736746925840363430079079461975515470945895805641157401305088576576110442327717830983316368647048632784698548140541625101605714450043328302703229072497734201512744172451398560729283338396671123631287009409588330181268974340012409411869902307959221683511951583330348531252029"
"2 1/20","0.31808138391809420749940059632991377608475526106020214650642616953969796981486322435184164878587253890576594612625088837785205563784605677731643147023774211478277668510181854192011473850719964355110969836524562753009664444122524413112686355347441544729753134050938433515081017962236329219959"
"2 3/50","0.32258950691426365738461259711032605060781559755451355538171487032068324288494334314133664007288736311404304523659648091073608270587053251616508442602484894402193548719741325427486044626491853272575605195576578344469267783067292462131156871287164724849828560386870491677794879477257418268802"
"2 7/100","0.32690042625013287185884557219391987506776493169268809372489708246269857316476644818535669974473299330453174103535806807410493345415037520820849257670339480214233689526726880676672561391543022577096441247904563496995043290428258149514360750649750405487638516741465315117742868730747887432667"
"2 2/25","0.33101452877725310573488212692235298717005294632686687139633093329204721828420676125953945831209592187916777224193737311082111236474281986288230486379513172978666398906344564613962910239946146595794012695273672708283096739123454174600930034196101974622844339595275093327263050292552080099485"
"2 9/100","0.33493227931823635635681910055583427504006118017773284676066312599687177229432219135246579538040948611659274215448288260241721607580710991517576847292854254876649590306239625916457985083221967577505669558324649281294145248808872357931973795630288105406574586216529166008198066021940058344003"
"2 1/10","0.33865421987156770816880803198937639367369613996835233467846065617853037054077123698513824995184182161751224789387208352010598111546880875308595856818971718331085563014584666802406684109730746993788343756200225998176477287679329201852715052785227193102777769093285481290980281548482322503022"
"2 11/100","0.34218096880388909401998363334247525411016476523758745704121583523210316789474724002927328000611304802134834680880728712752119212710829470017491769473292099310019329759548614585587476698526360211762263785795627027840024776695815743447789593395846395897470705736020987669037530334522486303253"
"2 3/25","0.34551322002488482399489870615140746176115543225543306407404540618180562651573866997827596404936163732732731747034292071086772177572496013623946349492712840464436909778242613772222478418454128502835593811862562418526776510841623203516394458008293095783732943661840143247987826656322490707252"
"2 13/100","0.34865174214048973010971145842772780267671219531134590134120184471451031852082604040743132141434660731359509527682851161397245056657458036713359966717000362947339720007781253398769918926670953888209099423955087573393449502901814812893341772063224881711189739452991545477008011426583609012565"
"2 7/50","0.35159737758067271202264402042444163098830570236186296664079463266496338849891624482285898626066318030737693283856243095206830319759446572712464438973665757619377604236184174196953796800911569793020454020024506527310900184763445905649390092526119158538485021709128264480929979193498746077678"
"2 3/20","0.35435104169853334658014347026651668983959712306542072216595820863774357611061142989899738561407108920889438334466749792279321371408104798781713724272782998649956822461807578676913146267659096844120117773699988678348015107639252366182803886860276913342084646077020884143087650725968073709856"
"2 4/25","0.356913721837895766124110131751655697978852849253659949487317611579399507722623841620649160434660607503396419369345361374116718182767740978626027462766440992162326298957865513534135938934292991808497110396085379635027621150507710814807341815912962295222503215601938637899303392327819898798"
"2 17/100","0.35928647636699883035282334617546025980857826111050343528574304263056960417688018853896832520910181624256858402981662904608211393695930127224250864442851399890639050840668446003910344901254589251538458618430179637591314852006060266995482902674592943800856297115524686864411217026832764530072"
"2 9/50","0.36147043367626971737984365147380160292920347173192118400840117221794848584446481414559983089003897502652051291339520910591546434433760269548844579665892597060640649446748834030397848475132622978248505901554823035914610362438300022434352123396276838233080091676765113396205836943784453424106"
"2 19/100","0.36346679113853321174052262766068752019544836548301115206527401996117982896198911151437236326354817168216418461446164089191824368332644161009936141863815364354245338815619520940252966168855590866620131358819567671361318584130483362409696984775271056438005519588722496668712525999232765603011"
"2 1/5","0.36527681403035399413477367274804380926403035699192039482557466054793143653653144920966878497778694907263891153269802664959925643553158939220306535190558925477985668312904632649809450913718731979640828269594959021654876319563470680137781324686801095936093635045380987528289081462214386842548"
"2 21/100","0.36690183441353623562228489500784172599006426760945614934916513953174353181966823874866764748312564756730301790529075777561422728423085551994505854968549581741778802887437025264501413714979137474383337807804769135542523648298967081221095141411970221882234958319653270414192056741450044069475"
"2 11/50","0.36834324997611530438785539814474630451247271688069947994910336006478862386983696108035577559345519418429997774194988572275917329283600516670873104797204544880899622131549683210463447028616265439281356444962885444080199849124855666064961167305118934604006234986082376219634312971425146018996"
"2 23/100","0.36960252283247151360189241857765454114048869784650959916889111953147516902958280311661757173495081880901088180033031828046552115544629820087207604574113337572983356921832041654875885721823800447283219665442926007406727188077363257737397098651264570778177606604342277549965576404293684300012"
"2 6/25","0.37068117828247635427514691389773234672015773111804258197980351192641836972828171197357019041777076484653532976699379416175158249617922157431554048985620946273897567254183985948241889479710928361345419948614031278394387616550723940108675160696043661174576190853136346869159821230973706606616"
"2 1/4","0.37158080352984809922487814810238031922224760269790565777769546084691356766823129609078490532374809410774280785519075203454928443171615753148109456099731933669822801657193309740276014728189899750339780584616949680057047420699861240712607538592332407284772336657114421826452721174936728197345"
"2 13/50","0.37230304636014637972664685001027671466906890260635195365434657626213102419870767671570960088928635272118142244643527380769786285384362103327925120220213419889732851873586939498048458535291840917812176761391980106135164525829030525825928864636142758539118371402829584416006498676868563151368"
"2 27/100","0.37284961377907453558508412386554764106208643419539401625643760063745785907373544095447084203862259238763651470205832845091603274721680987867408534690528725349341428042978052178095739422963718840398072633788019840532229663321121673139330218060311981517351285075622956362350197065187416777672"
"2 7/25","0.37322227061198433614863408757536853063796904761418428630708820259936358691415463644942506638418768840361555739136367499578880303332221230142918341190079001535187173150728635325057354203233783797776581102649922245589770979136710814196204914016646901626809028064063071309928223712883128938984"
"2 29/100","0.37342283806569011306146262682657875439881991431736999822060001912274523923684356323595788316695033755997341285019079648532386733652611779541540611186576822164787627100659806562485725126435422627728696704366503630164266673668782783639139257778833722914859684139681288804625893508728889039268"
"2 3/10","0.37345319225389844422232097994672059303039982884432367265896601870625991764981082430903075726016738098266380063103747557352689962488690912587779041944299887192633624517910680005801083714945477989749190778583254821304524764016716109512010879527065741159570616647481557494439788265447491629017"
"2 31/100","0.3733152626877452717163391415264911804381707197598671820967923429734478808131863780509862798943229722587513435294349457203966738750401542140719937711692226182454893458885681229445285398584129529451929626972205513591094755361093979187050384586201484072770180901739894463735081508288392823259"
"2 8/25","0.37301103073310471009734023917974538776521300761823578988929861878852026801910214938509217808604659568268984397026312831987045484757162675239801403458204296153971885925575633778354701399731178866914535307113033110601254899168899466186876077349184689297493050947075430996024112103169406323105"
"2 33/100","0.37254252803649280049998617717048604072909413990030557630452331840744158896571766365436314493268112936839983988604946203048978463865028645196323067969287585535326457899931318293613839142580925586732656171709857532310908427096629505088579643421048347794687213363667622465632110541923559160363"
"2 17/50","0.37191183492153510569695471704804651568645681908830162718707396005245415271024387886198827772443210808877907424149026649228325032568766656523155556306940361669006089046341533695420950787652307342140000708802633711117620313949564365307349227322958461027112872899063064162684045411354378761204"
"2 7/20","0.37112107875809936456734624842897629104319408756645760396341816981289466192126119529179444996250400481126848534855972407747989862741277332763751524215325693009484934470346578231820899933905601457996426641943785257657493302696888113550570525838295390994044941534568685731197431171685911274876"
"2 9/25","0.37017243230631350935504240069215901631031334964134627629134272611884274842351023822597886538362552594835705146697562915347084110268264571392034174502525634299043682926586304027437500763128567554776348455687235410028352768383883573960519133766304150829864878730159831772303898561084945591566"
"2 37/100","0.3690681120377953131826924037170702338428283052452674064407398839112520541665292652378014203526868899955674840525127784261366703337884863632655892108279028367636013814121636348938199694222946910131155276347137766577481987783449123311149264265935161782556458623220483348331754315652059540966"
"2 19/50","0.36781037643651293985736900283901919516714151581793073894405222752041849152091666293469048833508996298513819193563065882622566788634556785138922270624079479453042596226480417703386716577370959550617790312373567796660918718879676994851774065069016417980536837052764456986463046226731114990997"
"2 39/100","0.36640152428177592103588893334510686298073218161586542148609288641733871304376143265206895644253756237544113116963697979404649322612066130963980638389487094962190616651224491129803007555765235870263100799610492471220297911467100199156211678253441158173588209375606721217212512551674436723643"
"2 2/5","0.36484389291592384415980898579297560393749090762072869401056976309201958701089374241761949979539967459949191860138881845733136204712998939860766959722895273599770872290444776179845826751028600153061926139296365147867229905675268306437258317933394920768409279769413293096565667985621772907033"
"2 41/100","0.363139856499335605532603588822863452222817223614398884348012251370130806519869212043059655490724039402785468137058216196845835048241727837337246764238727011038147791699661524928186170132384873126607920405701180399867729152561558505021193653165121442303737540263115703100267058594453697950867"
"2 21/50","0.361291824255425825396535643135345688506215793657725821602744390584452038392121183752597833867873252149641863641653796468581632354004207341447568645186308000806358306224013532802934566017614666003626066410047612719816585645880813164214115173432475427305243235429933326728491384576349406486246"
"2 43/100","0.359302238708327347173793820226117260822618241119157830586850726502422008670655889365034459535736745720510390162201541107715449469692915298130233338224879694876939225170594747355529030843709260384909262624119341202940949128002182280576341186063459023256203473627741420006214309119375898219813"
"2 11/25","0.357173573915980115478558744764246484313511602812198883598258644492054822120789677732047544018277909619235223995285319146720655651799414676955255906440220784422786416306715437642691384857947632524300403459948218405000471657720075007480438193873883052585164069007444882907793005285824524163876"
"2 9/20","0.354908333701357664969966649907072172677870038857443313315695976577524937706085613805449405277024819644197543948454530524082603917225904948364242942081648038163110141326915304138571202808988635497958084491971765881721519145725520259672098023331338985581389466300159561255383605292169957130408"
"2 23/50","0.352509049884563526701701236890812544511448388876014675790778544251779064975964072088437328068793584348540748313587220787912457632309514269406519802394971656848970404102670393020474017476319198289194086319541121796506319640349292049706125060006041356707497356533243141732121733038102514828175"
"2 47/100","0.349978280518521697519107355197747035773459912435405555841153906408060351599080465088473165272795616330117471919718355849702089479526271624303069402817650860043201208370442931766028592141262774607556045667770012787969236857510495082882215364412343133545320728455758061100742859042169750816601"
"2 12/25","0.347318608130968604791418287665986749700922738817821901397948553674869823722973117321178540278809252296418711240171273348375383264247996748877436414475734553182134320372223892346573840355623853810775714650770636276004767532183602236629815144810146013438005307992357268778606506117888835220195"
"2 49/100","0.344532637975429475048970148030137918830325199116253474540350099006579670349432216478439590989941594338140488933649824360170316574477800835729981120513390235157325765536449762696459066219247192673280879880612315971467247359016166251103475819918231539925592665449052945447224911248864565739605"
"2 1/2","0.341622996293830483395940865687379119673245246625341957099320496916886972370665834558264709951532336671019167414748556459247300300070464055211154694328454814806522613374663057625695816742831077767145865384522354651646783676547374066496039155321616125603678888718330451335513655642298203309222"
"2 51/100","0.33859232859336038773130010002756110592873124076212440867897468971592897611155954101784697152604657561202720089987202593838391762785264685514046014914524207238923388851652198113078226521040132270829238369053907652243719200902558521545148643236892277377739151512805532039148171429711735040334"
"2 13/25","0.33544329794015247392921102638243705697693047502020013003338846481389886860778890360174505842861629194797509103358957616661222338254513084338471959038201952777008085241823154247370358787491640011923410790089552035840394932752110002346992274591904143618971519008395363609106360450750717922025"
"2 53/100","0.33217858327231056704025126863992241012161046802302772434597803896887572299054028387635259076189961872295906558162368204485394568383314617257263564424762416516512009528270353714276859611042769868029351751565126619524310978325278027491059426549393774614391656913375863031722596312741407187721"
"2 27/50","0.32880087773475269533982029486231698474614760530588731066130053978409491252605906752827092128312733940196826271954815419056337749928137831267358462428296050522199480283272445345879854254194532239166783362495008161974299067973973118224679168867741259083071918848541442337182343872081368843937"
"2 11/20","0.3253128870382939199244774381393219822467546473970224234208031340691368703415724234789085990711366700544960899248943610267082732229722704305207073980350182616013833805208843977849867461024173654131711187402941062957042427229098474481254421872015946459030166819956533829267082237306048165036"
"2 14/25","0.32171732784533716300585073903961558768412311906275978157510042115352061611584738785109300544408198121539453143276777438759689249757810804648311006752759955137097136322658088582895305514355070463267931953753533639820394750244322053091821465909896006395401236226220022435137412915313792485579"
"2 57/100","0.31801692618448901054198064226839957512060948622823352477463560946890671470050597314911394160384642872417904949754298320957231131383152141177118227878980226225500965648037708570428701711737008450211567152459454870288854154400094055062580960625077320134526243595930480542154379165130827331778"
"2 29/50","0.3142144158963680062944467936423332233343915870269383183735647219753957119900947153019181829979185446529479414855057706974011417248541109321322658620774705330496961761361785976922483317593901742050376007285287279451798345548843235633577920100847185235496260374634002687143498717215166661463"
"2 59/100","0.31031253711282764938295457338197442877347805318748161511125364602179498191448901982400940483714485113680909529663924780744238917397979439794696368311317211378273084079879190635308754303739954605870090556649808605840891666079434748023849077757277973398389490589204915329460398367289863052311"
"2 3/5","0.30631403477177712351652059809640726189829054838428391019579192599402603824940681274527544132372064647664215548546274854851262914609232326811600668599718712184811137657601409597033939376605129027505943261631900003996852359638078184080926079656977757540606914915298432911513627352914403303371"
"2 61/100","0.3022216571697519481511111898690988268158549059603872550492953948096065522067350729364795600488159365454306566309235812898468327893904829455267449104342800052786345829621678186818841692353123678094701310272925754611806154130845355257910033377446258233351181164659640523109362043202780656633"
"2 31/50","0.29803815455436678726968245163363009723409638576890046111776384784588537797183105765987776261848975009520490924708814913240645467142484199230896844958518998547452108625368901002079828032654008572103738818882493878176348922217600577366870630162848580939795558581080384963788743755583965138403"
"2 63/100","0.29376627775877649949526206701108214084454075526027195436742825790677753527217022939378077976425419017896463724454111571792750809746777638069352406149066316256444557666910553668157606412615740845343962416263343238252296015035459793818920173273019928872328453093084068927488579632225338058255"
"2 16/25","0.28940877688028255147205801061746700940581931533194343971538617766846634666006169513963097703126388415269194790669538876125033883838994539737590159074755512641208580766789040757283454955686428010319268025259435677189316414352466414536956129378017229363575396145174949396637922151622950953867"
"2 13/20","0.28496840000525410968191699573201924596733767311826045087714033451369884130750668682597467621718252761219471562472517170403986468418646906391088190327492225175703594609336505081282519224817480571997072645444945185907015624795576471976073272654292214300047053512555035153242818189924500561924"
"2 33/50","0.28044789198259115271816798941572317057167019129860819570797179549817218935203476405693924395130724259716733647513205351197352113981858799019855263845073290513051393120846699789483156768968873356166206446592609402789785298138619388886002610687889235039637798102973256817627675239545425680252"
"2 67/100","0.27584999324804637120033010073562870871891931566581585006978485795088029527127936641862260156262086872314789128961305481280085354850748060273569280153801738134008777015104530463504301677436535745391741171980109489979656310331526030070790934977965452490365125235655647582817124163485469309561"
"2 17/25","0.27117743870185011452828350147666489485101696189176291830189392158390000928610354617417633005450763579533863551274368895176237217927535103775440037899709291687284431015646244517662984319245493682980054452979275796215304688434004259987324069807813480756298501839666011621434452065594307683703"
"2 69/100","0.26643295664225625127766603739877046961491134818067391977030041258662658479010242331867531200572777044731583738721040678735302607481598425412046803602519909685034593293984999452571760282485894875278003084334034580486607854033954268486414182869370183518308797792364327332958354154572177025866"
"2 7/10","0.26161926775785631407094100580618140117285384907646594826093678310376066484897061104816354500060363100322443089910119120861256590627590013886291915573071688047117026509542514417314345483700717704634824288662882883894486838844562089966019214689512325307958271684714537416006287278869194332277"
"2 71/100","0.2567390841818066632034060590189983736086000655974314341831780011805458869378225743365654428240797328902146463247540899593636601814204136102278065270349950268688974571372280499844898400408977270161002559532383771577527263169787365208560505732732724045840049693912845561417623456839308216637"
"2 18/25","0.2517951086114933493098637776163312934982525080127830980386045885160458598566562579731606529357891775005545086346559145993581822879746258332615369230534997816140015109403725670716755745659083332983938278492441952187531031238242416086386585479633260024555335531974809021280613339423895989162"
"2 73/100","0.24679003349764011311355217201037817945917382427967440883587206566034401444300499529565510350699006374030782323106418231286481971255122546299005884371380208558372418076243204762719519013705393235375665969136096415974017076761598902308996196042222650998989404391238396471530409666569911453263"
"2 37/50","0.24172654030746923220894037104007340486514239938585960871283313957468622704135917003981846187004151393010846155027014591921424284390784135488905196662076492590792634953024889104484997959023897441293747317614490830082917450872535983497604498468208062841843268932836566882775952488145301369948"
"2 3/4","0.23660729886728114713506828412509664223105043913166954493403928792438373500359245283378817482712971457029786800173885553155953804784228741127004102048568932605203144219182708112141677812658388205424679244958427932355159817215685649345492487181424312930375039329420566395054004849695745404191"
"2 19/25","0.23143496679076279375218847957168502890967313046773948175490823483441473135560883414910098252090066913740580855761964999635205677444916189854574862835873794058566117199717291480317064586307223525288142964307557536031390276219835940108212900797713782333293131341491128926010261956945274820467"
"2 77/100","0.22621218900051172111210022961542466668481987703044513418846786480384174461366183522712713388138413589977629820020659991223233542534878070570580570485097612371579531275279257251576347791972050709850420474949572080903798685561454363741154087640491647893082004062002505001696978365266920374385"
"2 39/50","0.22094159735173121764522675626867183205861080830292100411926225801247169838761605991255096981362011979729143884354819792246693039451345886324017920280359394594937646735651892101926534235765715777070127497072386630303581711532652554082803760393268411836747093568216509647693235777302489942484"
"2 79/100","0.21562581036888493651487878520172213238917237702224971592285159777874279547306609634333678699480800075538558290754423361427434410269707729964096197014574613375887158213043098487595318525264664538007222340060280268738972901167395489188623884834947465606002024023737439552271483152100965007069"
"2 4/5","0.21026743310839350387802188873661012602693199359096658314002311818025489431860295684138605363859625523123842928512378428214117535946398342333416842964649341091408906886991478326587810559050003027764424554564554166435843648744336497909285697954305069904478491984890809582893761517924863065604"
"2 81/100","0.20486905716333436577476340585955778692592106512894633188811644447724637244847238638182155945046631830119703013211752493742314257525557828459195455742005408208537438411211066806907057924624144405711340879385613378125157118581049901565171138422215290697434724870923389522873214402927058112503"
"2 41/50","0.19943326082973169858752017789306053920128414729416677070224061388276462971469600445374595400567780511393479321011949933647625385547028100278501710103256581706430814920599542833942118778159961054804137305722337089255054037583111205179020457012103007968216933673972722397068476738608047651481"
"2 83/100","0.19396260945860859876054776586360186537334439413957995592382600116847786673327790650005973418166602142328468654396703025622459298748592395023642327908557316769098197351712042313083611885344196669158058499508317197634914740744457708850414548227621856977912544692236239572859059490087842467235"
"2 21/25","0.18845965602380103605661498279570237021767795836605007466045246470493893831559297538739761165189343435549641658527956272352474185944760271112341597139863997263193362553935823312036254958502365735298440427536964072911849768196867717673499169985163235925032231578071997825198399776262363836379"
"2 17/20","0.18292694194297840740782842106781131919423023212722765304798490985634502453559935296681528410477702958517917740736084377708590924248099234392066979881990363991442551492172897312775773969745568173087494243805486944827415996372491002020627305743967574041610667758211440865996274039646313793059"
"2 43/50","0.17736699819888462403704357382529760196614044952069643433541517993484396057160083436197002809667967779653011980599052350886474048532445455850670854538342366675224691160706527409073276412898602555359185286297478486059254370511644822406917911719314600133441848650946045915295635517548623479492"
"2 87/100","0.17178234682019167948585648748868495556731326051590632870496458279422454090573222097988669015750214265697898764790194194636980943939442831057555851938138286352253839374306508687925990891000237381498672413254569948569520888085398126491280163952352791518442403277412232223853791585006442124215"
"2 22/25","0.16617550279748095611368998164698949663628647719366541988988889437387169505114328619170691195639939197189267046399286843817965630991028871313065499834315476701680484397319316612221495778044116402974241698677081686963179864319054394874199430526025234701003524665513937835982646841086241182337"
"2 89/100","0.16054897653102737119869012384616490288517341732542430637266183978150023764403687576971551026504583115040695716293058173265738524873280728390882585743796603263847896427442717462501220673611660823609795799673564582932680669265908026372362884539648824577684508147986170260397397267844961553854"
"2 9/10","0.1549052769350554553533756439738792519722972992810170067953958731943234893021465065023586372783014747390742372840173117661647393321747585798632358307566316587302170746703538152267977996187238696905332957195963446308670519170421528405663193393494893876563141887500450101107308333751917159106"
"2 91/100","0.14924691536049252697029892959690551372891826524416966490489975991592811332923149217717295204593541495019814106991398082029605741575877168140901045804315909587753713957351354548892525790274550812434041654888881047912936506803202721628838544379560979736979753401589599418495955547463332417194"
"2 23/25","0.14357641054855546782533243451884717181753891591015117786938999292622286422297580202530435017690519023137185589868122829908240511730281582664334839065158562360176241635801905925998301406183029038156232223677724396891776133413271927703092390928482484797721318475269100387045146159798548284768"
"2 93/100","0.13789629489593997224483796628162003672171059999827750235333017839933773125993238085775275594031791151455902858383303391503253670131334697460901946644202080232262776235544570187520441531765825546527588097997836701628563048961424683762313685297774189824927987796818898107701902926712213553926"
"2 47/50","0.13220912240645155425212536701953322229778522698721167816867467976992008270347475197969840455648899596229848593596576860879893602541778488367839351456093214023983574951088712008975293682158081757498072456454861742788429157108599929216191594098786107117473500769103089138069842437950489248169"
"2 19/20","0.12651747883470672401629442095906335388628721814280768253049334296524519769339446442603018559425806886360736419599736362765856874189644809424427961805131709084567990869448774735764474515973793084977601158900326726447490553462158493172460650153855476832750536426712615652851779079434379628133"
"2 24/25","0.12082399471160131726182656661163208800276167436426063571034836979825898702018953183577543404581795751342622353331626765380531147685081040182716060908472008546965802089779344732835786135871660607301046937742492634015343805211519282821465037466847774668523449097535168999242814506198864428385"
"2 97/100","0.11513136220371034317068449878996126367812147199352573262298414274840736056772191436822624986788168168931388218291720745413692806058525721597165446885512457403211252859850755089474585813576002111866961340588129158278454343683351861243935161161409167588735493261296382850689102742301725656935"
"2 49/50","0.1094423571383595016500994855246742345802754471497365978625593603345434947817586364696980796166439611567452330623366803703254243065126561938135793114989317844726866938835268695417233900018987727262802405167568377027753666159718430618468702299533997259045422219224011449940941334803158856061"
"2 99/100","0.10375986808346939187893329750554132987568211817597559030890134068141093552763471992327451827204413277737257039483034656381741309952466750444685739878498512586845147768888370853729327936831076941421132552443642811479682558034586006821371487996724783730942878440482062226735354135113186298656"
"3","0.09808693520328796658259537220554062854175621933831470023131172322848775260779106076222699319979879625575845301496137445573238782363905736779927301120002172766526385821570946964210610401315133875357664073765290591237065963466381000261163786427262679130303666635872855491509686180113345986998"
"3 1/100","0.09242680287552834988319282983507564661557071941965455231450765175420227443449708761763555769836209781060554207092420236855201382464801838040886278715000670468131766787336957389853919813092617748792586855548833012279926143054587871337825594311599681136855133804020629190348613088007286252517"
"3 1/50","0.08678299201459524882037168742646914839893374232494297521758327299284632214347706788607575551348345105217010602500406005874610804580621000147922717219312764158435441345448890727425556033864574464839428583319056872181134498725079283966287043897400262798309992868925314574099304320781933995511"
"3 3/100","0.08115940114613360776245855487904259457720989450664111321608412749581330098550851014172458137671440800456815882728043586954784480606429076478761384871236715052766340289434317748236001157272339102459512843081219761760455262941037338964079642447449809378409694866760376895426984359553301687546"
"3 1/25","0.07556045029947453788346053160887527211975134585037714202192963116880861590916635249368150124683796901026152118118629163683454392034945294979857658241652448532743751009576614418467557775964771542455038866964297253154541785948363922787495929635623584224862827264678506768938267968391410724259"
"3 1/20","0.06999129012389388030359244039916767508764628345955503685685945109282533905714330123852631718132807418276291601743015760234424731921300809363128745588054464337707452222684632851403485858524873685717259449708260335559819427373478273275329419565647516231221860618025328897020633904345961145424"
"3 3/50","0.06445811287006761783337476375737387316254270616822294014669094375368643023477798960367634031636954890764861067519388576253975128540276612866242972167857883985648615262406812853165396325057341554659663345890714611963410228120591776547921365298530436990293638546722740113410710267288889464839"
"3 7/100","0.05896862691569139931846862675867254907443254224215759230156229011103568914101991184082449177554382163782661790664740014082245308015647637972118101822339970167614586423313399405787314767584458709121560875523557660232576203542676697738719464389332571727084551843074359880260152324359875225113"
"3 2/25","0.05353280199607738891567023826735206553840436441590051674548015790171287082298805047043230589435982868466986488294676519480342552017814956066519377298938690821645183437662608542833486469804300797485603586663085262683480580358065509798050148580782975538490893052702775201729923460970468731442"
"3 9/100","0.04816407780689238401881364925829466315860899615655772862508933534642501195128642311812701282873140709000698917712524690139057088727532216381816161709230917777283033774244398150094919739678978479834085508954984060669464228277056148919346061922204038257912491370721815473388162510877583194255"
"3 1/10","0.042881395169091558734210597011641320396522076701365892995510837180292972391735151659985827842941918589070025548346995325203852260936387618940806924811749687529801109525089611085339640359466241652860049170883979292860206108260890618890711565877889663154482659415269093711518833478591441893"
"3 11/100","0.03771274421997898609767661536636116136792238964200111098198811135267215301708106841563838162322554176711358395418345706926050629462417503113790673007023200090276860746439685093764735187004949025116931843656165670689552464105363231664465764756815260742635486815770530667306239555012252510917"
"3 3/25","0.03270161546839262641353278356374706781159461591272312509253544247091889240582357090544385490112076277683144824264855864507132962590331992547415929695433240772949489545899280120133497110438722430677290297534385040936398559762358720135794475046874463398798541058187694363213889720516593120914"
"3 13/100","0.02791915763662871805565757448504656526098203289970186072092791609538876111373476031177301876118404393815512029689810593017316057151031395040635085973431143468739150341674560513001326859422837198155563001440909127473876424254441905304383977154141241926940156473861409058076147582811935952238"
"3 7/50","0.02348747786634979415684209455643648487155606396999399953229698927068247214944891337028295238705617063121729112560636516090340824440785224093112511215165588187430436647633482668668495562352502023776456693548050287274497709802766488928658363011265836470458364171611938030235644653345897685267"
"3 3/20","0.01962223587141210549935803747712532435683396337536055543144313690976231762090978183710974597817884870152073073588556786549336802392036647175180105680134354456867520989235610833299652643473825363498805447801748524840215560316566769544002497151675618127999261686995879986303713175009014355097"
"3 4/25","0.01669171899355145416351660496996746017986067865444744693356252761966497762669381414993360344024549931318396551154366433757772264122503053695356864631545035689953822685496321027166079441036680083926415788955463859089036831990703926674575258937582391189509544287752786632422436961805898683241"
"3 17/100","0.01521063929145530492576461420289746237415328964788276065900768222587254672299402446795831415454781942056059936216768871463742772074663212851937821567174716838250612316508931552486224991387416021627028340180302939194542426923494140981802740964048080999280912292680780336266159510339578357433"
"3 9/50","0.01556207419699563537733913776328990863159119926082521508605341316836894978748763636410047315145447553661044464602587967764608696882920396961365166094014356246505409380674492635510706459174708205660405312119813507749286675142747121287323559947925719401763202620904054806672862896564708602148"
"3 19/100","0.01760379536343485633174515990178103926130349840739877814676216538496195291661459038849373566284784665232335373633753656999895837654326660189445474350323723436715869981458220748169681952352205129021064763219046927502561523116731906574624107717045514945654177522298344008173858390476157778645"
"3 1/5","0.02081560279938828974414162328397453512926206837357975086503552160561458747955295217153211334943200833752741352594979806344027524376931337937045861567331748394575951161037782746418003215807889574162588209635218554709500424039039726169882795741110275354479794193689566471575406239094488899378"
"3 21/100","0.02472024218418730636855569682961770135408304985984706526755625287413621293151261034773837799527484766930220559312797239805799887441075294947443523322582758758780424848416445703500742453332908087657884640110315391692167476318759316377770494087328750106802721482796927343365120990650534297459"
"3 11/50","0.02901672244084550621205774541151859715615623488145958654551327863215159277502527190018588855682377857203089834230623959786325548185484809711451342774346060178108499890241077213103215203768029852646327985589404313108672356871835735746161688180011597214399500985159653501744653117705593474841"
"3 23/100","0.03353435689938251985250948256635125452302068807402526550636077756514440370460103521344687761663049378474545192779934755872984903676335227839273073885225026611228613233196497098624374011271579330877592278611369251124236250772158481210208207033476203252888292542288268247433037849236833618315"
"3 6/25","0.03817613169319893543264463435454279100189840713162571877747365160664624587556812565930680210682799039887778189189251854241556291215305110088011918424598628494263130565610217545148377490398764494299454462391144616394020679985060721631411961887705791042364452968281416708141089963767037262537"
"3 1/4","0.04288468405603472962127893301300561964034267931837742302224936562748740401268946095566825037917733854073337397261852395972623955673570231641316502797966802517271284865140371944385844712021701330752342941141315178888473169790230729816154112303763442183889298323151152729542980746760584534002"
"3 13/50","0.04762439868783087870452534919129787063819253312037386805588581562163711628330574883038115584712172579635836764842708014086794277089771917106471025713180752401096229657692261316913156580668925313574375101783594138799138510302701301886239235219112390279867479215874137563522311379350374480709"
"3 27/100","0.05237206455417723989157862365399956434232466821835073470012853876944069111204807394737411853553148017832187628252088136694009369047914291322315723579789788156590245796843980470074919917606838622671977393203454195786075274677686129659054080696604304694416536754853881038124059096607744585705"
"3 7/25","0.05711185563257174906040950783675017996023110925655959918789424859427761789952336892586538637743965506622058092762036956043596631786045094981929570699816182064136961978644564692135094180728730194233505520832228187353574389295058063519227217735656281731687857452718247996796151009365394430204"
"3 29/100","0.06183252649484003784941604270690428441827774716761429436057682509243238495769440776513247587407092403550170703809613960059899138580338553248203522703749670519322525492576004946468709537140575415708067053808369910949853583043260843339727024699835766474676448276714697792472457157224042723339"
"3 3/10","0.06652578121192148791629210308626083924423639555674238596765755303031156247506350324787582337205727455919477762746018502761481510550010385301366822900907243950939820672126874227320117950793170014437523365028239007058305982681509077060677517789412293512653335692469588663978858442523585961096"
"3 31/100","0.07118528821841701929530567164490318671035438367601113173600684522397842849323332658764843684714169756957743580700389631034016664123947509574480570028775594366529698771020009107712506069978046101205773673403533611409294595099066313856409426772464910180117816448377463021398247230881547449854"
"3 8/25","0.07580606454543318475021225545338089513787710293962522727702735583666149293606482552001495842196491115519025837175504843552382841720796801352910584262011891152746228096159922008977866783606628212593419018941694688857906986665825397365581631102453177739286576768623587379864528735039857016332"
"3 33/100","0.0803840788783286698027921034331810597680092557295938178934865432685238686277103529429664410732900672664340095078872580655425069312423992849552977329416325571188763038248474791296597586778886032830721639356014798623832552378627388880912091256343988100492666241936109802798995750292611180543"
"3 17/50","0.08491598851814735961757015399289737214189260921767388184896847244152991307906149270314048211880583357173836737495382349364103405445042685207513509645926311144364436598845679849293808830770868424474007835105172763079079381419089878726607720679940715937321365594251528951335058630108166660195"
"3 7/20","0.08939896071953632281732225465765401393444946963515963567398317209648333996882598203576337191211672279794782487271710522550726418139444645289705396585103043480624017301790048145164146751768312657307815936653164944957008654416932275715890737494824445482934293195639602579390105481114629969866"
"3 9/25","0.09383054862322466618316065089104116753102985616137927277862584367048367438365779885005825786647757809741038255611946445905952008980313957822884121607910380502451626254454753330874286578076144859457757530898132680492472539121738449340044771831210712795132791221948667834812423114424913753703"
"3 37/100","0.09820860336808898148039142289781360231200484247599596859861521974409824805912776591900630076601386320047992307834677061257222509298712681257772106887131036714660169397218243578041439608855998374996285335435639669186834597459979582337080339483463099560656653694949325760107120549647162508329"
"3 19/50","0.10253121070374338787215651753919595019557309183746333468867367453404604221566276585056030163575557830574272662988045611962794786693114674358714049620070448029089432862775191595577984516740025183828109005635543720755061873311111122105745330635386104525601179730494021165633413299323445349178"
"3 39/100","0.10679664452357664915012362444460763375333453545873950776610166726687660557056856254862137310556447838578492533185210268165465966725409629128429321514597044041314272924208926098625553568018048575334222778101058767916956606340700610369709742750297348523992961006321857093211298619980907193464"
"3 2/5","0.11100333229386637773362404000960487673403512357450383486912787161051723492070443737671617876223470937481198301210761578854378005043358336065778452249351523941612239951740072162030779923702217161717563577212138161384133466711453396182130366303932297715069423709526903808696319271569091912016"
"3 41/100","0.11514982898395048313619577702960879770123519351088883552401782741106911646018971800621358831547798448047215143467325627141176904067844273191555068728815341765895860820378689541847726809003036727033990553196589737847126835301498243124251911168185284219561282824971415150793166702165836379017"
"3 21/50","0.1192347971626316306391204893295621595880027132457047004795123833063425139364680953641211725810950294392909160597800980081300411665142667327175505708912611608656254938408967001826888429530733622892332457850591922430341862361201431983527721023655099628675987609094435213616932844949063290276"
"3 43/100","0.12325699162891303737106366122143736676291248869478012819069267032547951056672254028089955837586266108955506912094989200069178801109973996697281391065361135786799446836549568028643801234551419739064147235275502291694578842399080379658392618349908887905547377219768213115067305410180544866094"
"3 11/25","0.12721524741933497006335539217613584920193748940235681748239527212892696334559793224531328386839190721707328878405363817965493929136836273290761853158381655144675616944261909919035215237492267350478179334858357542776825541096105775412476058042772747360762187837055515349435953465605060672723"
"3 9/20","0.13110847035918749638408700130666324591159896847984595544493951485590255470647360430780871443815816600758999946524705913301000681164798393240950609051314405504824469549618491986270263458553719521409661740649112346533803114270808610808803000560083024611736091725789864096126896574896433959718"
"3 23/50","0.13493562955095376949501303104234866931685005185589086162468477239404064464454704712709130548339833709773664046936251882550811096336918727984313893549012580121132833199507318016964291033147905652887300975915001902867321057276677230357899359507524866011361830874666062789250646309409253972019"
"3 47/100","0.13869575135276963391389152476504417041904101077708778459322079578208034654714670847078950114087991535139763991115752612587072264206799337148448673502888377384316731206332347374379923205595996898736129388613338080595063490011423416671302003192398048148914357278808082530687092543122187773294"
"3 12/25","0.14238791451355716482864637323708273227285811105730997307459871260589158491277470477780881828743277215294373746094696204869691867100082081065665442576762751032097490499663272795483460773367554796178244493276195197201238181527601701098465302963230568226602532418672283975794389640657789963035"
"3 49/100","0.14601124621379135650157436531073502185619287345361725171088757573437690699530048222737310074243273585294499055307031825940009674712917571455824682962488244271153976191585052785939452765479291074272814968089542762199113514669744026978360517172113150014350913698065068964149025983881892537425"
"3 1/2","0.14956491882100543988085016654603234218706376138676169881982902466715693305352235505527004908539784514614991898577303095757599304734157749571421607101832690480095689607971894425417782758966601535104162760155689513643433077411475789021113853125257417011561817432547331924170374017400009055397"
"3 51/100","0.15304814721355308729888514858758631253278403904843692898846571894718231143230046757222212323357547994887650982863717031823514092324350294364256773827305359722469014856712475214403987261550320424312025719471249030433442950529687710442261271655884966350422485718658013689898516575059223630843"
"3 13/25","0.15646018655926080282760314205754780570634706807399295873729049265698066545544676195573627885470928154668842989349879542517719566631434232228697346871613440163984906208542044925238060338892724005239805631812536682244429892572461209980757805421852836770256036675023106683926474551337238488672"
"3 53/100","0.15980033046052135397339390915754852621771663141155403772028148598626293095476135749997742358020040966531996686322009044668568804339644662366680813540678153357347421708821405842209045921723199951508496220749224624050778753177591837352531521926670220237666530051453843868911930136858002426106"
"3 27/50","0.16306790939629017295495778046635085179667010369993891199642342917596895778377621195377639132612441940999109015211763668772138697320546158894745824011466037963516973684999797920673467389383893260732923992629778252876673234005597051754808824613536347743525893036362885869888561597845676487912"
"3 11/20","0.16626228940591590152559302585747491681366413798474292360172777986479693053791336418095639158322471731883057667247611867510478558761774722385028985950383128951022046692843783537227262606677615388110125178465487977823458817170441768452761332788456362245000486732876105293976473175017624210974"
"3 14/25","0.16938287097089208854976603551597346457230655637310595491815885808377051226110340368095054761595087075884962273569700110211106195953617456171734599134005316688398085127918525445443597669177886986215705212570089987982133740736286525741484202954773146371788335787659024593641405726647409245769"
"3 57/100","0.17242908805928087274427801693950400559005725052730667369665813153343356515155475288232883173725245060706996924603774853763451245602006881167472796176114114484619272925264521850959862075073247751985982106418495577866323397019632089218396195416787394826421164938145108943254430454479383188778"
"3 29/50","0.17540040730433448272760420831362577243629423758742515446884612920215993804151532877163672131744545093044807940121850806481498857554966622236666150300863576383089393500048992665318523051940849831073770402435935841508730085354595012209480665348282430418223477538057474874529744514251430472563"
"3 59/100","0.1782963272941732096072460997338044137204037863320045112244869216418332252465283536673403303782956389619056080272520485131104491942669894803033559818423346772157268202546647175137968258090929894846481406001445428559754919101713023755442858510545190230001297750906651846323710307746902452952"
"3 3/5","0.18111637795360250304631862199217379033493024492233360593796558923803930582254707929924190939598021208831030660315357711633453418955936818851595281702521491574115773961823302472891647398826177341794987897505810240801823059968120182935228542482247926400061856917326339096010699354178833609004"
"3 61/100","0.18386012000251766991240366262537945031529252444926822763213690949085686902947926961103381929860180260199791243609362313955731045121213458704599982701160893859675891802320573336873381618403625930306755682982017091529886290938058424900403287354356065829313338632387192684093755254987693697359"
"3 31/50","0.1865271444780421422118158089356352004763661488866379453789333937393077077091005872966061223074180258646748162027601773891101359849148580915659695837962325217222350155495873893097449551043754964403519335751642959542011554564897758763208888944802013825604662612600925649407750208785123078008"
"3 63/100","0.18911707230971916126645783346205850964234510160457397405858865102418742778950584582505561761228158350824486716167160879994168915436380355937161151101194371623873548086833630117425847391249624677952687033547774536668079921238308775028607511677551850732595533103978919298021031522980601265719"
"3 16/25","0.19162955393883806227411668166354912617691335693816451215940417880340210336393746049070550190273684310144652571301920711788029639629070828340333565570284842139495795191391469737991614399819259791060552581663171246802435000611876580413374264744260445683902600222697788850565984852591393504512"
"3 13/20","0.19406426897441088950014603557944478020962944685769487162203227688580444002517304359950491441766138633551197942015079788661016798357352102606883714909195211280655842818258674280272340677929962568134530268232931824085096613139707893499229044832455387964338784697120711038861886579805478131952"
"3 33/50","0.19642092587948942418067167884694613891362424396294918516493647007643378184938187333627900535694526321097277684860474121757018532456536408590231531906683260410385916840605556347792300063636815160343883706995359479250363239643952145766392763439002234750364035115092707842489479295326280709603"
"3 67/100","0.19869926168247887449640265864424409451906848278123078427931661539427816459318571666537336393197896425261732533954067235176637291134920842190691112331821631885869815090286447770346614553179487903957318092897918960948059867527309581103605518064942232553053074782568120732160993572728041722429"
"3 17/25","0.20089904170890329414717630314212733423038718673776713887929594430018817107650741188360859756074006277861217424248131784130836686967330114239751915256529958727063430040935636642288188414658524351143568375848154141533313982617501678081494528955680560764570283272272745342559688052040902686193"
"3 69/100","0.20302005932974148673527744670723831963989020354468529368221160262137383496942716161997977109492255579602846668686962854779026126749376321667535355372970603919758534242183545162844165620592672492645677468745714461678027902861082448043243990998549334539058253797726762495124851889798995873496"
"3 7/10","0.20506213572300626945361658020082837485934562728446915589619740925258791535016172270613792965672668932824831888701140028315685044944180174004172311210434368979400567731623008112847003756280013692993412433859692109291034340901343991802120250279580672684465330744393257824745480868396583992619"
"3 71/100","0.20702511964570486723680504437833949503779142066331769314059234856246128509628846931835686894092998032663679279211255152487795996072207520318738089096828566217680403033275142515505684066896382703737233749763301917768615788077486197598040184086373060831188038843286658175483930876084741396222"
"3 18/25","0.20890888721371017541613452883473596635645486168912761023430423037891120955899761200499584129368754271600253317558389578319259751709523021936175749723776938714802816660730696554623975868536982001738094953506469057458908862922942269881853522177399090639242116272760475024100387297924074902523"
"3 73/100","0.21071334168740475279718202519629154480276053788593754792595692573657947460452902637201705355217224149473577850964951517938090671365344854664994483167285104339749569264520324628261457406604154076130944628007111516285685681431075585593112210551092886465880746843144299228870864397143323831928"
"3 37/50","0.21243841326124224655711491099762851915343527841345579078853268414829749543218461997615885471564658575219552820284752482846512267014537148148562915467954700823611140861991301604279415401277452142013689057816667209724647823298457690160180612089282754596083602053128234259446197894829120582229"
"3 3/4","0.21408405885561305612809933823736120614666302744348875200528924906152604312084514218775831091990970119207525487847920102725896370588593635895262809407094911177564279933741281798815330461732603872162582341708206006802035108244753042785553569333684121191603415591082579973428241417150324362997"
"3 19/25","0.215650261909609365000606957251535882461704171059594250481386496004481614644904728543709399871962179366168024492482814399510224811727501546773774588113420859695568795335774363169843126674154475548793198440383234071009965943614431321227243652657800122774519307127015299113119497958167015493"
"3 77/100","0.2171370321734648750309110027652082986222418307080811389657505047212198398189796406785925106966208660785243542374108984773733457479991075711301119812302107747660155558038847091846150542537005281242665360843136149127499829350448084883770523965226774896155768694070697090730947409742412564974"
"3 39/50","0.21854440549960130487835674286521044849382721892941085646250807496724314271093722568850065186888780790619031301640019939050177303389027934353247533284450505497318973458403985492338745369399722955587983749560131886994100874562407763929963281517221658105668733630296807362188741609573850928411"
"3 79/100","0.21987244363135076871535535754582129026425270391960499902207879713214210861713926690342763482486688452580682503536886967200198082175291176255240565482373177903458359844434342423855894296207211537233790970809313526647673848990441809296441693461887558592361366717552915540661014351035942423192"
"3 4/5","0.221121233988543666092791001522300962021005864907044930220999970125153676670398294138160008997425029892761871990040227485146748633758079185190486164188338510693417816272709098655678813849550870261919712941707966269986238466202544464570755654046749981340310977826671102546126735162584479252"
"3 81/100","0.22229088944925827433232306354103171778868362150391951713029197164254671865104028899363562487526659848556239805840305782220660836120548677540692488287702026944631172159450026325596261819598054352006441049647482005479262316950817103388487306167774832744663373340866973919771083714240735909524"
"3 41/50","0.22338154812712298037760509630356996662838292152044258952791439771907026131102046621851983509223268197090304136795749002075172046984410696997455401332839447646559676902228884352762132753629729576580676180872256647073968354601502894863643722899674685024071282014438085912867459420924587941058"
"3 83/100","0.22439337314364679400687170380464809191522930268577523887227728231408515636087614058015450458686053705168424753238523439967545228109548087284154828559756879022089935546727545653479751994479465391085116568660792034297998263719805202618165061101869517230357067041659013351616773361734387646597"
"3 21/25","0.22532655239512992359016649018500312264450069515550089534640946763364127216933575810300572234257122173923585787877792331011273435580265646795602443991662882123215301083432091374993220145028474304306281824519720025337646306057948272389943253592520845991067985405897864040889005810661208570116"
"3 17/20","0.22618129831377499772029389189410684901086359458974316810392484088792481617846774627693130013570012381419095325655034738447608446603171310315521551647196793803793809562258074559931331740342925477180117626421342269845958835802405290211718131857922662716661931440799894516447114599548042702119"
"3 43/50","0.22695784762268200642295434028737927394119871954412583058833941465386238934912520459270924192457748126624119317087808175121669941069237561709793042370230217582926731711508480931002850000707523054501224737773416927429341354201228694201014256590846185790883211348592430741886777469808100290103"
"3 87/100","0.22765646108446707163912684450426655146103210920311077689401774661970751124820097572996650118638158444637870377495610041098046229052127331829145625501545544991677859648955496166678116830679042907743408972129620073392646327599001117180631075083051577861668475844148157718136539158853946797753"
"3 22/25","0.22827742324329745648333022043104594739124338886906205953042816818307034183085459915138583710753810908164637042458087335026630449769446296696668423934944617679530851453404510731976209438430429951230214257409791926058969315935683289518851321299953900315160028102351535851518796990018178565179"
"3 89/100","0.22882104216018338912539372066736200459767555132064897516757826554182257798196358388708754972534943789413922974630722202614007030950702127982456914699200237673574072517667482710195533541037255492598164545061022473934762645476582413680737029232190874035577493018848983764778945092021687722577"
"3 9/10","0.22928764914141181673523805057120618040718390656625400032360094333254213383228803329369260749557420501520590881033787666833283669515933965135166030798051928477154688419812745415872512129891338455736145991647871258469865456367979317986507209480590698820749050222447371932159923733741843173984"
"3 91/100","0.22967759846004854461791620167724049508123199260672974037357775531952578555759581452833990148265475667113431361912281222002039243656573970797424594328785019543305396647677538536597284826289301577839646084061218871860367327831425041390582683762082880221569265676416431427642216982210018375864"
"3 23/25","0.22999126707047371581543985846936014000241288890750003045176611208494282491523211975380311370635924833412414447999350179874658228409625829337545918290654649248297139657553425859324283713242917958603856947631440607044836174748749797224829860024363022691459965789002394695855728191114828584725"
"3 93/100","0.2302290543159515520909347546962448607103039164703639375175860568176063044664415718557456182044368864554700149059379013234549979862415813482396214473409110408243515271980283382412694640886202281864468546713037993941620613365695767028196190305445968274100186048179192381816146023495542751439"
"3 47/50","0.23039138162926896734434385970535668156907408358663284827305832991197558919163213650892246343721378877699886013547681771807806209642999724767815554489863857745226507309149056790001107834434768878829918165687759698249037786260302240437452036315101459323264329967644391436341679004744670874282"
"3 19/20","0.23047869222650929993271314096660759314330841191586168785924674503042371818697145265872175440015869773232158977984130970625818258226025550338297963751887061855564394894540581863731003678443087708619235108764274608218157242076090591999334591652091058415100989119432504141698563437608196898776"
"3 24/25","0.23049145079405718025016255932949174288554507085811763049820757525160879428974974976850184666516566344179498672582023601626916395404104353249518690324981074870523523989409758454044688044759253003036580569451744672470380381118561451273812329628833984334696276276080219901011739173866315175821"
"3 97/100","0.23043014316895861737291465266288775657044978902251926140623627643105574626407425120989362275139894454072179221048513684175916098374217166211001079648575852066153332976067965677884827920975623580135292334986687613881790607421893662417425281513002100418624252190565134980680584180541078412959"
"3 49/50","0.23029527601278689538067820585335544763594570685849212490169292201845008916632282094521696203438772151111328671034318527489964022156052071426725785416101211346715250305148632516948609791460419619757814973621473119179830861299647796061500039902452002107192508691669246103097877539171270514999"
"3 99/100","0.23008737647918994064189713678972293720365825306921685972981477248821388363219257245501309197147299750995836618086670146141024579328239185402556304381514671731365646649191026096232813662886132205194467980731206853720181435254108511083986321210797970315622228193911601163236037966173603800587"
"4","0.22980699187531856662445059467583416391092880142938415511000488404516129101646756221996377873273220032113791044231605056614390226581989294785890406700084744348275968466235160404378409277375777681464164071238801543730795325320788597120569256982526248569878617030281186612601821018144700410799"
