"-4","0.207219174969988843811833949201967972163108332468115489378809627273652099008189632718948797273044507716786777272754588958187926609339468442012449640715023519956948087083517725849283915662613147221191670327661797275195061232385414900340912763718356748562900690080772346206957071454255539398"
"-399/100","0.207638612221040141481788551933993834305896225492183461498168893249706829675299093868906460117208158713030438990902743901320957379265703767775125929809712792927917812859597683939622700380094525619402504002722046332112123010972659856721328351249218008919671981897478764732294462515488028571"
"-199/50","0.207994571857411215641207857326752364550820851608697862868903405627798579623250753999083002892265688327317853329637821390076901200978348589207560048481825616601512989802436297571769001207418204749681554340635136250490167723677325038681212127847903050754503974645129738750716312777059098697"
"-397/100","0.208286390349208741807054020315438438075057881108127951013351683619894597920920307073616216038586377428678034011130078723661036805975244572858984332543691017253738329178113406963989393024097235869016571785024424309445108033369059668788679213105186799076613425199403637875759337071256838754"
"-99/25","0.208513420701806085667743836258296593806661665337682628883925967393518857443322208819960672735497300327652336104757467596497037906796929815577851144196693992286420259594503247993515247724400623618299191827535758394225222755060774240157174416383773159481922511100420917060442794402295341342"
"-79/20","0.208675032831796307937799567667993513773357321811907568001615860623922126540288605265996947621509515827112258243751084204177704019862209714870496796989251877371777103569417029974212454629471336526015208489197973669110555314165554310722900758989767028354823108445653862364563479670624384299"
"-197/50","0.208770613939419731764045947815330157654793253103424536807350291496623478457541087951953716198973251765700072283880950956091020567201320270113282291476538075472570036097859272538796303138960553279767780052214454339424537802149999443106089393111327072238710277910333837882604437977572811866"
"-393/100","0.208799568877193218470081051637878887375144806661311656644037969001339560941059272947520362186036176548249411375467545890857335897239341164354814305774564293728974562054114131406632458201477438134972734193767146308307480526551211442020120360821398893395892571468782831666371707660712892161"
"-98/25","0.208761320514483110826478790088403798617758543921980647704719609297887771817082593017929124417319344040227796340429732203467660237189178930195082750055157591283229341474753730691731395904378769381266324175767237264629636021265203934844889100697448021611491573533994389365661152306684685581"
"-391/100","0.208655310097779387886555183071335919619802307957592964933280332693914897620889145008488198691239451124462684534054529302485400136238626310694860630337554946843095633937246288597305840905462932728734950420729835601801358653150093548043025917369790426507110851505676235018731605123540487208"
"-39/10","0.208480997606445004461047327584606123876068375305319627671672019170735611683472925083595841506744114272628991158945491920489702023285006981090679869326529455960959686198216519715317793937026455310025136064548028082618161703555841249340713206527608007052472550673468093902740336288081753406"
"-389/100","0.208237862103731737539620463116938699582161720475148786791341106492111768514799037906227359291961995337753228693759378299678655092221984364050178512903490840997992098718757402485433061319296247779334955567286647893543425081021763886583203157677791920820128061632056097528437388106670560573"
"-97/25","0.207925402082872212457376276666653907289783948260928509112201816110219454422731619746813815170078032053772514297373720574953421050436857329722888554172340711912937002054426122471453495954045864517526564886691582006352842378741544273185082072280078102798217865906805043309170834702553477695"
"-387/100","0.207543135808077221418882086098321076627561252179334844509641102192325544335726040624405698956027875321568233126148452092113971564198248930604369394876448628458974873312654491384991779422023149364088311282004108110165800688354014018050149581081246582200881475735632758465698662276356487262"
"-193/50","0.207090601650288073483774977805485512738118948111758280326651091238249610681824224397384141591167658022423978323475705954901084758848962083721661000364491391243128825286102947406949377710141666083544943732308290461981735782503463222017867992338162834390328508887996451142076854629784601142"
"-77/20","0.206567358417555637555426127950056336636860562171704740712152043951294565915760096130960014675205480477982653864091790443732936624984735201666442229561226894776322387842681485545296497310111142425459712059450286114840346304221535615935744117336772662431402645262459890883288923224855206622"
"-96/25","0.205972985679941082554296531958010237209726741135437329289353196084465867020189250658289898843917074396622039326879982759522316969557188912664424793770871398257468977067180399616542680618066498381812506663700589120032189647692781834915551694005403528078925460601787474761474009485704458222"
"-383/100","0.205307084088858224658169918486262543083551031247201063795797211279867405884425115264218988469161032401645086864710621581037157629311352448172853114489090252435364879901974580215068629437414911277968557171697007304823696016048755210603059739502301962046311091724223220671719730198840318071"
"-191/50","0.204569275690804025984049354335306079315146950533357293125470506247715126962698673580251499434614781604719390782717753494697836688930892403825047881669117221532608161277425687305925208204111277838504826017092504926660403569460061526768774044682805977559520278770897006810791670466254425393"
"-381/100","0.203759204235452346056921270717718692772258444081929586249873080402818582092402995195024723964405428887639879214237394179841982954222935017590846236710909089478419179615054294298558043512618125387014530903290381736714581643159830767483212251773890835820269687046971889394717444076540905411"
"-19/5","0.202876535478116754566480200541546784883991614224900100067606769762866773640715606038625962276179319201446081914152002257410788969507260680647729159302650861137118213799254695582296655862715471015632824652365486160743445578322961329935240043763639767174555862061224934435607169661502313765"
"-379/100","0.20192095747662134026186882965546034893616632662274294549683008033123391791232924691924307335718924276155523687496451731544669503929009665379503906996700895221455818952748557397244796216838628960031187635398643904890401203391019708447577188503986641231651327517244148986319227655890990261"
"-189/50","0.200892180882654315448502593340862528431711803596372225625730123062082894321631895117711505964963559886885858113947912480342842536906752967541507914371006652697606118276495945182556189323758067817362843714825801657551701455659362588411558164473317197834727676722961733911878091010201716645"
"-377/100","0.199789939227718198160809220045680369688967976276391507279025765926386109399068042638932400555160905286896457396588360100126940847351402798094096126824588582197256896526506576553188255511163347969526130050605717329200505860731265766074491280349173577136168831744963294178391435542703145556"
"-94/25","0.198613989203832907932879479663943619581218815133383302968464867447404724367159674460154077481326100847413335651372753310780962091682681780264593721059026083822064810850672421943071178338455741071094985880995477140596788832045468860351840866488599587302492816455323366376208603259219379536"
"-15/4","0.197364110939194778580242652249111620113123191858273905605879343225973107760678821052035821375741496740866807310488884002469555661130508560975962711854705985341227125784244472284066226946502216940341153958575400434980083133392192493294635567221642814211175946132475740434131930540538207122"
"-187/50","0.196040108269045923230452007133777914891791844825838956427058166667514669092051765625975386426220404249135596490712957368450679766517830100935983240733258519173361294241233257994046031238919438824511368900789047299166986539301729223802114516131378925132625660099513061094990494365341254137"
"-373/100","0.194641809002065365425554713686776184641109568611007337032738855537194470958295288154429382225500385167297937974949248212521157572639954334735553259085195383296736452919115810609466070142141829883477791982138014765346410710342796801971232878723916077079298097868721686672364369835855331527"
"-93/25","0.193169065182656818494952597458895443347095718388676333376194016209540050164249131993831370860935563387507305623663381891366434472910268471126082267315389658608659417853333513498009582520737274551241342527604059792222054891592869681927841568541580986794618212405919903030673294595701964568"
"-371/100","0.191621753349579092848766192176464822793818630281876255668337872452044432347177639910672686884523892590519758474209613032849787224987706931414096087594849145780006113018830439627278784725799365168800494371463765764512189480835879824477437721788261381402444467734805499222626187905652895112"
"-37/10","0.189999774791445217122633864522344142855045619045994622290422477727780631946587032638063808229431951417073253612411103363805695186256824408852186388332710719261808407764586918082463212374085271371117050735508854514881419929819661628852514879691609059900881058532393214669936073898193473038"
"-369/100","0.18830305579970714946114987782856892882717649891420755569600378862144424550553163928203950495906499667808562771354009467458800332417220285369812112475686959218918483563558435567282318851959819018104813338775548596520507502048293471884998700153154171192344555969673252890176974875406621694"
"-92/25","0.186531547919846469155930868387398384979842774372468157393454333078260797799109988178452693348832942886752020117363225397274484896517657517873551115582753691778441258722573574489158466701354890838993834082792139354804603764457778616479150835870997210495584718003357356554363830749716772462"
"-367/100","0.184685228201610166365201421256355112365016318431798198397975295762793057376471712121698689385606201523829210427120764772731973381854127328981161515725636021194118928161437033842610501448696304109901915278320403271461976497912209602374287712334345791756632809768752048483504943763163291561"
"-183/50","0.182764099449267637927948495391026113518914303025820633557483114148606491772592961807233528210935551586407935959178314096200547946865088002184343959362425128991266917730328716056553549165332741772723595566719198538115730760980101074580159586849646134892913119968218803111169054517806398285"
"-73/20","0.180768190473023996211467198132167302987390070279041284211669514721350858519275196607590062000691829912868396959512997291863421923196067052557550455256460459465490263828666250121896647419579801904690147126088449697568699399256037145706788399379486876147149167034307339526249391477853063988"
"-91/25","0.178697556342910422746751425340334776542694459771345863554814331619089195343538397432813674037586454038826816680443747173103483444545484003590031752913830742934279332628266380593984953638718401430433709022744095205076516838211543115033810420894484142063683167940700972999872609210586857795"
"-363/100","0.176552278646690260784450391357571541346483052193061816358746910971951479530707686885422422880214679618196770697498017614783818493472349164907182422705021984637005867674716661497984910547691282155264713115954221134052178582226982639934031190928065388864651087825157075505369458436637591818"
"-181/50","0.174332465753576933011996331902371605326915101913513145309429430555583953126846258599933115886727502416034107812181146268864075083381202110956698810048966455826285747216727323617272811880070355832551448411994379098724227412204602082463003680501837186422920554949034747575913044907993430874"
"-361/100","0.172038253085865433894758523703373393583587003154566129527037692519309588372097813197497887180649139720315402311123968339565371598325042349613436417283446129608303584556039783901539974282699606703497563318152907048214638599764509751688114892435102811138587723980146475159405621916961850409"
"-18/5","0.169669803400944148721287467670153736183022976691483436107394813365420573950830351621917773690200302271866252191763935362724764367927771136234198564471585443395935711465212458118377196620792542043851606710658277690239785290498487832657580761907430528926454714090446064182270185866632307844"
"-359/100","0.167227307086592010727670869181898634236616243519205449762730086448062385066167527126471588009228996123102455565543643808484763583909171482406338369431383316164571326728745388365758924610489844522366651576077180731329516366083551725970955416191145618008620175575787322549617521398380849134"
"-179/50","0.164710982472995104603071705418550084552989840028996938482400460576694517919003754728069670389104054418779583354423336722336398360964844584826914605846231480964714546501230073902309963994640422014511426697811373778226610038626737418312863542114556538063399145837647475275414115729874981001"
"-357/100","0.162121076165559076825684511530767499017631353881824393031782377040540441871941962484110465377617873297589208162397774778617738198166938889221109022142394924649026136099107288073770726749362063548924093152544910543860530894190515391149084388386762358525733688325568924991239535722100471573"
"-89/25","0.159457863403377596473677496907872184827810872128861538439709035497530325780757566856339838241734849878860403359614715799517290812614690268931946193664073381055900706052320147049082266381288076657736788910426318356548329634626326602684316052121552628611019789407412802858263787286595927969"
"-71/20","0.156721648449179153772878987052432231246050987349598275393350203280868234909863066632827445513227513309427184106427203935371061883681853065944994316621298252051727902819038631553273612304490913860600155346719807810916793389666673542566567720306327145730345329047680458440719446766751008038"
"-177/50","0.153912765017761813944899769012343985762750852652060668586098857238107998749522001852829078668496838978533414249686409742934026449894378733338457571028781934635840638725648100849629801731084670097029901318842265319802585099567319735814619858174831088272116437258672885710150786949051324967"
"-353/100","0.151031576751399320319623133582150904663628707850124752597161535939269035149386321032331142315161717476380325220079122047280478180400415018390787065072061159704506751407427731025215720464867647482744503557262215135775727179367307250458726904371398730647181033681232749338226176453881270871"
"-88/25","0.148078477752542031600606015357024148598265566634287736181702329249171269865282155501793293908270535862242512750205130310490938483044175821880319974968022331041919186402769799140141026779379069927273510513375212680045924984129209167978363505675182490683994186669216078761449359805783617375"
"-351/100","0.145053893186447571391218589518825542715201542598672709912401026961425261656121545966713821057505049626367213762135428148582813097723803366006526352504352381629229226572715510384478662070387173131548496740078065521085335044555153763207048644524031706794217131565235417487380716226216242834"
"-7/2","0.141958279969297728051019203120945022804973544063124087726586586063363060254378029019779334911577949366823174346759601273290904219279699451967921638390126881190493200150306729529864280538476703946465635971419600153521394619422892958375298150386729885793846341123912066731341743708639672289"
"-349/100","0.13879212756107535039669469734745925861860117445948439087763761677098330192623334740719914469930805603181032048202784863579397232383944277019228709107942453062867227145287569971627095488560370750948991893949627825703146419203291929455883396419069301505813344037751968848026070337252997494"
"-87/25","0.135555958887236677259235855760671659952578307085422588989007130431284788150201650399721281553467123710410758214777710155842205253365325434986628536467988296413837934096802991215449602556927341265356510073101083205960946946275092433050892094166131888960357496107511192507916782323072848868"
"-347/100","0.132250331419357902444016678042380952432029018467084697792872599056346776639420165370187765261364718574473091739381207166152009556054966492183267275632443028379363422828035108517836502479624008060864241937874422448805971375151129016771794269268554171113445474679942122299062215342283173695"
"-173/50","0.128875838452920457661708728052943182082628879513230588599087579606946673701454948452203557238938192310181326739356947518522892653607938715903447937341255523145767351390658724096280242531448064635656407860889476288503124243515897442531552341209363002757963817601054852608733385155238156879"
"-69/20","0.125433110630862535969044665747509685399616122681742165791443220907572403069624047183699109288840639021311687518959318428165719552090460093554992010994230743288696630732472854294751080399101982291283586374986814086666374436606592232218259756481382925391351321497181851206945921790625395952"
"-86/25","0.121922817775348687956856078018665861269761476413436157305025492378359017874487864872504232906907919384199191838657665936389232678464182929147509307647037035953509404945820584321785592014359028104200119841149275776427203286998865561857628270146898897501476287906411548342099175383240765392"
"-343/100","0.11834567110863782423544769050656538249270456486243564327753078599536009445815651773627608495617319394745557959280607418781448909784791238249473039406053019153240370482198036946224180097415341087730856165179387034913360960636161676872051726992306868124786951870202024324746085897055492132"
"-171/50","0.11470242596872945849005911257245249085570415246400724620059407684111196683923883052972295391859048875972019698626283678766877491673753516966185837471541355048074441828721543967391681106747792799460080033915456171096812587456245326384197389010998358414767418975048245895069135591643140329"
"-341/100","0.110993885159179222742441542801757072693098944187267391023670340815494822480960456840291271118525968372660129163738618806276460138099040928086493323959527747300094987441593034072217480501018029063670046001855963327728774451097950042698863319350178611376555791167670313724471047789211018682"
"-17/5","0.107220903118796487486473232755841592822232030556449879063346614031478032956080349708969309020059715824250476306882128465622470736097054049422779541451110651158413654481657116950489694904121644266853902433964169564132874228260267991074304996347746227538447865469935867363753037912693283792"
"-339/100","0.103384391161325953531642198718599721801990694271302406683569607533080491833598095199067648057988126391831454408172946452144058457274860063332276340944298143239874327833485330812385997945518978852899678903773091931675803173140040948024916613569431970897931861429831702266789925423620928897"
"-169/50","0.099485324125835660378095167716128285018826536814472383182794456621354059189383725532271082264419768492409597528030077089228776850986380734066277926206295426562265097274060253724768745029943588384686652372807363552298581740508569977497945927414381329348989437234425208643354273558210050577"
"-337/100","0.095524748907788717606418784494247118362178602853940272440749846565939042125186282096904099736029064938465920029083819178771047333994373685125019108715012526387567859605684761786233695481542209903880116241919073748484450925787536538013038221336273226437885298855847605481101413126018931766"
"-84/25","0.091503795527817919801189569027808785403700901345781864875997952957113797469036303806927973325077538740673884033391004379760264923042566447420714311295752170048667521758870965821544312651818925630161586112602495221150761267753399740489074661362643405050573713905929833576048699758578816591"
"-67/20","0.087423691670155586306542076900444147681923293599440198078061873499213669504944030922145892461220868054408623340508294421753067052264342436461859214031508035965281150646983923287138820677328293241817230771145074773943034244856589165714424436886265794555972833170176842638269923747515340882"
"-167/50","0.083285782033729755719796203727308521173052633299704139717870200594616066607869115272366579168074093587577297062490905313089826015419479562812020592954372314552473688097466531026533472221374091160459921322191983334122715142123285839616723818548080345786025098279019479274013496831131803163"
"-333/100","0.079091554465032514814014317227116900973396575532309460560115833985036108782776710094525726622450277289500746772330369386956133233975578065294205990535785082642376475850270993233638240062374177469172931405226551040024767684155042914902296901948834936734423604664022301550161788846687516868"
"-83/25","0.074842675815059217502848344509841633905370750918168999231944498653520362745148797406593330687301440274026128053417169147584232207254004262823546427438307616850305533642897279325820255054390802632760424388375521322271198260894873288688745549857639722719070921333576899990212474252073947559"
"-331/100","0.070541042009488684073233817421265956574078667201855896837178002425016560794883235097102290934757712095850417434747118828233380611880768295425792584887969669583396337213622492263635287735518203568632403124017720352788595423936017543446062292063987124592719276804965521338765758175918820663"
"-33/10","0.066188849341324494757057871847312622890155734348564227227980622234923555734671129082434429607351244993310178216308073203247235470708496988194897094978239830081927641715035669228045414120168506425983059166475228677040496238330713370160168173611614043754895909937848731900603396387477389604"
"-329/100","0.061788698214340526186309414092371360097799003163356968594865058459300424517473391655386584378908350801785835085899664261250762678828394373541617817933066994205005903079293888699234078468739415460871963964772773864909183973824957660328142662044826193696028192393595510221520368504010360584"
"-82/25","0.057343747847423067872875785277169180016886532815117067018832391511308273089343591620506458886670711826661217914688141078833066364719497383024706808941631855215666112593664846547920299836575773299609562286730969894280076458646320682374514465696028050075427261094347859720275098345409571527"
"-327/100","0.052857953451898148729118620827581558026691995152167401055402310304566285408158832258209200547165305181765926191265849773781231513957704246968198258156940076970466458919328951768755493877821532761895459514031285268586124077075682845474049488701539868314221635526839929749468641408831088763"
"-163/50","0.048336441512938675421912518450008924016614192385515754494665928986007886318597735260960493452116226266097162235896935328975372347046753959593937641937711889729387369187293767803101231178104071495250129699778337443037942111973627064368484271440930472796739810726587236013996322197070035741"
"-13/4","0.043786125513313030920616508595101474109734510665685819277682563157222833549075933630360456327068274707414341390964912288905304664949638419259196048307671004786993827103129485942931039101233403279929377530125627163976672692638164698146119666896318287364096656235648171448184141696044775932"
"-81/25","0.039216759383344013827160594144643782649636095211898303288069041902842901490391918449069924977978619062003335245974725647672536225492610724386132344519714788853149673788391733026737871081012180992163761621300780459204540997973327373446769516107467439968077048668993152289556611591014279062"
"-323/100","0.034642829781672039877130395728928340272970658834604560305768134872055583943161296395578206572057384718493810619260583087551217504036886815269777288872734597417470194194401060878249226671240853314614214510065797906379973993662045621836015936440037531300696691289249638734910657779919282103"
"-161/50","0.030087153087949057066537680764902246767294228855682691103523439082511044969964491570461277840578358581139574131160581388249582254444416637645396781963685855766527187457343232331711322884205082388318809858366534004324654484211052760775901970626587370756064570816306076637675430940678299731"
"-321/100","0.025588172682445281248539341620668438014463700334688267741271092031179555756393520986514548397528072563484811452037864211369573073358735689877077582454989512103621736153106006208899587394938230874623696348096546108260357943499086301264630750528609135448545678114764801367370446573548473604"
"-16/5","0.021215861059222230443632163230548592042207967737970343765969632470061285775025392519916105606108496537248379901834664109537254195120391332908760985747986898727351151781301031905350209661039613592764707503845174245615660098440959600983361483454393370588895567185884314281231262740189755855"
"-319/100","0.017108744284278812056727458952687186835343808503711871495999149199946785055118165908095726722186093480690488087493992409962713489256658206162932054999205086127862670935156538885162999810537610536587982883488988140577325604698689443778416744306518872489041883947007479117582951305951995684"
"-159/50","0.013561083731980975868538441288279147271151223028816735610770926844069232810663475227050595707397696044932811341420073812814277810262614235921346719134880232441912706625050711375170418372892319295144399842890037810609284841968784246891185774354132567919493020909058581739581355437214201095"
"-317/100","0.011180898848185856667450439858370152375015211007567411234712899614338345685986125805563892919606624198066864539105370157601830827345923119028631095480034604249540401674074690469248018631142002444681391938423348587466558044910539194524539239698476642743876631505555169807070526472067740681"
"-79/25","0.010831067645348296040255841379818976717514272992017574354759520746354356721870040483322762422031152080283906025565760579146415086766157379773546486122650123301458223531321955648702934612049559691139858822483860049606225326349716995796020165101334518860081068873286242891099792577036695352"
"-63/20","0.012729081843093895024656940490036844000997232839408194117969150891718379511170220815626726677876753973004040295246857317441652682035148101042932122775465786306063864823029746146875251841596101574190964005802786102864741412047875594317923928435604907655470854334783946997735646706674780893"
"-157/50","0.01613517516593498819258773385180050166616673247348536256783970831431577712595633407443733961409110718094760629467063138983239344532350659363395659681334643745885121449836832315100052117280794569921006845159072858193064607117999409522169822817423463123469830245672140050410880497573168255"
"-313/100","0.020331804168836904707207467829882581038622539999979014414777729300167282652181730795683472530890802230189720661271727947354442545627596685926651942788841531888373293308219076996795804162071556818355823663330347152734721928221568899093991568482793483454465313511585595005028125734557652069"
"-78/25","0.024944287990129439302541428412118492673196870881307272153835443036849993169630773290435097596706333591669896109120000237588992067884342904143104909432985112093275643880836719794002362017900980297921236590396158859327417753193539634554228804859760065622095402353398739333263413192570327106"
"-311/100","0.029797071327051498243920677509939678886181233876395254160073208983898276336742392239185264997606908737281903072743903473050455190059654713939515432487392900227848475822549699536121798265551191301452806608283294488652761884021330055775426311517277555367761328751990084225244409652099679746"
"-31/10","0.034803482454825119957981367735656486063276780502367969346028475049030666238567352328955155137149666553567621568660011198238605760374342802087375366396681415131905289798501985617642058727037345952416206145984930921035053359505360362620638018711255259847134056310605278178698877175642771978"
"-309/100","0.039916943296236261202542852767596893935047583091401902820936781326664722525305868420851455769644813081103199143328379507066207340280003233128340849262433072542092757234734272407059655377914975315543870645298932975647129099453351459946979961738511185871341344877324659570821553959979709987"
"-77/25","0.045110250016619051750206438592241318074804612427272925110116226834242353658371390919632487805682190108007103177075895959913078425996106341966787753645108424261495807408719235664424545316858826026943724484800190577874927482808477309826865694168433870652042534484328787148813348525816138875"
"-307/100","0.050366270594434763981656324569932550356063818500728170125307777917093211518777858795612184792436474254139451641397347886404638541132399672683393640910635276880485810442820688558019764724173179516439263915777682632475113694942670882133901444963915108903433656594031450644028115031131028507"
"-153/50","0.055673459487540358615798000031122843960498411153861765660580106704499850662192763444890555176965425118759653136782384096361636638887900695799919826094140248293253416308455288579212210542084270875436549642467120461010577656011963293036864422480477194064078814507968507786053428018602405462"
"-61/20","0.061023544306423329938020045831672583851123743279068620802842710544749546133502932489808065979110389624671789452840514344843819998411258697987492085862862156935981274259914428501820283838831248496522765488964617836348043688572400568933021720240658660828033139025191821556299474846051175052"
"-76/25","0.066410259959769280943905481661686444353143802831570974477043990509364890199675516548788119188709982583414864802629804527106197243202845677702243701235644980357510792945047733416084567405093992721315737635892523892653489517965746556019351706510169720003223464652936123206426951489493868091"
"-303/100","0.071828619712896610675646769353447854285346793375505110680695925347091300630572723481939189162537646914149867168014639795642776777021349462463544494368687005576930938383871449521383787540718385836596424579654438926233017729760723510961427250472265870717416077051854813410663960104547393658"
"-151/50","0.077274476594503680448633588073153496901884264343504076457127872226041526150550319662111024166417278465613510127682810665396248763503813912546685424733667436201814234857052153850380586479800992314993245746599631315984297423764169271615629191752037594009421958544573243450974121184764167234"
"-301/100","0.082744249313271514514968493248610324114809380856563885246129066253137925005104594753263329218109250558176110278413578729341911937365116654751060213781268723598689092455524119108922379197043724898837173611391234879771913830536905565289331225555173928787842340394022142568379431054367709412"
"-3","0.088234745253268258400986343280134405007781649421273726645524674670561780749335311665377670959052168911101838845219461401075069438208220545538035901525925114285250934933758509733096678413745256381740349381053746376592196592497212764615741690763747964418209747409428578854462735983380374896"
"-299/100","0.09374304283282578044385267283909479763289561786204211869956670121042868689684294970378246208173944912665163166800309048793817212991014591432443808006586328178099628872658870723213428417559871430937655738719850652208792832740267183846162490957924479674573858003861003465753144633985594765"
"-149/50","0.099266411320228008892108098404978500801549035047014832742619123011961032428430233594604827072300045514243279129129597304387318293789539383082440383911279056736797577419685790070100464035109042540160747749607782721464963191495252161679796229258320274205437105984985447972684823202776257491"
"-297/100","0.104802254949572550237863676271703563255440530899368256128544226828677835477094393062213328388886786017589800786184944166203951567684832053802148263544246929821547175256891406446757934698745485872060943889155057339523891007654135749620506575702460544873796255600528942926048993388719863162"
"-74/25","0.110348073197006452568204570091469749455016425427518507790033906330893255858079958425733227140614513330614056163795676229897206825315551830798371261867897082810613993263843755397003717868123912691019424262132177715079159906151322085804171419027297004213115650454054504318475891540247886768"
"-59/20","0.115901432045946815467872336190706472686999071382381621964367478717154029192506522806765699787333834788010716708584022031825477508933835161837541399718913079501957620349303733327623981106412177661375171357385834289187462899860320981469005134547159177388027084155624134300316199243527609783"
"-147/50","0.121459942876587320120988790144608279169055630844094386359163673222478453996971910746665347008565827261616102269460388537934597161845706150915801804059082586614244300784352769370281293030305325322897792240242392407487302711439718017732603468653629633652958348353400123372042450890195642165"
"-293/100","0.127021246742960711834587402946259835484434269074569632701940343951544121919168542326920311080703649373019306870143800414922308603940195609917853710424496436780676340008960913150321590533923219844100506711336748544307397192013579032493443824270520454856552240811732669506878196213341542859"
"-73/25","0.132583002521461134276581858713099332575157745607983283994428797602168330403764526217588693203337147148250698720606097679460621377987371508268093962908030979376492263623606007247834370646394148917706665941698411726111289536919515193338684739102003706038533624072610812665548427556690864813"
"-291/100","0.138142877884866737910544119862691740145699228310254061855282620990061786896579625342883387597554263866606668727328545087927605172854740734492430786370202393745944212028101698667607575099879583948335032749363137594693032873666235736661896166398849182256114876167139446182484365343354452423"
"-29/10","0.143698542368531197568850992926183753429188492930855409062145347978932158300451788082852575399158465247423271947756884063659964744482461699246954016034590991757706602072591948116690130191379393099219954273146655533889876724443920304639189185969292201023407848775069849032657489938034276035"
"-289/100","0.149247662006969811308881012086125459982039622938568024306627187737972999986862845071827113259377575132096498984192786526785963781163852824885257712772232102336421586847571588495092572346924302579505447861140414908167440909598246721887582763880703787468675524383269007621111346157196525499"
"-72/25","0.154787895164546207067832428848503254254506969864697822632699173239809562394250684367947647009116644106650242354358545534688493750849580322104042590607756249213358859085914412267792003004675031417143539249204441664937204957149121738485703120021423996369010309415345141877325994216331662006"
"-287/100","0.160316889285499514674619621307945279224472463572177087218673092661980126507139835657052980283916635601098280793785134022051388088195596765549402033558783903000357370321635849370502094155692139143899453754120372873954181504781275987742590722990660000764796405634087084225111956231054087304"
"-143/50","0.165832278360390426560227182017900740482616361290702459184857010723931295840127772099581868125151441288196859296426668281012856436498813914108821146283504279880515800336002864365909095761207456018492268748479715332662971071751291479573906469356596584538402756766527930240686001388414231827"
"-57/20","0.17133168095752068484055180370682500597089897763550992757317743039024441546515371362300270603288502062566365074243297915636435684818218232758526178803679814798372354116647161924492013956144306371513204317018036453930205355171720539005496571548390887928391091191781483251156918095806802087"
"-71/25","0.176812698705201925962522252273824729098239950458650128684485344456958146769259556026888329340854487680370784680092136083872125994971328500718880402888278048716923416063931257218108418196648269801408026529172367838205987766456396091939863257729186688887598871026842998795884708339203675965"
"-283/100","0.18227291513810576202162161317033910954539675029006754988548918751269325418670949646232554957535127282597381290006785661847133878775550072209033936455388209513083651989089443682822772348118219685992873350008988749639819376930945115590144182114127180578962987378272975799557177058325245098"
"-141/50","0.187709894841182998900300824525208944284662740631856086175861077469517884121301467438364574818850885667974595586923057338770331730205811886100261686225348634957551407183684448621182089491738767233532907772087295162113749341679338645239142898160014556500947568414848234205181951513218720997"
"-281/100","0.19312118283978089250180880651937000899655519222986635625206245455892448553232455924354495137848378122137905831078363791291147772080846735113842297164877286935010401606550118511805498439500741643623683718644538042458476748205676897833309084996513273894005265402926937910110017366790304504"
"-14/5","0.198504304196004560256242057522383825931577544188937350193698541288130331081459604203335155571130862831843425490303886386265028075202338052695911902510209662971751327535918055717923037723972080493227482490248699869711229150103587872401818023459272048599693138248373483551958034195213256408"
"-279/100","0.203856763780048073409961789636687105447396778050928670025572903474760453125682662824591390942832656215183105333281225373120271364720428630306041031686220364370848751142287763038637848517241429669925402978281598991196453090460337017324681361828683593962018868006328033186592084240129912188"
"-139/50","0.20917604619186843319135466528437168579744627873756016244570339762486484140342169008197542467485658570715771688734410673242624301434344397922756265340288026521837794965615418885705929171752493966289027099454118360165900028637602110353742836039919836909301308999543826766773969936167400446"
"-277/100","0.214459615813702194509742549475504035761782914292603220166745507381672015475687077280688668588544615262014176824414623557006860970014384954472199721445632920430223379775285651340883003571759380295224915297889574245712189460329757645666037736557241439685312385228096547763611144680320121008"
"-69/25","0.219704916977902635779358336296950568952131566602345201883244441070809813853662045493422568948744935232313150014823144464705635620373355386254234716606893243951469243408022192001152691357046907172773671282946254745900355741803445724498544764499578896489532800588187225102616758361188069093"
"-11/4","0.224909374237679495612590842657458353173136504256861752192154571576729932241110753470683898719055297871323469459400993101825270119278449612597299542550457808191576790706316220253174981296187889992830370378282136673778893093132864509159782479947438476782761284721881560454124430216020590781"
"-137/50","0.230070392730757138531009760017298307764097122070406761411719173552939424588026402853355461170429535710880811556654170866114956593678553127140485599686808357127970537249834367735266683928089696969310772300771654082657454589845351574834539588238570785872393716309633700327545753378568686085"
"-273/100","0.235185358627883024894797150387601017997700034362605828298453300369323829960551859920144259898727080649356936043717079510655915331660590586912908408124698928331136286636095806683511913587789155109894908529495230291615452777442488002838541315957607724501639361305553174333965557199589461064"
"-68/25","0.24025163965963148397739222277465230473496174514590559650514492705769496920864145728483699772225303771529606817119441067894073217210357240001088197682000390725398129522139480931386200369499020644269699751563916822857929072854400106575703483027535035418782748789484673395274941141122571018"
"-271/100","0.245266585716145303625321255100520133717883265335730993601142963431451232113186957122250034366271059925261338746536201989394644532054852685899884387083488817197666670468667745208617486167830184267536665117234366063982744907732574304804367783466219079531988281481835930242686683390383355311"
"-27/10","0.250227529515406290000696439388886037653596741136917191986733451217170032437673492057623256751064647874687961135645735385969815123180941126262652828396552481749408898173515910222925182898138701137012811455349251424476571992609202849482163096791515405905854015050636057804597601177010260632"
"-269/100","0.255131787336377082004166712716016594724496858276575592037027330594879314526047420598621251704318404052362156491507284329060897270717735705154774185086021051536603542376750648038090193496040258960561632155661059573980480392991673743374189636192808402555307646319136265639310471787520044583"
"-67/25","0.259976659813949918387316805328080151871171451846875579960018381730667251415207647068184991212103139456851753776779100118045510220654399919278325640236203990584380176846045571791314241468090307294485605311101165055318907649732659177870857642145803115298075586291358496926365745813904182151"
"-267/100","0.264759432793104770991901892795878777666259012411739616877740033092186690575540686002903832742009999342624373511066692312752620817815446147447413576414431266710377755526414887372635730187612096842666375186964056492677499549457450590756416100314738947113997801494533106919394729578034712719"
"-133/50","0.269477378240043607292672784977352784657241330220510750289267262748877092777303434310939388132323001323087515065821182688106084592142893638292391638527181038146983232727641747812915718686735121755399851394338843265294372401262174245255201607386903868886917185833484328865472149541443027489"
"-53/20","0.274127755208348734447583366937643153406271067988020062439871137316146973519835725311454804162185529135554203019164460323268825569550785932250984378602672240603070434998177307411624959493662687036229961453467952028471346318851011489193467010862868969455366982935168194786018788941477220621"
"-66/25","0.278707810858426458229106179788709198679857188554803480664390962982047828157091827209561492165618303267002790301715961393519141618167408623134623621048982384243754348191116812330766822728987765315577484302592131146609234580866049641406967977708390142297597385345233496281041109200208822215"
"-263/100","0.283214781528654854857061545709268128242488639992024452597547436528477163022054794120003322632639276488341468892480350139784074959418551974075989456739863427240101173909356714686291304376635817963599442079451488787619193796654691914668796417028622548813962368391046693083048575019471384022"
"-131/50","0.287645893856766110500626690433040505463103155211886746511998347797745251675221148305533744103971990860098876549910940941450802876316095538956789831743523551238360657934621979363667912894887664686680875629782470972353575692252830428862445754209777326829755746855148796970969010839521155843"
"-261/100","0.291998365950067578203598299103531088209633526420535736221157001942432787043293992400012287718499768327644781245520190633237828980600111722463009458664877931560871413098194939188176477354655631231242109116626304511786125599679811223864325689220691896706117224624079349282276551917129367791"
"-13/5","0.296269408603147919630222479227130772698585521759792054710544675449264460458816229647223090027775196475383080056526529504032871787185288956468409680451333139152383840220931659714720092255162219253196650025731982777346632061098682935285014423360200057769261641358119435516621451580822708925"
"-259/100","0.300456226561730772281906364308532201667898503113576867809155431767870965953476137224700859077133566298787076570628630921005718456117389976392179648152878427469030110261532120175237758439996591797504571495447595478476236417824568097353305959713352596742995368634240003092461056081803821557"
"-129/50","0.304556019831332734484332805034878115651036769965683426658658928414771422527058689467031945357404514226333234239924360796950920939068246843041131467762051371878924409985367499940879738219050712736034430416781657424876347530684319718132077169537786288836007798928038374079088554650405590156"
"-257/100","0.308565985029358791582792630851070455183772958946631430180547083419362789063050480479810186107325681429983096394479403050043637609789819687804807704001885245951655541716999825410001538796703167680705348977105224672698893150992309665312165368242775205999104413704980070735066650616427047697"
"-64/25","0.312483316779229744600655090405624452690985039323194124103486958180020394549147444201498455711895915012537788126151515949550520874683958570042453040551145368012991686443940186190315044647079666242984470768671909314752952185911493028787417905385934641728548195064676799438800902929895667968"
"-51/20","0.316305209145085416694634215711201449966190006307102132046211132590408801767779652535671901890524394782220688019942459867377345200965083770744359445570187846764288682883519598423406849876505126341189833433207305208210060765664738633331061000309851340562732983916773082864697968120400474779"
"-127/50","0.320028857105546706847115221580813889486747742677926764949240430352010043113650264810544695013908468888267485454501800586381571390719679254951965484262889765587372607690306605816480072721138274655637213066154163120800485370698788044230196861630701523034823367670800427092123776892714074947"
"-253/100","0.323651458064950944945765063118980657542144591720434655682057726823372152965949464791111494857045602409692315129355594896486138765843711215319196002776403183405807221299741964733302778098846115449492834264369339588717918799663513068051881046133947286699145059999998484429230586126861276034"
"-63/25","0.327170213400400252662458557512208297367203938801855388343279155548572609683018514625873403398831413395452351344098182559211996445802833318490246537585295752471707914741073833964626790506081257770254714470749272308666426726892075322459348890098025025825752328299790479291961246162432027325"
"-251/100","0.330582330042883315346246905742284149109464347194684480823928425692685084005260627241350081675128744784282669689999288047770454702992156668907904151491766446358710051353516130585180276706458292925274514650478471519826404350600510391892357787222630225208968444009182745083904873721160966802"
"-5/2","0.333885022090648552744127716230597417200486653747793663709081357098757198746645127275589354302089891724812024034955977523646927976679270148480392260569585672922743055334288373544292022128618889916147053566944559197868939505642413215764112374680094772737151869696279705056250441839035332893"
"-249/100","0.337075512452922446976782686253213959106146540551634866649461197442370148481667045196027571595771185624584973673976328919334838123260226412375144963553800360279459226605850019676402146717074190230301561065725050226297123697785132835480030665131148282079703902845850278792428616621049555144"
"-62/25","0.340151034521981948667797158299880767231695279045444114101396468683377615239485916898778353583180880257889685445197001959111091743793062391560116145939847353758485290278112149933828993803661911301539442412068858135910411865914495597896487830781828285116788386688311723463625493069874321432"
"-247/100","0.343108833871505555729843808557444771374907928162743417327062899801478048019766775778385220298661380078185960927962136515579174438544194469986683573104557018009172490011556289890702195235370477662478296214755047152585721924992365247304591688817899297772967707511543022317137987204645243503"
"-123/50","0.345946169979044892638181696398771691769987102600218649351220056016071266140258123219253143947678111728853052992416400057144135795920661754498827654828226510246501169998441542615896984996788891365875086041166947979866347662228895007247866883900588212842238593883231342050489705741522081185"
"-49/20","0.348660317970378399665119954247143056574410783341311448408206657727458651873047197130802757060724688456729465725733673551288517928067076391472997572711383735938782551032667488505022763864098591063805223972981967239981631395399058991415601439518341499642023859718825527909645530395553999747"
"-61/25","0.351248570383432008207241985306575815036658282330162969661592858466415608170654699718263529452527462331598560346155218549084127030656830840715972635092553308821878839549979227527347775654758189801999218684315310026881989615948398948071633444819349172567674593272550902208522752663913206637"
"-243/100","0.353708238949379320789323895781592902298034290564252093935080003642455125573855393226522963067573000876966694897801760975213191796685992830273035402364461823336725409438435015493171114447066683984277214056211544213121349694123814084531337283470806941146201940984445165142558187870193209694"
"-121/50","0.356036656388466681675707338308203083422342499553593945915026413401882819060732397116992631489819189474235399956266582729816010202551858864069556130929625847115524945901934961511770456979166259290006496861088192519406746469525854462406038216156627654832086891936449213782681382825745534758"
"-241/100","0.358231178218047426502490838883311066654377940976658667908932942717767889724546822888142949953514532101425173451407772201429302231913069972635384105155533543313395109557042639272341799694569252485465403069188847233911878011765155645888529365481634294385305208430276946050567021458836136501"
"-12/5","0.360289184570255309999011359135290303030903171484647093007084382151623224515754245342706698664535073920905425679509866492798210011670885770408815256886096095094034366618128322278776550043827994802033874889915044258555017156671702777783859319609002193314424811829039572871587721810509270251"
"-239/100","0.362208082016700366233359537174333281344970784437488767089039206007297175808966986900684030943090887689062135506825150885160721182782733360154267946741547776502848305950046340822840988494486251079913204359519124161521013281756287835419409729606176807511180175156648186776748785758200779488"
"-119/50","0.363985305397531955872173942754851888621022573072976171553852187672655267187456778802116701222700581567035212867449614125598264864972602481266852870732254160290731823774737280742962440421590218813149601515601861905795957991558245119212813645424276318591237893959850404227945032123098046655"
"-237/100","0.36561831965218416242865545019932009021788581047219019665624603565896820627289148805452812275279793718451605381431263004078786229677240487143659289329216599667119537350313761548356084127761664768696657554504266920187976472466555007239015586602680123985136965926054436933295975169213598851"
"-59/25","0.367104621649098638721239332848085964690834852935171972464779829869385503502193485597471251543023018433971427036032056580933347301128302874805573347039115749220612373730690510743923396282623892445832921982302773406966543757983596970372159602291997328847453427340324547487246839137038917607"
"-47/20","0.368441742011710060178991484266656454011352014708509719230788826956006503582942647631358665400591103249187992155532250482516548187942721584062211194852784757566822753214857149767205342822596135422766828948931024941621697321419400240163737598468329753621293046709406625477041128299347065872"
"-117/50","0.369627246937980055868467162011338059471648499430695675546443388981760286764038369302473074738236690046153059621139495663549852230528695694232520949194525015392649553233217492311691728769574541973172703100450886233826831759591259855502564041773243980897706814781265676733998338108295969447"
"-233/100","0.370658740010777360115168983503111401368063720507641800738748648772130073412171941977419546797201066257281392023156035524838713273892321716585573358529193569652061405194440635921231035561915366321979835870331684522245866207999524119964218958599390312367160015128124503354937580131221717812"
"-58/25","0.371533863996425410475749298716133697880653147021577686255914351046001724030308304773857094301000980405321500112103035642171866534944615461389494546223943284224035088068200890650100094620916676961956090674106797027753655188707710728244281697713552545885389446517803092963322463476555146978"
"-231/100","0.372250302628774116789467548394966260718749420351498929844631540191440594900638407737415370684338705354647181719866310624037567670328157763532128401277687668405178754144824165404849788936763931193493282638206936791555282100438452792619093253111986697416866433002543801714527450837023090982"
"-23/10","0.372805782376200396316193019511896359981202412968735642150258517978886593119657669400935909500130554037755841942726927818032147064767387490406154765615404831872812493826494317719284817050948332062595525133920280036628598060044885657194005154755011096493180350676992272933429069842566572681"
"-229/100","0.37319807418900261482235799420096989884638877428146030737990234449711436757974544120742816152201132288495604485146172652872737341452243339502973507479250311885034540114644270879712195618636349222247216778628064511602867588056613466943801910123000876921869584949927659243113128922155579276"
"-57/25","0.373424995224727542434331754498512787753330307670468328758838439847472705379734581105779638785460341745796416032992884299455616746311854149219924881729266940601611080979845170420299233615811149299629907257330830968935596353527077929396303932056450186601384885184625227886145242261390311828"
"-227/100","0.373484410549055020364164896059792563597108186474072237931675963747910365636476955864701647413877304558418915291481327816769937549513735170873880347211676196589769026571546050406795364769593112349722551810742682989498918512069541307338484901705695610863175607674576298964850000591832385819"
"-113/50","0.373374234809965377864257264041623215012543622996959543149547126849381510758022778496804161199098603206709861432064529696855637796785703071014147395645562172260001031330952823416634809132721328368068900863574175508000977943820192677350332189225377878220714230591527821684802249661843674871"
"-9/4","0.373092433883027818102793602115758578069631061400531067568990440947791032639291233712662793532250610449543312879029015947874044667921658474653155001212893514147714813095123340369451745819748286512618818892298725542741611073997617962047286111564771660048761830904178258037931819401962712019"
"-56/25","0.372637026485774529133255103306560228283206559148477435090107935310191965160115461821290873427668708404425842878927235368990222368373031708544095971165464847197016769933424550763350642764024003101675555880084022875328245313702540474650085697095119498638661150292440139913458630819615497104"
"-223/100","0.37200608575926513569710243924116983216270219202367654969588468272852620954892597966802866586416067128742729447941447651264902586762398866258248860139084533462055335872011330844407654921737311013332463227426686696543109383952124808370154752775935556295520193691987462445551333528174337398"
"-111/50","0.371197740815099195525191391323870476311641145411647715781129509624690363136360308953706330185811630069183131363613932875109926314749270953873339078925110169612905082871379180192804126597409507012822154914688789792629693810888482680631932805651511294051824109411199179391041480256160803533"
"-221/100","0.370210178246300609774214602698238865010339218216472745132000100892870366221589200742662001811484872908193273799259280227793747237407325115514449478570798042894240406529518067331195000230004343425230503749638778786110564845458585627674676378192348591431231129081028567457859271515540932722"
"-11/5","0.369041643600676856101439868038437746489349200517582092761697645905438346033732151735879803588088605002736781662101786317423261311305831149206221545255993681196355188964534933499493480484843240053556643746605711342550012442555069034518226824206280308555942481366950514002919740132198298849"
"-219/100","0.367690442815447607218957842755361757584262619754750182467488286474711241478808344896510004950036596570067880850951540884231645431589952296205715704319255152333965677348502846930209510920072971267318236552724063242441206922566357712003898998132200930233684248006219741431524604984392917092"
"-109/50","0.366154943612141261345016362440750771721321708702450802713321298843401444509683570865581103046447188352540970844850375723828096826984730883623808560771740829845933989569808369569523199779906534381925368202262997750209621440716799249086098122016195474385676306253000121110638137188490802699"
"-217/100","0.364433576850973833282309880731241509076165445536186031546458760565657321603757753563415157662035581895121537769244460716405713643918787871816933448697994727595855074274336284230214029830409394446131319478056798634847590211787538169025237161812504416620362349132683043891824314863333549382"
"-54/25","0.362524837844152146924946010114101909108140416168619300179892404046907871874695167116442894468158788838348199079358726063165298799710087176105493478978662456008507655761330849976069078569045712342385059654775476763933229426152731636910449980299499752042840846769812835411078365891738736487"
"-43/20","0.360427287627781911677129968095295484292304589431460918889547838398432997814063874477930057310492426444519838097669024027632571567055677770917560193918030227209216759701867913268770664080529481884087470378005583098732287099835185671507029458550129162048840441365543604244792936573309671274"
"-107/50","0.35813955419231061435583346560052318060820695129704130527477749514447236174723699303781201810821535262467451903778002984899804882101797968427236508683402764809375119925845942981310363002566268592150604555212308115947951415036426309534846353377548044645196716354781590966283478195473874345"
"-213/100","0.355660333671694761754685923983041365485489149302951148012558560332201915743506083806919874995892997756129911741770510265847261806180374744246418065154833297780043348767961056112417082342829447966536891540342640932555318737383066526626494873664214503605203665188071993683655525668674164276"
"-53/25","0.352988391491750417733319662742767283664551826347164989147127565946117746776106910123557176955962173051075764221090758090014122932225810361515748595440935194856502438505525351812192051048401918784492438446963155578385383347649767307375839134772820695988889665252512869101322607225067785529"
"-211/100","0.350122563478424764157539611895734451756497794151742064312717385238586625857781789800428644744169738278584901779669464190262765894500344974852977947871570809050908067835740887178667794905402408361396617846848368443463115090492167562191069855430035325118744133532656737515095669079919520141"
"-21/10","0.34706175692701419223064852731728636657574547890251924676572377057484281350627106074730468646293012333013121274255012945515286949282693436157446626474873884023869728344773917316380123587044529515485208755337467218425145475881071258462190582067380897477654181815258572492398022207386067539"
"-209/100","0.34380495163365088595996867562614305086766762860942246778263862622702694955106838060023501013322118297697650024694501661131272642398328338312191890411282547984147488576318473375988752439976083609083627649852285157187476888858171260019591816730498532608717936464820877912971017382662993405"
"-52/25","0.340351200890684785731510263363516464511803202466042721736379179735509058684840183312731043933947800754202911088631341931101257426609523830842270644532623467342010415185400837207074314915247155579306277406063714406784659203873214739330679192642124704928413722072190799999126271317106914656"
"-207/100","0.336699632447901162591254475049585997652336681612841801152215762705869057465323853129880882013154070979406171745007203147031554529722683949447289812944324728245323031147378627334460503039552001141208724633661546297240159669516648490813169442890541915601057949552281563390642917959160716996"
"-103/50","0.332849449441835949372019993163332826921640791148715164736436039787071469245155648352298847807020202559518733114751380112380080750815675910917327519307101528064482933822984945813305731684704594681410691327668038594549028461622351530308221558828886525359653310973148480944798026930449467766"
"-41/20","0.328799931295781907540811890022955483763645939732833177396866498945512018989311674979432951240955974602373706171688031821806671418237480394071374999346912181642841290344106321622067398442557288069133853409228376852115387786727850627860011155354533340061439892057825049313774136437165552276"
"-51/25","0.324550434593419491292324648994308993328187359954949725266901809465238608831616588512578950483988529961588954236546878195228451022014206133274638363527319387158663196934398975480997032194601444003329347502740225567490504978155620245624345312081139793429423487847900315586413134072055211952"
"-203/100","0.320100393929358257592098787542020164310567531353675160583231932884579034855920312220987963558480080164377329325966661541316837628642970294126892559822459305923458981738997215849037457023587861596382286599030128480902427710269081738131320336826889996592542790124710723733777285997120670635"
"-101/50","0.315449322740239917534836658985574783565281048293209187319595091227014884615771674603811828430484252028250925671858609660315880065498090440876475144752414263859745274147250493382400108768436904324740917724761614577080203322520619028068894898561327266432700312335342581501006005432582681893"
"-201/100","0.310596814120435626548461621000325096474538349379069966932009122795936792745518505707522966796878820206441774018961729213200562147066795328235741391158889542269683169568110508390620881440442857773882665347806493274393343726536858826544330944688128897387832581045837477483081856162188454093"
"-2","0.305542541626772133292740352954651215595435339522338689542899795469365003402116334233808005531796687138861831406349349009911753503410543550178683463495711802484216423202586060520664265380118212375858732455295152132686866240206198025691313334433647896952125165948993931913901302942045818632"
"-199/100","0.300286260077149932583731744356825852185129611071121416629045805170719164554340303783428034751057603259177172011442593744179685263668636343223696548124045828994682572496131351084564286561092399282135868310539423170824056160819925113570164312406770595708809639504980060891427931487722492761"
"-99/50","0.294827806348379920736542758462583768888892576949117041991412979235093330728690460251552344462969836900929488042553452444570124936757489447626535722307482407109699203142626344933934797803158875854259925487263778972924106929178877221891102124675094271793857873823452514569729386704491203904"
"-197/100","0.289167100179074769336791127813445922467884525864560133285547837544790094048093896791755004076420374065670995650682365873660841676696068108906960064755518690103976877130208340201539470384032973760185383876205566203538815340647103994834755901695929869331598243567194345810074985784849289345"
"-49/25","0.283304144984003294925784992516722021555966781238671692783146408162205469049659474721250130103803089945386979790078050044981509185550815239637553837981408350432232230069350827778261781050737892493643739326918527954447808364579849591075033053693771568005957110281902727777144162544862413381"
"-39/20","0.277239028686972682287594131869841595073484622165884140977763141307514919004659122194062403898424181618630672400350669190803365595008755445034362302675789147198311654991947540652156797875097458222587033565388068610272911678906039487428428363352632330576318226203043465610882133805148968553"
"-97/50","0.270971924580075413985775096101939927357310010412875096261643986251182888531781063801536393720890667879258271735365680493426135650923977891948311911020265047370306169473973151660668765995244075123631621887644771888283997512072248580624573541144617023565242349194067099076525955758533583275"
"-193/100","0.264503092218068463588785588600543475235322679601517936412439630212913860596940839215148590100024553688461143077110800553063815960755941281303306634790520368359669811076004319275464715270824445533022481628205157229394704506971893904224366879136635573904534398402005297448323360652579750107"
"-48/25","0.257832878357802836444992375919483082872352974395730375439413218815996163084892419985369655053810934394710767979252364275474789520778892387273784112672562453069430047654830432925659196166438849054900957286475173304250471767653539331366928205905022644874727025031010217893472391287954620363"
"-191/100","0.250961717954078896310198161483304958869533344413170118228537114472789108159109442378798298143803730164426984311287228086206025294311372305181540252310029449721080153511885795270352769470683624980363829469086324121297382132198983929749922971299980024530984849982571230869085013114661800919"
"-19/10","0.243890135225192200097736011721112444947477125745517065175561890419628206304279273282040847061269768580240227972739102788024751020773699837544505371300668919181307755653276705699646531477684668955023259869151871748190557480036792130681241507330455906238745242905296214118660513950368071742"
"-189/100","0.236618744803937655256068011988489746099518327272180296709768253144452170813536541124696649977790181807373056543272096723169847094058934661737839425955795594560841760015328037509490896988295051336256710805007182486774845604115372426098753051021985236610397210145909773036143682341404870476"
"-47/25","0.229148252993224400989550802767695083640312615713873254069912739644264407920458785808847547052649602340084004630214807308834523546937216366953833041885720847635191624794423690351116196859899667765655426775528299725011790309592889080235680077486598328842647968216823243218787314886459017278"
"-187/100","0.221479459150119215172194687405516831600649346041404419471555004990792573452229653689382613812191415624329483335126454019941328527343183732282511061567197244199149999216186738535700308224843636940505633618096886732479781370291315217622626593020558139630435289747817325409391741399409129844"
"-93/50","0.213613257228686988857395401015217211106208730637937008261024835120440789806469452716307150079131838052004705476934527777741376912477943402707396876115945944362166664230688292427469453437746664702511920150779982154173665225927183704964403946331397811511207838868518994247303360975874728449"
"-37/20","0.205550637521362916570017874617467163808241914300965180868013267103066706050218369319135884269853822859279470462274954589660466048925402192295835693293919867929834521792845386408975763042651198465964191069450001635307753009301492346912483799767301273319801972795808147121697378302646041917"
"-46/25","0.197292688652228660740913357095946119085223154191060232583580098578495869631602272384974506832337043206671350659394592326377676674000868024232751435889430826610475076411385148460356071636673856225055145737552693704015297531681055039631618620623229841478006647979105653776065549949270950009"
"-183/100","0.188840599895797901490985137752124860972981170950022387938089794218658152667934665511969250676624220791752621325890418879192165528799807438609984157443645403549024612555165233033240541105881864000680941790562771183155833215318328093033367885744837738712671829469232881786918010049874402601"
"-91/50","0.180195663925533401874846069550942982679754834275979398078634831670548311844557919485410435357155126970001392327742860326581124472543879029527061139973063319954229084013749060025243467236731952610733222198682056613104789017964747732035982836579353669846447932533475996702713679497990696789"
"-181/100","0.171359280143636481046248307877258298432328465480360877066383451434936903231925102319211524157876185043759184979129861690565019718856907320937706810918173945154395951692140931910215975055009922778123251612661165283850796574236967238950005007390699359115626979072598912588501987912780121057"
"-9/5","0.162332958818481908490809560707522928366577695636653339054102382300836002576629976322946408885784873345151114223302886974897025163293519749148072116999717535186402267338818740336666410210502263657943805047817294735955397237761847396002000272560220745482941544997741280263344268901119406252"
"-179/100","0.153118326377445563925366624218287335639175736657537603791214386388538594632795388933169244201374909911097930248937103094558823991875574095995531248434443735420724785492571867751363439902366475294133298489152494164559029702420440171506475439174634323022326958226161571280940853355645427752"
"-89/50","0.143717132405352724330994470835038337006963351325643265272498554467272876498760529726873311694081207816944237306654401686369830748944371417530910428764064830155897982931937155532821056551806355517465607858264495909839318267591428891806809393169331292651665646595247214011200937040983309152"
"-177/100","0.134131259247401811012224864033422047720642194638998745564660490762789958714783375190286374306742084414017263672819038604852794595656904729903697081937625169371718819515618229719926276791010636001896007663536039308676411264412638974789343950044591639714497924298570758041076084691496427854"
"-44/25","0.12436273573756962045622384141972605715423901277826583907953994006752079555993068632546103591097616301554584966896826983744484962691188281061763734744360380861902171039679654160118055521360966601557396414734285187740020598655232217042500817518783713334278845904563163937474025611399165051"
"-7/4","0.114413757730273840260274800730453234111742551843168424528821949628562836151837149917882530859226081845098977987229377566516213064739890052469817345081487883805978059150486335673530116658050357802140798453364977940052307565077143166004429479815221663815183685448002362896836425816524333837"
"-87/50","0.104286720368498137064331668975081882666336150086928610143771016151984960909697652606701088924298999339756182061569855037637178779547742232471304100284203701254441623852476040911486333371437594909588266910140082125874224984013575465400988599349308406798567855020235363933006119959848723616"
"-173/100","0.093984271671165063043538006527902123286037846020748035724925051384846524837219628174376652559096058391816028672353906545213969443640443211635377457167518330996635204925800603146796364924228899728572692999359066415993068691511000766248522212275305649580816193383664663709790310977236808775"
"-43/25","0.083509407265661887617295626823599108093789545290203879689167482420443896203815265906469745575206193578299483967125718933174722599914357745841358493240768201995338092682490992799840961146133595613984754324441528367385537240185181365109407489676864925583494949051763728396645911969204296686"
"-171/100","0.07286565055198595972313285588987748970250201230844645807332120045717837090171988458012058751781517121989961230542041502598358116938860820741139792754812445297102353717361582550473814870966376606048931316760855463807138260258308871011644954230489264372141758010943126641596210549837233731"
"-17/10","0.062057427161230980062472651431941817409946119945773201445141094617533600801548469246399446478234179545499192877999388686194653682528108410909727998396271271790941777734835366632850523956351995577665006760748505912146271184011889470663250200953372847955361742041967782740825922327527966479"
"-169/100","0.051090936518910126266982470221916061290364819681534299193373924947200880649117127918331830007102982989199021318860159170516399081556794835365235144804553419972444821645365138881234287128178822324052829218297347134411824612168078710252598128624486539919054194323555085236956956980779303651"
"-42/25","0.039976516170516835700785926495158501594827480896202620843323554370486789300585402428560326261597192350453048270152158404141758071105037460274368468911005594499487582546924473591630239878337839710824810362937408438625911985843039674088753735650903363623894752413254175178542284313613787116"
"-167/100","0.028736673189889712455577773000181164561888924122439555035239588570073552728761557194395915663282267551151168153357467710428629489277330447287902139002944333332228979478983560590098207074496307242584578221712588242805127614374194036290252370339376302941762496002316772337422711383760090761"
"-83/50","0.017445878435052173082373506635252789747396250121714469102262078210905466761186794787373855846218347621602143773698679807583938362077053106323801859545676704512912385679169987748819791060282462534016128249044909156099098394737156104078551002010182749962768576586003091012501410354121538925"
"-33/20","0.006687887522392655983622748013364192934338022013431973772503515105502954209873133096875507493040985379558110669884961812291500067441446006610479360509175374770212267082149940090315400194258518387890075006439246845381122505944003750318833488771932418907506128440550484489773276311438147544"
"-41/25","0.007593712819980254370650602316486371641700151430212304617808520365001241825032644856968415629936125423951035695068143188427090467272882567403316404238862616890956856174932358113840393048968587806689780376872882202014707319313329053132921109899929614833784034111200141049994800458440750769"
"-163/100","0.018808062484407159394423746565286339972562595532075488181640676229562654831410741835394825232697620858971172142301836005460534077467889417567938650094371528814937011411958845127535587146124210894788487963544501034833257450272222400912515899342178794351762360436536059065571479106323725344"
"-81/50","0.030713584670414776744304302107556788661367760083388467147447726296373714216761141361277408790434657612573909749525710569056663694508747266759152026851214271812847117551276152737360255003519494691091153281649561051908147832107418912874172089356744556720542866527367326967636566881411703185"
"-161/100","0.042854684546558847723876071258967952078468628583948783897118407310344525786923683526724748212767114016573647555248285706460217345950359117332551571999310737334388849524503581189923204825358502839806926444005154535735351537211352293675546100892987477466711846039688655291966616135585921775"
"-8/5","0.055165062709297428222677008059114300712900707204774700267614586469766350045731168907292944201317881247054016053874444057639752289856530419036999727517846697138903669591813756237836157954439038505563029780545243282087843741025024794823438953227905042203391734174105060956280619388468032218"
"-159/100","0.067622780368658512904293484813621275378937625043025039283194476123141362870848798466861429309581277539819530102100542861254119549485023914785494407795550855497130136054418188438923327316276922630532795439810031420809660941876581921899901875092535357296771607754259836435957637294093725308"
"-79/50","0.080216517108019027123142856534015589278320321809023830866145004652026878611518951411990078262006178936087008375263374321646110351494055600873958799047807731366434445448823589560779579272855218156195210234193159853977367282910975162109280031326785466729890159639095747311619620631937432735"
"-157/100","0.092938451568692897237668538306420824025677768818888718895180983949940468344660775998681227841896828432797448487510103149542345108837709740156890500440972677007257775092240411430627606471003306226622855409698517265815822876833053125175410553422659078171670295369509089037834231433821257476"
"-39/25","0.105782112433730301118991850099858844005250454401295494330350512285070918849870766773204618066452541402658837022622586222825381272447021348803220104320805919847249412209180308357633048297178165791232534725178615534615861530048938204160747447921469682807044013835611841083090351728996348542"
"-31/20","0.118741571973604865258819891510749627691071338913319785496107552838498148818543260548323168499851507444679531294407176929161646093427771941051946721563629582179226356784012662982888578240355742006019613399129708177173018156077938357298007221876055397299846725293965273048261496115830024453"
"-77/50","0.131811093965365623339823841489409179090241450071985025085814050515188661954365986553949119178299681808429437092005275894603559193973600510093735065606803968003761786243121364534209036660719107737752442625680145497021239055922403108591280303086427725369184706255096786771287490742350115312"
"-153/100","0.144984961160331983219846032538918393105252893523216701294529741576138626943766293999907499853038946972083425573210077436912091015143064606337713732174761440865822477953142628680234277614807090222150303047310132043125933571986580294948353957392108301916724520507121196563254869385183252249"
"-38/25","0.158257382271002649989172860746080937887165820940484330300806575275333460084039460161527153011305973752928829181669774279879657933000630594894527717257119510900723291476229177745319070577584077176204076656271488882553518710653681892305779964415574562913124707984842910690249028495908511065"
"-151/100","0.171622437407661762619170046280675031051844635174320636484978288041583499124108960038763123890881427559559999785144937476969380440521580290304763943296203015782272567668615742734067077665088242480997537472343318683363389172788118230370625489426740844988205235412387876108480650381137491821"
"-3/2","0.185074043451863244159463818130621875394827034442329689107356397704569891082999973181875518179409703826496644225407031909192092031960586895173520776634972015398716020646497111276652520155169536515465106422382060822248870183450293532061475715845983502580215349923591413217669699114961007763"
"-149/100","0.198605930375427275600425175709489173062153969425799959454921166034154905004009185909440846110503764020529634025888251510678779190326875687612870893473206356572135682117181446679646343341809543116998231036056985540437125694045825932867917941429294504782644739122162994365851759193227487519"
"-37/25","0.212211623864324359452007620713706311468972830232564379558396206149879973315967254954325554805622227008603635678796203282516822204955433768491640254295513592384479454725046644743368947719932293078034416699651293592120910626807308610274152317227038970287107138620193894311100041881960569637"
"-147/100","0.225884431729460186935025761090651444235152494452391009542905638221383345260498252539771577692900536757217078536637285544082157341584006352162848463533981534527962895419294420559413787662938277278965494929729684458417340213904955760285059525511805113638231196438152402820201942407035381787"
"-73/50","0.239617432680779412890933813001310716479316032538102439018189981900206758161012875275379160053846991480787554991748986968316479615324844210374955409236954862267294872014592530543281566373140167573706559333128509268440312273914007053022981781892357859152651305904027463861732623681346658847"
"-29/20","0.253403466632754462644967102628037271346978721619300864812583753918404664915133671213605221042392033059993044601192101016856420533851858422209060251556057793577922835005233622046980014471404308691332987537060666247907827969426859666722723317426188825215866294138453256018913923891347955794"
"-36/25","0.267235126042672385202123798555437922865284279250429835776799677695871416843283449882493794080014966347739534003625019335099491661183105992722037070741216987437625925620694441581641646456131462994032364807889919759189737886652846919164163238234160863368103706870748929616375788784816980699"
"-143/100","0.281104747977949385737126836067861242595090212874134610905789984992099395270764473894991497866828686366812480675575755718200144934258368519120421082094677949763337135677796248784106468798948449043652771950102539159909839905329884873889405073331112571355773788926880314163466114532423244698"
"-71/50","0.295004406726370547042777956569805932975389867962086089734813858358887123784754607999732344848740354928225473320427715930525008932798996531217936627354174781102822060596067193899174685801556266471549536885971639393878242549686667641968627564183146820163594625448445696491118437093647072873"
"-141/100","0.308925906836393846386739089927899830571857588358419458001390171918458976242165267704527010977571071887201045924198928565360198080264131782969141162090913311199337994419965927774082573573919209195407037505988451881341430872296760512732604914800730274675889928080942834099942130783820924784"
"-7/5","0.32286077652153519803002110559892261477491652558662911332647107995450472403880839357886267588515154826870830677851669899024516567421157994978652057362852107832044310852921140377351454446771558988389796825483194960286499024824892554465250502010319433960177502349840367685894596270978777932"
"-139/100","0.336800261393647959994599356788535939015823312062917428869586350989406143874609436075804708293423238402440452333741210352927723165429332625654720773677190324445994010217136951638251975687718305310982667546604506606325510353187814638835411752523961016888443094537925017203778643976879068514"
"-69/50","0.350735318510643670073620509288330320672389195311858125489458044393060428359461449211718732844660380186353516655442919216769241080538336758068611951240626968659556168115799181355557656501147838878131465841410967490648803073516128662862788848948891710924650364103608143176144956141921042269"
"-137/100","0.364656610738479329780526900765740365356733201967788885122089583613313570198765594759623227799525305250394686603179053912061488172556850951610154192727360972110946904421228751086072900737089071553298320273424334842541682610028388749100784157034679007620206971183680388494036063448261112477"
"-34/25","0.378554501437271658845772790491568634613030860952955709433539217456277024806921036959047141222414344752451444875054151791233191271487164256502845705313754471809297358517183844779615723964978435851696950328668659444355560830146187416942218519786397935222690111648013916666694910132807737767"
"-27/20","0.39241904948857124144310484235078825628536986041914171148569092787570366560122504973454741093309301885048808574732922796956878906918705825619321693798848402228797941154551273348883101056392007494935121270417028533566249800651572890415300075606754764451860133460207573250841968158438216546"
"-67/50","0.40624000468601549114166311551507029814163658531079410490884734805925737421581699768157789534570480498105300471146867372889640627914288914233378482550789520807647320730794924586000429924035463168577505636890889097586328691004208039182063178388654301199489028920012395066964868795629955206"
"-133/100","0.42000680351534187640351000385160180232358057172726126305346430064053082238425367435066923675093676120189647818557685856263013753001482456064670877361799051846409127758365063392261131373979183888269550453239012244552244805644568453666215476386239684227363306170826895426133901097012079865"
"-33/25","0.433708565352446937013729749708106768233175050019491968865828765883247920516244811326783029079816791858856352320861128235020604366236134552080710246256801447037806184428476449641280213855133191835380740796311507823833592252860416795231795765832596598260323503467449531986221925680958129133"
"-131/100","0.447334089110060039661048282876302222261322063363196339928615041777367104359598748978188783788283690794076053966845631123213547419458112271167883113534293589322792879325293643876459191398760336468402586733752927149286404091280603668344823876300890473009298920854020108410936282654845200191"
"-13/10","0.460871850364818152846323481656071315764294667422546508547600295130620196467682927870800085724478333973119374824666843308657327845674474047582558767588293825445971399121148344981050663536793775726810445076273723443667142228892266150178995466185612370562191724536268081502783600081203488959"
"-129/100","0.474309998997178671607934719201733717855291377325964793872284353133403139146785630769436890429817311634773545534349171871441141508844991698269820411729476200528066009906277215954031452607032814661990437862681180301850111948537811849002824282311859360921740032547266771949620860225765201981"
"-32/25","0.48763635737675411361090353435979515623415633671055174619615038682795527685325060495609173343830096280972170741038047207430973974023552083320283874439817264283285181241452118938528625364097648597547935802470823282672308960225103219999192417706306186467683547227740913879275660439284234479"
"-127/100","0.50083841912533308647595887372390379432537099127214334200976780949913748946108168207131749794288554022036687025521495757201792594574573977845467784570575092274735738383134294470768685649913320928523396260683385804316401396788233530094751026323583672038332561971205424295906446373264516174"
"-63/50","0.513903348489087235012668521068227183325452719395638429075755632356235266233835221917037974189410302693660400268391105656726164316425623407775100142820425315214471155105975579180961463848011604635223862859469781512377760788522940595874036496503236661647875917069383495129912558314941868991"
"-5/4","0.52681798035026359740887741940733154569149280163345692402590008033643820839700692397297715103237247040180304325345344324686201383548678467908072648223255023720866604860871287256605344919211819218567851589245964107509397274491130218924640761975442017756223725680717239479327377221474301793"
"-31/25","0.539568820907028243415419116956506682038519138332904954258084064372803803177177662323314721248423377787941340759024710835092885757746972603296434368703208714087342757408872107217780722981654436727728485890952784296735727123536953713955179430352101975430461781895909495534035852653057588159"
"-123/100","0.552142049048057985657312406345090542804798682112315585821950349567092678804645792152752439598027369376677455122575401786876591946384970135051670345002527261615956421740538169744472426249844538957906859273257216886089777818908055997702672296651818867833634876468708152103504576158787129919"
"-61/50","0.564523518445967622134187700425077200751729458385522900823554314192167607184275089043844330430485337866383842219022146284139204035647655829839682095701595745774758755599989017707780525200220386688074382952418924444326984126493450371097675899628626532191072722363709651037286903984098075989"
"-121/100","0.576698760390704983061333724265215261711546646743858009810707709008275583306926262219034433908759061567016187052819973682946321509341814745102518969615072796715232109483403537069335098181409721198039243825925213592831022885327731118629712272005947662220463062459660364881712357538927688978"
"-6/5","0.588652987380639812366025780323714584243051279382876372343793709710888569825403275690544617550360704288342010712805909153327323461412548763348602189077647870062182649848776144448763996255428177807448637304810295001091891019346291036633255510140262373160991853700140443755292552272289673695"
"-119/100","0.600371097485211443378986970275829699996532732269918821085641749162143143495609403059201483906247764765703906378353157359520855241833481581428905493150340818694075786145426852063133995616155758957450750810452816911318179423878726731592239201754681729729519065964339158381813667373413696418"
"-59/50","0.611837679488682875097487669564792934557808896654131299874809994451102148342910097519509795286629911952208660919282977720193381221004539777446488911088623625135146544815909680275261046293716323948582700965835751860786952822914146484401646169375657937104939738570122863078405548438884806276"
"-117/100","0.623037018819776841393883084762056194771015958258814415651621397366143708546921643689594970652699659148681773177832587705810554915580251322227712089510981965139295265092778988661896333904201782493041995936820016943852977376257805829988711684014289256142672084887458800297312601995568041996"
"-29/25","0.633953104266748156468309690368879534000377737048608990486295314906843746568347247205361578039641069462947195161698828531092537321438434681338332953663776553774957445078310271514979107121595258119255862092124477925623132995450872635729623080245623272233449484436876384632817695899752996368"
"-23/20","0.64456963547178571743790045991718484308607646083776985177599423651829884247164795256927876301288182979579099556149794263807161938482320794519234602740861611412924224082850134606712169759875061832890929182918789338694018715446240184810869595213989796979756542415876087804536862365921450163"
"-57/50","0.65487003119255161028371781101217084509342526782227082884542631330559838993262741765430620567064776430074842629349367742857897563751862987778562077575726727193479402746255512700386140532341280237720684298390929376625338937693245002095185551991321919940326107503786376596306526756608661688"
"-113/100","0.664837438312173676464853048954164208425013661466916614277344887333365451611808286282704049651284740584211510558629658787488318858327761122899631405899511089107649715543367088493645091041220739655933175608645246580882330447364855060214093150324263553721500458696971248895636707514477433776"
"-28/25","0.674454741572137240219916806168137838710848004315618749619430490643469527269362112788144685543507032995306827093701754644628105930934005410889020841727245197932175746628303972159141905054379762713000938927821847077180752108471190898494159999399786169765953206917466138402934830624344827821"
"-111/100","0.683704573995303085205367672891360529449796240563629904221639536897534952018620231797741904033151501461682995959589554646636740566584221268373704193668058074305010167447737336723728137935587730270465235914320440390054864088746207426372295698092126574170116789756844520947668044224895744441"
"-11/10","0.692569327958750091594218534194499970151009251828571407710441293870412384089617201394496647642278757781114515392294281021224282437671736322041696803509938267284274601237912315729496516926056918031962355534015590821726530292816322604419124390358116334993403882872521427840512740279577049928"
"-109/100","0.701031166868346526502317586123811523963364881077804877502960832459796741077379827147905358198051346492791047078380427718741255980594364993008050965234338265604015111486195991992742864266926696687877861001397352877996607175423121465643333449532527393006916496127373784841062535003185615263"
"-27/25","0.709072037378944660954531800766159533572138753208184317464618675524208125570812013960330061146257974242718021404055079623462990231786873151556575906682781353795510647088454657984220440069242726827944147664223728459630504167421282395597667254755918045035900434293473269694489989813179037256"
"-107/100","0.716673682095926501966743071944357861987606672512799898521462569341574508532502999773385321536813621288071894254480871293902156763553896552629227719896028833130119982483000112117049362916874433818897537081680469893408347905388475525758935273623758917177886117109759870399970586291115214758"
"-53/50","0.723817652685567697233417191875013686845184078987128445891776007406756569177563403338892440069310616906349330504123613844696847766558913491120024280063737809916404574290386293667638720682445121068225747354208668805408147900994671546836772406491382665424369757299210615703657989209555461057"
"-21/20","0.730485323313401976299775223123169293929791446383649060387805554123691132237616462396475100192734495922689942972126168631103512059522750835471560953362177170707182227414385817424673897472664340358518190278257421491500038175886498011462683195061636448172325239349791895682423770163667678979"
"-26/25","0.736657904321535564942621306393916955171002905869213322851924860738014470323645320623582320992514847992016004216446586726269225098095014789430382242159164982719914907294151382737664795702066138962501303970554518356937899136811289757471906585371890063878063449168422912099762780729568281917"
"-103/100","0.742316456047760999126941405518397133629817141692608962102790597147397511670879518462689846165475133000943650434459358567720506551719156473145741177837757955908767472193085640822790271416254000606360806061180447466500450526644209109755726918469216803402483398469857653204782625954439481855"
"-51/50","0.747441902681438718741143221890337553047824384958584134225669517119050964201781610241568679105541373571335069104473163618416223007743917788962728020079196169436384919344735002145016976879729853426689317642851857521732943734908943434482233675022881960381545876569788002591968476689184833668"
"-101/100","0.752015046043543064383945461078889717972871486615514864277698091689776081271620432348954090584115882670954959342096511079048212868827774892842348455936863089365568130810328004469054548943387837127606317468316169114232952859804660392476427196752018428176875555500133613432849013400114491234"
"-1","0.756016579171100729520984323756333848796370103579703208690490562319393702043834441392296295331205508138294727818806849349695211344698928173984217848868915371906762538559066466228199218820356110501079395777201976911469488896408374836293537797076706283917656710861631042971056210394866744451"
"-99/100","0.759427099579581023070575901840799321910524293923307544113188030142256047330987243455691860564596887479604411878091509066734039480582840479098762045904754876599610172091146129101117778754045359465230249722596953523748118121220519642319004713372820119989428958063541152738275950450485851194"
"-49/50","0.762227122070727112238896118598930420713621831865660755691558510187040476789205091227992395605324531294449105276287133120834501521204727847366711010950771925731269900594122695625956549171878299311948280156746784342998343724777683330319624247756215830571002721746368976659275386405845318479"
"-97/100","0.764397090947945449569990620098297200868330505927317609693396125919856101234878518525399436479631022992484468645235585711174590512220751424851572548547494884783762027141624661048330926907767617844340680205865682566452357364533326555329654332237022210187209775926753650539281948428253744944"
"-24/25","0.765917391496796717172025519628990117731287345607736033462096003056442723468497395791832054870744348527268383225079602152505928599046070846278733245689525824034097291688071817273082723504063044735642250647071200155033237991325565683034895830314827732045297101144807590460057839529887051632"
"-19/20","0.766768360584454993156021842799085785043270679069827108352944707097171204145636431009478159731406125624791091764495354674560030321589005111570193573664630107803836693981796117137799181406756047935282578987874019007397840120757465449098282025671721118012363231295447806271720003765658962918"
"-47/50","0.766930296229320019651582943391997384271164662877477407216319337407778872677279670401812566402271778391946374332430496087042627295312698516645792273051970641902328548766610472596878902337635449444949471877877037194580534915544139443109615778127415196476876972076500051016473809286906724386"
"-93/100","0.766383465990375600724449385179227390646172434651419503053865896328330127302032902662512131988733888212018863791618021915913579267878104047329485001345877720224403454826975289546356262617490056164940081651593555000689218413566002126279286673488873006076892907864819034152632688204938071395"
"-23/25","0.765108114025477366785624070179710005281400710204486378110157279244008957578464118149302498448163103461120873457437799290005775771366140858510374791337410754218557963325576713128703574881181376034519225803827805953493608180444228900040649278827335942727891018051931245853637942762064367197"
"-91/100","0.763084466668613837031304639472274702864066150156403064487147501560333816622854633288351974510916857278369225787069788918854852159977587416986847825734422796357761307184637084122726522524599082106249634115086830835915550471877672350867779175943974311276868236452294667490213477456786759458"
"-9/10","0.760292736378400260592930730186875554449610152249049663178738836405385409063576610986582759712469316901854647608642177653602944820797353588565181749500154261266957988521159350141493891190138526094504338526322577471911806204100045227452515176791588018797273141460275581980270201811987605684"
"-89/100","0.756713123913715228755050905855870466638584046908327878036410389749614861241794313743501575266309338146586548154811409996277183845285037771641274116855126588836138307172135093157858932473750276744931421394033434325371604059233690319763698726933044982570740465497256215435051477190736686129"
"-22/25","0.752325818597551414332373301817497109449422352877536900627440735523459090706514782961886960540110188551446470124269393305482967106962002736755543791023565991227303365429139129746688818563153543983352244442082083500722464558208026974293570242272536784889997553058793563690318376448068150966"
"-87/100","0.747110996536895996485149154294510837072850395800623657840243797187731266404056798328446214252251162154927538409136471301155863442299654025999355527714535440048450295531563929421820448789657856007896926028604649290922164897606522216164739165796985241029573559229448967875916837776624096105"
"-43/50","0.741048816674852079017938851896687774965766755874548846429067850299223452043809001459984733235432111522618058888775652971228305703167353938986326228660243783485224280554830778735629117845436797448813062640362363097514251180822707285198624914977020221006015421378700737262117232769084186363"
"-17/20","0.73411941456132610874471202057357906198020820964420865165327689523377686455329315297718716949923346601131124864545692329293507383446039696534049425124381203566358221960762217448171653081770096283923473639230747966877318915115456165052211060742523788359933644077221675665146570263066355915"
"-21/25","0.726302893740503385814870820990691012384123063756025666780259928339662855261087276685536170115619402306658403198506262251736000774599211094005044007930649919641673286954610832572278493285770796613505628428384285581149533826779284088624937995998825660386035085511025828079744665703707359314"
"-83/100","0.717579314667080455616472394068477324029045362432677191980485645037027042748523337131576049282899779944992248998562988493175711191599269421110339116172038508588102581199768144197429898688669539793490650248045362415955378973166713169385926509892981902990690951596000642255363123057325380202"
"-41/50","0.707928681078888682601848607778695251774194907790192846654182096316461107389521637929782331882168113731045616055917646890936686825809196442128863272128035124740505564081669903095016308466165140096209431492027818285176736215211575793860743557036006557161277162140918281349716769791851588078"
"-81/100","0.697330923771202461564072986834404926929439242743695212067284172429365927259076542586472118709323479800122356587384938175591800354476426528662982331930815660848649148883047454341208431624520766007966188676887320161053318893745847828606177154061002276431134492409718113493179338666454433894"
"-4/5","0.685765881737761945645098889619954527341306340521946111493641090598434870387805573146892135299390957388957050532666179926564966336267686984846051094821000677409237432877785093168584898132372510543663395372134004565384143911120855603602129044571503348629071084852409009521919935531828704584"
"-79/100","0.67321328066544999645771950153252457930058131563172325028799194640964990883232662096639201086338135099490726575382700508491181430303420205843113908028018249783034777023581411569085816292640904729300245340195810571421642537673870525777581598345326819866509978563318456574098569887721628174"
"-39/50","0.659652708793759278634865598140795821265775061347491446441015877793902538344947965321187984770056728234099731297145866148224814521738147952352592231463015908773106545319157054066253359640748019722330465087973255964624152954332699410448525663823921837846444792824811211063270094491907867124"
"-77/100","0.64506359017680296256971185633671060392720637892196984264726242505434685341369949705977870417272354501750793171148770732321162037808711455016050299031315926935572823825213348436670777902375302054772203288036404779203010908786257858834841878970951702252021974045600429949394239183448435382"
"-19/25","0.629425155414824279916730674226309787484091171974404795734753238678782007302274080312664720805135441154020081211653919644319785754135215384960665247543264579180820635331977279079732449039847361420059559519757011055201749490993937383543594428119937413608273764343016097219497700775334439034"
"-3/4","0.612716409954144426444593652030136165859903079616268566563496643871180335963505449484199194558732599064390730549857050742344381401110932338274640563683530809191427437159168692007705659335584295978084091144007614537089047548969056783924833804087421843560874191145041576114980379442936701926"
"-37/50","0.594916100089497839581737600113529693014282478281275948342612996665427802105876321336097996515780106005499158231270626613275974767099078388650857156013100364787815260083670219600575299580045554097390403688632201035826941855126497545208555444007755825075660379617949895111119690827885383147"
"-73/100","0.576002676841038469563700335218030115763871805175201340107288315516983088633447074930904119807538163465724895432450923068237949773397759540871111060232589882541495525408528181858276046909566771897517931607008859863658959211076126284358850502210724931774850562230903469184185156052819859909"
"-18/25","0.55595425792033475933390198008898098584210312129838167537611456040203207009334027641959825492554250923923741176573382612240055917568986834952108014639327050537296466881776730756631304379995644272946819289347007933975035110329339259247514337884410729278934673259540163224243333593125503854"
"-71/100","0.534748588045881088445135109753656130083708760534629998516316179364459547158433399611616312552049518798312326934544447604061069411238963286549450252895161920189219158394376662994083849709346689050177418892891151740487570749826002416748144403788586498916356566182115157213301327034724556283"
"-7/10","0.512362997919663314953226232983348699859202319277348423427562062627687345014018760480253104782475807662754851404931688831406824309987748520078205671120375264763390445984200505326105677713858621671263839095035652562315217886580200804103255545780463304046281404221696210208134750142413209635"
"-69/100","0.488774362232978197099906465410790288560957490828048846038481208559826468592991794921413902387358634776980789531535367128480163391496993063272008779007842504402296221113903362853452210680597943645253805510678359763360258182123328932989559750879814835248805128191362671128161881063075641144"
"-17/25","0.463959057133255710233090000547778598872643307531044819766042532267754598021642188657008973152317345026991605070109038736030069958825638687337271370575616010385040694142782859946273997261261454405105018303795218001027517003757379268895923609781397666944403327751286126782293295331066662664"
"-67/100","0.43789291765599566135523243722224344623447643777315878218412045472809143643955253289454214945740799383035394363861702092608096119658853219466648115387867060447021460089589899848361024487763850558828485853352714498253594414457821341401354300428511304343281738199222277904148855805177780906"
"-33/50","0.410551195710377391843944551260595837076297814961074397638640660438914468886187244355138753992449885758105150098884429964401003711024075154096943696935502309151680164185476240382565652588947952904206795931131712975381169020025276602014021536618344770492580267200577869375672133460510240159"
"-13/20","0.38190851930971744859822414146847879698758744400525062390774012688022673987073210330468896762910281541495444030924320799626548886347667046492072263611737188528925158258980971753755120546406012317679481228475824675013290578075126955448134744425129625397523878491738952243997004685178095905"
"-16/25","0.351938853871117615955004115817842266117999522534225634136614585201331197794815998014856789042970601303795504537781859128360882672468695765102123561408982055726492193948881494426131966259993207123819527363845718925916497126840573573106528962818053945385059555989838851049277337619582901959"
"-63/100","0.320615466599924161758424039006310607415306582953526719437479919469944327892872630061987884105449900982759982247460301120741861347951858835249792049992954623923003082515490355948921857946479845056113580203909858930996635455703503519970507654947726213454892107737067536350334844583414049081"
"-31/50","0.287910895291211768472689305186246021248169925941193317675034340891921132397837913664256623258161637224531547965257862876825282949086317849224902559765324592547531035622409837334370264805576295842812207420624530437979434571568900610122891151925030275582514913054025357139650978060901144874"
"-61/100","0.253796923503409332055321781197260982488095226429398716110175209001778614897981299571910160266990208220476394214219281160274397140455625723719435131030399311909471830198939919276453037770905633092814951020999554745663528963823880617670024402158655772509924382821163821425980649694909147788"
"-3/5","0.218244565535785661406212001660343497296764260210655790868710020144755938723949231270350265177318682002879021866018434204074462184702082407976794255594298993429861115811648669377365511359866037707032341662348093379506818680327547212978062957478024120932620431069711429869252667053768883714"
"-59/100","0.181224068884125595180938828049657967868667296565840267010013043472159752015707697881838028178191200686399501619028448387944145105018684738310790862180327010537095468484173091285967623394003347619792372410735708620297959110161409649839310709466304901644120883413680621438611927368698809734"
"-29/50","0.142704956948739022743600638520608055058827329170875186801170901022434407301706107118013119809359647467333225214199526484164937829926505326815006026319582693013342403277869809658205247498295532003425942736191058959880671749169302033037504836755188868531004696791884968967455285418682636833"
"-57/100","0.102656205859959614300732835838252804704950442132625522316439758851849512665322320896571200925842560739127362583790281549498347609125389393872129102175399847925050146377773154753976443324193740405243935031375588487679551041674111399165571459707424812633241025758228415407236884651087664635"
"-14/25","0.061047175500580874017341727884320897404870264676587645994226983639691305639535023866626476047976771837722961125582985218598580086200040050605231168530687346608475544404871466855493399871699062627918789216773070242762307345179818186567947523899792793572742083446385843122153361680958059429"
"-11/20","0.017862195158237940593283221648823296537814323367830903976487320465002688492388344387638510202281960630943094889216665762985294116366609254867628546853465303642333307494364551826783594357112657089432926159276385986638020618435917917257939607935858937591133350659078611311579005573436695685"
"-27/50","0.027030989588079459018642100736997278243440745291316036703865807300876439545178012591872459897826738110543018939693806749829623065290998546395879300450545909234343932973736608251803852913217394725730811212308593214431335122459756233792210111140345864232065053833270651558102235211710404181"
"-53/100","0.073518536636897293814430770795871821217372670475632043559131184256941472062538125851803888258449714416306465288698024080545166824539364942179504348785482031721589474328950831391765194474590262055084372733951353872770691451574424693786614004969495455112310412316813576729595529574705096374"
"-13/25","0.121715328304448479617441667143402112434281418837682849086651353593837250327980435352833942218372416898198209023368318541300178976357429767066857168930338264356340340020017886750610567153045923277475929197273387495076026639227595163624028993466974610395637570092719636642506817332284448089"
"-51/100","0.171647782268101731362328288458116757987251583707281293881704950965487405985482157440310215059756007507839976044957903402120018951348911013502480013321987767116381277748323552032633549981371712282568709288817082631780398555963086135964210182884578903167109167546692857069091814235441328746"
"-1/2","0.223350397910473441604846550093453437304324488935448994640323211802982525711930025004131639350166529401994290189477196459604786802384428883353020791614422276013285391092725945132737356557557588535193927580407120808840069782237602581047945989907692418415567111265745645440139466877044434927"
"-49/100","0.276858642641091000359045035323450515563188878623379295964983029301704714467940858006968702467085666837606328801020095167084974537660476493564127550735582742097262900076196349168645866950316121762014278500028243360715196802251813593517270268691697583086786202657264135971522503815309444076"
"-12/25","0.332208114233122226121233277110476289447007715041497432126289945268756522273900388095467328789330330649676111841950905432216663406548288516294502896987110674279366648913928186081625807364952853861811367425891299933900555569882906975452329288482127708719562176322717172269699596631326750872"
"-47/100","0.389434159859076235114516141286967553019273735984508984984520038075259316806947684052831627541576984478013510242206990715073341275358281662295949223000582342279723594228274050446510663080203861393605899932086023813287434308393051103114096365100722825269276419291324754968448727750349773472"
"-23/50","0.44857154231059188348711479945837605169578242591292150093009041210892351212119311957466476358168969063609644429722343414303995354367332217705865281718722918045668060164299409154703287104816326180305317950207143791350359041414170268734975441360963056763722055787927830035443563568019189333"
"-9/20","0.509654080898475046011628922870360479561591073412282551513309525923874139472226013131279074546871313798243759386006220183425488912128323343968241251986461278028830083583319841692561848063498215754824434893370469509218876482004675717390333141924130575803188893135923449705444373151519987865"
"-11/25","0.572714245076732662866538506180169175209399475941081076428462445444354167391477176278465123857372031626853739314235864327526651426586404483674769760392840065984862926723498949657042785424683337359636738528136576855165140009835288938852725108072487761624202013650517602356489619200368888347"
"-43/100","0.637782689935068758042606208239266526837486134508773850934115914445189756944547188831963892831383648641936809778389476754916422133227476516711166295732731599338130836104796747784940691969046184085436823724349455333657445819155970594629953116910157406458942155154821035288702730929142105983"
"-21/50","0.70488772571309625004563292116490027183939026291062631135376658242441862472629524270247143172588629513317798969943240280838481466478848380343394116942481421225991493654267468305342763977803769752287165286114506062617415901537037109975222201920614653041618616848335922545365964677299229015"
"-41/100","0.77405471441679402452175295135512554182501616170981843520269484366228996857681617868854643686797622853307462687119330020170462341585158747583663808980095516418074407283205010630275640701249775730930814820779648951537523957615544431340509145402958539763225960704192765905768126328118882725"
"-2/5","0.845305386967346960233011856895845092833662675683926234020586091029622978112046380895145886753898618660266108807312972525325697849786920709510599665328410282837333214770585073493525373738799865731668558253325012961216151845312990293955435773578110439081877716852526841678607693630106260952"
"-39/100","0.918657074553305626631450059057045689458612074076571217096684052495318126287744931665891474761123235020122537243886314175255427978050026860413104194951650090428513534231451374716841562750823710035695539799748945136399700470682854436170129665263882213756365755165499682597099604047917893216"
"-19/50","0.994121848175889859918666612365271518819170710741949808764636368601847362336563776237949449366049042692696952319380907675861858005168905838246795915634441344820203173558395002201991604762908775299389968800710659251798261116034862832802957298841327801548171695049656730740467122472165821759"
"-37/100","1.071705560876240907767218230280229992480252084943228964679090221526353062644945118114803475720225455952382497990091845335560868339946957663046436218820535714463392243204807526699040247031892103059564577319920830828890792859366059548523873458970848740108497840274958763131857747368031884885"
"-9/25","1.151406787889044482770479583523199665222220638982141531061062333416322025354718258041494887218032903554120780161819628961620977512867411118850440488917158112469588776913619245248003673584778747887773452128082524039763383088534817336067576596966190138781804356070806769298114341778209587981"
"-7/20","1.233215661050137711966878249921913693128342912981585100915653780054908580458540223466467876530436300991871949205205920272337536126591005955367601670061221092330829938093689287703217131251799754361391713050551683088345871347215562992792967648670581710847457098897319505100810308030389182431"
"-17/50","1.317112595268609975014237943055514083390375870394048738388147423898568719400146557116597286184062654850400809658258791341033299224463872076310634013726937275719173579867797545853905688771207228538155765460903849438979141358303302119000048751183918549588913300932424856457869925277850577437"
"-33/100","1.403066906831574057547580647890651011520749297063230148548468555129195662575217918124818160809807956052714141069729236687058693413049333825041726253135830011938509487001604958244804984329274312881967100599232195841430130526880300246305854763854508218392404275546252544982213837305568999881"
"-8/25","1.491035325819401466909031142937850902388053419293987957425271831815135367642101150851726049017807263079234325133256781335474255109659831873190793434897785002134713072077993662109444384115124636232999472939145669010478758233017861418127022901296663024022559316090764994208360384147064981064"
"-31/100","1.580960408047490610431382314965604639516156519272513915883710927878935898677779672791612857219369657628986608115097298056929101081501667162479443640373656726174963380162089229169563601485223827688528309123701594554593487219710830133320142126928178511999002824957099911433826682809279734991"
"-3/10","1.672768855789559781087836089020620138952172018575741102972105792511968523940852751620538146157379032983202969089862595742927604950832872538746849919405343419238327085846896436684931714326063111232369985337848289226162562229396380277633946841331519806015350304220343443156337724029467436911"
"-29/100","1.766369761138326792696707036414870874754586610863001424648662424764617414145241421776319443418914331895505359344484235831490023969373156704935509818158872483809521723378439599014711006471935785847782065090495566532299723898515766299804197822770987060994802390447668938003329945592534089336"
"-7/25","1.861652791264996915744218983274321285637374699679099013423905711450058443871016500358041824745679073415045450986193768761118806601127502286217978066964328147457921632193435264059401861838509901044107219401325050772248858719096418412150585975870769474781762974971598635151820289913632301942"
"-27/100","1.958486341063561180289369423979349813637326764447213078576542334318573799731446284338084934366066577209515991076605138524366980783967172489615617499228952528331763126070203287571619422481071608515155807168700185359973478447162327234755861788490390855550828840314938997368141608678438876776"
"-13/50","2.056715685683581494386284393311143764648663535182275756087260708868771714005187551907453183058871518109778141332164875509319345269385595810285460353260864495730150448537641472535232140648203730475003282492629995874149715899625162061017911154791357238864929258319732717404444963557383425115"
"-1/4","2.156161173186101030317548069420809916954952676685272858147350210096059440391585609305473495722814261595889735808545928555970883278181507934795272341553770269480022705951664323924558509088635654982269514114851462814317764323968360677784307147985213968194838825636059996522735074517996410847"
"-6/25","2.256616505852984659568470982365498172666202343828506940030514541236744563969957223596940945424360978616648178655623027784745400827947262796025808244582211124850361696519390374478989726244296479518859470275542516840729571591984360365592620801693858735917981856502988326072029444365306927115"
"-23/100","2.357847167307724717627662805017223663368170489695685735457085127137836674568985435395419156959757043467426110328841642063909480391139291348752678844255698337717060944730378451692481589898418918161546933004740158460311164896745053663336632289170151282868488304505107524882116052430466362551"
"-11/50","2.459589061234554953611537107766864394877190818705309025403914573869802957973826590808910824055342731413667467576074291192813194641998071471337808768353791669080985849997294812765530974615520264430836396454994439255582109151087112646528282717750418391328501700340545519138718883807954812236"
"-21/100","2.56154743567188571360107984283334224756378232186762836799078534654102262008803698540676839438973007523370940068832377051605359189981574676771164790051175239965066140808964126417447975397301938703122989456087707815634324763118264907430839092624489253836029380064984843743190884555286605559"
"-1/5","2.663396174049178763084125882639765483058317798385230640317350099435584165637702856329173322385989900099775342143730153039498204474990243721523584795995813044693038764817366255453178748644558726676260358296162350276266635539038962350943358148638332090650173481282285875732411471663497111123"
"-19/100","2.764777539663675624888846844377844401213011097010662914543645176715637415200203239184130257573306090353762191537185027924136309701805576990096841698916161758469622364328662203356005792127193378721847469394225442712917958713661330089697216907187074719238554861268452224425691868451823033469"
"-9/50","2.865302463385898007845720959380970330511069282064920832143565227122113172797994108164639122619516122154473407633065298706007768308347666995742319131381689726708241035834682858131858769557408809736460804363841580996260291427299143376183834196521569787263467753639186655073198657331831330393"
"-17/100","2.964551464201393961448960707608396206575409017960125957337551981784500889502737228034216010617392868691296634359950285881929733764013628238735049874622411559764382756430833390991624161290825774500985017805766817806202709259044541201829611195532009034525902517101445720508951955525092752522"
"-4/25","3.062076287878271438458274779000737241528351903669382855469010437323076069897946152142269433332580294752804713213375113140820154613744089131321159912344495489066623610817206004366136773994202091583870723967137787366511394029672484088868052343368267771084276948792352494952513316951393295542"
"-3/20","3.157402339775828770185388464510523789508464358003465014504543135808635717023747727931543658790767732759603077480128072120670059398269259844277908579756655930134357162891252399423278962706614086924552432747728232396104591293925932273668967572903850186830483581439482356084815943954761628687"
"-7/50","3.250031972886926942165754805247129742359709662564702873997246028402380016667543172366146779386528495011351516282029698993216409354364192475664643322666391936925090859404067463080390577468359047391599990307796661901846181972046744276719727170958405402520507360279715313997482296710447509868"
"-13/100","3.339448671171716119674207507375929526403833360632192830786623344380070545245261006041052143988749478788955286180443860977795753379595048665593149246037920871924040237567327393523413817628202281541655232698735576951011957983324559574194588574007713039403704283156917181161432262233156048435"
"-3/25","3.425122140966419265369502641288921554624033254314477954879041297969301005746400123028613205894924836710870803115505031538601811518396494380488201788343317602520009367131604181690415014502679487712433295661302594404642336389733590155795458096524570978051127034143665846368471807103999002903"
"-11/100","3.50651429005619389914432894724020494271850924540926484490586860560065274846044852797008743984348144580253767514887917789651221013620283779048738044302666435373765908128662511975465765322097850515005266873119525110352082826410229899659956088658430306848300217188130480090526302731511050538"
"-1/10","3.583086035739075208796246020118319589759782709745333840268855090046703935698331770942173071638295824037969153478684595123929174857869752500870755106005178468113400543347772654161069610736171199011409689649537569432896601049224398776698666384076976191340123324724783871393895231801966354887"
"-9/100","3.65430484132460072573265950738204970061970961771729879681066372052516932848997456225832516494195646763860134344606107539105302569313196958396851654021744106597651333201328811254965402517596534658913994697943842406754493187626857018600842711691856382685751452743697868524130603852916340675"
"-2/25","3.719652837050338262935374936806246174243306450244542327151570851814739665543353449782050191557957085585376003310815198893219498587935465627672942684404090548934368073931885779951981615355080459004513255915690092931467945323776670045138959214807615097052860679097331490752049663133625020585"
"-7/100","3.778635338944286142808562919253320528443462073137625708858893241077571800733013613383262130574284874637128301684503260289452028150233716701324157629468414893056294890929131143070446696963542117336585083763564501408660856726374337953066751643028433847433815992486620302978219154963859555669"
"-3/50","3.830789540693545625717621152084981674965058872493214193888065119946341826775735562858700633429212210003869465757714972017829208468346347278587580118371384197191890715496105538726798189110402901308696072126101031445311925492710900322704656838131088715913411405472622893257362205080608629803"
"-1/20","3.875693122268557047391566829231155881238407261226982063037267654076915154616374704905363794446126608709689482045507020194781227342563818172061509184980977597986028031975599909372208259566890137935884284166716548755936762239417575048265749106919031132717014085387437114634091819277607012412"
"-1/25","3.912972497972741799718615397340425122212069992835142532627059193819006534239688640565416354939138093282472691043809124951070504341307299361951873443140238872061105884115110484067428343954314873882103467349937175802878964476730494025448759662732314348903767521535997115590574841553463452413"
"-3/100","3.942310418400380815431901105913984442528948570492294790768204978676619914824653692488154138464826056414369501811513342294331098307862126853663533910764744705400539955436350140283652225631110931673824814732413230837892249482867529318172110965452039555385194690175419964791241981940335404347"
"-1/50","3.963452647411777147378696442692021770171385857362902197054548797032866564333197049194119423293275801432900908223844634976413137619234370948764647873581323313799794775704605509008165696014108506116826486184473123886903512580390575948246229747127382962224687710835194411727607710243802094048"
"-1/100","3.976213457568780738050890636491625440509118953424808730253261214473525724143802476479549775736793311009341076848680210597624772688345794900128161376307090640976931347120905582251969781978442197329824011056541122271150457582873315381421654979856235843878617980320534359017351718521184185324"
"0","3.980479725182446570145099525758991230640623311426587752749192424552434232446277727991819954004251689198432822769810677476794639812571124095982073589581031900364198377036261303080940027670064261256630034179970259590345581616251172263969451049770692195666499946502696405129815595087547436756"
"1/100","3.976213457568780738050890636491625440509118953424808730253261214473525724143802476479549775736793311009341076848680210597624772688345794900128161376307090640976931347120905582251969781978442197329824011056541122271150457582873315381421654979856235843878617980320534359017351718521184185324"
"1/50","3.963452647411777147378696442692021770171385857362902197054548797032866564333197049194119423293275801432900908223844634976413137619234370948764647873581323313799794775704605509008165696014108506116826486184473123886903512580390575948246229747127382962224687710835194411727607710243802094048"
"3/100","3.942310418400380815431901105913984442528948570492294790768204978676619914824653692488154138464826056414369501811513342294331098307862126853663533910764744705400539955436350140283652225631110931673824814732413230837892249482867529318172110965452039555385194690175419964791241981940335404347"
"1/25","3.912972497972741799718615397340425122212069992835142532627059193819006534239688640565416354939138093282472691043809124951070504341307299361951873443140238872061105884115110484067428343954314873882103467349937175802878964476730494025448759662732314348903767521535997115590574841553463452413"
"1/20","3.875693122268557047391566829231155881238407261226982063037267654076915154616374704905363794446126608709689482045507020194781227342563818172061509184980977597986028031975599909372208259566890137935884284166716548755936762239417575048265749106919031132717014085387437114634091819277607012412"
"3/50","3.830789540693545625717621152084981674965058872493214193888065119946341826775735562858700633429212210003869465757714972017829208468346347278587580118371384197191890715496105538726798189110402901308696072126101031445311925492710900322704656838131088715913411405472622893257362205080608629803"
"7/100","3.778635338944286142808562919253320528443462073137625708858893241077571800733013613383262130574284874637128301684503260289452028150233716701324157629468414893056294890929131143070446696963542117336585083763564501408660856726374337953066751643028433847433815992486620302978219154963859555669"
"2/25","3.719652837050338262935374936806246174243306450244542327151570851814739665543353449782050191557957085585376003310815198893219498587935465627672942684404090548934368073931885779951981615355080459004513255915690092931467945323776670045138959214807615097052860679097331490752049663133625020585"
"9/100","3.65430484132460072573265950738204970061970961771729879681066372052516932848997456225832516494195646763860134344606107539105302569313196958396851654021744106597651333201328811254965402517596534658913994697943842406754493187626857018600842711691856382685751452743697868524130603852916340675"
"1/10","3.583086035739075208796246020118319589759782709745333840268855090046703935698331770942173071638295824037969153478684595123929174857869752500870755106005178468113400543347772654161069610736171199011409689649537569432896601049224398776698666384076976191340123324724783871393895231801966354887"
"11/100","3.50651429005619389914432894724020494271850924540926484490586860560065274846044852797008743984348144580253767514887917789651221013620283779048738044302666435373765908128662511975465765322097850515005266873119525110352082826410229899659956088658430306848300217188130480090526302731511050538"
"3/25","3.425122140966419265369502641288921554624033254314477954879041297969301005746400123028613205894924836710870803115505031538601811518396494380488201788343317602520009367131604181690415014502679487712433295661302594404642336389733590155795458096524570978051127034143665846368471807103999002903"
"13/100","3.339448671171716119674207507375929526403833360632192830786623344380070545245261006041052143988749478788955286180443860977795753379595048665593149246037920871924040237567327393523413817628202281541655232698735576951011957983324559574194588574007713039403704283156917181161432262233156048435"
"7/50","3.2500319728869269421657548052471297423597096625647028739972460284023800166675431723661467793865284950113515162820296989932164093543641924756646433226663919369250908594040674630803905774683590473915999903077966619018461819720467442767197271709584054025205073602797153139974822967104475098684"
"3/20","3.157402339775828770185388464510523789508464358003465014504543135808635717023747727931543658790767732759603077480128072120670059398269259844277908579756655930134357162891252399423278962706614086924552432747728232396104591293925932273668967572903850186830483581439482356084815943954761628687"
"4/25","3.0620762878782714384582747790007372415283519036693828554690104373230760698979461521422694333325802947528047132133751131408201546137440891313211599123444954890666236108172060043661367739942020915838707239671377873665113940296724840888680523433682677710842769487923524949525133169513932955422"
"17/100","2.964551464201393961448960707608396206575409017960125957337551981784500889502737228034216010617392868691296634359950285881929733764013628238735049874622411559764382756430833390991624161290825774500985017805766817806202709259044541201829611195532009034525902517101445720508951955525092752522"
"9/50","2.8653024633858980078457209593809703305110692820649208321435652271221131727979941081646391226195161221544734076330652987060077683083476669957423191313816897267082410358346828581318587695574088097364608043638415809962602914272991433761838341965215697872634677536391866550731986573318313303926"
"19/100","2.7647775396636756248888468443778444012130110970106629145436451767156374152002032391841302575733060903537621915371850279241363097018055769900968416989161617584696223643286622033560057921271933787218474693942254427129179587136613300896972169071870747192385548612684522244256918684518230334693"
"1/5","2.6633961740491787630841258826397654830583177983852306403173500994355841656377028563291733223859899000997753421437301530394982044749902437215235847959958130446930387648173662554531787486445587266762603582961623502762666355390389623509433581486383320906501734812822858757324114716634971111234"
"21/100","2.5615474356718857136010798428333422475637823218676283679907853465410226200880369854067683943897300752337094006883237705160535918998157467677116479005117523996506614080896412641744797539730193870312298945608770781563432476311826490743083909262448925383602938006498484374319088455528660555901"
"11/50","2.459589061234554953611537107766864394877190818705309025403914573869802957973826590808910824055342731413667467576074291192813194641998071471337808768353791669080985849997294812765530974615520264430836396454994439255582109151087112646528282717750418391328501700340545519138718883807954812236"
"23/100","2.3578471673077247176276628050172236633681704896956857354570851271378366745689854353954191569597570434674261103288416420639094803911392913487526788442556983377170609447303784516924815898984189181615469330047401584603111648967450536633366322891701512828684883045051075248821160524304663625506"
"6/25","2.25661650585298465956847098236549817266620234382850694003051454123674456396995722359694094542436097861664817865562302778474540082794726279602580824458221112485036169651939037447898972624429647951885947027554251684072957159198436036559262080169385873591798185650298832607202944436530692711523"
"1/4","2.1561611731861010303175480694208099169549526766852728581473502100960594403915856093054734957228142615958897358085459285559708832781815079347952723415537702694800227059516643239245585090886356549822695141148514628143177643239683606777843071479852139681948388256360599965227350745179964108472"
"13/50","2.056715685683581494386284393311143764648663535182275756087260708868771714005187551907453183058871518109778141332164875509319345269385595810285460353260864495730150448537641472535232140648203730475003282492629995874149715899625162061017911154791357238864929258319732717404444963557383425115"
"27/100","1.9584863410635611802893694239793498136373267644472130785765423343185737997314462843380849343660665772095159910766051385243669807839671724896156174992289525283317631260702032875716194224810716085151558071687001853599734784471623272347558617884903908555508288403149389973681416086784388767755"
"7/25","1.8616527912649969157442189832743212856373746996790990134239057114500584438710165003580418247456790734150454509861937687611188066011275022862179780669643281474579216321934352640594018618385099010441072194013250507722488587190964184121505859758707694747817629749715986351518202899136323019418"
"29/100","1.7663697611383267926967070364148708747545866108630014246486624247646174141452414217763194434189143318955053593444842358314900239693731567049355098181588724838095217233784395990147110064719357858477820650904955665322997238985157662998041978227709870609948023904476689380033299455925340893362"
"3/10","1.6727688557895597810878360890206201389521720185757411029721057925119685239408527516205381461573790329832029690898625957429276049508328725387468499194053434192383270858468964366849317143260631112323699853378482892261625622293963802776339468413315198060153503042203434431563377240294674369105"
"31/100","1.5809604080474906104313823149656046395161565192725139158837109278789358986777796727916128572193696576289866081150972980569291010815016671624794436403736567261749633801620892291695636014852238276885283091237015945545934872197108301333201421269281785119990028249570999114338266828092797349912"
"8/25","1.4910353258194014669090311429378509023880534192939879574252718318151353676421011508517260490178072630792343251332567813354742551096598318731907934348977850021347130720779936621094443841151246362329994729391456690104787582330178614181270229012966630240225593160907649942083603841470649810638"
"33/100","1.4030669068315740575475806478906510115207492970632301485484685551291956625752179181248181608098079560527141410697292366870586934130493338250417262531358300119385094870016049582448049843292743128819671005992321958414301305268803002463058547638545082183924042755462525449822138373055689998805"
"17/50","1.3171125952686099750142379430555140833903758703940487383881474238985687194001465571165972861840626548504008096582587913410332992244638720763106340137269372757191735798677975458539056887712072285381557654609038494389791413583033021190000487511839185495889133009324248564578699252778505774373"
"7/20","1.2332156610501377119668782499219136931283429129815851009156537800549085804585402234664678765304363009918719492052059202723375361265910059553676016700612210923308299380936892877032171312517997543613917130505516830883458713472155629927929676486705817108474570988973195051008103080303891824307"
"9/25","1.1514067878890444827704795835231996652222206389821415310610623334163220253547182580414948872180329035541207801618196289616209775128674111188504404889171581124695887769136192452480036735847787478877734521280825240397633830885348173360675765969661901387818043560708067692981143417782095879809"
"37/100","1.0717055608762409077672182302802299924802520849432289646790902215263530626449451181148034757202254559523824979900918453355608683399469576630464362188205357144633922432048075266990402470318921030595645773199208308288907928593660595485238734589708487401084978402749587631318577473680318848846"
"19/50","0.994121848175889859918666612365271518819170710741949808764636368601847362336563776237949449366049042692696952319380907675861858005168905838246795915634441344820203173558395002201991604762908775299389968800710659251798261116034862832802957298841327801548171695049656730740467122472165821759"
"39/100","0.9186570745533056266314500590570456894586120740765712170966840524953181262877449316658914747611232350201225372438863141752554279780500268604131041949516500904285135342314513747168415627508237100356955397997489451363997004706828544361701296652638822137563657551654996825970996040479178932162"
"2/5","0.845305386967346960233011856895845092833662675683926234020586091029622978112046380895145886753898618660266108807312972525325697849786920709510599665328410282837333214770585073493525373738799865731668558253325012961216151845312990293955435773578110439081877716852526841678607693630106260952"
"41/100","0.77405471441679402452175295135512554182501616170981843520269484366228996857681617868854643686797622853307462687119330020170462341585158747583663808980095516418074407283205010630275640701249775730930814820779648951537523957615544431340509145402958539763225960704192765905768126328118882725"
"21/50","0.70488772571309625004563292116490027183939026291062631135376658242441862472629524270247143172588629513317798969943240280838481466478848380343394116942481421225991493654267468305342763977803769752287165286114506062617415901537037109975222201920614653041618616848335922545365964677299229015"
"43/100","0.637782689935068758042606208239266526837486134508773850934115914445189756944547188831963892831383648641936809778389476754916422133227476516711166295732731599338130836104796747784940691969046184085436823724349455333657445819155970594629953116910157406458942155154821035288702730929142105983"
"11/25","0.572714245076732662866538506180169175209399475941081076428462445444354167391477176278465123857372031626853739314235864327526651426586404483674769760392840065984862926723498949657042785424683337359636738528136576855165140009835288938852725108072487761624202013650517602356489619200368888347"
"9/20","0.509654080898475046011628922870360479561591073412282551513309525923874139472226013131279074546871313798243759386006220183425488912128323343968241251986461278028830083583319841692561848063498215754824434893370469509218876482004675717390333141924130575803188893135923449705444373151519987865"
"23/50","0.44857154231059188348711479945837605169578242591292150093009041210892351212119311957466476358168969063609644429722343414303995354367332217705865281718722918045668060164299409154703287104816326180305317950207143791350359041414170268734975441360963056763722055787927830035443563568019189333"
"47/100","0.389434159859076235114516141286967553019273735984508984984520038075259316806947684052831627541576984478013510242206990715073341275358281662295949223000582342279723594228274050446510663080203861393605899932086023813287434308393051103114096365100722825269276419291324754968448727750349773472"
"12/25","0.332208114233122226121233277110476289447007715041497432126289945268756522273900388095467328789330330649676111841950905432216663406548288516294502896987110674279366648913928186081625807364952853861811367425891299933900555569882906975452329288482127708719562176322717172269699596631326750872"
"49/100","0.276858642641091000359045035323450515563188878623379295964983029301704714467940858006968702467085666837606328801020095167084974537660476493564127550735582742097262900076196349168645866950316121762014278500028243360715196802251813593517270268691697583086786202657264135971522503815309444076"
"1/2","0.223350397910473441604846550093453437304324488935448994640323211802982525711930025004131639350166529401994290189477196459604786802384428883353020791614422276013285391092725945132737356557557588535193927580407120808840069782237602581047945989907692418415567111265745645440139466877044434927"
"51/100","0.171647782268101731362328288458116757987251583707281293881704950965487405985482157440310215059756007507839976044957903402120018951348911013502480013321987767116381277748323552032633549981371712282568709288817082631780398555963086135964210182884578903167109167546692857069091814235441328746"
"13/25","0.121715328304448479617441667143402112434281418837682849086651353593837250327980435352833942218372416898198209023368318541300178976357429767066857168930338264356340340020017886750610567153045923277475929197273387495076026639227595163624028993466974610395637570092719636642506817332284448089"
"53/100","0.073518536636897293814430770795871821217372670475632043559131184256941472062538125851803888258449714416306465288698024080545166824539364942179504348785482031721589474328950831391765194474590262055084372733951353872770691451574424693786614004969495455112310412316813576729595529574705096374"
"27/50","0.027030989588079459018642100736997278243440745291316036703865807300876439545178012591872459897826738110543018939693806749829623065290998546395879300450545909234343932973736608251803852913217394725730811212308593214431335122459756233792210111140345864232065053833270651558102235211710404181"
"11/20","0.017862195158237940593283221648823296537814323367830903976487320465002688492388344387638510202281960630943094889216665762985294116366609254867628546853465303642333307494364551826783594357112657089432926159276385986638020618435917917257939607935858937591133350659078611311579005573436695685"
"14/25","0.061047175500580874017341727884320897404870264676587645994226983639691305639535023866626476047976771837722961125582985218598580086200040050605231168530687346608475544404871466855493399871699062627918789216773070242762307345179818186567947523899792793572742083446385843122153361680958059429"
"57/100","0.102656205859959614300732835838252804704950442132625522316439758851849512665322320896571200925842560739127362583790281549498347609125389393872129102175399847925050146377773154753976443324193740405243935031375588487679551041674111399165571459707424812633241025758228415407236884651087664635"
"29/50","0.142704956948739022743600638520608055058827329170875186801170901022434407301706107118013119809359647467333225214199526484164937829926505326815006026319582693013342403277869809658205247498295532003425942736191058959880671749169302033037504836755188868531004696791884968967455285418682636833"
"59/100","0.181224068884125595180938828049657967868667296565840267010013043472159752015707697881838028178191200686399501619028448387944145105018684738310790862180327010537095468484173091285967623394003347619792372410735708620297959110161409649839310709466304901644120883413680621438611927368698809734"
"3/5","0.218244565535785661406212001660343497296764260210655790868710020144755938723949231270350265177318682002879021866018434204074462184702082407976794255594298993429861115811648669377365511359866037707032341662348093379506818680327547212978062957478024120932620431069711429869252667053768883714"
"61/100","0.253796923503409332055321781197260982488095226429398716110175209001778614897981299571910160266990208220476394214219281160274397140455625723719435131030399311909471830198939919276453037770905633092814951020999554745663528963823880617670024402158655772509924382821163821425980649694909147788"
"31/50","0.287910895291211768472689305186246021248169925941193317675034340891921132397837913664256623258161637224531547965257862876825282949086317849224902559765324592547531035622409837334370264805576295842812207420624530437979434571568900610122891151925030275582514913054025357139650978060901144874"
"63/100","0.320615466599924161758424039006310607415306582953526719437479919469944327892872630061987884105449900982759982247460301120741861347951858835249792049992954623923003082515490355948921857946479845056113580203909858930996635455703503519970507654947726213454892107737067536350334844583414049081"
"16/25","0.351938853871117615955004115817842266117999522534225634136614585201331197794815998014856789042970601303795504537781859128360882672468695765102123561408982055726492193948881494426131966259993207123819527363845718925916497126840573573106528962818053945385059555989838851049277337619582901959"
"13/20","0.38190851930971744859822414146847879698758744400525062390774012688022673987073210330468896762910281541495444030924320799626548886347667046492072263611737188528925158258980971753755120546406012317679481228475824675013290578075126955448134744425129625397523878491738952243997004685178095905"
"33/50","0.410551195710377391843944551260595837076297814961074397638640660438914468886187244355138753992449885758105150098884429964401003711024075154096943696935502309151680164185476240382565652588947952904206795931131712975381169020025276602014021536618344770492580267200577869375672133460510240159"
"67/100","0.43789291765599566135523243722224344623447643777315878218412045472809143643955253289454214945740799383035394363861702092608096119658853219466648115387867060447021460089589899848361024487763850558828485853352714498253594414457821341401354300428511304343281738199222277904148855805177780906"
"17/25","0.463959057133255710233090000547778598872643307531044819766042532267754598021642188657008973152317345026991605070109038736030069958825638687337271370575616010385040694142782859946273997261261454405105018303795218001027517003757379268895923609781397666944403327751286126782293295331066662664"
"69/100","0.488774362232978197099906465410790288560957490828048846038481208559826468592991794921413902387358634776980789531535367128480163391496993063272008779007842504402296221113903362853452210680597943645253805510678359763360258182123328932989559750879814835248805128191362671128161881063075641144"
"7/10","0.512362997919663314953226232983348699859202319277348423427562062627687345014018760480253104782475807662754851404931688831406824309987748520078205671120375264763390445984200505326105677713858621671263839095035652562315217886580200804103255545780463304046281404221696210208134750142413209635"
"71/100","0.534748588045881088445135109753656130083708760534629998516316179364459547158433399611616312552049518798312326934544447604061069411238963286549450252895161920189219158394376662994083849709346689050177418892891151740487570749826002416748144403788586498916356566182115157213301327034724556283"
"18/25","0.55595425792033475933390198008898098584210312129838167537611456040203207009334027641959825492554250923923741176573382612240055917568986834952108014639327050537296466881776730756631304379995644272946819289347007933975035110329339259247514337884410729278934673259540163224243333593125503854"
"73/100","0.576002676841038469563700335218030115763871805175201340107288315516983088633447074930904119807538163465724895432450923068237949773397759540871111060232589882541495525408528181858276046909566771897517931607008859863658959211076126284358850502210724931774850562230903469184185156052819859909"
"37/50","0.594916100089497839581737600113529693014282478281275948342612996665427802105876321336097996515780106005499158231270626613275974767099078388650857156013100364787815260083670219600575299580045554097390403688632201035826941855126497545208555444007755825075660379617949895111119690827885383147"
"3/4","0.612716409954144426444593652030136165859903079616268566563496643871180335963505449484199194558732599064390730549857050742344381401110932338274640563683530809191427437159168692007705659335584295978084091144007614537089047548969056783924833804087421843560874191145041576114980379442936701926"
"19/25","0.629425155414824279916730674226309787484091171974404795734753238678782007302274080312664720805135441154020081211653919644319785754135215384960665247543264579180820635331977279079732449039847361420059559519757011055201749490993937383543594428119937413608273764343016097219497700775334439034"
"77/100","0.64506359017680296256971185633671060392720637892196984264726242505434685341369949705977870417272354501750793171148770732321162037808711455016050299031315926935572823825213348436670777902375302054772203288036404779203010908786257858834841878970951702252021974045600429949394239183448435382"
"39/50","0.659652708793759278634865598140795821265775061347491446441015877793902538344947965321187984770056728234099731297145866148224814521738147952352592231463015908773106545319157054066253359640748019722330465087973255964624152954332699410448525663823921837846444792824811211063270094491907867124"
"79/100","0.67321328066544999645771950153252457930058131563172325028799194640964990883232662096639201086338135099490726575382700508491181430303420205843113908028018249783034777023581411569085816292640904729300245340195810571421642537673870525777581598345326819866509978563318456574098569887721628174"
"4/5","0.685765881737761945645098889619954527341306340521946111493641090598434870387805573146892135299390957388957050532666179926564966336267686984846051094821000677409237432877785093168584898132372510543663395372134004565384143911120855603602129044571503348629071084852409009521919935531828704584"
"81/100","0.697330923771202461564072986834404926929439242743695212067284172429365927259076542586472118709323479800122356587384938175591800354476426528662982331930815660848649148883047454341208431624520766007966188676887320161053318893745847828606177154061002276431134492409718113493179338666454433894"
"41/50","0.707928681078888682601848607778695251774194907790192846654182096316461107389521637929782331882168113731045616055917646890936686825809196442128863272128035124740505564081669903095016308466165140096209431492027818285176736215211575793860743557036006557161277162140918281349716769791851588078"
"83/100","0.717579314667080455616472394068477324029045362432677191980485645037027042748523337131576049282899779944992248998562988493175711191599269421110339116172038508588102581199768144197429898688669539793490650248045362415955378973166713169385926509892981902990690951596000642255363123057325380202"
"21/25","0.726302893740503385814870820990691012384123063756025666780259928339662855261087276685536170115619402306658403198506262251736000774599211094005044007930649919641673286954610832572278493285770796613505628428384285581149533826779284088624937995998825660386035085511025828079744665703707359314"
"17/20","0.73411941456132610874471202057357906198020820964420865165327689523377686455329315297718716949923346601131124864545692329293507383446039696534049425124381203566358221960762217448171653081770096283923473639230747966877318915115456165052211060742523788359933644077221675665146570263066355915"
"43/50","0.7410488166748520790179388518966877749657667558745488464290678502992234520438090014599847332354321115226180588887756529712283057031673539389863262286602437834852242805548307787356291178454367974488130626403623630975142511808227072851986249149770202210060154213787007372621172327690841863627"
"87/100","0.7471109965368959964851491542945108370728503958006236578402437971877312664040567983284462142522511621549275384091364713011558634422996540259993555277145354400484502955315639294218204487896578560078969260286046492909221648976065222161647391657969852410295735592294489678759168377766240961055"
"22/25","0.752325818597551414332373301817497109449422352877536900627440735523459090706514782961886960540110188551446470124269393305482967106962002736755543791023565991227303365429139129746688818563153543983352244442082083500722464558208026974293570242272536784889997553058793563690318376448068150966"
"89/100","0.7567131239137152287550509058558704666385840469083278780364103897496148612417943137435015752663093381465865481548114099962771838452850377716412741168551265888361383071721350931578589324737502767449314213940334343253716040592336903197636987269330449825707404654972562154350514771907366861288"
"9/10","0.7602927363784002605929307301868755544496101522490496631787388364053854090635766109865827597124693169018546476086421776536029448207973535885651817495001542612669579885211593501414938911901385260945043385263225774719118062041000452274525151767915880187972731414602755819802702018119876056838"
"91/100","0.7630844666686138370313046394722747028640661501564030644871475015603338166228546332883519745109168572783692257870697889188548521599775874169868478257344227963577613071846370841227265225245990821062496341150868308359155504718776723508677791759439743112768682364522946674902134774567867594577"
"23/25","0.7651081140254773667856240701797100052814007102044863781101572792440089575784641181493024984481631034611208734574377992900057757713661408585103747913374107542185579633255767131287035748811813760345192258038278059534936081804442289000406492788273359427278910180519312458536379427620643671975"
"93/100","0.7663834659903756007244493851792273906461724346514195030538658963283301273020329026625121319887338882120188637916180219159135792678781040473294850013458777202244034548269752895463562626174900561649400816515935550006892184135660021262792866734888730060768929078648190341526326882049380713946"
"47/50","0.7669302962293200196515829433919973842711646628774774072163193374077788726772796704018125664022717783919463743324304960870426272953126985166457922730519706419023285487666104725968789023376354494449494718778770371945805349155441394431096157781274151964768769720765000510164738092869067243858"
"19/20","0.7667683605844549931560218427990857850432706790698271083529447070971712041456364310094781597314061256247910917644953546745600303215890051115701935736646301078038366939817961171377991814067560479352825789878740190073978401207574654490982820256717211180123632312954478062717200037656589629182"
"24/25","0.7659173914967967171720255196289901177312873456077360334620960030564427234684973957918320548707443485272683832250796021525059285990460708462787332456895258240340972916880718172730827235040630447356422506470712001550332379913255656830348958303148277320452971011448075904600578395298870516322"
"97/100","0.7643970909479454495699906200982972008683305059273176096933961259198561012348785185253994364796310229924844686452355857111745905122207514248515725485474948847837620271416246610483309269077676178443406802058656825664523573645333265553296543322370222101872097759267536505392819484282537449437"
"49/50","0.7622271220707271122388961185989304207136218318656607556915585101870404767892050912279923956053245312944491052762871331208345015212047278473667110109507719257312699005941226956259565491718782993119482801567467843429983437247776833303196242477562158305710027217463689766592753864058453184794"
"99/100","0.7594270995795810230705759018407993219105242939233075441131880301422560473309872434556918605645968874796044118780915090667340394805828404790987620459047548765996101720911461291011177787540453594652302497225969535237481181212205196423190047133728201199894289580635411527382759504504858511935"
"1","0.7560165791711007295209843237563338487963701035797032086904905623193937020438344413922962953312055081382947278188068493496952113446989281739842178488689153719067625385590664662281992188203561105010793957772019769114694888964083748362935377970767062839176567108616310429710562103948667444512"
"1 1/100","0.7520150460435430643839454610788897179728714866155148642776980916897760812716204323489540905841158826709549593420965110790482128688277748928423484559368630893655681308103280044690545489433878371276063174683161691142329528598046603924764271967520184281768755555001336134328490134001144912339"
"1 1/50","0.7474419026814387187411432218903375530478243849585841342256695171190509642017816102415686791055413735713350691044731636184162230077439177889627280200791961694363849193447350021450169768797298534266893176428518575217329437349089434344822336750228819603815458765697880025919684766891848336683"
"1 3/100","0.7423164560477609991269414055183971336298171416926089621027905971473975116708795184626898461654751330009436504344593585677205065517191564731457411778377579559087674721930856408227902714162540006063608060611804474665004505266442091097557269184692168034024833984698576532047826259544394818554"
"1 1/25","0.7366579043215355649426213063939169551710029058692133228519248607380144703236453206235823209925148479920160042164465867262692250980950147894303822421591649827199149072941513827376647957020661389625013039705545183569378991368112897574719065853718900638780634491684229120997627807295682819168"
"1 1/20","0.7304853233134019762997752231231692939297914463836490603878055541236911322376164623964751001927344959226899429721261686311035120595227508354715609533621771707071822274143858174246738974726643403585181902782574214915000381758864980114626831950616364481723252393497918956824237701636676789788"
"1 3/50","0.7238176526855676972334171918750136868451840789871284458917760074067565691775634033388924400693106169063493305041236138446968477665589134911200242800637378099164045742903862936676387206824451210682257473542086688054081479009946715468367724064913826654243697572992106157036579892095554610572"
"1 7/100","0.7166736820959265019667430719443578619876066725127998985214625693415745085325029997733853215368136212880718942544808712939021567635538965526292277198960288331301199824830001121170493629168744338188975370816804698934083479053884755257589352736237589171778861171097598703999705862911152147582"
"1 2/25","0.7090720373789446609545318007661595335721387532081843174646186755242081255708120139603300611462579742427180214040550796234629902317868731515565759066827813537955106470884546579842204400692427268279441476642237284596305041674212823955976672547559180450359004342934732696944899898131790372562"
"1 9/100","0.7010311668683465265023175861238115239633648810778048775029608324597967410773798271479053581980513464927910470783804277187412559805943649930080509652343382656040151114861959919927428642669266966878778610013973528779966071754231214656433334495325273930069164961273737848410625350031856152626"
"1 1/10","0.6925693279587500915942185341944999701510092518285714077104412938704123840896172013944966476422787577811145153922942810212242824376717363220416968035099382672842746012379123157294965169260569180319623555340155908217265302928163226044191243903581163349934038828725214278405127402795770499276"
"1 11/100","0.6837045739953030852053676728913605294497962405636299042216395368975349520186202317977419040331515014616829959595895546466367405665842212683737041936680580743050101674477373367237281379355877302704652359143204403900548640887462074263722956980921265741701167897568445209476680442248957444405"
"1 3/25","0.6744547415721372402199168061681378387108480043156187496194304906434695272693621127881446855435070329953068270937017546446281059309340054108890208417272451979321757466283039721591419050543797627130009389278218470771807521084711908984941599993997861697659532069174661384029348306243448278213"
"1 13/100","0.6648374383121736764648530489541642084250136614669166142773448873333654516118082862827040496512847405842115105586296587874883188583277611228996314058995110891076497155433670884936450910412207396559331756086452465808823304473648550602140931503242635537215004586969712488956367075144774337756"
"1 7/50","0.6548700311925516102837178110121708450934252678222708288454263133055983899326274176543062056706477643007484262934936774285789756375186298777856207757572672719347940274625551270038614053234128023772068429839092937662533893769324500209518555199132191994032610750378637659630652675660866168796"
"1 3/20","0.6445696354717857174379004599171848430860764608377698517759942365182988424716479525692787630128818297957909955614979426380716193848232079451923460274086161141292422408285013460671216975987506183289092918291878933869401871544624018481086959521398979697975654241587608780453686236592145016295"
"1 4/25","0.6339531042667481564683096903688795340003777370486089904862953149068437465683472472053615780396410694629471951616988285310925373214384346813383329536637765537749574450783102715149791071215952581192558620921244779256231329954508726357296230802456232722334494844368763846328176958997529963675"
"1 17/100","0.6230370188197768413938830847620561947710159582588144156516213973661437085469216436895949706526996591486817731778325877058105549155802513222277120895109819651392952650927789886618963339042017824930419959368200169438529773762578058299887116840142892561426720848874588002973126019955680419963"
"1 9/50","0.6118376794886828750974876695647929345578088966541312998748099944511021483429100975195097952866299119522086609192829777201933812210045397774464889110886236251351465448159096802752610462937163239485827009658357518607869528229141464844016461693756579371049397385701228630784055484388848062757"
"1 19/100","0.6003710974852114433789869702758296999965327322699188210856417491621431434956094030592014839062477647657039063783531573595208552418334815814289054931503408186940757861454268520631339956161557589574507508104528169113181794238787267315922392017546817297295190659643391583818136673734136964179"
"1 1/5","0.5886529873806398123660257803237145842430512793828763723437937097108885698254032756905446175503607042883420107128059091533273234614125487633486021890776478700621826498487761444487639962554281778074486373048102950010918910193462910366332555101402623731609918537001404437552925522722896736945"
"1 21/100","0.576698760390704983061333724265215261711546646743858009810707709008275583306926262219034433908759061567016187052819973682946321509341814745102518969615072796715232109483403537069335098181409721198039243825925213592831022885327731118629712272005947662220463062459660364881712357538927688978"
"1 11/50","0.5645235184459676221341877004250772007517294583855229008235543141921676071842750890438443304304853378663838422190221462841392040356476558298396820957015957457747587555999890177077805252002203866880743829524189244443269841264934503710976758996286265321910727223637096510372869039840980759894"
"1 23/100","0.5521420490480579856573124063450905428047986821123155858219503495670926788046457921527524395980273693766774551225754017868765919463849701350516703450025272616159564217405381697444724262498445389579068592732572168860897778189080559977026722966518188678336348764687081521035045761587871299188"
"1 6/25","0.5395688209070282434154191169565066820385191383329049542580840643728038031771776623233147212484233777879413407590247108350928857577469726032964343687032087140873427574088721072177807229816544367277284858909527842967357271235369537139551794303521019754304617818959094955340358526530575881585"
"1 1/4","0.5268179803502635974088774194073315456914928016334569240259000803364382083970069239729771510323724704018030432534534432468620138354867846790807264822325502372086660486087128725660534491921181921856785158924596410750939727449113021892464076197544201775622372568071723947932737722147430179302"
"1 13/50","0.5139033484890872350126685210682271833254527193956384290757556323562352662338352219170379741894103026936604002683911056567261643164256234077751001428204253152144711551059755791809614638480116046352238628594697815123777607885229405958740364965032366616478759170693834951299125583149418689906"
"1 27/100","0.5008384191253330864759588737239037943253709912721433420097678094991374894610816820713174979428855402203668702552149575720179259457457397784546778457057509227473573838313429447076868564991332092852339626068338580431640139678823353009475102632358367203833256197120542429590644637326451617396"
"1 7/25","0.48763635737675411361090353435979515623415633671055174619615038682795527685325060495609173343830096280972170741038047207430973974023552083320283874439817264283285181241452118938528625364097648597547935802470823282672308960225103219999192417706306186467683547227740913879275660439284234479"
"1 29/100","0.474309998997178671607934719201733717855291377325964793872284353133403139146785630769436890429817311634773545534349171871441141508844991698269820411729476200528066009906277215954031452607032814661990437862681180301850111948537811849002824282311859360921740032547266771949620860225765201981"
"1 3/10","0.460871850364818152846323481656071315764294667422546508547600295130620196467682927870800085724478333973119374824666843308657327845674474047582558767588293825445971399121148344981050663536793775726810445076273723443667142228892266150178995466185612370562191724536268081502783600081203488959"
"1 31/100","0.4473340891100600396610482828763022222613220633631963399286150417773671043595987489781887837882836907940760539668456311232135474194581122711678831135342935893227928793252936438764591913987603364684025867337529271492864040912806036683448238763008904730092989208540201084109362826548452001913"
"1 8/25","0.4337085653524469370137297497081067682331750500194919688658287658832479205162448113267830290798167918588563523208611282350206043662361345520807102462568014470378061844284764496412802138551331918353807407963115078238335922528604167952317957658325965982603235034674495319862219256809581291332"
"1 33/100","0.4200068035153418764035100038516018023235805717272612630534643006405308223842536743506692367509367612018964781855768585626301375300148245606467087736179905184640912775836506339226113137397918388826955045323901224455224480564456845366621547638623968422736330617082689542613390109701207986501"
"1 17/50","0.4062400046860154911416631155150702981416365853107941049088473480592573742158169976815778953457048049810530047114686737288964062791428891423337848255078952080764732073079492458600042992403546316857750563689088909758632869100420803918206317838865430119948902892001239506696486879562995520605"
"1 7/20","0.3924190494885712414431048423507882562853698604191417114856909278757036656012250497345474109330930188504880857473292279695687890691870582561932169379884840222879794115455127334888310105639200749493512127041702853356624980065157289041530007560675476445186013346020757325084196815843821654595"
"1 9/25","0.3785545014372716588457727904915686346130308609529557094335392174562770248069210369590471412224143447524514448750541517912331912714871642565028457053137544718092973585171838447796157239649784358516969503286686594443555608301461874169422185197863979352226901116480139166666949101328077377666"
"1 37/100","0.3646566107384793297805269007657403653567332019677888851220895836133135701987655947596232277995253052503946866031790539120614881725568509516101541927273609721109469044212287510860729007370890715532983202734243348425416826100283887491007841570346790076202069711836803884940360634482611124775"
"1 19/50","0.3507353185106436700736205092883303206723891953118581254894580443930604283594614492117187328446603801863535166554429192167692410805383367580686119512406269686595561681157991813555576565011478388781314658414109674906488030735161286628627888489488917109246503641036081431761449561419210422689"
"1 39/100","0.3368002613936479599945993567885359390158233120629174288695863509894061438746094360758047082934232384024404523337412103529277231654293326256547207736771903244459940102171369516382519756877183053109826675466045066063255103531878146388354117525239610168884430945379250172037786439768790685141"
"1 2/5","0.3228607765215351980300211055989226147749165255866291133264710799545047240388083935788626758851515482687083067785166989902451656742115799497865205736285210783204431085292114037735145444677155898838979682548319496028649902482489255446525050201031943396017750234984036768589459627097877793199"
"1 41/100","0.3089259068363938463867390899278998305718575883584194580013901719184589762421652677045270109775710718872010459241989285653601980802641317829691411620909133111993379944199659277740825735739192091954070375059884518813414308722967605127326049148007302746758899280809428340999421307838209247837"
"1 21/50","0.2950044067263705470427779565698059329753898679620860897348138583588871237847546079997323448487403549282254733204277159305250089327989965312179366273541747811028220605960671938991746858015562664715495368859716393938782425496866676419686275641831468201635946254484456964911184370936470728732"
"1 43/100","0.2811047479779493857371268360678612425950902128741346109057899849920993952707644738949914978668286863668124806755757557182001449342583685191204210820946779497633371356777962487841064687989484490436527719501025391599098399053298848738894050733311125713557737889268803141634661145324232446981"
"1 11/25","0.2672351260426723852021237985554379228652842792504298357767996776958714168432834498824937940800149663477395340036250193350994916611831059927220370707412169874376259256206944415816416464561314629940323648078899197591897378866528469191641632382341608633681037068707489296163757887848169806986"
"1 9/20","0.2534034666327544626449671026280372713469787216193008648125837539184046649151336712136052210423920330599930446011921010168564205338518584222090602515560577935779228350052336220469800144714043086913329875370606662479078279694268596667227233174261888252158662941384532560189139238913479557943"
"1 23/50","0.239617432680779412890933813001310716479316032538102439018189981900206758161012875275379160053846991480787554991748986968316479615324844210374955409236954862267294872014592530543281566373140167573706559333128509268440312273914007053022981781892357859152651305904027463861732623681346658847"
"1 47/100","0.225884431729460186935025761090651444235152494452391009542905638221383345260498252539771577692900536757217078536637285544082157341584006352162848463533981534527962895419294420559413787662938277278965494929729684458417340213904955760285059525511805113638231196438152402820201942407035381787"
"1 12/25","0.212211623864324359452007620713706311468972830232564379558396206149879973315967254954325554805622227008603635678796203282516822204955433768491640254295513592384479454725046644743368947719932293078034416699651293592120910626807308610274152317227038970287107138620193894311100041881960569637"
"1 49/100","0.198605930375427275600425175709489173062153969425799959454921166034154905004009185909440846110503764020529634025888251510678779190326875687612870893473206356572135682117181446679646343341809543116998231036056985540437125694045825932867917941429294504782644739122162994365851759193227487519"
"1 1/2","0.185074043451863244159463818130621875394827034442329689107356397704569891082999973181875518179409703826496644225407031909192092031960586895173520776634972015398716020646497111276652520155169536515465106422382060822248870183450293532061475715845983502580215349923591413217669699114961007763"
"1 51/100","0.171622437407661762619170046280675031051844635174320636484978288041583499124108960038763123890881427559559999785144937476969380440521580290304763943296203015782272567668615742734067077665088242480997537472343318683363389172788118230370625489426740844988205235412387876108480650381137491821"
"1 13/25","0.158257382271002649989172860746080937887165820940484330300806575275333460084039460161527153011305973752928829181669774279879657933000630594894527717257119510900723291476229177745319070577584077176204076656271488882553518710653681892305779964415574562913124707984842910690249028495908511065"
"1 53/100","0.144984961160331983219846032538918393105252893523216701294529741576138626943766293999907499853038946972083425573210077436912091015143064606337713732174761440865822477953142628680234277614807090222150303047310132043125933571986580294948353957392108301916724520507121196563254869385183252249"
"1 27/50","0.131811093965365623339823841489409179090241450071985025085814050515188661954365986553949119178299681808429437092005275894603559193973600510093735065606803968003761786243121364534209036660719107737752442625680145497021239055922403108591280303086427725369184706255096786771287490742350115312"
"1 11/20","0.118741571973604865258819891510749627691071338913319785496107552838498148818543260548323168499851507444679531294407176929161646093427771941051946721563629582179226356784012662982888578240355742006019613399129708177173018156077938357298007221876055397299846725293965273048261496115830024453"
"1 14/25","0.105782112433730301118991850099858844005250454401295494330350512285070918849870766773204618066452541402658837022622586222825381272447021348803220104320805919847249412209180308357633048297178165791232534725178615534615861530048938204160747447921469682807044013835611841083090351728996348542"
"1 57/100","0.092938451568692897237668538306420824025677768818888718895180983949940468344660775998681227841896828432797448487510103149542345108837709740156890500440972677007257775092240411430627606471003306226622855409698517265815822876833053125175410553422659078171670295369509089037834231433821257476"
"1 29/50","0.080216517108019027123142856534015589278320321809023830866145004652026878611518951411990078262006178936087008375263374321646110351494055600873958799047807731366434445448823589560779579272855218156195210234193159853977367282910975162109280031326785466729890159639095747311619620631937432735"
"1 59/100","0.067622780368658512904293484813621275378937625043025039283194476123141362870848798466861429309581277539819530102100542861254119549485023914785494407795550855497130136054418188438923327316276922630532795439810031420809660941876581921899901875092535357296771607754259836435957637294093725308"
"1 3/5","0.055165062709297428222677008059114300712900707204774700267614586469766350045731168907292944201317881247054016053874444057639752289856530419036999727517846697138903669591813756237836157954439038505563029780545243282087843741025024794823438953227905042203391734174105060956280619388468032218"
"1 61/100","0.042854684546558847723876071258967952078468628583948783897118407310344525786923683526724748212767114016573647555248285706460217345950359117332551571999310737334388849524503581189923204825358502839806926444005154535735351537211352293675546100892987477466711846039688655291966616135585921775"
"1 31/50","0.030713584670414776744304302107556788661367760083388467147447726296373714216761141361277408790434657612573909749525710569056663694508747266759152026851214271812847117551276152737360255003519494691091153281649561051908147832107418912874172089356744556720542866527367326967636566881411703185"
"1 63/100","0.018808062484407159394423746565286339972562595532075488181640676229562654831410741835394825232697620858971172142301836005460534077467889417567938650094371528814937011411958845127535587146124210894788487963544501034833257450272222400912515899342178794351762360436536059065571479106323725344"
"1 16/25","0.007593712819980254370650602316486371641700151430212304617808520365001241825032644856968415629936125423951035695068143188427090467272882567403316404238862616890956856174932358113840393048968587806689780376872882202014707319313329053132921109899929614833784034111200141049994800458440750769"
"1 13/20","0.0066878875223926559836227480133641929343380220134319737725035151055029542098731330968755074930409853795581106698849618122915000674414460066104793605091753747702122670821499400903154001942585183878900750064392468453811225059440037503188334887719324189075061284405504844897732763114381475441"
"1 33/50","0.017445878435052173082373506635252789747396250121714469102262078210905466761186794787373855846218347621602143773698679807583938362077053106323801859545676704512912385679169987748819791060282462534016128249044909156099098394737156104078551002010182749962768576586003091012501410354121538925"
"1 67/100","0.028736673189889712455577773000181164561888924122439555035239588570073552728761557194395915663282267551151168153357467710428629489277330447287902139002944333332228979478983560590098207074496307242584578221712588242805127614374194036290252370339376302941762496002316772337422711383760090761"
"1 17/25","0.039976516170516835700785926495158501594827480896202620843323554370486789300585402428560326261597192350453048270152158404141758071105037460274368468911005594499487582546924473591630239878337839710824810362937408438625911985843039674088753735650903363623894752413254175178542284313613787116"
"1 69/100","0.051090936518910126266982470221916061290364819681534299193373924947200880649117127918331830007102982989199021318860159170516399081556794835365235144804553419972444821645365138881234287128178822324052829218297347134411824612168078710252598128624486539919054194323555085236956956980779303651"
"1 7/10","0.062057427161230980062472651431941817409946119945773201445141094617533600801548469246399446478234179545499192877999388686194653682528108410909727998396271271790941777734835366632850523956351995577665006760748505912146271184011889470663250200953372847955361742041967782740825922327527966479"
"1 71/100","0.07286565055198595972313285588987748970250201230844645807332120045717837090171988458012058751781517121989961230542041502598358116938860820741139792754812445297102353717361582550473814870966376606048931316760855463807138260258308871011644954230489264372141758010943126641596210549837233731"
"1 18/25","0.083509407265661887617295626823599108093789545290203879689167482420443896203815265906469745575206193578299483967125718933174722599914357745841358493240768201995338092682490992799840961146133595613984754324441528367385537240185181365109407489676864925583494949051763728396645911969204296686"
"1 73/100","0.093984271671165063043538006527902123286037846020748035724925051384846524837219628174376652559096058391816028672353906545213969443640443211635377457167518330996635204925800603146796364924228899728572692999359066415993068691511000766248522212275305649580816193383664663709790310977236808775"
"1 37/50","0.104286720368498137064331668975081882666336150086928610143771016151984960909697652606701088924298999339756182061569855037637178779547742232471304100284203701254441623852476040911486333371437594909588266910140082125874224984013575465400988599349308406798567855020235363933006119959848723616"
"1 3/4","0.114413757730273840260274800730453234111742551843168424528821949628562836151837149917882530859226081845098977987229377566516213064739890052469817345081487883805978059150486335673530116658050357802140798453364977940052307565077143166004429479815221663815183685448002362896836425816524333837"
"1 19/25","0.12436273573756962045622384141972605715423901277826583907953994006752079555993068632546103591097616301554584966896826983744484962691188281061763734744360380861902171039679654160118055521360966601557396414734285187740020598655232217042500817518783713334278845904563163937474025611399165051"
"1 77/100","0.134131259247401811012224864033422047720642194638998745564660490762789958714783375190286374306742084414017263672819038604852794595656904729903697081937625169371718819515618229719926276791010636001896007663536039308676411264412638974789343950044591639714497924298570758041076084691496427854"
"1 39/50","0.143717132405352724330994470835038337006963351325643265272498554467272876498760529726873311694081207816944237306654401686369830748944371417530910428764064830155897982931937155532821056551806355517465607858264495909839318267591428891806809393169331292651665646595247214011200937040983309152"
"1 79/100","0.153118326377445563925366624218287335639175736657537603791214386388538594632795388933169244201374909911097930248937103094558823991875574095995531248434443735420724785492571867751363439902366475294133298489152494164559029702420440171506475439174634323022326958226161571280940853355645427752"
"1 4/5","0.162332958818481908490809560707522928366577695636653339054102382300836002576629976322946408885784873345151114223302886974897025163293519749148072116999717535186402267338818740336666410210502263657943805047817294735955397237761847396002000272560220745482941544997741280263344268901119406252"
"1 81/100","0.171359280143636481046248307877258298432328465480360877066383451434936903231925102319211524157876185043759184979129861690565019718856907320937706810918173945154395951692140931910215975055009922778123251612661165283850796574236967238950005007390699359115626979072598912588501987912780121057"
"1 41/50","0.180195663925533401874846069550942982679754834275979398078634831670548311844557919485410435357155126970001392327742860326581124472543879029527061139973063319954229084013749060025243467236731952610733222198682056613104789017964747732035982836579353669846447932533475996702713679497990696789"
"1 83/100","0.188840599895797901490985137752124860972981170950022387938089794218658152667934665511969250676624220791752621325890418879192165528799807438609984157443645403549024612555165233033240541105881864000680941790562771183155833215318328093033367885744837738712671829469232881786918010049874402601"
"1 21/25","0.1972926886522286607409133570959461190852231541910602325835800985784958696316022723849745068323370432066713506593945923263776766740008680242327514358894308266104750764113851484603560716366738562250551457375526937040152975316810550396316186206232298414780066479791056537760655499492709500092"
"1 17/20","0.2055506375213629165700178746174671638082419143009651808680132671030667060502183693191358842698538228592794704622749545896604660489254021922958356932939198679298345217928453864089757630426511984659641910694500016353077530093014923469124837997673012733198019727958081471216973783026460419171"
"1 43/50","0.2136132572286869888573954010152172111062087306379370082610248351204407898064694527163071500791318380520047054769345277777413769124779434027073968761159459443621666642306882924274694534377466647025119201507799821541736652259271837049644039463313978115112078388685189942473033609758747284486"
"1 87/100","0.2214794591501192151721946874055168316006493460414044194715550049907925734522296536893826138121914156243294833351264540199413285273431837322825110615671972441991499992161867385357003082248436369405056336180968867324797813702913152176226265930205581396304352897478173254093917413994091298437"
"1 22/25","0.2291482529932244009895508027676950836403126157138732540699127396442644079204587858088475470526496023400840046302148073088345235469372163669538330418857208476351916247944236903511161968598996677656554267755282997250117903095928890802356800774865983288426479682168232432187873148864590172784"
"1 89/100","0.2366187448039376552560680119884897460995183272721802967097682531444521708135365411246966499777901818073730565432720967231698470940589346617378394259557955945608417600153280375094908969882950513362567108050071824867748456041153724260987530510219852366103972101459097730361436823414048704757"
"1 9/10","0.2438901352251922000977360117211124449474771257455170651755618904196282063042792732820408470612697685802402279727391027880247510207736998375445053713006689191813077556532767056996465314776846689550232598691518717481905574800367921306812415073304559062387452429052962141186605139503680717416"
"1 91/100","0.2509617179540788963101981614833049588695333444131701182285371144727891081591094423787982981438037301644269843112872280862060252943113723051815402523100294497210801535118857952703527694706836249803638294690863241212973821321989839297499229712999800245309848499825712308690850131146618009185"
"1 23/25","0.2578328783578028364449923759194830828723529743957303754394132188159961630848924199853696550538109343947107679792523642754747895207788923872737841126725624530694300476548304329256591961664388490549009572864751733042504717676535393313669282059050226448747270250310102178934723912879546203632"
"1 93/100","0.2645030922180684635887855886005434752353226796015179364124396302129138605969408392151485901000245536884611430771108005530638159607559412813033066347905203683596698110760043192754647152708244455330224816282051572293947045069718939042243668791366355739045343984020052974483233606525797501066"
"1 47/50","0.2709719245800754139857750961019399273573100104128750962616439862511828885317810638015363937208906678792582717353656804934261356509239778919483119110202650473703061694739731516606687659952440751236316218876447718882839975120722485806245735411446170235652423491940670990765259557585335832755"
"1 19/20","0.2772390286869726822875941318698415950734846221658841409777631413075149190046591221940624038984241816186306724003506691908033655950087554450343623026757891471983116549919475406521567978750974582225870335653880686102729116789060394874284283633526323305763182262030434656108821338051489685534"
"1 24/25","0.2833041449840032949257849925167220215559667812386716927831464081622054690496594747212501301038030899453869797900780500449815091855508152396375538379814083504322322300693508277782617810507378924936437393269185279544478083645798495910750330536937715680059571102819027277771441625448624133812"
"1 97/100","0.2891671001790747693367911278134459224678845258645601332855478375447900940480938967917550040764203740656709956506823658736608416766960681089069600647555186901039768771302083402015394703840329737601853838762055662035388153406471039948347559016959298693315982435671943458100749857848492893449"
"1 49/50","0.2948278063483799207365427584625837688888925769491170419914129792350933307286904602515523444629698369009294880425534524445701249367574894476265357223074824071096992031426263449339347978031588758542599254872637789729241069291788772218911021246750942717938578738234525145697293867044912039037"
"1 99/100","0.3002862600771499325837317443568258521851296110711214166290458051707191645543403037834280347510576032591771720114425937441796852636686363432236965481240458289946825724961313510845642865610923992821358683105394231708240561608199251135701643124067705957088096395049800608914279314877224927607"
"2","0.3055425416267721332927403529546512155954353395223386895428997954693650034021163342338080055317966871388618314063493490099117535034105435501786834634957118024842164232025860605206642653801182123758587324552951521326868662402061980256913133344336478969521251659489939319139013029420458186324"
"2 1/100","0.3105968141204356265484616210003250964745383493790699669320091227959367927455185057075229667968788202064417740189617292132005621470667953282357413911588895422696831695681105083906208814404428577738826653478064932743933437265368588265443309446881288973878325810458374774830818561621884540933"
"2 1/50","0.3154493227402399175348366589855747835652810482932091873195950912270148846157716746038118284304842520282509256718586096603158800654980904408764751447524142638597452741472504933824001087684369043247409177247616145770802033225206190280688948985613272664327003123353425815010060054325826818932"
"2 3/100","0.3201003939293582575920987875420201643105675313536751605832319328845790348559203122209879635584800801643773293259666615413168376286429702941268925598224593059234589817389972158490374570235878615963822865990301284809024277102690817381313203368268899965925427901247107237337772859971206706353"
"2 1/25","0.3245504345934194912923246489943089933281873599549497252669018094652386088316165885125789504839885299615889542365468781952284510220142061332746383635273193871586631969343989754809970321946014440033293475027402255674905049781556202456243453120811397934294234878479003155864131340720552119525"
"2 1/20","0.3287999312957819075408118900229554837636459397328331773968664989455120189893116749794329512409559746023737061716880318218066714182374803940713749993469121816428412903441063216220673984425572880691338534092283768521153877867278506278600111553545333400614398920578250493137741364371655522764"
"2 3/50","0.3328494494418359493720199931633328269216407911487151647364360397870714692451556483522988478070202025595187331147513801123800807508156759109173275193071015280644829338229849458133057316847045946814106913276680385945490284616223515303082215588288865253596533109731484809447980269304494677664"
"2 7/100","0.3366996324479011625912544750495859976523366816128418011522157627058690574653238531298808820131540709794061717450072031470315545297226839494472898129443247282453230311473786273344605030395520011412087246336615462972401596695166484908131694428905419156010579495522815633906429179591607169955"
"2 2/25","0.3403512008906847857315102633635164645118032024660427217363791797355090586848401833127310439339478007542029110886313419311012574266095238308422706445326234673420104151854008372070743149152471555793062774060637144067846592038732147393306791926421247049284137220721907999991262713171069146558"
"2 9/100","0.3438049516336508859599686756261430508676676286094224677826386262270269495510683806002350101332211829769765002469450166113127264239832833831219189041128254798414748857631847337598875243997608360908362764985228515718747688885817126001959181673049853260871793646482087791297101738266299340497"
"2 1/10","0.3470617569270141922306485273172863665757454789025192467657237705748428135062710607473046864629301233301312127425501294551528694928269343615744662647487388402386972834477391731638012358704452951548520875533746721842514547588107125846219058206738089747765418181525857249239802220738606753898"
"2 11/100","0.3501225634784247641575396118957344517564977941517420643127173852385866258577817898004286447441697382785849017796694641902627658945003449748529779478715708090509080678357408871786677949054024083613966178468483684434631150904921675621910698554300353251187441335326567375150956690799195201407"
"2 3/25","0.3529883914917504177333196627427672836645518263471649891471275659461177467761069101235571769559621730510757642210907580900141229322258103615157485954409351948565024385055253518121920510484019187844924384469631555783853833476497673073758391347728206959888896652525128691013226072250677855288"
"2 13/100","0.3556603336716947617546859239830413654854891493029511480125585603322019157435060838069198749958929977561299117417705102658472618061803747442464180651548332977800433487679610561124170823428294479665368915403426409325553187373830665266264948736642145036052036651880719936836555256686741642761"
"2 7/50","0.3581395541923106143558334656005231806082069512970413052747774951444723617472369930378120181082153526246745190377800298489980488210179796842723650868340276480937511992584594298131036300256626859215060455521230811594795141503642630953484635337754804464519671635478159096628347819547387434496"
"2 3/20","0.3604272876277819116771299680952954842923045894314609188895478383984329978140638744779300573104924264445198380976690240276325715670556777709175601939180302272092167597018679132687706640805294818840874703780055830987322870998351856715070294585501291620488404413655436042447929365733096712739"
"2 4/25","0.3625248378441521469249460101141019091081404161686193001798924040469078718746951671164428944681587888383481990793587260631652987997100871761054934789786624560085076557613308499760690785690457123423850596547754767639332294261527316369104499802994997520428408467698128354110783658917387364866"
"2 17/100","0.3644335768509738332823098807312415090761654455361860315464587605656573216037577535634151576620355818951215377692444607164057136439187878718169334486979947275958550742743362842302140298304093944461313194780567986348475902117875381690252371618125044166203623491326830438918243148633335493819"
"2 9/50","0.3661549436121412613450163624407507717213217087024508027133212988434014445096835708655811030464471883525409708448503757238280968269847308836238085607717408298459339895698083695695231997799065343819253682022629977502096214407167992490860981220161954743856763062530001211106381371884908026985"
"2 19/100","0.3676904428154476072189578427553617575842626197547501824674882864747112414788083448965100049500365965700678808509515408842316454315899522962057157043192551523339656773485028469302095109200729712673182365527240632424412069225663577120038989981322009302336842480062197414315246049843929170924"
"2 1/5","0.3690416436006768561014398680384377464893492005175820927616976459054383460337321517358798035880886050027367816621017863174232613113058311492062215452559936811963551889645349334994934804848432400535566437466057113425500124425550690345182268242062803085559424813669505140029197401321982988488"
"2 21/100","0.3702101782463006097742146026982388650103392182164727451320001008928703662215892007426620018114848729081932737992592802277937472374073251155144494785707980428942404065295180673311950002300043434252305037496387787861105648454585856276746763781923485914312311290810285674578592715155409327218"
"2 11/50","0.3711977408150991955251913913238704763116411454116477157811295096246903631363603089537063301858116300691831313636139328751099263147492709538733390789251101696129050828713791801928041265974095070128221549146887897926296938108884826806319328056515112940518241094111991793910414802561608035331"
"2 23/100","0.3720060857592651356971024392411698321627021920236765496958846827285262095489259796680286658641606712874272944794144765126490258676239886625824886013908453346205533587201133084440765492173731101333246322742668669654310938395212480837015475277593555629552019369198746244555133352817433739798"
"2 6/25","0.372637026485774529133255103306560228283206559148477435090107935310191965160115461821290873427668708404425842878927235368990222368373031708544095971165464847197016769933424550763350642764024003101675555880084022875328245313702540474650085697095119498638661150292440139913458630819615497104"
"2 1/4","0.3730924338830278181027936021157585780696310614005310675689904409477910326392912337126627935322506104495433128790290159478740446679216584746531550012128935141477148130951233403694517458197482865126188188922987255427416110739976179620472861115647716600487618309041782580379318194019627120186"
"2 13/50","0.373374234809965377864257264041623215012543622996959543149547126849381510758022778496804161199098603206709861432064529696855637796785703071014147395645562172260001031330952823416634809132721328368068900863574175508000977943820192677350332189225377878220714230591527821684802249661843674871"
"2 27/100","0.3734844105490550203641648960597925635971081864740722379316759637479103656364769558647016474138773045584189152914813278167699375495137351708738803472116761965897690265715460504067953647695931123497225518107426829894989185120695413073384849017056956108631756076745762989648500005918323858194"
"2 7/25","0.3734249952247275424343317544985127877533303076704683287588384398474727053797345811057796387854603417457964160329928842994556167463118541492199248817292669406016110809798451704202992336158111492996299072573308309689355963535270779293963039320564501866013848851846252278861452422613903118278"
"2 29/100","0.3731980741890026148223579942009698988463887742814603073799023444971143675797454412074281615220113228849560448514617265287273734145224333950297350747925031188503454011464427087971219561863634922224721677862806451160286758805661346694380191012300087692186958494992765924311312892215557927603"
"2 3/10","0.3728057823762003963161930195118963599812024129687356421502585179788865931196576694009359095001305540377558419427269278180321470647673874904061547656154048318728124938264943177192848170509483320625955251339202800366285980600448856571940051547550110964931803506769922729334290698425665726806"
"2 31/100","0.3722503026287741167894675483949662607187494203514989298446315401914405949006384077374153706843387053546471817198663106240375676703281577635321284012776876684051787541448241654048497889367639311934932826382069367915552821004384527926190932531119866974168664330025438017145274508370230909816"
"2 8/25","0.3715338639964254104757492987161336978806531470215776862559143510460017240303083047738570943010009804053215001121030356421718665349446154613894945462239432842240350880682008906501000946209166769619560906741067970277536551887077107282442816977135525458853894465178030929633224634765551469783"
"2 33/100","0.3706587400107773601151689835031114013680637205076418007387486487721300734121719419774195467972010662572813920231560355248387132738923217165855733585291935696520614051944406359212310355619153663219798358703316845222458662079995241199642189585993903123671600151281245033549375801312217178122"
"2 17/50","0.3696272469379800558684671620113380594716484994306956755464433889817602867640383693024730747382366900461530596211394956635498522305286956942325209491945250153926495532332174923116917287695745419731727031004508862338268317595912598555025640417732439808977068147812656767339983381082959694466"
"2 7/20","0.3684417420117100601789914842666564540113520147085097192307888269560065035829426476313586654005911032491879921555322504825165481879427215840622111948527847575668227532148571497672053428225961354227668289489310249416216973214194002401637375984683297536212930467094066254770411282993470658724"
"2 9/25","0.3671046216490986387212393328480859646908348529351719724647798298693855035021934855974712515430230184339714270360320565809333473011283028748055733470391157492206123737306905107439233962826238924458329219823027734069665437579835969703721596022919973288474534273403245474872468391370389176066"
"2 37/100","0.3656183196521841624286554501993200902178858104721901966562460356589682062728914880545281227527979371845160538143126300407878622967724048714365928932921659966711953735031376154835608412776166476869665755450426692018797647246655500723901558660268012398513696592605443693329597516921359885105"
"2 19/50","0.3639853053975319558721739427548518886210225730729761715538521876726552671874567788021167012227005815670352128674496141255982648649726024812668528707322541602907318237747372807429624404215902188131496015156018619057959579915582451192128136454242763185912378939598504042279450321230980466552"
"2 39/100","0.3622080820167003662333595371743332813449707844374887670890392060072971758089669869006840309430908876890621355068251508851607211827827333601542679467415477765028483059500463408228409884944862510799132043595191241615210132817562878354194097296061768075111801751566481867767487857582007794877"
"2 2/5","0.3602891845702553099990113591352903030309031714846470930070843821516232245157542453427066986645350739209054256795098664927982100116708857704088152568860960950940343666181283222787765500438279948020338748899150442585550171566717027777838593196090021933144248118290395728715877218105092702515"
"2 41/100","0.3582311782180474265024908388833110666543779409766586679089329427177678897245468228881429499535145321014251734514077722014293022319130699726353841051555335433133951095570426392723417996945692524854654030691888472339118780117651556458885293654816342943853052084302769460505670214588361365007"
"2 21/50","0.3560366563884666816757073383082030834223424995535939459150264134018828190607323971169926314898191894742353999562665827298160102025518588640695561309296258471155249459019349615117704569791662592900064968610881925194067464695258544624060382161566276548320868919364492137826813828257455347577"
"2 43/100","0.3537082389493793207893238957815929022980342905642520939350800036424551255738553932265229630675730008769666948978017609752131917966859928302730354023644618233367254094384350154931711144470666839842772140562115442131213496941238140845313372834708069411462019409844451651425581878701932096943"
"2 11/25","0.3512485703834320082072419853065758150366582823301629696615928584664156081706546997182635294525274623315985603461552185490841270306568308407159726350925533088218788395499792275273477756547581898019992186843153100268819896159483989480716334448193491725676745932725509022085227526639132066368"
"2 9/20","0.3486603179703783996651199542471430565744107833413114484082066577274586518730471971308027570607246884567294657257336735512885179280670763914729975727113837359387825510326674885050227638640985910638052239729819672399816313953990589914156014395183414996420238597188255279096455303955539997469"
"2 23/50","0.3459461699790448926381816963987716917699871026002186493512200560160712661402581232192531439476781117288530529924164000571441357959206617544988276548282265102465011699984415426158969849967888913658750860411669479798663476622288950072478668839005882128422385938832313420504897057415220811849"
"2 47/100","0.3431088338715055557298438085574447713749079281627434173270628998014780480197667757783852202986613800781859609279621365155791744385441944699866835731045570180091724900115562898907021952353704776624782962147550471525857219249923652473045916888178992977729677075115430223171379872046452435028"
"2 12/25","0.3401510345219819486677971582998807672316952790454441141013964686833776152394859168987783535831808802578896854451970019591110917437930623915601161459398473537584852902781121499338289938036619113015394424120688581359104118659144955978964878307818282851167883866883117234636254930698743214319"
"2 49/100","0.3370755124529224469767826862532139591061465405516348666494611974423701484816670451960275715957711856245849736739763289193348381232602264123751449635538003602794592266058500196764021467170741902303015610657250502262971236977851328354800306651311482820797039028458502787924286166210495551441"
"2 1/2","0.3338850220906485527441277162305974172004866537477936637090813570987571987466451272755893543020898917248120240349559775236469279766792701484803922605695856729227430553342883735442920221286188899161470535669445591978689395056424132157641123746800947727371518696962797050562504418390353328933"
"2 51/100","0.3305823300428833153462469057422841491094643471946844808239284256926850840052606272413500816751287447842826696899992880477704547029921566689079041514917664463587100513535161305851802767064582929252745146504784715198264043506005103918923577872226302252089684440091827450839048737211609668021"
"2 13/25","0.3271702134004002526624585575122082973672039388018553883432791555485726096830185146258734033988314133954523513440981825592119964458028333184902465375852957524717079147410738339646267905060812577702547144707492723086664267268920753224593488900980250258257523282997904792919612461624320273248"
"2 53/100","0.3236514580649509449457650631189806575421445917204346556820577268233721529659494647911114948570456024096923151293555948964861387658437112153191960027764031834058072212997419647333027780988461154494928342643693395887179187996635130680518810461339472866991450599999984844292305861268612760339"
"2 27/50","0.3200288571055467068471152215808138894867477426779267649492404303520100431136502648105446950139084688882674854545018005863815713907196792549519654842628897655873726076903066058164800727211382746556372130661541631208004853706987880442301968616307015230348233676708004270921237768927140749473"
"2 11/20","0.3163052091450854166946342157112014499661900063071021320462111325904088017677796525356719018905243947822206880199424598673773452009650837707443594455701878467642886828835195984234068498765051263411898334332073052082100607656647386333310610003098513405627329839167730828646979681204004747794"
"2 14/25","0.312483316779229744600655090405624452690985039323194124103486958180020394549147444201498455711895915012537788126151515949550520874683958570042453040551145368012991686443940186190315044647079666242984470768671909314752952185911493028787417905385934641728548195064676799438800902929895667968"
"2 57/100","0.3085659850293587915827926308510704551837729589466314301805470834193627890630504804798101861073256814299830963944794030500436376097898196878048077040018852459516555417169998254100015387967031676807053489771052246726988931509923096653121653682427752059991044137049800707350666506164270476971"
"2 29/50","0.3045560198313327344843328050348781156510367699656834266586589284147714225270586894670319453574045142263332342399243607969509209390682468430411314677620513718789244099853674999408797382190507127360344304167816574248763475306843197181320771695377862888360077989280383740790885546504055901563"
"2 59/100","0.3004562265617307722819063643085322016678985031135768678091554317678709659534761372247008590771335662987870765706286309210057184561173899763921796481528784274690301102615321201752377584399965917975045714954475954784762364178245680973533059597133525967429953686342400030924610560818038215568"
"2 3/5","0.2962694086031479196302224792271307726985855217597920547105446754492644604588162296472230900277751964753830800565265295040328717871852889564684096804513331391523838402209316597147200922551622192531966500257319827773466320610986829352850144233602000577692616413581194355166214515808227089251"
"2 61/100","0.2919983659500675782035982991035310882096335264205357362211570019424327870432939924000122877184997683276447812455201906332378289806001117224630094586648779315608714130981949391881764773546556312312421091166263045117861255996798112238643256892206918967061172246240793492822765519171293677909"
"2 31/50","0.2876458938567661105006266904330405054631031552118867465119983477977452516752211483055337441039719908600988765499109409414508028763160955389567898317435235512383606579346219793636679128948876646866808756297824709723535756922528304288624457542097773268297557468551487969709690108395211558433"
"2 63/100","0.2832147815286548548570615457092681282424886399920244525975474365284771630220547941200033226326392764883414688924803501397840749594185519740759894567398634272401011739093567146862913043766358179635994420794514887876191937966546919146687964170286225488139623683910466930830485750194713840217"
"2 16/25","0.2787078108584264582291061797887091986798571885548034806643909629820478281570918272095614921656183032670027903017159613935191416181674086231346236210489823842437543481911168123307668227289877653155774843025921311466092345808660496414069679777083901422975973853452334962810411092002088222153"
"2 13/20","0.2741277552083487344475833669376431534062710679880200624398711373161469735198357253114548041621855291355542030191644603232688255695507859322509843786026722406030704349981773074116249594936626870362299614534679520284713463188510114891934670108628689694553669829351681947860187889414772206208"
"2 33/50","0.2694773782400436072926727849773527846572413302205107502892672627488770927773034343109393881323230013230875150658211826881060845921428936382923916385271810381469832327276417478129157186867351217553998513943388432652943724012621742452552016073869038688869171858334843288654721495414430274889"
"2 67/100","0.2647594327931047709919018927958787776662590124117396168777400330921866905755406860029038327420099993426243735110666923127526208178154461474474135764144312667103777555264148873726357301876120968426663751869640564926774995494574505907564161003147389471139978014945331069193947295780347127185"
"2 17/25","0.2599766598139499183873168053280801518711714518468755799600183817306672514152076470681849912121031394568517537767791001180455102206543999192783256402362039905843801768460455717913142414680903072944856053111011650553189076497326591778708576421458031152980755862913584969263657458139041821513"
"2 69/100","0.2551317873363770820041667127160165947244968582765755920370273305948793145260474205986212517043184040523621564915072843290608972707177357051547741850860210515366035423767506480380901934960402589605616321556610595739804803929916737433741896361928084025553076463191362656393104717875200445834"
"2 7/10","0.2502275295154062900006964393888860376535967411369171919867334512171700324376734920576232567510646478746879611356457353859698151231809411262626528283965524817494088981735159102229251828981387011370128114553492514244765719926092028494821630967915154059058540150506360578045976011770102606315"
"2 71/100","0.2452665857161453036253212551005201337178832653357309936011429634314512321131869571222500343662710599252613387465362019893946445320548526858998843870834888171976666704686677452086174861678301842675366651172343660639827449077325743048043677834662190795319882814818359302426866833903833553111"
"2 18/25","0.2402516396596314839773922227746523047349617451459055965051449270576949692086414572848369977222530377152960681711944106789407321721035724000108819768200039072539812952213948093138620036949902064426969975156391682285792907285440010657570348302753503541878274878948467339527494114112257101795"
"2 73/100","0.2351853586278830248947971503876010179977000343626058282984533003693238299605518599201442598987270806493569360437170795106559153316605905869129084081246989283311362866360958066835119135877891551098949085294952302916154527774424880028385413159576077245016393613055531743339655571995894610642"
"2 37/50","0.2300703927307571385310097600172983077640971220704067614117191735529394245880264028533554611704295357108808115566541708661149565936785531271404855996868083571279705372498343677352666839280896969693107723007716540826574545898453515748345395882385707858723937163096337003275457533785686860853"
"2 3/4","0.2249093742376794956125908426574583531731365042568617521921545715767299322411107534706838987190552978713234694594009931018252701192784496125972995425504578081915767907063162202531749812961878899928303703782821366737788930931328645091597824799474384767827612847218815604541244302160205907811"
"2 19/25","0.2197049169779026357793583362969505689521315666023452018832444410708098138536620454934225689487449352323131500148231444647056356203733553862542347166068932439514692434080221920011526913570469071727736712829462547459003557418034457244985447644995788964895328005881872251026167583611880690929"
"2 77/100","0.2144596158137021945097425494755040357617829142926032201667455073816720154756870772806886685885446152620141768244146235570068609700143849544721997214456329204302233797752856513408830035717593802952249152978895742457121894603297576456660377365572414396853123852280965477636111446803201210077"
"2 39/50","0.2091760461918684331913546652843716857974462787375601624457033976248648414034216900819754246748565857071577168873441067324262430143434439792275626534028802652183779496561541888570592917175249396628902709945411836016590002863760211035374283603991983690930130899954382676677396993616740044601"
"2 79/100","0.2038567637800480734099617896366871054473967780509286700255729034747604531256826628245913909428326562151831053332812253731202713647204286303060410316862203643708487511422877630386378485172414296699254029782815989911964530904603370173246813618286835939620188680063280331865920842401299121883"
"2 4/5","0.1985043041960045602562420575223838259315775441889373501936985412881303310814596042033351555711308628318434254903038863862650280752023380526959119025102096629717513275359180557179230377239720804932274824902486998697112291501035878724018180234592720485996931382483734835519580341952132564079"
"2 81/100","0.1931211828397808925018088065193700089965551922298663562520624545589244855323245592435449513784837812213790583107836379129114777208084673511384229716487728693501040160655011851180549843950074164362368371864453804245847674820567689783330908499651327389400526540292693791011001736679030450404"
"2 41/50","0.1877098948411829989003008245252089442846627406318560861758610774695178841213014674383645748188508856679745955869230573387703317302058118861002616862253486349575514071836844486211820894917387672335329077720872951621137493416793386452391428981600145565009475684148482342051819515132187209967"
"2 83/100","0.1822729151381057620216216131703391095453967502900675498854891875126932541867094964623255495753512728259738129000678566184713387877555007220903393645538820951308365198908944368282277234811821968599287335000898874963981937693094511559014418211412718057896298737827297579955717705832524509804"
"2 21/25","0.176812698705201925962522252273824729098239950458650128684485344456958146769259556026888329340854487680370784680092136083872125994971328500718880402888278048716923416063931257218108418196648269801408026529172367838205987766456396091939863257729186688887598871026842998795884708339203675965"
"2 17/20","0.1713316809575206848405518037068250059708989776355099275731774303902444154651537136230027060328850206256636507424329791563643568481821823275852617880367981479837235411664716192449201395614430637151320431701803645393020535517172053900549657154839088792839109119178148325115691809580680208696"
"2 43/50","0.1658322783603904265602271820179007404826163612907024591848570107239312958401277720995818681251514412881968592964266682810128564364988139141088211462835042798805158003360028643659090957612074560184922687484797153326629710717512914795739064693565965845384027567665279302406860013884142318274"
"2 87/100","0.1603168892854995146746196213079452792244724635721770872186730926619801265071398356570529802839166356010982807937851340220513880881955967655494020335587839030003573703216358493705020941556921391438994537541203728739541815047812759877425907229906600007647964056340870842251119562310540873043"
"2 22/25","0.1547878951645462070678324288485032542545069698646978226326991732398095623942506843679476470091166441066502423543585455346884937508495803221040425906077562492133588590859144122677920030046750314171435392492044416649372049571491217384857031200214239963690103094153451418773259942163316620056"
"2 89/100","0.1492476620069698113088810120861254599820396229385680243066271877379729999868628450718271132593775751320964989841927865267859637811638528248852577127722321023364215868475715884950925723469243025795054478611404149081674409095982467218875827638807037874686755243832690076211113461571965254987"
"2 9/10","0.1436985423685311975688509929261837534291884929308554090621453479789321583004517880828525753991584652474232719477568840636599647444824616992469540160345909917577066020725919481166901301913793930992199542731466555338898767244439203046391891859692922010234078487750698490326574899380342760353"
"2 91/100","0.1381428778848667379105441198626917401456992283102540618552826209900617868965796253428833875975542638666066687273285450879276051728547407344924307863702023937459442120281016986676075750998795839483350327493631375946930328736662357366618961663988491822561148761671394461824843653433544524234"
"2 23/25","0.1325830025214611342765818587130993325751577456079832839944287976021683304037645262175886932033371471482506987206060976794606213779873715082680939629080309793764922636236060072478343706463941489177066659416984117261112895369195151933386847391020037060385336240726108126655484275566908648135"
"2 93/100","0.1270212467429607118345874029462598354844342690745696327019403439515441219191685423269203110807036493730193068701438004149223086039401956099178537104244964367806763400089609131503215905339232198441005067113367485443073971920135790324934438242705204548565522408117326695068781962133415428588"
"2 47/50","0.1214599428765873201209887901446082791690556308440943863591636732224784539969719107466653470085658272616161022694603885379345971618457061509158018040590825866142443007843527693702812930303053253228977922402423924074873027114397180177326034686536296336529583483534001233720424508901956421648"
"2 19/20","0.1159014320459468154678723361907064726869990713823816219643674787171540291925065228067656997873338347880107167085840220318254775089338351618375413997189130795019576203493037333276239811064121776613751713573858342891874628998603209814690051345471591773880270841556241343003161992435276097832"
"2 24/25","0.1103480731970064525682045700914697494550164254275185077900339063308932558580799584257332271406145133306140561637956762298972068253155518307983712618678970828106139932638437553970037178681239126910194242621321777150791599061513220858041714190272970042131156504540545043184758915402478867681"
"2 97/100","0.1048022549495725502378636762717035632554405308993682561285442268286778354770943930622133283888867860175898007861849441662039515676848320538021482635442469298215471752568914064467579346987454858720609438891550573395238910076541357496205065757024605448737962556005289429260489933887198631622"
"2 49/50","0.0992664113202280088921080984049785008015490350470148327426191230119610324284302335946048270723000455142432791291295973043873182937895393830824403839112790567367975774196857900701004640351090425401607477496077827214649631914952521616797962292583202742054371059849854479726848232027762574909"
"2 99/100","0.0937430428328257804438526728390947976328956178620421186995667012104286868968429497037824620817394491266516316680030904879381721299101459143244380800658632817809962887265887072321342841755987143093765573871985065220879283274026718384616249095792447967457385800386100346575314463398559476498"
"3","0.0882347452532682584009863432801344050077816494212737266455246746705617807493353116653776709590521689111018388452194614010750694382082205455380359015259251142852509349337585097330966784137452563817403493810537463765921965924972127646157416907637479644182097474094285788544627359833803748965"
"3 1/100","0.0827442493132715145149684932486103241148093808565638852461290662531379250051045947532633292181092505581761102784135787293419119373651166547510602137812687235986890924555241191089223791970437248988371736113912348797719138305369055652893312255551739287878423403940221425683794310543677094123"
"3 1/50","0.0772744765945036804486335880731534969018842643435040764571278722260415261505503196621110241664172784656135101276828106653962487635038139125466854247336674362018142348570521538503805864798009923149932457465996313159842974237641692716156291917520375940094219585445732434509741211847641672343"
"3 3/100","0.0718286197128966106756467693534478542853467933755051106806959253470913006305727234819391891625376469141498671680146397956427767770213494624635444943686870055769309383838714495213837875407183858365964245796544389262330177297607235109614272504722658707174160770518548134106639601045473936581"
"3 1/25","0.0664102599597692809439054816616864443531438028315709744770439905093648901996755165487881191887099825834148648026298045271061972432028456777022437012356449803575107929450477334160845674050939927213157376358925238926534895179657465560193517065101697200032234646529361232064269514894938680906"
"3 1/20","0.0610235443064233299380200458316725838511237432790686208028427105447495461335029324898080659791103896246717894528405143448438199984112586979874920858628621569359812742599144285018202838388312484965227654889646178363480436885724005689330217202406586608280331390251918215562994748460511750518"
"3 3/50","0.0556734594875403586157980000311228439604984111538617656605801067044998506621927634448905551769654251187596531367823840963616366388879006957999198260941402482932534163084552885792122105420842708754365496424671204610105776560119632930368644224804771940640788145079685077860534280186024054617"
"3 7/100","0.0503662705944347639816563245699325503560638185007281701253077779170932115187778587956121847924364742541394516413973478864046385411323996726833936409106352768804858104428206885580197647241731795164392639157776826324751136949426708821339014449639151089034336565940314506440281150311310285068"
"3 2/25","0.045110250016619051750206438592241318074804612427272925110116226834242353658371390919632487805682190108007103177075895959913078425996106341966787753645108424261495807408719235664424545316858826026943724484800190577874927482808477309826865694168433870652042534484328787148813348525816138875"
"3 9/100","0.0399169432962362612025428527675968939350475830914019028209367813266647225253058684208514557696448130811031991433283795070662073402800032331283408492624330725420927572347342724070596553779149753155438706452989329756471290994533514599469799617385111858713413448773246595708215539599797099866"
"3 1/10","0.034803482454825119957981367735656486063276780502367969346028475049030666238567352328955155137149666553567621568660011198238605760374342802087375366396681415131905289798501985617642058727037345952416206145984930921035053359505360362620638018711255259847134056310605278178698877175642771978"
"3 11/100","0.0297970713270514982439206775099396788861812338763952541600732089838982763367423922391852649976069087372819030727439034730504551900596547139395154324873929002278484758225496995361217982655511913014528066082832944886527618840213300557754263115172775553677613287519900842252444096520996797459"
"3 3/25","0.0249442879901294393025414284121184926731968708813072721538354430368499931696307732904350975967063335916698961091200002375889920678843429041431049094329851120932756438808367197940023620179009802979212365903961588593274177531935396345542288048597600656220954023533987393332634131925703271058"
"3 13/100","0.0203318041688369047072074678298825810386225399999790144147777293001672826521817307956834725308908022301897206612717279473544425456275966859266519427888415318883732933082190769967958041620715568183558236633303471527347219282215688990939915684827934834544653135115855950050281257345576520695"
"3 7/50","0.0161351751659349881925877338518005016661667324734853625678397083143157771259563340744373396140911071809476062946706313898323934453235065936339565968133464374588512144983683231510005211728079456992100684515907285819306460711799940952216982281742346312346983024567214005041088049757316825505"
"3 3/20","0.0127290818430938950246569404900368440009972328394081941179691508917183795111702208156267266778767539730040402952468573174416526820351481010429321227754657863060638648230297461468752518415961015741909640058027861028647414120478755943179239284356049076554708543347839469977356467066747808934"
"3 4/25","0.0108310676453482960402558413798189767175142729920175743547595207463543567218700404833227624220311520802839060255657605791464150867661573797735464861226501233014582235313219556487029346120495596911398588224838600496062253263497169957960201651013345188600810688732862428910997925770366953525"
"3 17/100","0.0111808988481858566674504398583701523750152110075674112347128996143383456859861258055638929196066241980668645391053701576018308273459231190286310954800346042495404016740746904692480186311420024446813919384233485874665580449105391945245392396984766427438766315055551698070705264720677406812"
"3 9/50","0.0135610837319809758685384412882791472711512230288167356107709268440692328106634752270505957073976960449328113414200738128142778102626142359213467191348802324419127066250507113751704183728923192951443998428900378106092848419687842468911857743541325679194930209090585817395813554372142010954"
"3 19/100","0.0171087442842788120567274589526871868353438085037118714959991491999467850551181659080957267221860934806904880874939924099627134892566582061629320549992050861278626709351565388851629998105376105365879828834889881405773256046986894437784167443065188724890418839470074791175829513059519956843"
"3 1/5","0.021215861059222230443632163230548592042207967737970343765969632470061285775025392519916105606108496537248379901834664109537254195120391332908760985747986898727351151781301031905350209661039613592764707503845174245615660098440959600983361483454393370588895567185884314281231262740189755855"
"3 21/100","0.0255881726824452812485393416206684380144637003346882677412710920311795557563935209865145483975280725634848114520378642113695730733587356898770775824549895121036217361531060062088995873949382308746236963480965461082603579434990863012646307505286091354485456781147648013673704465735484736041"
"3 11/50","0.0300871530879490570665376807649022467672942288556826911035234390825110449699644915704612778405783585811395741311605813882495822544444166376453967819636858557665271874573432323317113228842050823883188098583665340043246544842110527607759019706265873707560645708163060766376754309406782997307"
"3 23/100","0.0346428297816720398771303957289283402729706588346045603057681348720555839431612963955782065720573847184938106192605830875512175040368868152697772888727345974174701941944010608782492266712408533146142145100657979063799739936620456218360159364400375313006966912892496387349106577799192821033"
"3 6/25","0.0392167593833440138271605941446437826496360952118983032880690419028429014903919184490699249779786190620033352459747256476725362254926107243861323445197147888531496737883917330267378710810121809921637616213007804592045409979733273734467695161074674399680770486689931522895566115910142790623"
"3 1/4","0.0437861255133130309206165085951014741097345106656858192776825631572228335490759336303604563270682747074143413909649122889053046649496384192591960483076710047869938271031294859429310391012334032799293775301256271639766726926381646981461196668963182873640966562356481714481841416960447759321"
"3 13/50","0.0483364415129386754219125184500089240166141923855157544946659289860078863185977352609604934521162262660971622358969353289753723470467539595939376419377118897293873691872937678031012311781040714952501296997783374430379421119736270643684842714409304727967398107265872360139963221970700357409"
"3 27/100","0.0528579534518981487291186208275815580266919951521674010554023103045662854081588322582092005471653051817659261912658497737812315139577042469681982581569400769704664589193289517687554938778215327618954595140312852685861240770756828454740494887015398683142216355268399297494686414088310887631"
"3 7/25","0.0573437478474230678728757852771691800168865328151170670188323915113082730893435916205064588866707118266612179146881410788330663647194973830247068089416318552156661125936648465479202998365757732996095622867309698942800764586463206823745144656960280500754272610943478597202750983454095715274"
"3 29/100","0.0617886982143405261863094140923713600977990031633569685948650584593004245174733916553865843789083508017858350858996642612507626788283943735416178179330669942050059030792938886992340784687394154608719639647727738649091839738249576603281426620448261936960281923935955102215203685040103605838"
"3 3/10","0.0661888493413244947570578718473126228901557343485642272279806222349235557346711290824344296073512449933101782163080732032472354707084969881948970949782398300819276417150356692280454141201685064259830591664752286770404962383307133701601681736116140437548959099378487319006033963874773896037"
"3 31/100","0.0705410420094886840732338174212659565740786672018558968371780024250165607948832350971022909347577120958504174347471188282333806118807682954257925848879696695833963372136224922636352877355182035686324031240177203527885954239360175434460622920639871245927192768049655213387657581759188206628"
"3 8/25","0.0748426758150592175028483445098416339053707509181689992319444986535203627451487974065933306873014402740261280534171691475842322072540042628235464274383076168503055336428972793258202550543908026327604243883755213222711982608948732886887455498576397227190709213335768999902124742520739475586"
"3 33/100","0.0790915544650325148140143172271169009733965755323094605601158339850361087827767100945257266224502772895007467723303693869561332339755780652942059905357850826423764758502709932336382400623741774691729314052265510400247676841550429149022969019488349367344236046640223015501617888466875168684"
"3 17/50","0.0832857820337297557197962037273085211730526332997041397178702005946160666078691152723665791680740935875772970624909053130898260154194795628120205929543723145524736880974665310265334722213740911604599213221919833341227151421232858396167238185480803457860250982790194792740134968311318031633"
"3 7/20","0.0874236916701555863065420769004441476819232935994401980780618734992136695049440309221458924612208680544086233405082944217530670522643424364618592140315080359652811506469839232871388206773282932418172307711450747739430342448565891657144244368862657945559728331701768426382699237475153408821"
"3 9/25","0.0915037955278179198011895690278087854037009013457818648759979529571137974690363038069279733250775387406738840333910043797602649230425664474207143112957521700486675217588709658215443126518189256301615861126024952211507612677533997404890746613626434050505737139059298335760486997585788165913"
"3 37/100","0.0955247489077887176064187844942471183621786028539402724407498465659390421251862820969040997360290649384659200290838191787710473339943736851250191087150125263875678596056847617862336954815422099038801162419190737484844509257875365380130382213362732264378852988558476054811014131260189317663"
"3 19/50","0.0994853241258356603780951677161282850188265368144723831827944566213540591893837255322710822644197684924095975280300770892287768509863807340662779262062954265622650972740602537247687450299435883846866523728073635522985817405085699774979459274143813293489894372344252086433542735582100505774"
"3 39/100","0.1033843911613259535316421987185997218019906942713024066835696075330804918335980951990676480579881263918314544081729464521440584572748600633322763409442981432398743278334853308123859979455189788528996789037730919316758031731400409480249166135694319708979318614298317022667899254236209288972"
"3 2/5","0.1072209031187964874864732327558415928222320305564498790633466140314780329560803497089693090200597158242504763068821284656224707360970540494227795414511106511584136544816571169504896949041216442668539024339641695641328742282602679910743049963477462275384478654699358673637530379126932837919"
"3 41/100","0.1109938851591792227424415428017570726930989441872673910236703408154948224809604568402912711185259683726601291637386188062764601380990409280864933239595277473000949874415930340722174805010180290636700460018559633277287744510979500426988633193501786113765557911676703137244710477892110186822"
"3 21/50","0.1147024259687294584900591125724524908557041524640072462005940768411119668392388305297229539185904887597201969862628367876687749167375351696618583747154135504807444182872154396739168110674779279946008003391545617109681258745624532638419738901099835841476741897504824589506913559164314032904"
"3 43/100","0.1183456711086378242354476905065653824927045648624356432775307859953600944581565177362760849561731939474555795928060741878144890978479123824947303940605301915324037048219803694622418009741534108773085616517938703491336096063616167687205172699230686812478695187020202432474608589705549213198"
"3 11/25","0.1219228177753486879568560780186658612697614764134361573050254923783590178744878648725042329069079193841991918386576659363892326784641829291475093076470370359535094049458205843217855920143590281042001198411492757764272032869988655618576282701468988975014762879064115483420991753832407653922"
"3 9/20","0.1254331106308625359690446657475096853996161226817421657914432209075724030696240471836991092888406390213116875189593184281657195520904600935549920109942307432886966307324728542947510803991019822912835863749868140866663744366065922322182597564813829253913513214971818512069459217906253959519"
"3 23/50","0.1288758384529204576617087280529431820826288795132305885990875796069466737014549484522035572389381923101813267393569475185228926536079387159034479373412555231457673513906587240962802425314480646356564078608894762885031242435158974425315523412093630027579638176010548526087333851552381568791"
"3 47/100","0.1322503314193579024440166780423809524320290184670846977928725990563467766394201653701877652613647185744730917393812071661520095560549664921832672756324430283793634228280351085178365024796240080608642419378744224488059713751511290167717942692685541711134454746799421222990622153422831736953"
"3 12/25","0.1355559588872366772592358557606716599525783070854225889890071304312847881502016503997212815534671237104107582147777101558422052533653254349866285364679882964138379340968029912154496025569273412653565100731010832059609469462750924330508920941661318889603574961075111925079167823230728488684"
"3 49/100","0.1387921275610753503966946973474592586186011744594843908776376167709833019262333474071991446993080560318103204820278486357939723238394427701922870910794245306286722714528756997162709548856037075094899189394962782570314641920329192945588339641906930150581334403775196884802607033725299749396"
"3 1/2","0.141958279969297728051019203120945022804973544063124087726586586063363060254378029019779334911577949366823174346759601273290904219279699451967921638390126881190493200150306729529864280538476703946465635971419600153521394619422892958375298150386729885793846341123912066731341743708639672289"
"3 51/100","0.1450538931864475713912185895188255427152015425986727099124010269614252616561215459667138210575050496263672137621354281485828130977238033660065263525043523816292292265727155103844786620703871731315484967400780655210853350445551537632070486445240317067942171315652354174873807162262162428344"
"3 13/25","0.1480784777525420316006060153570241485982655666342877361817023292491712698652821555017932939082705358622425127502051303104909384830441758218803199749680223310419191864027697991401410267793790699272735105133752126800459249841292091679783635056751824906839941866692160787614493598057836173747"
"3 53/100","0.1510315767513993203196231335821509046636287078501247525971615359392690351493863210323311423151617174763803252200791220472804781804004150183907870650720611597045067514074277310252157204648676474827445035572622151357757271793673072504587269043713987306471810336812327493382261764538812708713"
"3 27/50","0.1539127650177618139448997690123439857627508526520606685860988572381079987495220018528290786684968389785334142496864097429340264498943787333384575710287819346358406387256481008496298017310846700970299013188422653198025850995673197358146198581748310882721164372586728857101507869490513249667"
"3 11/20","0.1567216484491791537728789870524322312460509873495982753933502032808682349098630666328274455132275133094271841064272039353710618836818530659449943166212982520517279028190386315532736123044909138606001553467198078109167933896666735425665677203063271457303453290476804584407194467667510080379"
"3 14/25","0.1594578634033775964736774969078721848278108721288615384397090354975303257807575668563398382417348498788604033596147157995172908126146902689319461936640733810559007060523201470490822663812880766577367889104263183565483296346263266026843160521215526286110197894074128028582637872865959279694"
"3 57/100","0.1621210761655590768256845115307674990176313538818243930317823770405404418719419624841104653776178732975892081623977747786177381981669388892211090221423949246490261360991072880737707267493620635489240931525449105438605308941905153911490843883867623585257336883255689249912395357221004715726"
"3 29/50","0.1647109824729951046030717054185500845529898400289969384824004605766945179190037547280696703891040544187795833544233367223363983609648445848269146058462314809647145465012300739023099639946404220145114266978113737782266100386267374183128635421145565380633991458376474752754141157298749810007"
"3 59/100","0.1672273070865920107276708691818986342366162435192054497627300864480623850661675271264715880092289961231024555655436438084847635839091714824063383694313833161645713267287453883657589246104898445223666515760771807313295163660835517259709554161911456180086201755757873225496175213983808491342"
"3 3/5","0.1696698034009441487212874676701537361830229766914834361073948133654205739508303516219177736902003022718662521917639353627247643679277711362341985644715854433959357114652124581183771966207925420438516067106582776902397852904984878326575807619074305289264547140904460641822701858666323078438"
"3 61/100","0.1720382530858654338947585237033733935835870031545661295270376925193095883720978131974978871806491397203154023111239683395653715983250423496134364172834461296083035845560397839015399742826996067034975633181529070482146385997645097516881148924351028111385877239801464751594056219169618504089"
"3 31/50","0.1743324657535769330119963319023716053269151019135131453094294305555839531268462585999331158867275024160341078121811462688640750833812021109566988100489664558262857472167273236172728118800703558325514484119943790987242274122046020824630036805018371864229205549490347475759130449079934308743"
"3 63/100","0.1765522786466902607844503913575715413464830521930618163587469109719514795307076868854224228802146796181967706974980176147838184934723491649071824227050219846370058676747166614979849105476912821552647131159542211340521785822269826399340311909280653888646510878251570755053694584366375918175"
"3 16/25","0.1786975563429104227467514253403347765426944597713458635548143316190891953435383974328136740375864540388268166804437471731034834445454840035900317529138307429342793326282663805939849536387184014304337090227440952050765168382115431150338104208944841420636831679407009729998726092105868577954"
"3 13/20","0.1807681904730239962114671981321673029873900702790412842116695147213508585192751966075900620006918299128683969595129972918634219231960670525575504552564604594654902638286662501218966474195798019046901471260884496975686993992560371457067883993794868761471491670343073395262493914778530639885"
"3 33/50","0.1827640994492676379279484953910261135189143030258206335574831141486064917725929618072335282109355515864079359591783140962005479468650880021843439593624251289912669177303287160565535491653327417727235955667191985381157307609801010745801595868496461348929131199682188031111690545178063982847"
"3 67/100","0.1846852282016101663652014212563551123650163184317981983979752957627930573764717121216986893856062015238292104271207647727319733818541273289811615157256360211941189281614370338426105014486963041099019152783204032714619764979122096023742877123343457917566328097687520484835049437631632915608"
"3 17/25","0.1865315479198464691559308683873983849798427743724681573934543330782607977991099881784526933488329428867520201173632253972744848965176575178735511155827536917784412587225735744891584667013548908389938340827921393548046037644577786164791508358709972104955847180033573565543638307497167724621"
"3 69/100","0.1883030557997071494611498778285689288271764989142075556960037886214442455055316392820395049590649966780856277135400946745880033241722028536981211247568695921891848356355843556728231885195981901810481333877554859652050750204829347188499870015315417119234455596967325289017697487540662169403"
"3 7/10","0.1899997747914452171226338645223441428550456190459946222904224777277806319465870326380638082294319514170732536124111033638056951862568244088521863883327107192618084077645869180824632123740852713711170507355088545148814199298196616288525148796916090599008810585323932146699360738981934730377"
"3 71/100","0.1916217533495790928487661921764648227938186302818762556683378724520444323471776399106726868845238925905197584742096130328497872249877069314140960875948491457800061130188304396272787847257993651688004943714637657645121894808358798244774377217882613814024444677348054992226261879056528951118"
"3 18/25","0.1931690651826568184949525974588954433470957183886763333761940162095400501642491319938313708609355633875073056236633818913664344729102684711260822673153896586086594178533335134980095825207372745512413425276040597922220548915928696819278415685415809867946182124059199030306732945957019645676"
"3 73/100","0.1946418090020653654255547136867761846411095686110073370327388555371944709582952881544293822255003851672979379749492482125211575726399543347355532590851953832967364529191158106094660701421418298834777919821380147653464107103427968019712328787239160770792980978687216866723643698358553315274"
"3 37/50","0.196040108269045923230452007133777914891791844825838956427058166667514669092051765625975386426220404249135596490712957368450679766517830100935983240733258519173361294241233257994046031238919438824511368900789047299166986539301729223802114516131378925132625660099513061094990494365341254137"
"3 3/4","0.1973641109391947785802426522491116201131231918582739056058793432259731077606788210520358213757414967408668073104888840024695556611305085609759627118547059853412271257842444722840662269465022169403411539585754004349800831333921924932946355672216428142111759461324757404341319305405382071224"
"3 19/25","0.1986139892038329079328794796639436195812188151333833029684648674474047243671596744601540774813261008474133356513727533107809620916826817802645937210590260838220648108506724219430711783384557410710949858809954771405967888320454688603518408664885995873024928164553233663762086032592193795359"
"3 77/100","0.1997899392277181981608092200456803696889679762763915072790257659263861093990680426389324005551609052868964573965883601001269408473514027980940961268245885821972568965265065765531882555111633479695261300506057173292005058607312657660744912803491735771361688317449632941783914355427031455561"
"3 39/50","0.2008921808826543154485025933408625284317118035963722256257301230620828943216318951177115059649635598868858581139479124803428425369067529675415079143710066526976061182764959451825561893237580678173628437148258016575517014556593625884115581644733171978347276767229617339118780910102017166449"
"3 79/100","0.2019209574766213402618688296554603489361663266227429454968300803312339179123292469192430733571892427615552368749645173154466950392900966537950390699670089522145581895274855739724479621683862896003118763539864390489040120339101970844757718850398664123165132751724414898631922765589099026101"
"3 4/5","0.2028765354781167545664802005415467848839916142249001000676067697628667736407156060386259622761793192014460819141520022574107889695072606806477291593026508611371182137992546955822966558627154710156328246523654861607434455783229613299352400437636397671745558620612249344356071696615023137646"
"3 81/100","0.2037592042354523460569212707177186927722584440819295862498730804028185820924029951950247239644054288876398792142373941798419829542229350175908462367109090894784191796150542942985580435126181253870145309032903817367145816431598307674832122517738908358202696870469718893947174440765409054112"
"3 41/50","0.2045692756908040259840493543353060793151469505333572931254705062477151269626986735802514994346147816047193907827177534946978366889308924038250478816691172215326081612774256873059252082041112778385048260170925049266604035694600615267687740446828059775595202787708970068107916704662544253931"
"3 83/100","0.2053070840888582246581699184862625430835510312472010637957972112798674058844251152642189884691610324016450868647106215810371576293113524481728531144890902524353648799019745802150686294374149112779685571716970073048236960160487552106030597395023019620463110917242232206717197301988403180713"
"3 21/25","0.2059729856799410825542965319580102372097267411354373292893531960844658670201892506582898988439170743966220393268799827595223169695571889126644247937708713982574689770671803996165426806180664983818125066637005891200321896476927818349155516940054035280789254606017874747614740094857044582216"
"3 17/20","0.2065673584175556375554261279500563366368605621717047407121520439512945659157600961309600146752054804779826538640917904437329366249847352016664422295612268947763223878426814855452964973101111424254597120594502861148403463042215356159357441173367726624314026452624598908832889232248552066218"
"3 43/50","0.2070906016502880734837749778054855127381189481117582803266510912382496106818242243973841415911676580224239783234757059549010847588489620837216610003644913912431288252861029474069493777101416660835449437323082904619817357825034632220178679923381628343903285088879964511420768546297846011422"
"3 87/100","0.2075431358080772214188820860983210766275612521793348445096411021923255443357260406244056989560278753215682331261484520921139715641982489306043693948764486284589748733126544913849917794220231493640883112820041081101658006883540140180501495810812465822008814757356327584656986622763564872621"
"3 22/25","0.2079254020828722124573762766666539072897839482609285091122018161102194544227316197468138151700780320537725142973737205749534210504368573297228885541723407119129370020544261224714534959540458645175265648866915820063528423787415442731850820722800781027982178659068050433091708347025534776947"
"3 89/100","0.2082378621037317375396204631169386995821617204751487867913411064921117685147990379062273592919619953377532286937593782996786550922219843640501785129034908409979920987187574024854330613192962477793349555672866478935434250810217638865832031576777919208201280616320560975284373881066705605728"
"3 9/10","0.2084809976064450044610473275846061238760683753053196276716720191707356116834729250835958415067441142726289911589454919204897020232850069810906798693265294559609596861982165197153177939370264553100251360645480280826181617035558412493407132065276080070524725506734680939027403362880817534063"
"3 91/100","0.208655310097779387886555183071335919619802307957592964933280332693914897620889145008488198691239451124462684534054529302485400136238626310694860630337554946843095633937246288597305840905462932728734950420729835601801358653150093548043025917369790426507110851505676235018731605123540487208"
"3 23/25","0.2087613205144831108264787900884037986177585439219806477047196092978877718170825930179291244173193440402277963404297322034676602371891789301950827500551575912832293414747537306917313959043787693812663241757672372646296360212652039348448891006974480216114915735339943893656611523066846855807"
"3 93/100","0.2087995688771932184700810516378788873751448066613116566440379690013395609410592729475203621860361765482494113754675458908573358972393411643548143057745642937289745620541141314066324582014774381349727341937671463083074805265512114420201203608213988933958925714687828316663717076607128921606"
"3 47/50","0.208770613939419731764045947815330157654793253103424536807350291496623478457541087951953716198973251765700072283880950956091020567201320270113282291476538075472570036097859272538796303138960553279767780052214454339424537802149999443106089393111327072238710277910333837882604437977572811866"
"3 19/20","0.2086750328317963079377995676679935137733573218119075680016158606239221265402886052659969476215095158271122582437510842041777040198622097148704967969892518773717771035694170299742124546294713365260152084891979736691105553141655543107229007589897670283548231084456538623645634796706243842987"
"3 24/25","0.2085134207018060856677438362582965938066616653376826288839259673935188574433222088199606727354973003276523361047574675964970379067969298155778511441966939922864202595945032479935152477244006236182991918275357583942252227550607742401571744163837731594819225111004209170604427944022953413417"
"3 97/100","0.2082863903492087418070540203154384380750578811081279510133516836198945979209203070736162160385863774286780340111300787236610368059752445728589843325436910172537383291781134069639893930240972358690165717850244243094451080333690596687886792131051867990766134251994036378757593370712568387539"
"3 49/50","0.2079945718574112156412078573267523645508208516086978628689034056277985796232507539990830028922656883273178533296378213900769012009783485892075600484818256166015129898024362975717690012074182047496815543406351362504901677236773250386812121278479030507545039746451297387507163127770590986968"
"3 99/100","0.2076386122210401414817885519339938343058962254921834614981688932497068296752990938689064601172081587130304389909027439013209573792657037677751259298097127929279178128595976839396227003800945256194025040027220463321121230109726598567213283512492180089196719818974787647322944625154880285706"
"4","0.2072191749699888438118339492019679721631083324681154893788096272736520990081896327189487972730445077167867772727545889581879266093394684420124496407150235199569480870835177258492839156626131472211916703276617972751950612323854149003409127637183567485629006900807723462069570714542555393975"
