"-4","0.1797955556079905279489369006518816214142332889691671220982268919757278967865778425715688822105649358187085711424734652384066727476248092296959235782507963291756451473283014453041507526890816156383353759181265909219536559676267862187796717770486040422250867790166721333063005463234386195826"
"-399/100","0.1799201037827856982018006363357897254270455045808380296729783383533006750503724697980561869395743979765476376385147866256232818949873514516750907810966438762179543165436036532164643558085449422346234123684010419341119337256655252271755732434046337265776929671790307938294158331442163569977"
"-199/50","0.1799815689117192154216250988749742905192164045913461833038836689845558562237620645049804582082727501006663328660552378734781005089390362785974816272521575406313670322289002822570373426631078301076972132456628146209554893237539693147122536636252605543964989210746150789597125853879739822778"
"-397/100","0.1799794018346218439400843949582948908978268805447077134440031443495528647061314533677501057097629247391858554780157357466844691082236652184278758312103697526525933451949981714885163721067264060660308476997372261927379948093093175682297035357657414504151857733884154590883602194704510824786"
"-99/25","0.1799130718652595524469310300039232174800462676886493839955913870714223525755086532493084137656878830763315795129740775853133762814044704255291035136725804190732048991429513611413792255510642118222050995283737726807436985555872617218711111272661532535786269624595653141957858033496580242315"
"-79/20","0.1797820671501054334313517860700811876103262555374173255687795000524544090635400153980795093177400983276954638930355568171409031265426083691756519588905324587149544203588688062204330710561233275128276937032642961519602862878999729895321085114771867353062747852955326852067629787346527364895"
"-197/50","0.1795858950221759524905581399737102548129580199682432644477661301052760288861868387671194390630104130143371619163594106077280546636592004297102409034249266870368770725912210194273740455504946415156871971862090490385894617097244434430912046226148603111791668679686659668828311267845883829768"
"-393/100","0.1793240823498101584757617489543050071666605433256196112282534189265602089955716121355452737892801461393009599903086699419023077181119659284146161890539965020945873561149777842304099966743287947588191967685426305273010196233124903386910568727515527885407326018850760695056192751628828576026"
"-98/25","0.1789961758802889769667280971094769296118667248445804454994230031626823599724724251756912253218991302207473536493784950307137225799275221786710119651092611171314053464095654855685944553191216008424100637635715738168479534962692745738357750213966815187496152550654477086770050937662182986126"
"-391/100","0.1786017425782119346224579002288621886986920791381435758803224132000602342831029527598812201606494279891045421526111969853140012157219918760168841251178574225006105222021034804918320655819999848243433425570995771724924012394862788012318953685685137284246055547440806779974795922433660733157"
"-39/10","0.1781403699585707868594190128755968901672123346706969652686728157996110433146976113972372109317484652692671870889422042537974957356550857820563732861131058177474065643719295234424846133384387488821214741533813904586954163518913386033987899892424308411558484662906606058390716810587739171242"
"-389/100","0.1776116664144837422394004707111573345925455824014361459865480444422195059725560986918767939807441392597206885088755102981742497396270244482655947280369168133331633515104595562170091613620589704820581252473741855201029065130768008336669016508948327996076377700461819183407730359672721673562"
"-97/25","0.1770152615395805259806578474128160368825532318877487579064724901625036655021228888381553775265713329102600268111829231275276285239853084940726426611850242639082540361631371977083142616527846344643189733036993747643206691954289806952018490508156057441737447788560844241494029139203929972584"
"-387/100","0.1763508064450576773785149572819670463960454054461371935504420905305138685547977781296284560402972043898111602397851597122303717790613076228940095223842772892455877304550009476302267759793946571035680000897364954463980411146259514007669506989247765108309604709746477026321745127187571523909"
"-193/50","0.1756179740714555588333323809999457186487542398635257355776184016477398191241548810431305238608298755126329982746650647143679654779093358059937310294708608442902921531255691054752755573653343574395850149555715438539030401890386086893644595378685470616101559806959327415178427910632566272785"
"-77/20","0.1748164594952439574531302657422094127299319457478132256515810087302303224221397893475321013899243670063981172398205344818439582138491220628779286146001878371740830847102820350416688798575619143235251374721431527777213489816213300046867331225074685043313041109531632958148755674150883258341"
"-96/25","0.1739459802303423492281912504185645056660893067811811602787578755623285070298748915994821554205007155696387224526568338887167856931276254189556804381159235862642274720491116772133045401470219177878232983447643846033328865293431903956444391134173156142700359414278757441063718525284163127702"
"-383/100","0.1730062765247444273651885265769254455195046218538285420685150328452560822394084287647399152627181647086517916003727986445790566389965434934475995534432338619359721729435824030054889803739998053977813562355689117181874326180715925044845582631537731810738845170051458163644300594493676431358"
"-191/50","0.1719971116524650380587355271335829291095800162391531252301924916355890965208550922804376295107707100345218426443616338742324950617016236716114553651324017744730289829643846607253577535079782765901800936442060019241725575029104239026434291925493544360616703868751335444645980911618525229277"
"-381/100","0.1709182722010820207901223884629110380175932675783936319551970103461487086027769267012177724557703634078017809594313262949551628560852621483543645855821449163302227452932402937820681646982678893317186637505899726698783925517312373319282638891079004880219929759389403044102790539433821287199"
"-19/5","0.1697695683552065819136938854092535969043490068071169354983628796585717889744805117226899819341351342119310997174849323185196373614549753563234253046914828258025242125124415679783707999853458661819325616793735717310805095054952198444464410185422434240634216756670147816546456836491628577675"
"-379/100","0.1685508341762849053971654324646589714822075065264444555199981179079356898156738695562057291843594957533482119424949379257181227246985736362488530430330751421349136270601681610718966159509922250568245851713050435086408915544046599052383248559530489596385684327387673064054266355306453149516"
"-189/50","0.167261927879212133332478978810544949245892442821305524680048567430153072772730587602583372840109403897139796924090075627657660691558378296804460068526405024108681851042236145802700809013476344315344500059832823675513253089585539397026726627696518540700301510090586367301228027800651872248"
"-377/100","0.1659027321063293418216059053205723407971439013332810988917626064382087979339009221775934958165514231452732882179947021681024514752611260983979781739577808645189401566479997863528009629747304865127783449765016345007964288249877590017460738247348879237519090634083966976284293240166879108508"
"-94/25","0.1644731541994767756956902210239861042264318800293290199863199135640312391161754917764089531795932930171264423573168325675201968196573998568436547263981039285569641549858001641891955145002925993673554235125377098400844217177625807778155302270445981907800086725936986619433523737237104515935"
"-15/4","0.1629731264708949262724414115223171171887292676906566723208079044229888795466579122199423613547192761664393450685867181838890836787964822924451199971180784675112887879420555697849580913340377343335008209532075458193271383307427610525111499517910966309861204161353916497964229796771213769693"
"-187/50","0.1614026064739021454413864808291527456766982201482311984519136340974665143588145528741937735303937711196828890869358969885037325005399859115806580890519594927746862952649541932075480592425344812636408347764924617887983209847092256480933269440314772713351792197119757372472289252285630066956"
"-373/100","0.1597615772744371987972664512024250693466775689470034665843435810019528365510762959573086026355402649767420038346698700415404765527059170581385116246249390403522964716975854720997912742938088469868430489647432408754327561586001793758290314963233182265282962468033964923090224396614676750907"
"-93/25","0.1580500477247421656287784807942841254015864763348761636817705740695781932992516161173252576021635640350012079106707166719285314754853283895898360059433937188376739308022967319828426281933972874854699522164239594102804940432263554707266249970420651445106653105609090027407465569679056023658"
"-371/100","0.1562680527406811984384854751317881970481029935825049005824238967164606625872796656691030555625090941347372937525518057922174565096299023545731726736104449174764339556968061307141613306673469876650207867582543169664124096955731202061259052198819577596104715952024110806203724357374384307081"
"-37/10","0.1544156535844510613549388009252817740452049028682178070907753470199512675897437150864858693049704420110378515679821494184496733721837041647673212159829275257263541438117032853829567559560869999848502907887357918630267849240131308644952874031673667079062419031161856538117786540056367121197"
"-369/100","0.1524929381547490476510421378194263436091233521972238239863845350072306722157919917262801823908295494532340721815561062997272138834484693440499033597564959046584630125695748459048480699167231716961016984091604927259722801211752596927233486196628260897599558640254234911742965354244443045566"
"-92/25","0.1505000212868340564264854132168329993833462932205876545475889176879074611161431611003023479557951750598338979269996761096804569131123018642874350431209769994546988111992961008397943664537162741498949659858676130281217015323261934470506795225846716354181017624954974922342512741809133826337"
"-367/100","0.1484370450653613921724879769616399682353851922706290699327046718079392248784010435401394704335755179885297329941975290191135869631496946747079479214179711742976795889094367921688530562090856999497416238352876059762137061751764152221719488343273937461882601734476005797839030622082143271109"
"-183/50","0.1463041791534090444510437507067510204630140823345656992471138745031809183258176879495435325396618671848402291627859152283965205727262693501736913632006485700826499978048662224301345853224744948008367636965466620319696534285181299344463034067925351837606654289720127081201803130242582253154"
"-73/20","0.1441016211417653963246560159789400258217965662294596067901750796045474168864216189003102306026551246018202077899512826218164774349550654610088369232158090600431791848804750101213883937567767629164856111033000566610540525568697897359556669575860451121201150846379493304562078436681100710146"
"-91/25","0.1418295969233443003765654220325438109403438126836843377824922804762889922790746197358190048960520825157565470430192844381996412149167322095893308088222588158637542779411819993751006064048334477140396801888702284348598176900901143801295131633745437908036230771759724923548717157466639228308"
"-363/100","0.1394883610985701700620927665510173197764770169206023316084926404203522028181664034083102145305084009586335009820907346614699120210806873031465370585932511692870560646535770050378878434650501714093800012180798861160751793623202090805075550410966922128512365842680644812728354199445743967932"
"-181/50","0.1370781974187807562569550435712003640574801480982536594741969598268210351935013257010052330723098557052028723505153978667463550211620612872731569578159820042741749150008158973946471792374247789759666130151757336741884397370996998450324803111036855997464571718079291681531850860253384425122"
"-361/100","0.1345994192761903331178108506207537618499140419910602373398814872958252499486039412825653211256405856843220363684174481878765994803150071694821399223342153836393495718958702852221378721944203158443125532503479934472634051753778258294143855722879141808342439442451461465270798840891284604791"
"-18/5","0.1320523702508216366892299532316106681337624922114839737906273476506403397741504528052989546119831044425667236773302344141816709744449520101714435435431401164888824191139549420987749032037672457183961445284345686170227952163525348807965306896164122612620533886792551714083640364807433667715"
"-359/100","0.129437424727156853757439689776096989720768302866895469880028206818350458418361404649570102268498689160694460051655671132310577259424165243306294709671506471209533242810302204655226251773454686610950241225139965942066216370253718585977280161168191683484662609461134176125954170507392806365"
"-179/50","0.1267549885962161184236741180593215276594310260499344534167859952087052933695685161116987483642831456814298983660990582725433219384626108083526698227812798540987902982071916377870520280079552285049790485749723785623219016951284930350061622888594893151263087201092102297548252322041846381625"
"-357/100","0.1240055000625326480327779096870063778086577464227600028843215118475652256368734765536282484548086686352995449051528461641776553768825651280077995789356104078198534274352145313101702231106417240151196504530005727164243878732992032958757305622448054239174431303367158547069797065427073864814"
"-89/25","0.1211894305803068973961989659494083158724855472592195915428090993947877374885955192603950265486314095903092977132469417464321564359670135229502147036318887722442284658749680065641492914340362998034421447011132920870374485014711269886847950115678753199083726461688963355088145793665853864185"
"-71/20","0.1183072859492262612065411422322434999040725135487421158496918061204561057858550840710834719354578182822946028675219541417184530941839812813031481683706737809770674148531356704205330412204861270223185826719011340294669730223715271096888182585839348326021060951457337934749622492746340899865"
"-177/50","0.1153596076084935724356453620643515906845984167826211505537354294768018688835254432710689366312229188892028694302203559914204056125565921062801880961714820965366344736682359836982295929934589799109146510874757902424499004877205228907363546627447251453497135652004238204803159717635784904153"
"-353/100","0.1123469741781525648196387528320966286012859711441600798534004326100192497045102468648737534060026103928044621537721872722070840096462712896290994452027126069793155723855071897983093237549027455497635533255726075255069811235338590962146152506772129632849755762742650668547704027358393770386"
"-88/25","0.1092700033107151199083955169302455218711269570645825803429520929907513003982191419430198088838581700243475987139883179046359372262437694909344428348888915214504951517767120995372850738750569028636832653120717539487829179299334621551874796293029575270422414281093074167557852875317986018649"
"-351/100","0.1061293539346240599544565501277820206447755012666227226870696274792685650483696947288148904691051091629890386691254579222934774241193980454077280927070339604746600844950887809674904435401716070113522871411990692249793560657917513605288084399663426441019109410333419649306704844266129429159"
"-7/2","0.1029257289959871133289801824755837756805305197635155756963227672837161084956249420703624165784422962785726132256036418818762050897130636217321650631919766441806948601240185191170957591832482840507037815606689830756395879762590186351023447132834531233162324034309151854970442606392688167218"
"-349/100","0.0996598788388199160834005904688053636396113573345287988105360943116944320473802690086177584700678860095583751351262770965339272945613094612659153190305379351845469711277750068574637451379219767463926113640570985521516901412114676001104032446252864571896812167580084192913737974675659019345"
"-87/25","0.096332605410411216848358680006839972680483622466429050806495943942582785333576618025713450685279361406997061373856018590421451867904860245181197453750813119920242025322687324991746461655261009398109061964644705858681578625472768907585750656527254447877206941786189989827573045927826323712"
"-347/100","0.0929447675427786538360685125423004965279977396974011492926824026290140927330340899847102246994218596253131820988516487188467739526872911188161678925828950866059214061255691414498163346152506086606167639106126771046383261058601352189894673945760339517592918839919043762358481598321748825699"
"-173/50","0.0894972876515901554633776446591013555385427032126345340590988474116702233550425652861760563069179929711416564803647799571895006587186769515626860267224371319190431922561178394791823321649619646289711642885869309015828893644225439101357310516111021093968286055259271703977952823684078703982"
"-69/20","0.085991160322615658779405831765702852738965001801270882674584116443834257531373784895193628797598295023001085367126537245555733279867685202096751432435257375644734590105609360330798732397428231885326821500773550896547373762296728506063529768354779151327485454217789692021508926807144739655"
"-86/25","0.082427463441582921468910055868055672680658396061732704014473745862201849751596560743533091069610250190360741935383502323129265347148725306655301226675675295032301557964698030264860493746395709964685629762703813501643214591245325311958992542560163421745014373385859842923971678586217264487"
"-343/100","0.0788073727957568690231545281914422913438523859088310796823377622990519809956157858048435781920087150088717474155985321701838657571785737198728756860876119666682028897988921100116540758996058442571433591593079060200280931703294911449786502247569245724204374979312446813615520719931218966666"
"-171/50","0.0751321814817768297907718367265934566600042173016825996027275721676598965178965045383231322490002279583506751056071735177469230922451666781445328378861996770004179303550903668727890420608633328576501131898996927429213718367933136851180279825285115847203297219392859141533678601039418638462"
"-341/100","0.0714033260710836589607787704995980440318152250168848736363221555944722589189400042044820311706155791218292511539151873548667699754043209996428569981380823180771562565948208968755720989247573500449819867346065814071133099395134595705876372069810129571285829524395459894612213638263180320624"
"-17/5","0.0676224224396472454616090208945363805305544806170727104408122816992844442275685983567816134993738314660040801874950585465666198612558675835224115721105371246856762883217718547009838602415902915232618467769008896639051450021923772733869336693819628875386787875250069720634553881637332177971"
"-339/100","0.0637913156811905549917286513343961289781960548847266769677733063510565362807635476748942008165040916497373977412485918488574351249694448371787064593765482479573830915198882174596734660247037276792131881908813922485889342037040642832146172467532230273959081602248852054018070795395450037285"
"-169/50","0.0599121509758221938617423235776145598888943179077710399612799098604455886401721062674586878231336989476711730973753700577537984232749756340059540955417873901134891668184135959713008699479553343067161522376778923081693859757885526405976676872746359675228278051442889743901165707720321945217"
"-337/100","0.0559874763705117831599515521675300189589159844178742278464049739120747209284290609662651364944021473785260632942164171073082500310411783368110865511583787735902993746873234817773307862189218061377845572773494674534608416370775923944874361796961612817497414839363093997850218244645593904707"
"-84/25","0.0520203954332873171261085812165592552539756725780536786434437375842807076398902621187681370243152164126705300466454222820035720574771325911861507617209762884807430942595617183982210086037595570823602775224833432335609898838629447057261883057977612193223790671490830810310863693649783271599"
"-67/20","0.0480148001590561099095703908252889879133850126812883971321554666422147893334647102917087630904697116404493022564225477337891421755928173228021221106843015073512358260795206644214315058101987593750439645376435385984161326361090131945519459496916149521456079777832848771596479011882764472364"
"-167/50","0.0439757373317842618164990444009641484031520294257192408651985491454782658607737604394340184525981400164070952744339436409864641849038397460696236684096265284104966913505891781141834008745701320891181528256581161102758968102548826757965864270205200494205685357743531221150310461625341646898"
"-333/100","0.039910005270891845576514793700571281956412777682593636183957281440271152457366773172755699006794578255801454009044474741372690881034103614488843753403874249885167015037443919704862209138683852668206905561648223853102401861428293623239555511357328666584035393686620153261592550637624859247"
"-83/25","0.0358271655609259569814435630076637883924646841776359182281144802232187335448000992389274408429294128923745638460528703097852039075745797727966870474126324895721500236755153565817224610121185643310461494549460375170876468479403971061741106920078228126340306050913927369559527931421352345489"
"-331/100","0.0317413392975753933488285388822377970204001972474636081727555902167363739851752464008510458249333896951172526021279389726338748904202034444893712184838752501734659054662361630674101466203356432770985520101988585225285030206880005469848576099274015955434183465875329721501451033854019458096"
"-33/10","0.0276745694399784917060381140524996319545432639533506217791879394975564861374107834802059933861732269094788773379765554736131148439699174780116940961456114020205178584713394489848724379475000935568931152383599217146189468169413842895097728817282428811939309371941840275227331295580020592805"
"-329/100","0.0236635010313906928904311021007845495022958367964620385435407112864832513048348788319187591151544625972678980939270202429207778689755748749006152428386396521782474346134869134192906619602500593656679937803731806678871320862948927836811612052133688682499343074239802387003684141369011727872"
"-82/25","0.0197735162346636402945422619353398226655145497190710258771597436221323344589339171628420347788383525975490713101959254576425933837988469340831534625523437577589830552877610118448552415310111423398030698511906455811930653541462994963963501191945368605236008610519746755302966427937589350627"
"-327/100","0.0161302584782343429524345016119545011905915990679779762297542460624992773609907395338627635612731644197638057759920077229370722887997705634990256674094264799567757832736123967897997216742177462950224249779337134647925755169708024515668047861532538185103350264881874702827160283217382902256"
"-163/50","0.0129892611403886911443743551632594796679997249517868284445035404412952645677872341365554522196874084392368796198451977008002142929313863578742563677436997558041647778098545782021338578149555776659221460167651208346547102924112822000061287232820100173944633838822674152934074039793402998186"
"-13/4","0.0108510210006291595802573851914680204600993578624312240731917373143675140820329315292845149319375169925969392560187488274375140326930161700601666749246620750980418829971507751335001980637287278483392726664302053602740123804650484016974973279433888166302367227587760756826221243157749949541"
"-81/25","0.010409892536379065645403525095361063633268329646388473754364028870581944109420482462713441439255692610592182512763766390564134451460685768357814509127847009316665320206779738385868785120334740064620061269007167328149019478311247950908750971166739131503927144789903651235656522479484709148"
"-323/100","0.0119019002391614849378633018592099032426028108673876691535359213241644766587038957321823784644654737392522510974695071527508585573017438778181893767656207097037782185696998434099692815608056731516108338812974173896932004122463093492600617294410610254551226581447995790637666781625488300003"
"-161/50","0.014786564390477985859169674516727388014263635365487362921944808077344203723373506116866448974044094076467234375545627388671215202255833323071404430589072775717334340994201144251240568845073364331206074800268745984326157600516468454896125568299536789623488125559204013541932350515167156865"
"-321/100","0.0184476035498723659172165663777622216406591414209008454071409470561518631130642813411096753560151959210193185550665818860085100794515070306043761166903249250138018779933663465630063891675435558576552770992359689255423059916655429758475840437223339084503687857807926060058256527644296352437"
"-16/5","0.0225302208984118481470270805247134589810663287697995492989263983243455886942103331184812172935267309812772516733694108508236307813083122037616455623793487874847271374734382868245268178699202532578504657112800937561441323910069088430971983348998125250780836339192875249425800322099000073566"
"-319/100","0.0268593706447549305990388929078263830264445844239988503406775907838133902341240811570268906880049326628812833083381820775158555474014864049419898562455296435885292812412756840714610074056826870742539195521661720019599119272396499503630310447732344792671762776717673521294196863717145235927"
"-159/50","0.0313464783936653328046677614059017612751888463395998672554562703230162265679444986329899184875849042960444373851334648109623927486632884380715599250569984828356330663636881416857753535025155182182543011898573173004267133601782276835391894436192189285948181017817005340668711629578315968825"
"-317/100","0.0359434139353412255919469273835333442993390974279907694410684485496084012005427943821961647709704792014041468630371487506301133843840817106138188107804497403772223829100279280807985805917633661393912750663821760216836052657868699655571355347447627110299255746009576244727536761132169891765"
"-79/25","0.0406219575374193706668274401024731864721462730172150346384163090617442501078464615533262169327964476429477022351938948449295745617023112437686408498765764874812239323168656651817243874864302340196784783698758702310210069257238152752313075847721589316241448028005520011188299504904691423185"
"-63/20","0.0453643458817952594195319660002427027956232219300140265711498304865605734545477382311127757543783330378065573771820845777211514614727679198502735953266206780598569749637165099352780678689793583390471464675634052550740757200792276836232915121253897284742339776987528523303516769189361438858"
"-157/50","0.0501586499528083797553773011874525703743554510074368683777789437217427500509049157212488439128304304934543802685407918371494533708961818231217724096303573334816117754285526302043457956447806890081374454715700162895355696723815908372766477177164252641338594395740060394103853694579762971245"
"-313/100","0.0549963718888753679206926115843124620128668521647959159232688785297521614134520142381000241238000940165347035474210051746935387154893063445291107402427453821893166053540661074189854852122286921352303560058905668669766161660584251324059178439144163746837685781293878060497492556107822994887"
"-78/25","0.05987112360607174458682387389951796402595961172976005559420580429429557361728823468757598151157988689169621752290256059742625851700505675030251868414924708387048391511425513732454350061466162080313862811437513482221926440832010423021202802955671426405149408060406253792954555632832345955"
"-311/100","0.0647778636438219726174183423526044882607622078612902149770503406860126255954832015167815772127942545127126200414693106995520159157935828187347487375254824146583518894650611737235124206547148072990039637828998060300876555860549994166071103173717143599315309371279350768995773475546792943162"
"-31/10","0.0697124371734761767711426933524852146599509928913635724041586902370189368684709948469656642434700027999452114245378765144363738201088791154159726782519923457657817493765692020277223982988262110015082748183697627877292806460581127815752426310648904123781852473667663902303817306260242665415"
"-309/100","0.0746712882526947828697968437790413543532638815760474107407249395804357539806735178576413119877743999016778138664783936503385714489613990182267863271197510685916243226473294744400320516230179381048711726829613694086962557175247329145034903263982706303014391949150923757456544196223815362311"
"-77/25","0.0796512739063326651352655267381285386728796445169490195872080723478829832707210346133592396388202363262791742363001687701237548409235468482692882478859213661340108010867692397533303358546376711074579820627713785591244857998441931233123862078292837995886113385083801230726477702494588384101"
"-307/100","0.0846495405457604981227894693418545529496277793716531836564585123505442166057210116492307527396678714829542479467628408773148935431247840761321126734762451407729492905441291411543500123872487876334866184026875623645400930024226018912941810195556496788844724346345283722103499317541194924081"
"-153/50","0.0896634397500855066416261992638955037788749145695033907186686417370465721331030760183723721740369040927224129238985441936467205186430788955893175541415160112320396849895594859649013696717863834270414592079411183848894021061038479199220075286485380227253435627231990707497578016897757854369"
"-61/20","0.0946904695936391672560868964564464680803586806817126134181314030451824957013301847740057374239089360554680527324639890532824493647221165710688437967222208951420426078578088200804070389354531447434431467548754542392660402088982927828590648151505603982342548194308097115534209765372931824458"
"-76/25","0.0997282329653633292764410763475623827795143743410738850018082623222735841447482241189895537539111491911590264621189226754581568560941341019279762630646460911352916130297789979959901091441385934024511255930945793370697028994173798343059524283431040413526281671971224188782529524767637121479"
"-303/100","0.1047744074424430944045004366588551947491605290320401396451752471214553323699852526214806609205611453967418646968566127096078707711985708205805640823023023003973568264315800939001696707285509729245332871742026523956922884106759195850471168931074026670842143433515143383836864856258071300718"
"-151/50","0.1098267231790513793241269324511811371788699581057111278455404111445289213307776532260794826527341051406713372496996406931134097483655499495080470778649670389456468299578046271516174790930520430244905726827361725613291732571104204845141255323257101143347018941568635178583686316762607963152"
"-301/100","0.1148829464570315137965439576885159526297803900853260115872566834509442341311328645672318862957388499679042147105030827203037915136089835865476551864196742894887316981988707403995624648472520515484410810481847979377115063425909422303336945034323128524907283320970209102461407707298659021931"
"-3","0.1199408673033039306021117652349412980159333082017025475396117298283793154259355517612100004692170512759100805832075705034387921504186630044748455223127079944770323179809415620818389420128762438562871233709189011491680013880794628561839994689013239801650116107544935526239422828980074524028"
"-299/100","0.1249982900733785143715294638837316715509956808350149981914040073798108364651393941160890904433539468364603177529868615898286125693705393602902496091260888346233085742713143092802430272801847545191308409318445137488734980450858004117062811489168176971438865444785033680200847367686486498517"
"-149/50","0.1300530262292826714719743666273686893606459203127492071437390775504159625544740961999154128537148017998290532726624936540919891052770066958151322717946520074734945839028598885466593109434799339509387045029761962668886945663095873754051133271576919966079972884733027182128411165660007335102"
"-297/100","0.135102888762808519601308271875236038732334360556735419489032191595511528595509358468759183088918300049864127660928186926413952525258367705463361433514548263043876537531996976893037594158848403950125630381907386238897695999539887114455214075762194965296457017173800274203107062722032678086"
"-74/25","0.1401456878680467980215703406037829362436304048346482462996982416752856909721284174647032001871698379268358194739242933996052745772902948056535425413517775566807862609570472572099758216469594711280110336545067549878453037858677719081626743903472625165674395796802076355562081839042471191679"
"-59/20","0.1451792275739932604767226161942780095624998634033129406426619522934580116457420360516133864317417634626260104768609771519080825567954983036436076770912257265944540753465054791603183699322681147290778514394102678958232663080235260178591605129460457726883397749190159274969139016038375745312"
"-147/50","0.1502013031235822797283697224397710259285344887544335836032303910256831928784010372253900615815810155408954568097332633247820375604099098055257006418438809885343594182279617663146725288806160384466694892855615192590097865882925645429484783091890172543144253693128596448752881016643034908936"
"-293/100","0.1552096989396444767008809589643800944106414239057553983169407811774486480443988929229977941088940075593849555005465895646912830735519345290073500974444483124284798406414984311577772464929569076252080402296125635002299731441309146250794464896944014393385613885868363083344604321353337318678"
"-73/25","0.1602021870575340976894402922151333042111479237773188200453158565736523336059471665128397244602033595934958802874417867572151961720308443399417648428204873288876984743252424162760639038997734998727895935283032157602644901076905765932192310793022352631302329265098999758043226563256793864412"
"-291/100","0.1651765259329368963351333920934292207276799100834757430229781233979847002800434700319517970042894584341115029915978475643516014541737054764687952256048979521367240877522457804114186661915289524633845879075393135603393727273225002310710277181456236334044373494904054517931269652330123461979"
"-29/10","0.1701304595546663514510085513839925575375185596404656753467795863906370106620352332172103542905121521191469837697527558925138066391831131412347018902640586523410067170762193237709153877541017317816825501057564160623170432607684062851996961102501477818815465380920929708543181063363288928503"
"-289/100","0.1750617168081741207130037995240690330575288279647793128167315453090784919011062233694938576467583108365429986726893789273068105678643684314606018933092166174554295380259657125024295997237520322124705431901681757385183564161519862354933393680344113728883351610076227849968878836714377081624"
"-72/25","0.1799680110475037262598922503943371405232632425929618739638302157151883588988107990535206772650461366215955611772846025366509671329506877801999830754150728530372601367461535407820696099728332996592906925608337741922586872418213911769370603955127963218060118402912343701568954684206745327114"
"-287/100","0.1848470398425420507147969927967532434831255708213099851589292948755299508210251295290772687101447081115109820537095153879860079775198787299216490927702624450328717696607288948134621676179410769751563226581182718077156484783951253437541240757180257176008344616816429605594886088026245263418"
"-143/50","0.1896964848754141451743868941174297586430758561946803914906543228605049248470341897879299891397878546960322331482514707125818532858344640766848286217380117934088098414188863637524634934811741136978534736251334553851382904827501196399693086985115240290311465899898699994758678846160677955229"
"-57/20","0.1945140119652602537176634081871293796860881977992785048688961085655677323813927044937774805476565180433181209867514233481338165579876855075583464792575409855851509626195979834179789011206853852949716138152465255853694386751738303580257969214125593043305599106720055693363807283025225627712"
"-71/25","0.1992972712048218393043791528052607933807705856492715689460428336383116729549248531866330341661928025293196345672909347451926590087652762347130076013763224439065012926782265790150649236668915890049161206457521049218644718185646781827986519266639668059349363608196543381888434122762665828075"
"-283/100","0.2040438971955343388050217988515243472559812182874413026347737405957540952428172874208393780937313868888148018021778307013679755288512564500778817818131114171595076649042937125407599956565697433836001581325797056042980358309789702564550683585796125094057924863355971048781206252502759376719"
"-141/50","0.2087515093703926009538889762884073577175145849371470897482230077417147547456229013519116951771840113376469490731508585975243056921742588225511037960291399646856468064038176544700457842495307346179473861830502328777133763329251165757319312858736923614011993595715136859986497722729299922819"
"-281/100","0.2134177123958807444524168712657822197979932941878249415058344263062379150692418435203097083310322492615169838673738809274666328352658626701566059935733662030961804986037286269756902942577115915168067054252325452387670874364939886147984265955655265328833915742399802330446649984967738527648"
"-14/5","0.2180400966458623282294845288345852726917715544211690930278974559181393968907684637253259522044060718395220198511681455601430506938182805109175365101849570918945405010705779731554256743547832348703768614287667865233500423207467816747020095022733635160675924257744493234340660481717981379935"
"-279/100","0.2226162387416009740891604598755170597159565340556764405734219339605628421410778627873080920141369594945962471562215440796858450811931345918796191024492650147340425128331312152766910496638015880662375035777562132616630877788964369302415097756236827159703105255672192792606037645695168232436"
"-139/50","0.2271437021530960373363964821222884484834307771840155085262299762127864153842590084047976582386547212931781618837457872153787575241585254769213517782318401424474179667244665571309150712392167674499344934776066726180440422087703598917226166509743132292861718449728411842296503728526211693393"
"-277/100","0.2316200378577265331326030835958036670822571694480442909058214202328901336308400601587774509914833592167913383857401106013865360481551452022289737987579396222324319865062593334252572083051530735612168111353507218973042227484694721194840384864809588621716252118967178377179078815421906876497"
"-69/25","0.236042785052841071988861585491738418684586721312943773204199267170177428697182672430647608318611660307346743710488021232077114260215183275671453705606334429744005483025201823446309239572490728548005303389495611026523928358874719837519387489568103658008123375243425782401490293056985362006"
"-11/4","0.2404094719194445875833393546389800097774168973409840629142886482182559893369020519622380326050039537492021300661011618922262999658994604236975562494901436301978872409397722569964340726209144798102614267018425933315061549665437166471415613264536280097199455150429966935210076929003752658995"
"-137/50","0.2447176164345396695531155927243748427601270762125697507422768906375930834465856863077688319559885160990619262960268511987875461196544190805213125361001301123624801818619646437253132939239540946481831051708442478301400170406154744802147678417378751955753696742654262506580583119532847285139"
"-273/100","0.2489647272300014633103946543356481316607181539278196296503558561841681444553572019846564382839755968079355485797200389721172760569569009432302716812674754146367058314819829813777068250985701150233069778899013873573360776553289290010118408814120913182211601751100018376327707460744463340219"
"-68/25","0.2531483044961163281656150224860939231427594500237438364119728874375123264199323695240501090345781176315729775758540218525322582623738229522873235643418452453146230670271568659500626524350352850565308042560045850934356658146080335956779317853247943843989983768132522387672633628781041790166"
"-271/100","0.2572658409281084893485191496337859755678260629214970999115235829153296191551762115134710839846040275295011258981666215711108610193678261050273893657518537837230744438540540332173116988831234499108611561829692447475250366165871537735594706546798849612766223726078694010589311813112073316093"
"-27/10","0.2613148227141260025430980837418547584314619694294721611503203126222227346805725133730801575687875338737432370913983481082973872771525925934314512643460604228077655099953774876351774767410876458134922914478810127771390434315400764436235158186477137061435951793902452330591159209706078870217"
"-269/100","0.2652927305632657297011009005499890456640949103043954670665024719843663836900479840824225286704622400805562229252732144277730287810079793478285380144699354094599271340269114765348131196654626184618469961434998498393267665185997737271172324488304392105757693816809924525757920017834676887175"
"-67/25","0.2691970407722934161954783900817160656589277049861548190076697614992274908526284094159396249399354432258824306706338402719253395789586013414163854199565870344754626753819232227630809050024514387588439547826443571660183033185893981528173292056431340681111582954870246657057910956990873964803"
"-267/100","0.2730252263297648572407691685006301883605028071359771147346698801375521628512648203168053935599467452742524313792245949046244413005981741194054239113056500534875247898039279751789872685225408799988271029719816893414526849095097020001453439053589060115996423013206075882519978039915577296346"
"-133/50","0.276774758056282076138600969516843017882196533948759047547451059771923261098681016938463898712771872116352260357115593207084713747477337598709057299108930517084448991744657096073026463198089525759401629356896909845414398087535217193018206338061204602337488697956668358039287554345698192877"
"-53/20","0.2804431057796281712176044244461102475866791447883361093892825685800616750839821050957925171179175313416407761680715892665534768739336236407491124579824696634978336366009365764231878881282207875345563233993366404279696870448778791103231490597935108831902897656176748397513441284481318390738"
"-66/25","0.2840277395435191732363205539952897145419058670144962312359047914597959230957840456566238069221039963552889091945973605274048641037933567162774070827152081155699072130198173773421870114179113873629378888593426943244953592142580637976297596668907623409091117308054822824402941434964821902613"
"-263/100","0.2875261308486935516785081873629859369117117224232299228982314479040569897059495608995321617095864664146445938388890730633470981920257467068166807644944378615050632332111919605005454327339313502652494541781460031647450624122246794662862291755595903604113964751773435958606784613267928136781"
"-131/50","0.2909357539250321848461980701853362767097299992960435810911340176499002317363188335143815353305505767136247648568033212982331608333424844693017292746495746128952282140463568967993647840601975797356427987419459690996833809881285024815660622211638818403365317394711478913624364630736055419273"
"-261/100","0.2942540870333656164553225272077219820053474676759450862745811479316962102595869005643862451412477088833585019830584933842734564335733858766623543644078052168446293640506573456457774033306808512935362296380934625860988413531260336698505639683635221995637319799563392100372753017595897116411"
"-13/5","0.2974786137955829563723620339400778741040487352849935732294598662261506172691329395008638749248589761569249593800356173371912650083452988616655302727983222609922914617704530279948720997125970962446066395803701177679821295392465809570790283771793040114204814549235358715723407195549110885258"
"-259/100","0.3006068245516093337588068326479934024103941539310147463444068491088140877608706504982730856564419060402663066839809583410705270426843610304903463156092962428391390701851040097101523473789132302037937568156654220504850063915605476280423950230160227745539619516561009151848582044240724899743"
"-129/50","0.3036362177417676971520634526172797188029466500761882336691781773673497716618086322802976921382273572765352240446092450478059076228802189578461283297004634273087350374301664153876534324888135034121011714466042796419233343311482797745647682056775084286337351017965710366037182514804835916206"
"-257/100","0.3065643013129871600407514497051793666152655885075064135649696269186813521783807233092266278024522354840103483216039784123929611546173389793707324401286973292607067389761280937635682582094593644948465656921145283364792016020669929744929901044293144866909453214564548633618852835319826837638"
"-64/25","0.3093885941472650811961277978424081140844527895465145372310446949412916516215529927229603904120577802283430407564352835402579407616265000853916450060818555921955057589988676642577917673120515849915656900403421464562345898543115396159422258617409672161387953424118072022057904606316694033783"
"-51/20","0.3121066275107346216528887833343982987259379012123422485443794848659176619889607630002970539854070051588043566891220742496338362639283245748681336016745754970888538215155586109100103891310085748227002399851652419652117781044642221863343506739881536050321938218790219674404937195458350462465"
"-127/50","0.3147159465216345319353453006783213248039467366545801845061244555491804322702574662340318748230745109348845154935420424912490539751035353761117410958097206922506535563813445303283108132065572430072382685631039908496192076122390112305561936334866994681287060821857637757808206422248311302807"
"-253/100","0.3172141116354242252213288167597200829554468580755519020881822748867971677930334127667512174736026906651338603720777128830521318419309812526765303028667749895232391782167013197738162231115562928815676081016349210246373958720731293118022166956591821071470573667033569750639206046412954665709"
"-63/25","0.3195987001452355597778399293893068009579094282505104407173961608491807834847169065313737919519284314372835015563362775525068140821242634899877608262784354328018563451950979734039508293570005058562566650441446545134752165343573105027626036111982315207819225277836056540641063093103243371755"
"-251/100","0.3218673076958039136777592703739896340151250667196931076812217978266794087768132636024165035723887739230066591795145677838471702126873974329291893147977392418631545833495862939395241132937895200320934653268026792261237906560138385448416897017984583835674610463663276993644453123782789030771"
"-5/2","0.3240175498089757701049128372337655638985338457954928759682055577506908292629311724036213230767112678437597486783388848628792627869218534946535962921263257133051350522523742190785839893415787293364264153823386385713737493261671158077908987567134651126121211087056085951506813674136693254934"
"-249/100","0.3260470634188487875104101101859459471956803709253368141932202020418620317463772848863831030831100137358220076979087453346855392381536786079412495288755273555592620151987556524300862727402832779628374876051357702895438677456772776489627976762988982566301144474668175354297839538632086715284"
"-62/25","0.3279535084145638151701104752992691142181741677922652060702191389549437081571444114678299658068047185110546335311418188184442668758749548105603784852841050875129843942739374966699823877993213200591264777582187972740043360130031789095978532712920280344931549927367567896653144126963783507494"
"-247/100","0.3297345691887371078835237434723057134851109450011837280206339767177862465591926630837263123342326841465068803451321108260477792465401152945700583137435898770165493830734051013531965223568301606109193712337187077642940989418541816013297064936579411393952721549023894896255126473830685153594"
"-123/50","0.3313879561894956386297708271849753502825343860476711851958937773158847961757041261226842780196722339176288572480245089669844753320375905556494071314926988713065033797482074958883721680934417066605446510738104549809279592206262719659210396935045601830857582163060952783725637014269297581303"
"-49/20","0.3329114074740594192633646086176196965426440493988025545033096044510101861802870933688150594212382769502899451770951825207340761791699188755024595045576596436515118130151671233261180378123144240165106923818733867683879939283822695992950541324125375465419973066819589397480025199598832781617"
"-61/25","0.3343026902618026008791821202419940242962325791172507842398596024027337302220911878992006355328320295753355697871249654452049844798198696086935970816643478678781888434811216226812372784368809125786526853678471333657854574275604095658719350651291178433787213630260902344180051111720686566597"
"-243/100","0.3355596024847202912799915313127146212859462253112613188795259859327027450702782757266207464998609870440924283759716523813493632065684235031264434329405442394660414545141883700143427400519397539689542785289325828502033856412627420923070761363588019153607399216821757643443391177354095092118"
"-121/50","0.3366799743332309207759200422410702034589250526006528344837580303261284897395851985471209878984413928322834234543602660188528969747368788585312507784486042010334108346669402279012260683215038278666785270929715582000183866822118821513405312456825597569276974851293681416621271962342169215132"
"-241/100","0.3376616697952550025410957247131732108883292584270500488634879232199665630878765066958743572608285417108330154545570575781719957368288462599328966679941933889156310787099460875923118297949663251575006028405458314009954235438121810046358743245949828232854465233833172367472815850485602564492"
"-12/5","0.3385025881865306322817528109909491245816108368776013325347178290213854643555639680946399382539878633667552022898609776706182789893529927213708591970228255656646668944966954658225340915206697165991676260734997194760457362426047932285373679168989656663597978700721575443409929943797454535782"
"-239/100","0.3392006656701543851617987707671728048392760923431946345836439297596302038522273522483137898120966494612753779658970936690201013483400229990314872045085086061055084619894471915577296815792213822219466065860020986034215673032965255525654635405101371103529710925749017658326032744129121735645"
"-119/50","0.3397538767633736954804002689789469920978705048554798257800066279020589825712608690458383355064085443274081954475023521359187511283226011346371753262932368528690681772130753050873125819785158491170473062043116516579044247572683422856717060515814655557129664432565095736788682552188214366446"
"-237/100","0.34016023582970361470824689404742429028021993183975951854045722315517446226241553963256904546689950116456571781312137800836397319266246993649747263556763686363852202221038998833192274968767867905210513024905301924075438134833998557256277761271804909697437808173853717016956155637278666546"
"-59/25","0.3404177985544972730946528136403311299872802936814254031874246564698957582556203296367781408504145656493411210064044541024215898143774536891566908288228515118280584035464286422818392215142460703488036926219408944270598183337376060385626402999242170520745934424097054522310333347137019894389"
"-47/20","0.3405246634021656253728389762392221569192385894614254064413246215488396749200002991464027754366701551995686619522532553930602498365044047088504716015697163507369852060651955776294170772834250691808955328599865954735102392558854507698336913775600053894536898649061620746009754494852590514176"
"-117/50","0.3404789730533183186327484760782437340401559636878968683831296737042408187181715743439328480896299688574028815133690234139041280960000683859714998581261802172269019296484105123420327507488818970482570194811749627349474696811766593211856958910687678435243912694457564449567458560620555373903"
"-233/100","0.340278915820183928594461437941727060410630552700994610136551827583494299745275814415977489941843378542814535664092516721220369362790744958563040064570167353118326318711591125761854096896653346894416433159197655594232090072168412298809933216004836815960741016412381939264828942100371854664"
"-58/25","0.3399227270387644918411203144116194267763026241676677104407206033789814071351445934986336128929890672769371454692921168645013225188286378334755851628295057140785974235405302860782449486254462469102699665419509695529339865477957819525912716665784608785793100046667323976514982251160024128876"
"-231/100","0.3394086904362863158546135702492583045883677510507961827002375794550149015419346795862701578365179347237213420192027345477313910251192893669508850930182552304479537369291257146881778190022917943036867307471359748092081156966395345609291938543519708117695613906453280438847535525703369924598"
"-23/10","0.338735139472626557127403862144529333887902659908978133262393881964134474145728999377740778236025703375561785164314138615402342346713029316875297178156181320576971055504242198678830776609388722692197009274565523724294218417262036646375239579942687472215108173738768652305441722824747515795"
"-229/100","0.3379004586545230881597420624453845400340227428670839300278092048444754337415525056930796624137222155400873710357686111387922691934472222294815812821304174247309700135758494149298059844578556649698354979328047136846518850571432105947339115006473786087524216272346894663554224198554933814509"
"-57/25","0.3369030848215137884282040104590534468412579413065639952836566665273677600311853355824666053462293923434103145209735106483645233523122356638454503596740488013263026966601239363442919174802757460407441530081327441428903368010194766011500649605587513156751826621273568987016875531644535081595"
"-227/100","0.3357415084027006565055201843881004696624939214179818773765782943692866739072803015014537775543407362525013151800792033402123813254149788261256248374359042019295246385547597951035392571016240213895812959223451087512897186526256481474892861868087045819122288831302342823157612980505413881807"
"-113/50","0.3344142746435941280026972547376579938048224044423449443013816434168574880001245260978740220797363002963836502640115508580416287127129102883804072547717189521300288453462020900605897255229581896503767081077718932297535849627144486157986198091516433665088763654288051727715374126198561083016"
"-9/4","0.3329199848024638018819536777351860788175459776600324211261040560174593611694151635139018590030649927798987215127613916806190498777356002740895920876827177325848348510237082339994797183051519184692522026193539722636620219073270362825907809210124955752777663386157116296167644678377325748158"
"-56/25","0.3312572973158035758072700127499567153100294747582771116027236092963686964188174710143584643555552898287509029352830065535237997500295333922608825449843958381467832152569034192094222188156261103486820844774224438969566995661686356948496048541724648262413856805451098296070847841361652138851"
"-223/100","0.3294249289327121861870440561505829133028394497064013963799541189641798583127818277389088881033116032416789583257810630691764954901983273806045065940637402198929840704868275496481865602594394881889083934267564530918124501849021521525935221754114072607036226645760934748514739299307027838966"
"-111/50","0.327421655818194651363090754089769235382516902386644498108325437138879581009330321933558949827340412079461695712802798635102270722160659697002738090614887177411287238047611158595390421879212021685930644561768486937629585291971881152262830599212407284999100339621110183105355899243313500393"
"-221/100","0.325246314625606566970592721586839932200325217578707466384796081248070755506942811126367892786704236424100414634958551138371420537588343760439999131597358502854663998095827645382618932863479796115306162458619553165986239995111851274564719992749432711162432668427998249904708108105076077304"
"-11/5","0.3228978035386922136821239545260008778081029996359194811798248476258347650146628564037089238304685838620230557380855239020271916753358544238915035498906008899049420486250802366697990968635648640542862559731609917827870040372094049422703232929361642582220908546698949056358189796191856056307"
"-219/100","0.3203750832839098507839929498491498574103391172553225476586799163776892443918762849371727219841670482956060140808523695239131144042024924865473353447213033554024893964775884198047302804555067828973924619840370486773231116876816120576240825891169575724279926822062993540686160066161603371045"
"-109/50","0.3176771781139945253436354754786200348817903858256455879816129087342047125914505164077086217437218015460021541665292704418648420302820449444559453116575821184139469528231070628379541578600276388779778451206450602674340759810870801282581003630647196920748535929379338935618848743716447382937"
"-217/100","0.3148031767639817577632835954597861596275650764726598263677781777755959310018184954536979692283150345669902562698227709195132501919462029896749993844202310486595026823496774746222032038250652436547479672046656147520470285421208717776457711199105614719433223771475278803580069102323238439786"
"-54/25","0.3117522333812066098376546563530137265459040875910812281259970327471513872167779186187189553133472494863741205658410257655938508698853622420162547267157155536295566484383671239120667777959012484400600705288814666218427815796648836697526603034355949895108548175208262418841287875082275303471"
"-43/20","0.3085235684311046005057557164260219487961642028812626902892431683445172393024883170029194776213951745778982833581149368298149197165077743303464374059493130939714933430057504494009357953765701479047353436882758227279943193612542686634257962063713258407095177114536583240840991665591418425164"
"-107/50","0.3051164695809772648221880080711923061300200128187718055540827228662384916440119274326138998233927269592872114047854421933829820673024460964115067469408329083437825739724242861177201356485955887129835816886225470970766097962293686365030570180791957963929534592749452476283001259954955186033"
"-213/100","0.3015302925642505287428557393389662938592513570832673254919938541240356357192532375440673378369964445054297982082502849768996944382771712311978806931381413412381597158809236097128586173799612926197665984746613429239198615295276575005687475045561785022449711357098059146202927377900494127583"
"-53/25","0.2977644620281546326637296061660898266192733417373204438713318234129136916208791585494588346591544638075179513921069040875526870028729722987828397741983654687734290528809554022378205138083037492338626010872427288014907687637622438596434620280895966811916727516606739060109940586398221489789"
"-211/100","0.2938184723681981338291695820689227000977143001415019942062978801473758075025840911238286322494228729547032114382057686183081554940939944233294524122532897767379597504078655931333283286696002981114099398037675409193441489045956058799692224799128317622985390723560384425686905221598841778726"
"-21/10","0.2896918885533061323800587498585405049576987995587030888343063422462633968606189443213315867793786930303224825940757440477844825344864699038106571403418324181932062588229356425207256031825424387992941324954658219384772760947852276250903600297529680888420411956370272342784160517609501852531"
"-209/100","0.2853843469460582277345067784044740393820622879701576683217371113388976424470163300632765251350013881693438796166306115502023158384547437557537535041595965574828646643240303638408592849443665850061245785573374706167721905020167800722088318739894661034802727394250727498361872133544335944077"
"-52/25","0.2808955561231132160645090956161925986558197743361585264459542842671836937579505958594434835781968742762231549102186457538594213233099509835110970913675178267213773093085890301415889431395393141595028818137051122115292369524633398122733397268284423749901056230462343354252623926140818415566"
"-207/100","0.2762252977016695723131769007632499051865514629973039563518555318402079711131901756726551112276314253872309186439629466168466460190431286570617883673742067777595216147139630492101348683763090316973368690927154705107004864266585576307850111921739011301498881780051983758247296639791490699451"
"-103/50","0.27137342717871580439067933020118751077004171732298844919039740318195817308084686748367937165689234874133810059178066211476042213285730565089706165289276225009708864741475243133889328611158618596598899752099717708666395388215333982397669709964589810097481105972279192707751050564007962585"
"-41/20","0.2663398747909163289308285197210991141391663043435336004237658157988591292026720927826596367823525975364633766484119258459685343020095673279996868546536345458171725816566928063508942124611889757831607694933027605821561657851725114481976387989459665197803396157860227022222954525605448277371"
"-51/25","0.2611246464043152316902623983165851054235966296790473476637176550216202674679977457983046054547168454967284469503924305662728631338931484488792914983547512908574715747093125391006745063651215430601165763630217468487020042849798722808298051324911924021693999720323198256476838503408229004255"
"-203/100","0.2557278244447017157057667483936245474600810778535685776689262986539940782971527573617182029850366627515758862455747031034583559995238899905831173785004485576224554674646282420274166882159278715344253759996781747497738116525570547081080894643836920077901900960984957646684163669997469799733"
"-101/50","0.2501495688815760284590779177454327629750255872424529508967058986876581970651467320926621981646478679235552404616570090517976162986322543245617086310328319393635762024353274966767389173677400432142214878584527602942814901539880776560153758024264507494213650677289638067235942438640075868577"
"-201/100","0.2443901182813332619656514926864400242790013743469162783853085841224334437131614396914217396061826896259970975675053137320977592756304616490225284176871875712047578564650196734164742636235034340034560836323309194655606440754540083959423867036627401525409915890931072352144883862701091052428"
"-2","0.2384497909487534627519798687513014879210831211876953270184491931154330515282970229507727196745945247309873763543678129216234880736335206897384708836383887517113885308725614195949502230390983872109887787072532623842485791086262923960453839902492797757196776760055717545894585169102543876285"
"-199/100","0.2323289861804434224318979753233248320964603149278103054714129711517758082464089755565846287336085282035416635019692452061281159261517806508383678782192918964481026030168668165089677156226009210474477710229401719159245897073435081091081045808607870161413774413388041928040467265080181788168"
"-99/50","0.2260281856599350843117516046254225727154913851164536249339305988524334392060341657474126348362329033982818491871140983050812583510569397413146087174911730395214007222114831604648208245868939550705439802357291096566319256540707072574956666693785871852935141630659879546872897045699905442233"
"-197/100","0.2195479550323062843431066356166425437564192264880180228329716131535865661915853536041204415231569925366673910212591374797515097087008804138918315446928245724424494830069449585527055848979116012593799147467054465168907950664791720349631752274443192782522698414478069801052165656895975635517"
"-49/25","0.2128889457073219004413459183047788724626187825430190923536068256060067671113134466481415277651636330982867163376586260813347395675158290804389334566692302649406029860269734446531170377551384392909798133209081717663647705939495466834245320164224782500961073573623411633134114656273336813293"
"-39/20","0.2060518969554796824549159817783175798542577437122872079566990256738790673227236105440236247967392860083835784236162603182791604938063199203827228761984857730985910542729930071381660217518043091740505945776706033430346063984335407818836312429071018426954347163512736763933358267631581993556"
"-97/50","0.1990376383829011969287748380922069816857034888201669516415127472273749870086289812229825007928082128356898377896540460052687591829132642911907932061565641140169558334554881510316633564106536008925131081150077255316397083808929502417573156145093410420698846189081298964845089623902997738334"
"-193/100","0.1918470929016419447830645878719280555596318065125296120430056842197293004837886777956689086625326450083246390019913648924879273114218406053575959035785363349837916682249129143848955528512073910564141964252103909120461941139805889139309484287010904882412980009289644627352758759185099170388"
"-48/25","0.1844812803561913649419141988571202229142459910364640582745581539542940745401057306662415452106543559344697593327876238613453056522614572863314760506161650248368886666005245626639277137928001796529282355489552992987151918605635012590002473832088387983363723679367713966385029147136982149287"
"-191/100","0.1769413220317389512998333424943563805637975023017984007823913223166103500850076435477331286152288587531051938453518005194417575075203039180338373861692564932801173476773152823224945244075218601044179655464220062619061826541288997980269147709571594953646605315078348570787065190359305217343"
"-19/10","0.1692284463664835478340802958848000547523743574737230683805803323565034250757448970846474173487598708606286498549264286857201994970976827307268119382237146594579488105625356928302790330415055637939067272789393103320427873939247900753218559091103691713954587517337021910430338924860613848159"
"-189/100","0.1613439963373298305704430369338737955996052513483479212648371620781224857680312741353413475532957494947305416278056293328326669619729500666797710782992210287861465038392577040984343411676315646428645289320083463740472946702406110303252206584019242409324504849762361516586470051986660802329"
"-47/25","0.1532894392166961374655004203367872294798277420105116390725907217933028339672343832864995154561834994269242557697425828307605383660162025755507641414235399989727340773818968560093021394441353429619729557058303264134635983778291905403869981397288956702000845930862350402764240073025770924765"
"-187/100","0.1450663797610629267284098809834030795853102906197584628392416924723331987575474813565222044071708437305008506929590033468905799089096340020794733604333659917127336558828885648791484249433186961855171353082481647221815364369240025034751226791111156849430325002275433217124932648373532226729"
"-93/50","0.1366765784834810609632541025513179253921581462763484967849323403438487650370947538245554903762909266078852251999931479237050354062881825773928110497213410939459037849314525895808386011384920367895524967460309198027463079555893528359038067115109557273866775655908576396840686746947095791117"
"-37/20","0.1281219776545718687163789401983535057736565774930170668839991136003276646250725169105116322115682808935723379000995380705057826346914157484371467478859237023435950945149430028536913104559652779131088617185925244049324671533734241390924375638612605941692814666988531855674484413374042407378"
"-46/25","0.1194047393954093862549242744462520673237522175232315406099233362815312387019114493072700938054000483996550690004494876256358418276028467695585454743607791861936436044121501855796198109933072144745554570889251071746670261135002412483056614608332504640578709519830800517007769567883809597514"
"-183/100","0.1105273033137293597442404114780099119379318405810670658749130425348656014254966937311489550135787462168927409191112555960301597917506040554855808888645536134982755568779170435298353665487576773156127781468837792912024142258791200128663659477656970611334955319717647482796192502346077356285"
"-91/50","0.1014924769198036238091635635641405209629512123193753122009127167613847764505846612149094656830636589975461551127208524461647817896047905507610163931171048785822727051415764721735024256443831717823624601767388227455221876653760398134016876156814985389987073263526841104249044418835951840125"
"-181/100","0.092303583433150953297052022355349321871788239856417612353150032801748597736322308224537047288070448574215375649752954335677290486741559099268077848819315783541278657810772761093208230792569248658842137946958163471177246409440205157547031173590663372963602920552033879282638059723541598197"
"-9/5","0.0829647152651572495941660031767808349608269232357633386834689844448875271992609623781495698096029273831331525563401400814957964054983778975837245075846410841938536877991270427292439048157487786299564582840408502561700360963319335317850153269326653083845471820298858005031812814776927644254"
"-179/100","0.0734811941824367343393617848891001035755711957899413991222302685614499952215163224596839599496485078800671927669371958827455321557776518373524367034339628450401252840690118769861434198968131061032935527471792082518310239198358880879104794222998707518846747196169530833185708698782067111621"
"-89/50","0.0638604665956571248946248109127230383708670543588036294723692477779527800701750846331303656275525982499077822709871898127708435924434372140592799666975179267615619769319691546909389630979305874314897324405687614207661246381761913564726131278092844551681412167213859207154362455105278157819"
"-177/100","0.0541140034948561472062231627401279618749997742306850370330646798831540739723361548121994697429562285727921626619640700330709437461613170002725893500980160135070169117094811331544949445826762981697264379267845288217135661378823852628398953451593512796449100476157447861988919387320279591598"
"-44/25","0.0442618142737156310399832748320422544215092508352970071276326381171999979031062748396328142998285910178438273942550383574862935358378404912313333574916886815538799466142625049797604734547987403431037437644004048978162136810641455312844260318041358082810780285041497859315017661129054540814"
"-7/4","0.0343449517893476196163370992181815509282575398823751735325332822938854966630140635280980550941295381798721038793311954759901735495990400769289328534502053688982114949124624027093684765383479013337847940580806923838320168090245161529272184194915185813904397786481786932573229245816412462935"
"-87/50","0.0244687876053572724331826490615968520039794259731363518153775604287609406122885801314132603524973409508955759037451097229737856111404484803581881233527700073015870990341644365837876190189737768128017459145578649854887688176966028536182905939448287679749428070967996917123277894343768912566"
"-173/100","0.0150148504368132387428134861718962854460846973638666288787624357905338829838009976117923512479706378102795271614353181227883022364718294786656063371621147249525831180830926347299551207764895947739991384498520533247819036997838120223949350437489137301508540609307361084773268563499704360427"
"-43/25","0.0082785561306987550285735336914422687319374989536092526501502221755168558971955602788628627218936849006570060248085757943982776300267475199238622846035272023260470628895125156590298724298667455464598438891954460023212130933547331038836789122324386513861457038497468002486939433217014626162"
"-171/100","0.0116892997214667890596427312696373345815494166854575802679872843349283252069178511451383820312001229005717636645397304448397973234515411703781907289582746306108192853568780405776924233333855202251551189125889823386664975665530475144679785547380854635285727699412382216648574104144684618158"
"-17/10","0.0209346013816964729568132368736102747274671979220290401287721809552146176834267262997686446172204354636954098017345782276225693625190173691179990237517120606668163719370050925001184527946449967610018230910329122309915735010366371364277644442695137125075771386637089547915421951307960551363"
"-169/100","0.0313321893725045243047771052767774136572568073122581255342734703978274171645561370364781094691187929904030653308524160092726716376849336188674046172459077016554901113172171593554378050020404094784052168088906133634093858123433316123309761808363496869372338992674186758664351055825483472107"
"-42/25","0.0421319690746891931812560186866565374319898811629951972315573462446129665616736756048330720309142481170395622003621727712272781356329787678146151099868365577731464080340168956675353605073645067523159649588389704396721573877932185119734043012049036316194856628998102532362398151719270650135"
"-167/100","0.053163340885034232255452446518683687878268871811914883819791451361819698370741153131769488926440854823566537665981414318798541248522061876052698916523982537266593601109914089412994044290173727644904820858815092937483605152180129503030830643614980610548535928507884781901166159260172394041"
"-83/50","0.0643666415906096283321579273009421425849675148982186218938602106613495692802633960986637063651844550849126050624105267684206941426699745644846782909329175348295404934332584534714716913834358782142137884025083263703319343270472186220796794155767295961634959605641468982318431565938683173193"
"-33/20","0.0757142313929539385895002354983412894500279765641792361617689943987887308635323992655554728521610589503305365066946231051771885571568377736515149116813285779617249230770836345278700604629663790113577162545924526671313720791005681208394047797843154391021205627592359894505410050943974153355"
"-41/25","0.0871903266211262139280583071235438293906920112425753348389329588388069041508132562228291628315194322761879134188103044830690124014549810959419798268010320286991057626943734967352906550234853358282567121392851855137710582753784686147600586830169448154583960850206020189614043587491546911478"
"-163/100","0.0987842835677176613343558779730461354685920083337443298037150287137158580745509371907089559726285938191132664768744528769655936221586862659576848090886319844951763488990559047469123560523282617988322291637330952614243400522451513494600807677000744861052864042843766640973181665773785033484"
"-81/50","0.1104879271564575613624068551263579024711947163566114063128976640171959251101111938381375399955092972739791058258543969198176794863290117969948670020435531443952365382643847635678367948087076240501573957334465121361132458327033846620911931757867201300700577257868661822290019994466659951143"
"-161/100","0.1222943435197444991070572730739583614343673813564115022998788809482117792327702576128088743608781168967988548909001651904131532233787736966367149247059437591818811316438018379449609348927661260433385139318180670979305438403149609592177151929055184189646622620622127451977444682514783456853"
"-8/5","0.1341972785150919793979044251439992585510838500103022071106891484042208871654262478455278303504927416543116751830712528949500887537813098259589795608812377367150333561905841708509542684706236229371247861270755192021678668127043535920018986622597424081650004988575628160252683188751141010451"
"-159/100","0.1461908139838035007766423629106583073743731002242733686565633712120683328977649180143085999918979181277553661024482804477314079871381488419884163658040911367004530218907509012120193006746778334162981917790815008255628776491534225401052928336593146257111375910169699757970861384950898737277"
"-79/50","0.1582691819613271673702475105259402116430227671965065184186917476746359311323520214429448755661122967827861458462928406008278676134824900395818057237368034502627690169998526866798231921127861755564755988625766782825566786129758743215903157405147887904205769770280442711922217054586858056123"
"-157/100","0.1704266520051796330536963647209663439182204910876047650983131891348459558418676301879125086927263729974392482367571031309424922017129670769002232543929667517553342823299889904665457912787606356806395948006548085158998227023492694290972053412902120629377374022458117329359697954022326345284"
"-39/25","0.1826574594154630302612844923345778202937134988469368482623463978703882179544112084880166961733528055684062201976340647975327688989685108568617023372234361156940368994508805754297492577508712635521248891929129450726577180996166348881243495274773400994072218554639145213432955387048600464922"
"-31/20","0.1949557573846552392341983136254639777635672260308851784592203392467764853871052832639676649063593848760149433046580590715559561515780046362337095407755326101453379005247879669803728381316657841791182181233378139735222516125866361382139655429548334432092919325080784094011911801176332140091"
"-77/50","0.2073155837049949907345766845816171015562771442400185517083188939477927688776656038787354165491070881577400371279371609786516396149020672062811377703240817853526949748681460671530010208972466060367490092852617987497353389131861381518135441538671369076607918389153830222309892629118409830336"
"-153/100","0.2197308366384697775561713106588537561193544366846226542125805781514901364438926517919881188054259290434324836399720281575382126359046583441367860488172558506084243381442171369532440298384900167670187039360640173197618576493854203293591040735029883241622008503320187939004154253865184287652"
"-38/25","0.2321952567322038472793869581014972226079844419796671787443048957529486505073442207636497716661375243277112646033748927017046693357450328734594485896219013343941824382013449665968534554066058073230807874226072307640054572588317665926730328383130738081516777409882285934564750640903631020101"
"-151/100","0.2447024126017436044650361957625038149836960420454115679057067895613751604481225863379467595767101565748775718874311741351095507240130807055325962358984925795247068674561252417542778057825980345672757238590409951908641989407877127200122563139746703382018174142705276340077739661759237644246"
"-3/2","0.2572456894348701031293864438124948392153246198687268628058487322963068072494656047788106617165373442130906953878612501468781782960160736516186250878038973059004282402297185691414481987621222584368088454060386567786098660368927740807406973274870369301346026968475236502950284231693456104691"
"-149/100","0.2698182794117866939856685969813277990438689506729014516916614835296247697187167764850346563594160252115827028214998794543611941812505080957941029341833144895570075994634023730973472730411937639959240154805291892199259046803185277006797783504614095374694864855481219762746004954098847007782"
"-37/25","0.2824131735139696872082728481332259716221324460225533101565443930079058730868240110326695134258324879449256343431396436457476253756017883623359041690104650156046077276851802354942026588443325152002216984838495754935456651545037539764281858466829590341497862991738663392190763120437473499194"
"-147/100","0.2950231543706602440337851716739568046380590572027773524312645936252415204606577505525026902648709773996461802837354646547706769533136011759990891873833306188671513662284252941629633589256494701520502884350899010159341774293637308925205367482094030198628687363083962990211230191786799969454"
"-73/50","0.3076407899074527118616124761593485234171889684690874538199980119325145715135286352657716934465714955798771358983116519146181699173988382492871493679041612579887780279835927633529168824927125049358281813561301512303642952727433727056109600058684265399917393383158588709116784573836136892834"
"-29/20","0.3202584276384581948104012130646946666540347034981154072126799700655824978776535283048130963021540672082963166114059446099023459283853617631880465941375574661196638796331052619223588486661744662649037662974434323619164060912782555377472181283023466909367851555756518511726941076014404858613"
"-36/25","0.3328681894958657081235419571464855589960339804856238539252360091809050011376439091427365544165760979313578445844346255964262525123277638409520166560038332981681806035908353949668940710975658665950472458820242783661039881269469327720177541745403078717442962365873358543734537017645742792758"
"-143/100","0.3454619671269077613079753871398966958167995154133488510246501291823901049565469719381275814833770216630594680143823688537301529875780835225299636912436930754719279559532971382213174665555754388983800459188085433062897401004867397652667532148320087414952196644364924854020362541005662813968"
"-71/50","0.3580314176136407983978307560538830674868364950966155919349550966217920585344917709609944889965490927463080817701707358170876979434647360805056407876378460449526416754891855178379774192172878115001864433087078156334976158970781218807136583480827790319934576109806408673112687857511897441063"
"-141/100","0.3705679595890304133241702446619759465493607016495272393008590217248504047652088458948899859204780941981460691090560792224061393825402829836075599578683340777136179870707254057432451344228610227976611822045480893882162388737929316545781344268714192724157530123212737100427725083171018608456"
"-7/5","0.3830627697358454820426475526039273753226599886776397133206071826826334294160453186807586357030363841629119528749073795183324500455346870635156284334923002697627104288294672147504332299293339688410578233948992445276128836135364614013575892108780502255629543042359510561902414777104092897733"
"-139/100","0.3955067796643124525923689022311406231832557198439982975795159176277213426479166998895855513854281757169927863321940484988290978941262187602460901031831991913472484962432141720210710332652356222588731096909340220974273327079896332155828139850346868354927354163862453077497806751357036034996"
"-69/50","0.407890673171367953026258628662908890483382214134624143134705667870743530919197313892804013987709372705658075275106687144356932944192949450610669572531484923379221787259457269659139889735165851566795051576193977667557143853022038459629872867860182068638432343669991377283215695009809833328"
"-137/100","0.4202048838893594085860378715674876205705489611152680023859991128362883005780309770326463509397560737719352724756203000011548589162479900171730298880313914542701109418284883257150766951892031412289234984605106591945719282073519036814885823895984387652450902641586474360864560568683311807636"
"-34/25","0.4324395933356499633777975614605605457597644137666727690830758356645885940394343742131900603048002835472147830607651654873839051081089835595700268826933610705562681470149565324948305836814630249626058532376580655544164273670293336144189659310182894285688773557807296632221104325810618712107"
"-27/20","0.4445847293771116467900646117575330216801841697056596984063371129151497644180535270809954257695738913389378183132680297524256151396614057596585578606167874407811891510240220067307879764619242648205295543035887674890171595351567202080151787104812064860808769859690230759782467782974441039021"
"-67/50","0.4566299651251668032816597079676655616086862920928791103937612566597021329568875904720959771632066717778927818033696698414135658569628368163564636215121964961763253036919578911845282193543216969069440751053754465586325174001095466886129345289812647922336631609683829037825179737377985603005"
"-133/100","0.4685647182780217443186182764915183359921083310189157055438241159705599968186984269490396275385133151223882834742448141852248735484353548112648963953616418813635713146157075000802985927325875832283970797231930505753097368833873129967185851178502484925930585894061958607836014932358134706778"
"-33/25","0.4803781509271405374662088277108345593457724529482610446342320120002347836806940510312402707013822152609575150384301647277757725009880618974259231755097242894721817619562963592058220085680044496025178637995143423612449808517510231157444074796660483902803253205664489442850715201765736858682"
"-131/100","0.492059169844909872195315281143205059218474916758341561103937684857277090686647131405082784201544764476640905527306038141125904954572640349648485175442381408963677653568903575579511636262536117628666288199466420958556508215028679194016334493696314650272300250207985597661400638573103385221"
"-13/10","0.5035964272699038234305333494348973725909751389783808415433705138939781137143106881621646451503431204393485813495510639666713669975348551691770097675458476851992770370969878519187398676660245013697516136570402537292840776932088598187912387425156643248522859479658877686007369153012423106397"
"-129/100","0.5149783222052095211922642360443775364742220258757354504358926814420990235521267302166927683684827133927144426973375410006728049120888513160495930061214128174810390002128144844934570440677090118344274464945698848912647871997343809815723617858830212326123459619168408700575922850594247724861"
"-32/25","0.5261930022439492799260293111182380259094378187216857719929081585347053630992982117963960841544057921800206492890656816387431783876680594044391572108711592994883908781081210668842111785157266230544153464554016685479847459134890418982068440799265443903179600214978915039130394667076792438976"
"-127/100","0.5372283659344518811976928189008058474696261735555117649548922699021338881350569459043887439451196248268322037427905256786041468154655968079159146620751342480901195949051217206890920072937690213572219581151310047081827965918030709128754549738304663362679173642140036441029592475414719818811"
"-63/50","0.5480720656955004972814465533491316926363027342133889766938446231936823692834498673970599726201289832383742864202327224873545787139635771958842807063194764147468154324256151540579794346537371588217573194356123748225442411289850486618515420849778964519801977801455833193610409183677962418392"
"-5/4","0.5587115112897290461636554786382266008261136680723347421329420560191041396083616588955226926681894736403560260508636033618436084891479182394045911590939211352658044168614399624619135548332947797719147569208965729312121751538738868022337053870298442268900455193423533161798514161744075579979"
"-31/25","0.5691338738605627367178074714338280751615540397644094050163378618142117144875256124886656420270999805942810585972037508583499904466377138395933223158165403183218624611188006893300240742282927578061936652758585970603554699255491823478627422981052703700568004802568595182968096807596315680158"
"-123/100","0.5793260905351118190925746716324496601212448912419019165616096065031219312005297358019528738645793556349469397921435110387505794919599206400303103155798654710992011238245994841495580043226644851756995566962901090334956877001523106920771706634899766278215822408028758762034537443759379845709"
"-61/50","0.5892748695921401080120336243664378668352172630822690813703508399975999960175052626169527264491156611767530435349368031205245724639345021464106768081788758225087414358508628629751795069644412167355362910036130072499242038554114747251145904437942583188174447248429739279320432415744774693664"
"-121/100","0.5989666961906528237344676422399904889885049877691244084126516973948987120299395847967672643825422974504634237963430930652751738826210275148139028841370600652929432305851084320753673856510269635942856472421860326273053702015790967421869787661943099780841867356834392327655814088617379241768"
"-6/5","0.6083878386507945373525042876657534767927037073953731148787327867851753817478826268135272629381591353544969368814943825525810532437375165929270233827414912395467339186450243659830247059520069827333703955224476136774524275132472638174926592920796042779602397839179798661792077603109236531649"
"-119/100","0.6175243552746325477120432752610857393464373001656417242458877644635142237391670682287840008646872352663963801261681383428902015728244802980279641090597205570183904366696666847723694507046073402080707833596269033924249915669283746188958507927943395445525606405750868504742485879716718236778"
"-59/50","0.6263621016900414721828431765423434695616398849874963733548370678348110599961258727835009059215959130206020785587490194557167141318919535543700958086896414629424512311931621134919777919515468651720836189455950135756320195413487329826776678041180362832498464204543325227520539551126265190059"
"-117/100","0.6348867386963217100980391403463834294925501448975226183417526207173620927117401291451158158028294475196750723066442905551893521358416426887562216459107289391799114285329209588854596146700440321702203429468173066512979840851517200096813377092607485110420645768648835005040734986545869177653"
"-29/25","0.6430837405854013737044474043290563987157477732562171013425271293636876415122718476984032789835973076813017439495400851040985691943383518735707645410659747123185095494465768471985492071722110978912222170284989653868345411564751412237484417025522214227005403637699920005386906643929425042554"
"-23/20","0.6509384039075152187119180615714463704926139377423249017714323426808695387626230026286301936787556641020432100319418867832633187686783214211378185193430209979579318631305468139651804814067731083187796030041935374318634542713831463256167303370971426189841815386909956618230081746629567678048"
"-57/50","0.6584358566451554015464326208576304980212571967657044242027394679865204331996847579116689383091799479941658229024020327846270222972468329278791422260314825438782192777935596343628739516184689509422809125168023589036006154717213726995494463362767497384889388576494914565265813200583333053213"
"-113/100","0.6655610677538813642198467984945690954313582017220701385636844439395180012213850174280822285605386096494521285515748354859970628795824276978259063643276118301756013635920224669801600384169521191443906689724564886796835041386921701449876015383637296484696657934731750498602763993526981896658"
"-28/25","0.672298857023297075237099928673130282484190283323874744490303300976170626061412943010297732141864276570765534888331168001548029944916129195801032325844897408271996823024273265572328123523180458190274644375147361779465743882406968941921151668851342181489710459961171002222634371354339408212"
"-111/100","0.6786339052061938946267170709010151604742673560181551183235419685074166992444015041042599193629584903822881347078719198098968841291573117966034526416976221061280376032417472946231625608649408556910664583096422808644115287476540809726961365899850717152058903481118222022497869809021910592788"
"-11/10","0.6845507643585603956202835937697579864379137408163840791132769179680562444932283449668243803997823332980088621772154475758267170193868617859676257204962493448220442479613273491868714039498770134216317595581704321795194481044019392404608241239433457954745748361900091432180974000694976126289"
"-109/100","0.6900338683279235442389056952694579544568783463335855505971279468396731666272855781902272138404085703366826315782828171630800595048063619641614224535506813303594262166140006294905772494859726820102601992687307063533299101032925849056787891993528593171625876245715400076163991745599953786928"
"-27/25","0.6950675433223585142939134499182289110761387676420269765665140285618905552379139888880871834700486374426183425823721520633048775443421948939967544340416024527365292671058533028006355537491623796696068011230990093536325520072407132915486294831446546934998958115395551094203183482308528347873"
"-107/100","0.6996360184875394298058328500087608500543856755961147871577851846779135383337518218911337307895049370425835351416494744914018311856680128811749658222535606115561506597861029026391757971222250952757162517699915442599442778340790042953340394673677814966197529771346744732141571033691593371082"
"-53/50","0.7037234364144549927156039557889275690086221026537500673228483480630663126906988105112104255520457747333393102141248901597236580716589988766134015810337918412056256867881884653232863897700300809667630830939776713702103031128868297335313494006127910832807893254612753253090482327434711157451"
"-21/20","0.7073138634959375779201045093528833123196510289955575782874355246386685786150706545259524771080070808133432794720198366268576948609742686177442508814844543534933255463341818982110204866725240395989112019057242976857585642627360022502604065632629767278527467587568267153573653037080521281391"
"-26/25","0.710391300046009635558080536141294384544146145420771148597408736482052404249319244034725453776955109493572513810241708656136787439413190831102319141220471912758486412218640401106393264824511222653118572902076272134530805953310024285040107264828342373743752885986125541863122735714464264337"
"-103/100","0.7129396900922957225195677905680252171531270637112511299357679039953427225162429765390471640812458835981437269987490522397208212787925773865199286752626313222298668245361745980757557787575234728931465740834081523347722670732002544635396390588193647672981780588806059760422133086021254917111"
"-51/50","0.7149429307484412247441751681867248646997070459284219415365866126974219081263192485308343719973472943427590112917833016921381000198026890794623007975290387889284069619442263681908322744104127126759776206339026360575417330841496025467516239227776537137209137823796238900111836468496593959278"
"-101/100","0.7163848810706788263647261766018113398406667035513612449301869168257154145710640075585322748021178436366718670177057019423404402615275151360201654493724932264648740037213201611140869343198126865296659726090569065943714464363233329867729316775345846627017553909659788067393600627895251359395"
"-1","0.717249370300449519329523805905376218931426160378559858468199111788433793988173747755201172967364415933979931308539757958900145633863788589139152997982664157156395084472362224233357920101744499895522192050371737504944609330362715992497281561604427068578435265497762176316126459619633720828"
"-99/100","0.7175202053933739539170951848808166060209544435088782942479315470135956852158960616218046368234037515120462543945594117434410018684128214926005580381993556512607922650898991295670015415785540240653355238795973636054699578760297684228200267415365634632174041337526474457940438740241498978938"
"-49/50","0.7171811777339383536018551573565169812755217090867130842502929551337332871389378356449759467270011445462238750148402208590459770146607128959223786164128077429175715281500774733748589137473239445382207057837250265484456785755195157683171282532495899865003380937613993934935060407021478410845"
"-97/100","0.7162160689350614609000913586501888408467528170388179740043261038367878001874324106515045419122587741252066164851089486177886769142811594077365737297650545135204934347416666647919011701141697348009874423669360215782162505192774923147592747796659264774643205659553724973421462857899907876712"
"-24/25","0.7146086556222974115956920449276275848899820441730792074476931111812906131533846426529815598900065278336109954906760227219650665075068922447416611142816110668243039231565179040989740405925747802914678839732837716706966783978524245648976014831613262557877640476004418258988409444221108080642"
"-19/20","0.712342713103854181155285896618250506922393870855163346113802595008662546366270315004463842312523345485744571237958009233709795499404114964250417875093144121715371952911139144186205585677598751455460534549297293577219862195331721443818754726412127543143622931731607466591016016606189213905"
"-47/50","0.7094020178299161052299693707243313172644751624258407276963421198311592774381418178845230152049618420450757079467351885098100466978566656848908467282312516934529120670097574317715705450205039085873460524147655015670412162575095207453324624501976101394892115246390397420115111749243007111985"
"-93/100","0.7057703485479974494083195349974724812609390201814204786741044179280918494108997045736836152721524644572683704709619556790560556075146581978751334001210535685589473416743118058241623446426134146838423827987325060123587088233101819405575359492176059762166965665541062098359809325265767657732"
"-23/25","0.7014314860652654974874845302824538762484919551721541679544128550183030963239313545330457148196832513891218449692373472120354234988663679984236134432485705387319612836997049877490840773497433348017096002045195772132236947260250834789054062199465862768621278898665828298562979348985379429847"
"-91/100","0.6963692115339978256293920915430353377455072325972531267597010913565009587302934660309780736194707046042187058480688915317873887898170378839572628288496803700018879752927144902758635050063973010071181184993621385306515617174775098767143536232935615644566249408920778729418448373683330903282"
"-9/10","0.69056730318261987751781556502980775564280506944442466516424359008047817684933499627652285879719294797624873893915764011223690450057150229825894640534159092513315208711103647001164556946267025306567167956489585890223038491272983998070354067970137585006640605114685699496749311354080652507"
"-89/100","0.6840095314221458902647194267696104404754455448636097893885128804406380701364145810999429079549227876452249479641440879120759320114530676782984219238673153991902553027220076740105914418761420016261576647651391120954053827962621177206546802377847820669912842985871176098281113817631213290273"
"-22/25","0.6766796522663596878246416233991164226648129710737834736359189081597881475712896538381017897893823808276491200269532412062162810845788751578655728770284266840564560616472966583860389277122029132445746048418454529106852369366335991711783117691613401655054288341315735137526831334518615095964"
"-87/100","0.6685613990137651740388167353471019002058243758735129311239975147376745488639793405022373900515130100764450387937687000294639068718327232028170722151574469459634108977887068208117205285868701238368771227197247578898736498230762537944046261091190173941331138263726776445283530905933073324611"
"-43/50","0.6596384721502569969788014606445828003503391015675606833375380625706265218952882098331487118840018359093874322945739397722453133574375141931135041949234174667550816402090876582814702925348511725798568322701887717244095524760233280142260166696946148007619929957012240786032161746884862062905"
"-17/20","0.6498945274436638923985728017956529618828607292407002970296732359035437862275782576875496560019585568295896622499245868666168708603095452218729905650056051845050405059381793422251579006532054412278636362924201650549729077725829911727132665947046196492362824846176961866694945401715983397427"
"-21/25","0.6393131622148644834369064648030945215180709920053230871097831193008251943627322307549672732254767142878619085646603647373948422733746850431267273964214324911067567281285906804241950068248667721531124265710115296069668418873298841798925581352397069132937384773224433870445912556496822663296"
"-83/100","0.6278778997851456041327874191739416251725340135067914284740372958210090176639836833836398335789866936414504540248251035372645698815161596583094731870439993165364446748710430949520920318262118468338968138037267347407191321873414765135286984816261342868264713284722609376287837339942289839982"
"-41/50","0.6155721721159639360265666788019754031962990375627517260303132617952040105874992772448931437643316338122881221969945969405523815811403802494923326671844696643139669786905134299587505575668440954747098801240631896638483311864051052999133462187988137429865258428385760387751321160281915081496"
"-81/100","0.6023793006754078506242328228404562017541845213024788680944789357186998159513551744629097281781331173336204448712507000725281327341009720377068144136013355112917085423614998005719744375990477887140639007176332236387058659960396062281406095343513774616995671172756684861307789446404835454923"
"-4/5","0.5882824755856017697237365641110935110243184265341093535217015418198259956739529957865117747058222977948036374644442399981916319068027802707644034822194945162276523760257571655904046802286661880827683041372190960636904824109642397365908463637528654188326715543825322203061224804038190713545"
"-79/100","0.5732647331272701586443139620437735520546997625146692883557081251354063630690393879050361473048351326722974547469352367712642757417662252447395073382113910722230744021032614069150235978556454745222519295463618072336286069415502189455890966073619919905849728616119511562438786616704810745523"
"-39/50","0.557308931701985317483650008135642342459814928384766435884254242098254415685584145168537670464222103013459153725929815061157211792356675661188038435543418411001812166813166861729539397581955903837233832814786320631863168657175765592464071843718633265522249005838717870296930611710190557468"
"-77/100","0.540397726379691030661248075017171013632595209340880312190383770927299608400800158167575006141454080284107027961531075201852779481790394089261335800054522324753858842283890687096065485363202604888354051665787520931947007234024696135465787533889280151524623453427657979272726815269598899436"
"-19/25","0.5225135421895487576899765925269959814539707093574969146910386358149550822004383085426409684877034240617382752000909244864083983756612214819453355782418763915860426501748694198417388441613306910623295645728415768552017722167813265262567012360844938840093129162898049714499807231133177252886"
"-3/4","0.5036385463469407676379607914775148028521861090755207098192002084088262182729274203708585696607338640456921008685053836480995802162914142991814365875512314572178595111414716972225148951335738554920675723805267560697958721240698985663208384328369190677540443223603192345049901618407298547847"
"-37/50","0.4837546196500714186556902898135170305406941268890699599448014533687396727964578601319913384537804290634176578763710502867025241698143184826137867947316274688148296744950523135302983025397599506449481580874479950139626996523414853630883844180410399331021297976829282562769685648299409249094"
"-73/100","0.4628433273284620121232146908713787618040390056930330875230312033694349195668081064659144455447466605602713173483527251354463332672062182022499904668562383915026280504971604274486896739398044204064449750514223904529211039142530428809893082440048965137450729998736570921725642133561734039077"
"-18/25","0.4408858896868731346789966412658713913330757201871986182730060805418454862715826888223502297784448275049272794406542356274409187617374745580831087577018077862473650482829097201004753781745213883224784030273981400832015882846860085005666073526860348640022160966312359983449429762702612704535"
"-71/100","0.4178631529691683457601743515714288078928079157600504971061555395555619304015320539828765327694385685405961025437538830043737873627664516306003959668240838351682004364930583190441853017529870466749769001887991656238924263099491933825792682532002054036754796630821957073204496826730806125627"
"-7/10","0.3937555609810385245400560065492248356165701959056758154222682871368832445102849773148852757407030444969914720670421722474511356784652705144169323838288460126107232687116385819956032152889220832898300496870649927010440252118860185579292172964234656400497923037645719806232859286584087398723"
"-69/100","0.3685431281850242722250284813439774501493452675916421598971138378112217614290987234034119049906324664733362283292801546510543276061852602271008980017209149010969487626016343890613084211776476293456422461887063560284698589374856944183542965013125537464656196740139634380345349380906974199611"
"-17/25","0.3422054152706913043478575654175302887370597675308056798666528820016826595653115919969175514384720507960665101239900548723376999559973229751651344403691244310251145217108868157919791334840961425072107036941588817499286751925540559825116324334383178393296044449812817311194156696420816868475"
"-67/100","0.3147215087262054509610723946795030624335024890649593895524654041284476839917755014678438968414008028752459267101681763986623803000471412750442091392042247477928120944529620922243633021444071053430827700730653529995776033701849615512996826661294121314143897707164129987298632200283892548723"
"-33/50","0.2860700069711206841433964843506504742785412049266031628620594173361007458055676356123514744140146887448963443494606981111264278667157856924995215806743466374200826950240730934350095367367725147260846243518861387096989530755280792425492103732174685351847156806751589677303208264806944323968"
"-13/20","0.2562290178453315025419389656600680404507707633248063555852488226666866254972374024782589111107813560893999773275573941172759093816508594941903996673075226564846027395853613276016932924427299783475030660771202379118049583889358274980728103118800422571447083224816363655357603170942964658892"
"-16/25","0.2251761775826514895213639905340276390514109057477224431005216089754672340258333914623906330819084263400116908450995356278660471472976090711013149243241671055886253050434714024813469855372405891016963966082705815434616527215811717856401233446878468247142002648296399630323896505409647020374"
"-63/100","0.192888715658297137850815411412826519249346195511738538028976296131212887485688382675376025598906509837757361743103669292779646709696532573548119072749628215418814109578746341030594082087274490823810991659181794534691327809398782717694330573515975320310948004563017173632034887766491599565"
"-31/50","0.1593436338094050569383909630738216173434645007163584261736503615256179986131363860466228573279020339484581453498112360069034810299248643021467446415925778213215962325913883944686818585317194200630717591998075519018055408952297390559770856376983143502913001967973603753866466596180940948512"
"-61/100","0.124518230769031019346295488882841885442279587933899616903255605041761972578046719185370377439302079115929358976108385258727297713649917760360572645530820009043853177180198047355480930522962318520173187113788185522884908597221097483014696847050716813529512775344979337178864965100690958452"
"-3/5","0.0883920043394653472135038188264061157087093020786102261110838667322694547007801430543313785691277312320964100990739876209652784909532071246059457490677101835154965402158115771832029489119810708128147983046387149326147161063054846458712681379406370049556746196496459456182543300445818086315"
"-59/100","0.0509572726386393155428846056868379717779419257926419940791440078614196136100793032301304664166108246329164965446417016129309590735746615693531996533214313827743481914493413952930850202084022646899720812261062031114517387225336483242154135619389786655426553343979252941477671333613940156092"
"-29/50","0.0124343890707215675255798997935156695331187309871591867139655583662959145244533182866521900231580478224115377838077120964035312471011601741030426388070474326788902853143049679535359103059894984633822424236357858200226155039361066403040116686188792174560121086521589752219348037904504791939"
"-57/100","0.0283802663849770815103391372855681174430605749510366732020680539373798348946834232109895016507490591716603494237522521036156624493370454661333318823233080540213313926630118903754288375731383106620703722047634256927900469936959949368052948138008700778317934513828455282450694641236049440912"
"-14/25","0.0699103965007176792423319946299057578245881200441442293465574326851525793099582262599512256420652994554930949294602154256171742272923215588496613248670605271022438882530791037627985409176117522372919142476540656133610702995486857685549639365221004764854951328446482418413868585124836840185"
"-11/20","0.1129597684644337949600936534366662069361188675543311430409577331998124525506852219033372836532309732603871605567571214330526192607866582644028275408917653386890522674253282997647246334487355026849620658576883746636021023030513482949932783900900513519861307257984711594374866438782795011336"
"-27/50","0.1574921960587787992533601957467804556706939898140803754740903580056498721071442626535874634032665995667931041483106533520124362910118763295360160516224178298406459421279227414720769604248953862012165999794934357715574509503331533870359643233990185917107993293129147030059034100411455225459"
"-53/100","0.2035259415270834913729847697323901018386571424927011854421709741592335885012909961359001183158581522464202877141409279820169663056186819071925096124019428451958205038260699050653821610335414932768562832170156532328141448415844905181264249428643602979206046673257266062809889157038608791905"
"-13/25","0.2510860253969381959104098338282265811952778529138725258873657248616401211214127126562796662695678259334923998708173313919569793916686080169732141334033007965199628364915242760094255751138965065938751276229994220794734082022023154320128461637078700800728934306375004134755154787385118023418"
"-51/100","0.3001990948147930018731849350540616971095713157198159399222392044678008048567262303828522582219030623749809536991278470484548841497398627361476333104849646360524308070326544071741837042329744830144287683739178364981635808054418938049564846489667353675916274799489468852852867615442424412411"
"-1/2","0.3508921494777486846371216676193658159817270405545408853267535757742333217485675693122838488058922912748292535862200935679794878489912352528130139965816770423515914736044407557668709003537074839671078530273822635635174457043702007517495259684074919163470757695770926527821907064988359619146"
"-49/100","0.4031919969353922139916967502093292063302379225628853311997742639820233329009095660207038384303148459781980448592766934664856140847772481829609684582006176866188908033389453676046794963842860581652036925310527204782343149957804327450856642295472908260251457477770499645822781883400797053682"
"-12/25","0.4571248861624571657204206263402362555480797816982885990483859056610226532625151993310999673903528639435647575121542556096364573020068935331411117476043866237615880557930585899640076760296618125066326231163110085876438353206574340984040099872493861459664729192567131872371962474298800092693"
"-47/100","0.5127161777705251903819131860442638694942287499119658861952639638024183428837526807781132638880111915884503764082680322690561566046899456888576005904445375185068662896602034474936525171171674116076531859922165322668926901718390319189888739623495671615239290724254607231908788140169857223936"
"-23/50","0.5699900035891584848179697262266521278580139477822784980703444338858927197152303842497995133355875311523525762422654726348478526504560053563421706132148232188362592827324143906890886642910061733673107889109181037275348386684693652082153165146300601546678935485071524540841024613949668185583"
"-9/20","0.6289688957363404809382421620576386250397038798435507995998928139067612339615502547968288868317729507210229500394269977890230536281851263753253694068225805465364331613300739631266436272332072135823959857907507334680052292103039075037500846380858585429826959526762891414025600970261172756569"
"-11/25","0.689673374631303661046984199419575273081780903675613571800356993087726067563650955665014537744298306623732460767334596781139060648133678760220563654372959155089441601183751352370037517225634460694401942848154015807331821407571806475158120199317478707847394305030378231494138522856058163328"
"-43/100","0.7521214890026855597479209304128863367558593565451709622288208696679695360226175934621685867517126619614506939287809391458528049037673349045317567326332910493330466747807168670910250103970716521628565299820206358949218879345722094221970571382071701722166529485407021159296014691668580222967"
"-21/50","0.8163283025127630872468485608612281023203369228585595510794114278279812403051695838554850684889947406622380287894490927852340177590620633734048719954324566730188547357335745881184332308358029655626666403811206821137270277082667823817424682401111924055818910359054673899315155556251348807234"
"-41/100","0.8823053224315138179765057207057170972787281066680910952014173950536618778340367599828217735780926945521237164695443738908483673114494186209398916195729562148131498692792911427438849163283026850036292207521057625577598358496738392645647540470404383038101789860744297378827630174126004861102"
"-2/5","0.9500598663514244639561005185855727935912992413548774880556049908152558560159179958283553209432128451341533055423237717027354983449187354038651599333823885058246548286413020473353587170525998738056667952845326343708757096646430272839364062576052368557467451092859912141310843736259932490849"
"-39/100","1.0195943634577527368791486935957804344539547701666870096417036813785698979880632745568939279558864745118467028425077354419153041236413371916128176725159301250813478739343183195712036448013154057116485093531395831991537260350696910109979528618722684833151567624526452433432179596512452049462"
"-19/50","1.0909055874758634291904083223109651142621024635776915227263765027654746229967624122415092176514375517909833677445210959181494778624550506493145877544159141452686325172637307069575311378033116154901398354528455700518071924795050565944413365544275430197587628307586638522854554573714598593343"
"-37/100","1.1639838191812108019210810601211117227909860813343899011896666481721371977200032345767333852505860125223917900515816125612973216154260934354077222271626133698641526743465260668566964637560516923287857256612653959372695461951909869767360683961268782221051454745001391366989799835666039930142"
"-9/25","1.238811937334903353746922575984731078638828811856871744008212361346764788014269800365151492808662780716231637443055651987300038946427501177822591750772333444900658957465245889926030260833369715601209291122157849906578146405395189708618309016991674541462527261347175865031622311820582412371"
"-7/20","1.3153644381475991559971204943743511235052721934659853691250027982293389224583224755694852738136294128082927787979377814067804082688902901859303934407401646469813911984666343084375626137464652231790992065321461640975908569204461077177469827816985020727889849918850924729147123077305469729432"
"-17/50","1.3936063849222565803218140570902700512239541482951233737889091396092378007317139553828251503652361381045853776404320715552263007078712614755961904712487005907632285721011142503652505562661505422766166040704051088094494285066996974011164033190895738944455809895984337038553973302023408248871"
"-33/100","1.4734922914247341653989346696964360724211027904525682442525694288346836761128305094220644976480488199613652604150009764362455001649016392999955615973227624593853644579984168089248708827223306526006626064722097696620402132951797509723740511363283698129501952623369809140607283108182439121309"
"-8/25","1.5549649448192733002580244737139099199904162516085836761400415149990370574002516655123088366707856192524152716913334218132820166915407711390113279042209632492407186130138773719846898586459606086274678379092388292845283894985064535130558726862741037292663274101452638108232567943880433982366"
"-31/100","1.6379541767162001612650945330683646496200675921818892557543788434324872704450314335737299683348282319375372225593646717806359175975397085456844716304090204184702000091321439289676811578775136938723044223924300365554641545518572025273396079313760908144595700101173598328781109012475255945977"
"-3/10","1.7223755940348322178335966645787864161650994729072011221673521591514775867620315556704834214229719657604144122550728808344128535247504724425070403531772198944059785432525328041884935667345401436748174663396732664060301564796431231886199923854680266663158811820112840776061104765043356763766"
"-29/100","1.8081292849946163171884078478551480905658761212413836490084972369512030204383517572333152383098922141762812501958375467141779729468917225551540800110523449813592546642853122697038598135635658378769000654143671277042263991645920657092591686823414208015107741859237799852256644993703651008586"
"-7/25","1.895098519601597574536662734887969786181063580553747200485486170232572724853502568220654561540297049794226068650577546343742281460370230393929264205392754530244412947002207570674233335480524615732473356018326151513643724642531371064368666453155664925690663222641637745487589034655077064997"
"-27/100","1.9831484684594428153757688072199690157299512213094969960530539035189643827144537554979503053895038531916120822917987824785470381737689493188846359393747311510694684392253563299816453563006174704781438375442129065535250517553450171288990829331745398833475955705524363854791652354767524381957"
"-13/50","2.0721249685359895860042164698169759571692440791780220480805341325856711015217185736617563491601595026857308043179620954033868939635147931945851371568454441235627641013137109567700666130318788237903173158593881142347828171632005410827273792284898014517526154732605563940409367598353001117043"
"-1/4","2.1618533695496619588027791164377576894872392259561170502279864828295190467569883959881758972192042859079426098496605070025749166425241379417831759181949929165234599591797520829985736957972432242762610864009715486569601614453858643916438621362555520361872865271300499412621490047996842773144"
"-6/25","2.2521374997506370495886736284408632645946562350813062184114275916833471097883392067319429222803581409231437766421519168420601735910994444321980896852972363031881753437663532377225681550377027352218636967862079341061138052579601770898336039472693636871131964928250630657282620036453362573604"
"-23/100","2.3427587948525471124332607159503909066777608567379898841259733136028414606894240832855339039848703358695696935841294801465142482374648946103755741852240927212995462151651669049131427233211553305191369533222493751462185239167458593837443429838837689436877449233586547725809061297436210353132"
"-11/50","2.4334756384585875788711076205808907744242795443420028869827560398365700696003740541504671918037505059408207753786761707597123791588263444834565230919400635714536941709120016860853870024608809829188371040156966996183975514577912942627334718810616135978542314131020504071295566357795068444988"
"-21/100","2.5240229662007210115167494773140474324315488373477561880683533556774091721390939638397278072417195094453367476753004094865617350561000283416952813862489287611566652505524911092304943763223141605341086640728896940190855264326032360808446840720973929829185529344141609632268435415592460245645"
"-1/5","2.614112188597979881777137045666583419362570103516432068511468514066140887543229752440745001534024263741317916037789168733510373296947245262981840127783183399088201935531821312613716273878719721714211610664812568989155633541491801700744545168581870162646707724865276956592239784506323019798"
"-19/100","2.7034314889209308215818194554821899688650719427094809512853256650291861591339771324591497867841319639001766033248724649117460768980781947598996806232783385624454095027805364662056839813393103768781151120664296843854641621947464265208496449202367371648027122997385061676736463286376686434302"
"-9/50","2.7916465516773104628854955837552613414007772059217057482787592662376437584731428988287031584008320815654521140444570750130629045831732827326933480352159447580044383378727222028394506652767665288803973337223847976715773921524196890474292106093943648641064158836878605881141661168681275415638"
"-17/100","2.8784017742582201967042562242665517083926029053758843981069109277552569231527567520659731054952583760207271144377017434780170667594601994961204904541805044475735745525884835783935479930133673091343609278588352157001696034943251378890066678470805760589372271560342275783228903027922190939756"
"-4/25","2.9633220083840929366301884027358939684071551875998323165073114426842031166762423418392316860601963792858641773855594781861885033212625341021023567607473547041872977330203941880329892367236652118612758949947060421830729759235275058437627414837029644329336421731307015499570688083212111882457"
"-3/20","3.0460148689146164197300345622553227189408153667829607620183706243035281219380980288982108680102898316520462605810693159011606796936663081321309483425108424648758688012211156776503708999988190938695300859375533757528823191782775686615350673731038795090570683623409185980411424174224773852291"
"-7/50","3.1260736351049989179323722988338626053931173802847822534196357245599179103229245558403078445602236184030657677656741607181958440375709741478735168488630002056779850623754970408408662686491373361593592290378809126477237534553197768491721485444243270333361747009024707308053772178767435774492"
"-13/100","3.203080753440033719311720864177596410141234953578146541227681140779190065015226013150097424595280249353961017189135559798927178533370888610954496916305916786964342446354749026681378581426277339426343506091031328055863306330995166106135849607438493071397339078221644768035001866696121877546"
"-3/25","3.2766119319145913398444654319403941157986075386128638834687501810356930478571305021974026763537333370646230074611307598614219546105858020347464583379088098847317470899717190478038988990535965361178056390143529716316033220201870423968128183264462528683410017711001815619410698211349470315748"
"-11/100","3.346240793474151732981088410038476715270900546523055823069209725175025261175625483355709570104862981299083260137838337441079626006489686961069912569504926285417178363282589431165838401833713543246191715925596105392003953727811230040288406089303833423569586054153818466106039789173695755871"
"-1/10","3.4115440319926160846999689055065876706667450534863096610537844881594844830499313289514211855995775665394141955065588346314226510515616878321383865901789750167043885372904118539044832704341085826886041457043360478398271233692908514362402509859968233378890109717187537992719480118886226277387"
"-9/100","3.472106988655879153743106909819126551881975840694524902256267484702065767136226218162745035069087329555790321101489295066617022180199310544285416381327457508722382638476820678868620794462383905506186570329352849147103522389482453147366290441677881624842254878902116683010696693677348797503"
"-2/25","3.5275295412242869080032639356075098980651298114684617502496534223312305524979515462705758253755984448299126827724060899756995334405478221799355602598067974454155159109172493404910501117340048533220032589243263774426967183995250019263047291120897282577829229708579214328895117721570293474719"
"-7/100","3.5774321748733960865282084254155071138206352433167945897873346539611276317014220615554869627903996228128910744879217541914967772685979684406110853005321662138303324294275341086162019321852649041557585122536160566829642494092866293421892906198463937545967395082150996327803228107473263385286"
"-3/50","3.6214620828022881181761749265612553543277024086121652489072695953761765395603872860010996743354360590401228776887679065255474961371232538916858615175573049031623660510444312760066417326158848035400333803301459465800855900405559636045633503457527870967955938117185739757416956033008961059227"
"-1/20","3.6592991292074026732048148935646833850747392994995471360365141359617925043505558446522379698901246081001399661844953960821040682522698017982613211673132800227888006558499844641683762461428021677754189421973508915501245923539047452501818036513855359395081282232646740824710972933748326782214"
"-1/25","3.6906614980727329710747071745141232129422819228983330161358039966671385647078721267511089935980964738721443629719127705613207794522396401395790221426471551628263786206130655070670752932436667214001324710053161673122669293721100614550085734100609473529794381275177428749446255860196932383589"
"-3/100","3.7153108497658761068482798327896172247160302593583074147139250784150525373295306207243127465693906990290683515822783948393854653690937603540386279322718442030282123081576677038964331405729029361896403796637995791579087273054207278951963245285850704541539455000562126915087445435190042529778"
"-1/50","3.7330568144650812970809308563933628747637147441880442211616169533265248026801668632001398543703598778447884417828968785401811868572739355807690873781731804201248153121045575252926955935292851516147821172213739848889320995498915032368981548052481704503404452288784356363423887648671608515973"
"-1/100","3.7437606672351567001226127796397463301223459012677456256913433197626475225740938905795097622061120237684461628695353263298229752560220383729048392861640183235995004497765129238610480629779093202134118148341635715858327958111275363564459669663421765267236932194902888850549895806205642291138"
"0","3.7473380537522016216370753868014100737835883422116119226117501366634428393855629206608956353831171218953875985488948727566037056635451398917877147928186932072530767405980614326590957479867553689766540733118053971922636467093843177599494961819943739880250859185210198807103652778545043695431"
"1/100","3.7437606672351567001226127796397463301223459012677456256913433197626475225740938905795097622061120237684461628695353263298229752560220383729048392861640183235995004497765129238610480629779093202134118148341635715858327958111275363564459669663421765267236932194902888850549895806205642291138"
"1/50","3.7330568144650812970809308563933628747637147441880442211616169533265248026801668632001398543703598778447884417828968785401811868572739355807690873781731804201248153121045575252926955935292851516147821172213739848889320995498915032368981548052481704503404452288784356363423887648671608515973"
"3/100","3.7153108497658761068482798327896172247160302593583074147139250784150525373295306207243127465693906990290683515822783948393854653690937603540386279322718442030282123081576677038964331405729029361896403796637995791579087273054207278951963245285850704541539455000562126915087445435190042529778"
"1/25","3.6906614980727329710747071745141232129422819228983330161358039966671385647078721267511089935980964738721443629719127705613207794522396401395790221426471551628263786206130655070670752932436667214001324710053161673122669293721100614550085734100609473529794381275177428749446255860196932383589"
"1/20","3.6592991292074026732048148935646833850747392994995471360365141359617925043505558446522379698901246081001399661844953960821040682522698017982613211673132800227888006558499844641683762461428021677754189421973508915501245923539047452501818036513855359395081282232646740824710972933748326782214"
"3/50","3.6214620828022881181761749265612553543277024086121652489072695953761765395603872860010996743354360590401228776887679065255474961371232538916858615175573049031623660510444312760066417326158848035400333803301459465800855900405559636045633503457527870967955938117185739757416956033008961059227"
"7/100","3.5774321748733960865282084254155071138206352433167945897873346539611276317014220615554869627903996228128910744879217541914967772685979684406110853005321662138303324294275341086162019321852649041557585122536160566829642494092866293421892906198463937545967395082150996327803228107473263385286"
"2/25","3.5275295412242869080032639356075098980651298114684617502496534223312305524979515462705758253755984448299126827724060899756995334405478221799355602598067974454155159109172493404910501117340048533220032589243263774426967183995250019263047291120897282577829229708579214328895117721570293474719"
"9/100","3.472106988655879153743106909819126551881975840694524902256267484702065767136226218162745035069087329555790321101489295066617022180199310544285416381327457508722382638476820678868620794462383905506186570329352849147103522389482453147366290441677881624842254878902116683010696693677348797503"
"1/10","3.4115440319926160846999689055065876706667450534863096610537844881594844830499313289514211855995775665394141955065588346314226510515616878321383865901789750167043885372904118539044832704341085826886041457043360478398271233692908514362402509859968233378890109717187537992719480118886226277387"
"11/100","3.346240793474151732981088410038476715270900546523055823069209725175025261175625483355709570104862981299083260137838337441079626006489686961069912569504926285417178363282589431165838401833713543246191715925596105392003953727811230040288406089303833423569586054153818466106039789173695755871"
"3/25","3.2766119319145913398444654319403941157986075386128638834687501810356930478571305021974026763537333370646230074611307598614219546105858020347464583379088098847317470899717190478038988990535965361178056390143529716316033220201870423968128183264462528683410017711001815619410698211349470315748"
"13/100","3.203080753440033719311720864177596410141234953578146541227681140779190065015226013150097424595280249353961017189135559798927178533370888610954496916305916786964342446354749026681378581426277339426343506091031328055863306330995166106135849607438493071397339078221644768035001866696121877546"
"7/50","3.1260736351049989179323722988338626053931173802847822534196357245599179103229245558403078445602236184030657677656741607181958440375709741478735168488630002056779850623754970408408662686491373361593592290378809126477237534553197768491721485444243270333361747009024707308053772178767435774492"
"3/20","3.0460148689146164197300345622553227189408153667829607620183706243035281219380980288982108680102898316520462605810693159011606796936663081321309483425108424648758688012211156776503708999988190938695300859375533757528823191782775686615350673731038795090570683623409185980411424174224773852291"
"4/25","2.9633220083840929366301884027358939684071551875998323165073114426842031166762423418392316860601963792858641773855594781861885033212625341021023567607473547041872977330203941880329892367236652118612758949947060421830729759235275058437627414837029644329336421731307015499570688083212111882457"
"17/100","2.8784017742582201967042562242665517083926029053758843981069109277552569231527567520659731054952583760207271144377017434780170667594601994961204904541805044475735745525884835783935479930133673091343609278588352157001696034943251378890066678470805760589372271560342275783228903027922190939756"
"9/50","2.79164655167731046288549558375526134140077720592170574827875926623764375847314289882870315840083208156545211404445707501306290458317328273269334803521594475800443833787272220283945066527676652888039733372238479767157739215241968904742921060939436486410641588368786058811416611686812754156381"
"19/100","2.70343148892093082158181945548218996886507194270948095128532566502918615913397713245914978678413196390017660332487246491174607689807819475989968062327833856244540950278053646620568398133931037687811511206642968438546416219474642652084964492023673716480271229973850616767364632863766864343024"
"1/5","2.61411218859797988177713704566658341936257010351643206851146851406614088754322975244074500153402426374131791603778916873351037329694724526298184012778318339908820193553182131261371627387871972171421161066481256898915563354149180170074454516858187016264670772486527695659223978450632301979797"
"21/100","2.52402296620072101151674947731404743243154883734775618806835335567740917213909396383972780724171950944533674767530040948656173505610002834169528138624892876115666525055249110923049437632231416053410866407288969401908552643260323608084468407209739298291855293441416096322684354155924602456455"
"11/50","2.43347563845858757887110762058089077442427954434200288698275603983657006960037405415046719180375050594082077537867617075971237915882634448345652309194006357145369417091200168608538700246088098291883710401569669961839755145779129426273347188106161359785423141310205040712955663577950684449883"
"23/100","2.34275879485254711243326071595039090667776085673798988412597331360284146068942408328553390398487033586956969358412948014651424823746489461037557418522409272129954621516516690491314272332115533051913695332224937514621852391674585938374434298388376894368774492335865477258090612974362103531321"
"6/25","2.25213749975063704958867362844086326459465623508130621841142759168334710978833920673194292228035814092314377664215191684206017359109944443219808968529723630318817534376635323772256815503770273522186369678620793410611380525796017708983360394726936368711319649282506306572826200364533625736038"
"1/4","2.16185336954966195880277911643775768948723922595611705022798648282951904675698839598817589721920428590794260984966050700257491664252413794178317591819499291652345995917975208299857369579724322427626108640097154865696016144538586439164386213625555203618728652713004994126214900479968427731445"
"13/50","2.07212496853598958600421646981697595716924407917802204808053413258567110152171857366175634916015950268573080431796209540338689396351479319458513715684544412356276410131371095677006661303187882379031731585938811423478281716320054108272737922848980145175261547326055639404093675983530011170426"
"27/100","1.9831484684594428153757688072199690157299512213094969960530539035189643827144537554979503053895038531916120822917987824785470381737689493188846359393747311510694684392253563299816453563006174704781438375442129065535250517553450171288990829331745398833475955705524363854791652354767524381957"
"7/25","1.895098519601597574536662734887969786181063580553747200485486170232572724853502568220654561540297049794226068650577546343742281460370230393929264205392754530244412947002207570674233335480524615732473356018326151513643724642531371064368666453155664925690663222641637745487589034655077064997"
"29/100","1.80812928499461631718840784785514809056587612124138364900849723695120302043835175723331523830989221417628125019583754671417797294689172255515408001105234498135925466428531226970385981356356583787690006541436712770422639916459206570925916868234142080151077418592377998522566449937036510085865"
"3/10","1.72237559403483221783359666457878641616509947290720112216735215915147758676203155567048342142297196576041441225507288083441285352475047244250704035317721989440597854325253280418849356673454014367481746633967326640603015647964312318861999238546802666631588118201128407760611047650433567637658"
"31/100","1.63795417671620016126509453306836464962006759218188925575437884343248727044503143357372996833482823193753722255936467178063591759753970854568447163040902041847020000913214392896768115787751369387230442239243003655546415455185720252733960793137609081445957001011735983287811090124752559459769"
"8/25","1.55496494481927330025802447371390991999041625160858367614004151499903705740025166551230883667078561925241527169133342181328201669154077113901132790422096324924071861301387737198468985864596060862746783790923882928452838949850645351305587268627410372926632741014526381082325679438804339823662"
"33/100","1.47349229142473416539893466969643607242110279045256824425256942883468367611283050942206449764804881996136526041500097643624550016490163929999556159732276245938536445799841680892487088272233065260066260647220976966204021329517975097237405113632836981295019526233698091406072831081824391213093"
"17/50","1.39360638492225658032181405709027005122395414829512337378890913960923780073171395538282515036523613810458537764043207155522630070787126147559619047124870059076322857210111425036525055626615054227661660407040510880944942850669969740111640331908957389444558098959843370385539733020234082488713"
"7/20","1.31536443814759915599712049437435112350527219346598536912500279822933892245832247556948527381362941280829277879793778140678040826889029018593039344074016464698139119846663430843756261374646522317909920653214616409759085692044610771774698278169850207278898499188509247291471230773054697294325"
"9/25","1.238811937334903353746922575984731078638828811856871744008212361346764788014269800365151492808662780716231637443055651987300038946427501177822591750772333444900658957465245889926030260833369715601209291122157849906578146405395189708618309016991674541462527261347175865031622311820582412371"
"37/100","1.1639838191812108019210810601211117227909860813343899011896666481721371977200032345767333852505860125223917900515816125612973216154260934354077222271626133698641526743465260668566964637560516923287857256612653959372695461951909869767360683961268782221051454745001391366989799835666039930142"
"19/50","1.0909055874758634291904083223109651142621024635776915227263765027654746229967624122415092176514375517909833677445210959181494778624550506493145877544159141452686325172637307069575311378033116154901398354528455700518071924795050565944413365544275430197587628307586638522854554573714598593343"
"39/100","1.0195943634577527368791486935957804344539547701666870096417036813785698979880632745568939279558864745118467028425077354419153041236413371916128176725159301250813478739343183195712036448013154057116485093531395831991537260350696910109979528618722684833151567624526452433432179596512452049462"
"2/5","0.9500598663514244639561005185855727935912992413548774880556049908152558560159179958283553209432128451341533055423237717027354983449187354038651599333823885058246548286413020473353587170525998738056667952845326343708757096646430272839364062576052368557467451092859912141310843736259932490849"
"41/100","0.8823053224315138179765057207057170972787281066680910952014173950536618778340367599828217735780926945521237164695443738908483673114494186209398916195729562148131498692792911427438849163283026850036292207521057625577598358496738392645647540470404383038101789860744297378827630174126004861102"
"21/50","0.8163283025127630872468485608612281023203369228585595510794114278279812403051695838554850684889947406622380287894490927852340177590620633734048719954324566730188547357335745881184332308358029655626666403811206821137270277082667823817424682401111924055818910359054673899315155556251348807234"
"43/100","0.7521214890026855597479209304128863367558593565451709622288208696679695360226175934621685867517126619614506939287809391458528049037673349045317567326332910493330466747807168670910250103970716521628565299820206358949218879345722094221970571382071701722166529485407021159296014691668580222967"
"11/25","0.689673374631303661046984199419575273081780903675613571800356993087726067563650955665014537744298306623732460767334596781139060648133678760220563654372959155089441601183751352370037517225634460694401942848154015807331821407571806475158120199317478707847394305030378231494138522856058163328"
"9/20","0.6289688957363404809382421620576386250397038798435507995998928139067612339615502547968288868317729507210229500394269977890230536281851263753253694068225805465364331613300739631266436272332072135823959857907507334680052292103039075037500846380858585429826959526762891414025600970261172756569"
"23/50","0.5699900035891584848179697262266521278580139477822784980703444338858927197152303842497995133355875311523525762422654726348478526504560053563421706132148232188362592827324143906890886642910061733673107889109181037275348386684693652082153165146300601546678935485071524540841024613949668185583"
"47/100","0.5127161777705251903819131860442638694942287499119658861952639638024183428837526807781132638880111915884503764082680322690561566046899456888576005904445375185068662896602034474936525171171674116076531859922165322668926901718390319189888739623495671615239290724254607231908788140169857223936"
"12/25","0.4571248861624571657204206263402362555480797816982885990483859056610226532625151993310999673903528639435647575121542556096364573020068935331411117476043866237615880557930585899640076760296618125066326231163110085876438353206574340984040099872493861459664729192567131872371962474298800092693"
"49/100","0.4031919969353922139916967502093292063302379225628853311997742639820233329009095660207038384303148459781980448592766934664856140847772481829609684582006176866188908033389453676046794963842860581652036925310527204782343149957804327450856642295472908260251457477770499645822781883400797053682"
"1/2","0.3508921494777486846371216676193658159817270405545408853267535757742333217485675693122838488058922912748292535862200935679794878489912352528130139965816770423515914736044407557668709003537074839671078530273822635635174457043702007517495259684074919163470757695770926527821907064988359619146"
"51/100","0.3001990948147930018731849350540616971095713157198159399222392044678008048567262303828522582219030623749809536991278470484548841497398627361476333104849646360524308070326544071741837042329744830144287683739178364981635808054418938049564846489667353675916274799489468852852867615442424412411"
"13/25","0.2510860253969381959104098338282265811952778529138725258873657248616401211214127126562796662695678259334923998708173313919569793916686080169732141334033007965199628364915242760094255751138965065938751276229994220794734082022023154320128461637078700800728934306375004134755154787385118023418"
"53/100","0.2035259415270834913729847697323901018386571424927011854421709741592335885012909961359001183158581522464202877141409279820169663056186819071925096124019428451958205038260699050653821610335414932768562832170156532328141448415844905181264249428643602979206046673257266062809889157038608791905"
"27/50","0.1574921960587787992533601957467804556706939898140803754740903580056498721071442626535874634032665995667931041483106533520124362910118763295360160516224178298406459421279227414720769604248953862012165999794934357715574509503331533870359643233990185917107993293129147030059034100411455225459"
"11/20","0.1129597684644337949600936534366662069361188675543311430409577331998124525506852219033372836532309732603871605567571214330526192607866582644028275408917653386890522674253282997647246334487355026849620658576883746636021023030513482949932783900900513519861307257984711594374866438782795011336"
"14/25","0.0699103965007176792423319946299057578245881200441442293465574326851525793099582262599512256420652994554930949294602154256171742272923215588496613248670605271022438882530791037627985409176117522372919142476540656133610702995486857685549639365221004764854951328446482418413868585124836840185"
"57/100","0.0283802663849770815103391372855681174430605749510366732020680539373798348946834232109895016507490591716603494237522521036156624493370454661333318823233080540213313926630118903754288375731383106620703722047634256927900469936959949368052948138008700778317934513828455282450694641236049440912"
"29/50","0.0124343890707215675255798997935156695331187309871591867139655583662959145244533182866521900231580478224115377838077120964035312471011601741030426388070474326788902853143049679535359103059894984633822424236357858200226155039361066403040116686188792174560121086521589752219348037904504791939"
"59/100","0.0509572726386393155428846056868379717779419257926419940791440078614196136100793032301304664166108246329164965446417016129309590735746615693531996533214313827743481914493413952930850202084022646899720812261062031114517387225336483242154135619389786655426553343979252941477671333613940156092"
"3/5","0.0883920043394653472135038188264061157087093020786102261110838667322694547007801430543313785691277312320964100990739876209652784909532071246059457490677101835154965402158115771832029489119810708128147983046387149326147161063054846458712681379406370049556746196496459456182543300445818086315"
"61/100","0.124518230769031019346295488882841885442279587933899616903255605041761972578046719185370377439302079115929358976108385258727297713649917760360572645530820009043853177180198047355480930522962318520173187113788185522884908597221097483014696847050716813529512775344979337178864965100690958452"
"31/50","0.1593436338094050569383909630738216173434645007163584261736503615256179986131363860466228573279020339484581453498112360069034810299248643021467446415925778213215962325913883944686818585317194200630717591998075519018055408952297390559770856376983143502913001967973603753866466596180940948512"
"63/100","0.192888715658297137850815411412826519249346195511738538028976296131212887485688382675376025598906509837757361743103669292779646709696532573548119072749628215418814109578746341030594082087274490823810991659181794534691327809398782717694330573515975320310948004563017173632034887766491599565"
"16/25","0.2251761775826514895213639905340276390514109057477224431005216089754672340258333914623906330819084263400116908450995356278660471472976090711013149243241671055886253050434714024813469855372405891016963966082705815434616527215811717856401233446878468247142002648296399630323896505409647020374"
"13/20","0.2562290178453315025419389656600680404507707633248063555852488226666866254972374024782589111107813560893999773275573941172759093816508594941903996673075226564846027395853613276016932924427299783475030660771202379118049583889358274980728103118800422571447083224816363655357603170942964658892"
"33/50","0.2860700069711206841433964843506504742785412049266031628620594173361007458055676356123514744140146887448963443494606981111264278667157856924995215806743466374200826950240730934350095367367725147260846243518861387096989530755280792425492103732174685351847156806751589677303208264806944323968"
"67/100","0.3147215087262054509610723946795030624335024890649593895524654041284476839917755014678438968414008028752459267101681763986623803000471412750442091392042247477928120944529620922243633021444071053430827700730653529995776033701849615512996826661294121314143897707164129987298632200283892548723"
"17/25","0.3422054152706913043478575654175302887370597675308056798666528820016826595653115919969175514384720507960665101239900548723376999559973229751651344403691244310251145217108868157919791334840961425072107036941588817499286751925540559825116324334383178393296044449812817311194156696420816868475"
"69/100","0.3685431281850242722250284813439774501493452675916421598971138378112217614290987234034119049906324664733362283292801546510543276061852602271008980017209149010969487626016343890613084211776476293456422461887063560284698589374856944183542965013125537464656196740139634380345349380906974199611"
"7/10","0.3937555609810385245400560065492248356165701959056758154222682871368832445102849773148852757407030444969914720670421722474511356784652705144169323838288460126107232687116385819956032152889220832898300496870649927010440252118860185579292172964234656400497923037645719806232859286584087398723"
"71/100","0.4178631529691683457601743515714288078928079157600504971061555395555619304015320539828765327694385685405961025437538830043737873627664516306003959668240838351682004364930583190441853017529870466749769001887991656238924263099491933825792682532002054036754796630821957073204496826730806125627"
"18/25","0.4408858896868731346789966412658713913330757201871986182730060805418454862715826888223502297784448275049272794406542356274409187617374745580831087577018077862473650482829097201004753781745213883224784030273981400832015882846860085005666073526860348640022160966312359983449429762702612704535"
"73/100","0.4628433273284620121232146908713787618040390056930330875230312033694349195668081064659144455447466605602713173483527251354463332672062182022499904668562383915026280504971604274486896739398044204064449750514223904529211039142530428809893082440048965137450729998736570921725642133561734039077"
"37/50","0.4837546196500714186556902898135170305406941268890699599448014533687396727964578601319913384537804290634176578763710502867025241698143184826137867947316274688148296744950523135302983025397599506449481580874479950139626996523414853630883844180410399331021297976829282562769685648299409249094"
"3/4","0.5036385463469407676379607914775148028521861090755207098192002084088262182729274203708585696607338640456921008685053836480995802162914142991814365875512314572178595111414716972225148951335738554920675723805267560697958721240698985663208384328369190677540443223603192345049901618407298547847"
"19/25","0.5225135421895487576899765925269959814539707093574969146910386358149550822004383085426409684877034240617382752000909244864083983756612214819453355782418763915860426501748694198417388441613306910623295645728415768552017722167813265262567012360844938840093129162898049714499807231133177252886"
"77/100","0.540397726379691030661248075017171013632595209340880312190383770927299608400800158167575006141454080284107027961531075201852779481790394089261335800054522324753858842283890687096065485363202604888354051665787520931947007234024696135465787533889280151524623453427657979272726815269598899436"
"39/50","0.557308931701985317483650008135642342459814928384766435884254242098254415685584145168537670464222103013459153725929815061157211792356675661188038435543418411001812166813166861729539397581955903837233832814786320631863168657175765592464071843718633265522249005838717870296930611710190557468"
"79/100","0.5732647331272701586443139620437735520546997625146692883557081251354063630690393879050361473048351326722974547469352367712642757417662252447395073382113910722230744021032614069150235978556454745222519295463618072336286069415502189455890966073619919905849728616119511562438786616704810745523"
"4/5","0.5882824755856017697237365641110935110243184265341093535217015418198259956739529957865117747058222977948036374644442399981916319068027802707644034822194945162276523760257571655904046802286661880827683041372190960636904824109642397365908463637528654188326715543825322203061224804038190713545"
"81/100","0.6023793006754078506242328228404562017541845213024788680944789357186998159513551744629097281781331173336204448712507000725281327341009720377068144136013355112917085423614998005719744375990477887140639007176332236387058659960396062281406095343513774616995671172756684861307789446404835454923"
"41/50","0.6155721721159639360265666788019754031962990375627517260303132617952040105874992772448931437643316338122881221969945969405523815811403802494923326671844696643139669786905134299587505575668440954747098801240631896638483311864051052999133462187988137429865258428385760387751321160281915081496"
"83/100","0.6278778997851456041327874191739416251725340135067914284740372958210090176639836833836398335789866936414504540248251035372645698815161596583094731870439993165364446748710430949520920318262118468338968138037267347407191321873414765135286984816261342868264713284722609376287837339942289839982"
"21/25","0.6393131622148644834369064648030945215180709920053230871097831193008251943627322307549672732254767142878619085646603647373948422733746850431267273964214324911067567281285906804241950068248667721531124265710115296069668418873298841798925581352397069132937384773224433870445912556496822663296"
"17/20","0.6498945274436638923985728017956529618828607292407002970296732359035437862275782576875496560019585568295896622499245868666168708603095452218729905650056051845050405059381793422251579006532054412278636362924201650549729077725829911727132665947046196492362824846176961866694945401715983397427"
"43/50","0.6596384721502569969788014606445828003503391015675606833375380625706265218952882098331487118840018359093874322945739397722453133574375141931135041949234174667550816402090876582814702925348511725798568322701887717244095524760233280142260166696946148007619929957012240786032161746884862062905"
"87/100","0.6685613990137651740388167353471019002058243758735129311239975147376745488639793405022373900515130100764450387937687000294639068718327232028170722151574469459634108977887068208117205285868701238368771227197247578898736498230762537944046261091190173941331138263726776445283530905933073324611"
"22/25","0.6766796522663596878246416233991164226648129710737834736359189081597881475712896538381017897893823808276491200269532412062162810845788751578655728770284266840564560616472966583860389277122029132445746048418454529106852369366335991711783117691613401655054288341315735137526831334518615095964"
"89/100","0.6840095314221458902647194267696104404754455448636097893885128804406380701364145810999429079549227876452249479641440879120759320114530676782984219238673153991902553027220076740105914418761420016261576647651391120954053827962621177206546802377847820669912842985871176098281113817631213290273"
"9/10","0.69056730318261987751781556502980775564280506944442466516424359008047817684933499627652285879719294797624873893915764011223690450057150229825894640534159092513315208711103647001164556946267025306567167956489585890223038491272983998070354067970137585006640605114685699496749311354080652507"
"91/100","0.6963692115339978256293920915430353377455072325972531267597010913565009587302934660309780736194707046042187058480688915317873887898170378839572628288496803700018879752927144902758635050063973010071181184993621385306515617174775098767143536232935615644566249408920778729418448373683330903282"
"23/25","0.7014314860652654974874845302824538762484919551721541679544128550183030963239313545330457148196832513891218449692373472120354234988663679984236134432485705387319612836997049877490840773497433348017096002045195772132236947260250834789054062199465862768621278898665828298562979348985379429847"
"93/100","0.7057703485479974494083195349974724812609390201814204786741044179280918494108997045736836152721524644572683704709619556790560556075146581978751334001210535685589473416743118058241623446426134146838423827987325060123587088233101819405575359492176059762166965665541062098359809325265767657732"
"47/50","0.7094020178299161052299693707243313172644751624258407276963421198311592774381418178845230152049618420450757079467351885098100466978566656848908467282312516934529120670097574317715705450205039085873460524147655015670412162575095207453324624501976101394892115246390397420115111749243007111985"
"19/20","0.71234271310385418115528589661825050692239387085516334611380259500866254636627031500446384231252334548574457123795800923370979549940411496425041787509314412171537195291113914418620558567759875145546053454929729357721986219533172144381875472641212754314362293173160746659101601660618921390497"
"24/25","0.71460865562229741159569204492762758488998204417307920744769311118129061315338464265298155989000652783361099549067602272196506650750689224474166111428161106682430392315651790409897404059257478029146788397328377167069667839785242456489760148316132625578776404760044182589884094442211080806417"
"97/100","0.71621606893506146090009135865018884084675281703881797400432610383678780018743241065150454191225877412520661648510894861778867691428115940773657372976505451352049343474166666479190117011416973480098744236693602157821625051927749231475927477966592647746432056595537249734214628578999078767123"
"49/50","0.71718117773393835360185515735651698127552170908671308425029295513373328713893783564497594672700114454622387501484022085904597701466071289592237861641280774291757152815007747337485891374732394453822070578372502654844567857551951576831712825324958998650033809376139939349350604070214784108448"
"99/100","0.71752020539337395391709518488081660602095444350887829424793154701359568521589606162180463682340375151204625439455941174344100186841282149260055803819935565126079226508989912956700154157855402406533552387959736360546995787602976842282002674153656346321740413375264744579404387402414989789383"
"1","0.71724937030044951932952380590537621893142616037855985846819911178843379398817374775520117296736441593397993130853975795890014563386378858913915299798266415715639508447236222423335792010174449989552219205037173750494460933036271599249728156160442706857843526549776217631612645961963372082802"
"1 1/100","0.71638488107067882636472617660181133984066670355136124493018691682571541457106400755853227480211784363667186701770570194234044026152751513602016544937249322646487400372132016111408693431981268652966597260905690659437144643632333298677293167753458466270175539096597880673936006278952513593955"
"1 1/50","0.71494293074844122474417516818672486469970704592842194153658661269742190812631924853083437199734729434275901129178330169213810001980268907946230079752903878892840696194422636819083227441041271267597762063390263605754173308414960254675162392277765371372091378237962389001118364684965939592775"
"1 3/100","0.71293969009229572251956779056802521715312706371125112993576790399534272251624297653904716408124588359814372699874905223972082127879257738651992867526263132222986682453617459807575577875752347289314657408340815233477226707320025446353963905881936476729817805888060597604221330860212549171107"
"1 1/25","0.71039130004600963555808053614129438454414614542077114859740873648205240424931924403472545377695510949357251381024170865613678743941319083110231914122047191275848641221864040110639326482451122265311857290207627213453080595331002428504010726482834237374375288598612554186312273571446426433705"
"1 1/20","0.70731386349593757792010450935288331231965102899555757828743552463866857861507065452595247710800708081334327947201983662685769486097426861774425088148445435349332554633418189821102048667252403959891120190572429768575856426273600225026040656326297672785274675875682671535736530370805212813913"
"1 3/50","0.70372343641445499271560395578892756900862210265375006732284834806306631269069881051121042555204577473333931021412489015972365807165899887661340158103379184120562568678818846532328638977003008096676308309397767137021030311288682973353134940061279108328078932546127532530904823274347111574508"
"1 7/100","0.69963601848753942980583285000876085005438567559611478715778518467791353833375182189113373078950493704258353514164947449140183118566801288117496582225356061155615065978610290263917579712222509527571625176999154425994427783407900429533403946736778149661975297713467447321415710336915933710815"
"1 2/25","0.69506754332235851429391344991822891107613876764202697656651402856189055523791398888808718347004863744261834258237215206330487754434219489399675443404160245273652926710585330280063555374916237966960680112309900935363255200724071329154862948314465469349989581153955510942031834823085283478725"
"1 9/100","0.69003386832792354423890569526945795445687834633358555059712794683967316662728557819022721384040857033668263157828281716308005950480636196416142245355068133035942621661400062949057724948597268201026019926873070635332991010329258490567878919935285931716258762457154000761639917455999537869278"
"1 1/10","0.68455076435856039562028359376975798643791374081638407911327691796805624449322834496682438039978233329800886217721544757582671701938686178596762572049624934482204424796132734918687140394987701342163175955817043217951944810440193924046082412394334579547457483619000914321809740006949761262885"
"1 11/100","0.67863390520619389462671707090101516047426735601815511832354196850741669924440150410425991936295849038228813470787191980989688412915731179660345264169762210612803760324174729462316256086494085569106645830964228086441152874765408097269613658998507171520589034811182220224978698090219105927881"
"1 3/25","0.67229885702329707523709992867313028248419028332387474449030330097617062606141294301029773214186427657076553488833116800154802994491612919580103232584489740827199682302427326557232812352318045819027464437514736177946574388240696894192115166885134218148971045996117100222263437135433940821198"
"1 13/100","0.6655610677538813642198467984945690954313582017220701385636844439395180012213850174280822285605386096494521285515748354859970628795824276978259063643276118301756013635920224669801600384169521191443906689724564886796835041386921701449876015383637296484696657934731750498602763993526981896658"
"1 7/50","0.65843585664515540154643262085763049802125719676570442420273946798652043319968475791166893830917994799416582290240203278462702229724683292787914222603148254387821927779355963436287395161846895094228091251680235890360061547172137269954944633627674973848893885764949145652658132005833330532128"
"1 3/20","0.65093840390751521871191806157144637049261393774232490177143234268086953876262300262863019367875566410204321003194188678326331876867832142113781851934302099795793186313054681396518048140677310831877960300419353743186345427138314632561673033709714261898418153869099566182300817466295676780483"
"1 4/25","0.6430837405854013737044474043290563987157477732562171013425271293636876415122718476984032789835973076813017439495400851040985691943383518735707645410659747123185095494465768471985492071722110978912222170284989653868345411564751412237484417025522214227005403637699920005386906643929425042554"
"1 17/100","0.63488673869632171009803914034638342949255014489752261834175262071736209271174012914511581580282944751967507230664429055518935213584164268875622164591072893917991142853292095888545961467004403217022034294681730665129798408515172000968133770926074851104206457686488350050407349865458691776527"
"1 9/50","0.62636210169004147218284317654234346956163988498749637335483706783481105999612587278350090592159591302060207855874901945571671413189195355437009580868964146294245123119316211349197779195154686517208361894559501357563201954134873298267766780411803628324984642045433252275205395511262651900592"
"1 19/100","0.6175243552746325477120432752610857393464373001656417242458877644635142237391670682287840008646872352663963801261681383428902015728244802980279641090597205570183904366696666847723694507046073402080707833596269033924249915669283746188958507927943395445525606405750868504742485879716718236778"
"1 1/5","0.60838783865079453735250428766575347679270370739537311487873278678517538174788262681352726293815913535449693688149438255258105324373751659292702338274149123954673391864502436598302470595200698273337039552244761367745242751324726381749265929207960427796023978391797986617920776031092365316492"
"1 21/100","0.59896669619065282373446764223999048898850498776912440841265169739489871202993958479676726438254229745046342379634309306527517388262102751481390288413706006529294323058510843207536738565102696359428564724218603262730537020157909674218697876619430997808418673568343923276558140886173792417677"
"1 11/50","0.58927486959214010801203362436643786683521726308226908137035083999759999601750526261695272644911566117675304353493680312052457246393450214641067680817887582250874143585086286297517950696444121673553629100361300724992420385541147472511459044379425831881744472484297392793204324157447746936642"
"1 23/100","0.57932609053511181909257467163244966012124489124190191656160960650312193120052973580195287386457935563494693979214351103875057949195992064003031031557986547109920112382459948414955800432266448517569955669629010903349568770015231069207717066348997662782158224080287587620345374437593798457088"
"1 6/25","0.56913387386056273671780747143382807516155403976440940501633786181421171448752561248866564202709998059428105859720375085834999044663771383959332231581654031832186246111880068933002407422829275780619366527585859706035546992554918234786274229810527037005680048025685951829680968075963156801584"
"1 1/4","0.55871151128972904616365547863822660082611366807233474213294205601910413960836165889552269266818947364035602605086360336184360848914791823940459115909392113526580441686143996246191355483329477977191475692089657293121217515387388680223370538702984422689004551934235331617985141617440755799788"
"1 13/50","0.54807206569550049728144655334913169263630273421338897669384462319368236928344986739705997262012898323837428642023272248735457871396357719588428070631947641474681543242561515405797943465373715882175731943561237482254424112898504866185154208497789645198019778014558331936104091836779624183925"
"1 27/100","0.53722836593445188119769281890080584746962617355551176495489226990213388813505694590438874394511962482683220374279052567860414681546559680791591466207513424809011959490512172068909200729376902135722195811513100470818279659180307091287545497383046633626791736421400364410295924754147198188105"
"1 7/25","0.52619300224394927992602931111823802590943781872168577199290815853470536309929821179639608415440579218002064928906568163874317838766805940443915721087115929948839087810812106688421117851572662305441534645540166854798474591348904189820684407992654439031796002149789150391303946670767924389759"
"1 29/100","0.51497832220520952119226423604437753647422202587573545043589268144209902355212673021669276836848271339271444269733754100067280491208885131604959300612141281748103900021281448449345704406770901183442744649456988489126478719973438098157236178588302123261234596191684087005759228505942477248614"
"1 3/10","0.5035964272699038234305333494348973725909751389783808415433705138939781137143106881621646451503431204393485813495510639666713669975348551691770097675458476851992770370969878519187398676660245013697516136570402537292840776932088598187912387425156643248522859479658877686007369153012423106397"
"1 31/100","0.49205916984490987219531528114320505921847491675834156110393768485727709068664713140508278420154476447664090552730603814112590495457264034964848517544238140896367765356890357557951163626253611762866628819946642095855650821502867919401633449369631465027230025020798559766140063857310338522105"
"1 8/25","0.48037815092714053746620882771083455934577245294826104463423201200023478368069405103124027070138221526095751503843016472777577250098806189742592317550972428947218176195629635920582200856800444960251786379951434236124498085175102311574440747966604839028032532056644894428507152017657368586815"
"1 33/100","0.46856471827802174431861827649151833599210833101891570554382411597055999681869842694903962753851331512238828347424481418522487354843535481126489639536164188136357131461570750008029859273258758322839707972319305057530973688338731299671858511785024849259305858940619586078360149323581347067785"
"1 17/50","0.45662996512516680328165970796766556160868629209287911039376125665970213295688759047209597716320667177789278180336966984141356585696283681635646362151219649617632530369195789118452821935432169690694407510537544655863251740010954668861293452898126479223366316096838290378251797373779856030053"
"1 7/20","0.44458472937711164679006461175753302168018416970565969840633711291514976441805352708099542576957389133893781831326802975242561513966140575965855786061678744078118915102402200673078797646192426482052955430358876748901715953515672020801517871048120648608087698596902307597824677829744410390209"
"1 9/25","0.43243959333564996337779756146056054575976441376667276908307583566458859403943437421319006030480028354721478306076516548738390510810898355957002688269336107055626814701495653249483058368146302496260585323765806555441642736702933361441896593101828942856887735578072966322211043258106187121068"
"1 37/100","0.42020488388935940858603787156748762057054896111526800238599911283628830057803097703264635093975607377193527247562030000115485891624799001717302988803139145427011094182848832571507669518920314122892349846051065919457192820735190368148858238959843876524509026415864743608645605686833118076362"
"1 19/50","0.40789067317136795302625862866290889048338221413462414313470566787074353091919731389280401398770937270565807527510668714435693294419294945061066957253148492337922178725945726965913988973516585156679505157619397766755714385302203845962987286786018206863843234366999137728321569500980983332801"
"1 39/100","0.39550677966431245259236890223114062318325571984399829757951591762772134264791669988958555138542817571699278633219404849882909789412621876024609010318319919134724849624321417202107103326523562225887310969093402209742733270798963321558281398503468683549273541638624530774978067513570360349961"
"1 2/5","0.38306276973584548204264755260392737532265998867763971332060718268263342941604531868075863570303638416291195287490737951833245004553468706351562843349230026976271042882946721475043322992933396884105782339489924452761288361353646140135758921087805022556295430423595105619024147771040928977327"
"1 41/100","0.3705679595890304133241702446619759465493607016495272393008590217248504047652088458948899859204780941981460691090560792224061393825402829836075599578683340777136179870707254057432451344228610227976611822045480893882162388737929316545781344268714192724157530123212737100427725083171018608456"
"1 21/50","0.3580314176136407983978307560538830674868364950966155919349550966217920585344917709609944889965490927463080817701707358170876979434647360805056407876378460449526416754891855178379774192172878115001864433087078156334976158970781218807136583480827790319934576109806408673112687857511897441063"
"1 43/100","0.3454619671269077613079753871398966958167995154133488510246501291823901049565469719381275814833770216630594680143823688537301529875780835225299636912436930754719279559532971382213174665555754388983800459188085433062897401004867397652667532148320087414952196644364924854020362541005662813968"
"1 11/25","0.3328681894958657081235419571464855589960339804856238539252360091809050011376439091427365544165760979313578445844346255964262525123277638409520166560038332981681806035908353949668940710975658665950472458820242783661039881269469327720177541745403078717442962365873358543734537017645742792758"
"1 9/20","0.3202584276384581948104012130646946666540347034981154072126799700655824978776535283048130963021540672082963166114059446099023459283853617631880465941375574661196638796331052619223588486661744662649037662974434323619164060912782555377472181283023466909367851555756518511726941076014404858613"
"1 23/50","0.3076407899074527118616124761593485234171889684690874538199980119325145715135286352657716934465714955798771358983116519146181699173988382492871493679041612579887780279835927633529168824927125049358281813561301512303642952727433727056109600058684265399917393383158588709116784573836136892834"
"1 47/100","0.2950231543706602440337851716739568046380590572027773524312645936252415204606577505525026902648709773996461802837354646547706769533136011759990891873833306188671513662284252941629633589256494701520502884350899010159341774293637308925205367482094030198628687363083962990211230191786799969454"
"1 12/25","0.2824131735139696872082728481332259716221324460225533101565443930079058730868240110326695134258324879449256343431396436457476253756017883623359041690104650156046077276851802354942026588443325152002216984838495754935456651545037539764281858466829590341497862991738663392190763120437473499194"
"1 49/100","0.2698182794117866939856685969813277990438689506729014516916614835296247697187167764850346563594160252115827028214998794543611941812505080957941029341833144895570075994634023730973472730411937639959240154805291892199259046803185277006797783504614095374694864855481219762746004954098847007782"
"1 1/2","0.2572456894348701031293864438124948392153246198687268628058487322963068072494656047788106617165373442130906953878612501468781782960160736516186250878038973059004282402297185691414481987621222584368088454060386567786098660368927740807406973274870369301346026968475236502950284231693456104691"
"1 51/100","0.2447024126017436044650361957625038149836960420454115679057067895613751604481225863379467595767101565748775718874311741351095507240130807055325962358984925795247068674561252417542778057825980345672757238590409951908641989407877127200122563139746703382018174142705276340077739661759237644246"
"1 13/25","0.2321952567322038472793869581014972226079844419796671787443048957529486505073442207636497716661375243277112646033748927017046693357450328734594485896219013343941824382013449665968534554066058073230807874226072307640054572588317665926730328383130738081516777409882285934564750640903631020101"
"1 53/100","0.2197308366384697775561713106588537561193544366846226542125805781514901364438926517919881188054259290434324836399720281575382126359046583441367860488172558506084243381442171369532440298384900167670187039360640173197618576493854203293591040735029883241622008503320187939004154253865184287652"
"1 27/50","0.2073155837049949907345766845816171015562771442400185517083188939477927688776656038787354165491070881577400371279371609786516396149020672062811377703240817853526949748681460671530010208972466060367490092852617987497353389131861381518135441538671369076607918389153830222309892629118409830336"
"1 11/20","0.1949557573846552392341983136254639777635672260308851784592203392467764853871052832639676649063593848760149433046580590715559561515780046362337095407755326101453379005247879669803728381316657841791182181233378139735222516125866361382139655429548334432092919325080784094011911801176332140091"
"1 14/25","0.1826574594154630302612844923345778202937134988469368482623463978703882179544112084880166961733528055684062201976340647975327688989685108568617023372234361156940368994508805754297492577508712635521248891929129450726577180996166348881243495274773400994072218554639145213432955387048600464922"
"1 57/100","0.1704266520051796330536963647209663439182204910876047650983131891348459558418676301879125086927263729974392482367571031309424922017129670769002232543929667517553342823299889904665457912787606356806395948006548085158998227023492694290972053412902120629377374022458117329359697954022326345284"
"1 29/50","0.1582691819613271673702475105259402116430227671965065184186917476746359311323520214429448755661122967827861458462928406008278676134824900395818057237368034502627690169998526866798231921127861755564755988625766782825566786129758743215903157405147887904205769770280442711922217054586858056123"
"1 59/100","0.1461908139838035007766423629106583073743731002242733686565633712120683328977649180143085999918979181277553661024482804477314079871381488419884163658040911367004530218907509012120193006746778334162981917790815008255628776491534225401052928336593146257111375910169699757970861384950898737277"
"1 3/5","0.1341972785150919793979044251439992585510838500103022071106891484042208871654262478455278303504927416543116751830712528949500887537813098259589795608812377367150333561905841708509542684706236229371247861270755192021678668127043535920018986622597424081650004988575628160252683188751141010451"
"1 61/100","0.1222943435197444991070572730739583614343673813564115022998788809482117792327702576128088743608781168967988548909001651904131532233787736966367149247059437591818811316438018379449609348927661260433385139318180670979305438403149609592177151929055184189646622620622127451977444682514783456853"
"1 31/50","0.1104879271564575613624068551263579024711947163566114063128976640171959251101111938381375399955092972739791058258543969198176794863290117969948670020435531443952365382643847635678367948087076240501573957334465121361132458327033846620911931757867201300700577257868661822290019994466659951143"
"1 63/100","0.0987842835677176613343558779730461354685920083337443298037150287137158580745509371907089559726285938191132664768744528769655936221586862659576848090886319844951763488990559047469123560523282617988322291637330952614243400522451513494600807677000744861052864042843766640973181665773785033484"
"1 16/25","0.0871903266211262139280583071235438293906920112425753348389329588388069041508132562228291628315194322761879134188103044830690124014549810959419798268010320286991057626943734967352906550234853358282567121392851855137710582753784686147600586830169448154583960850206020189614043587491546911478"
"1 13/20","0.0757142313929539385895002354983412894500279765641792361617689943987887308635323992655554728521610589503305365066946231051771885571568377736515149116813285779617249230770836345278700604629663790113577162545924526671313720791005681208394047797843154391021205627592359894505410050943974153355"
"1 33/50","0.0643666415906096283321579273009421425849675148982186218938602106613495692802633960986637063651844550849126050624105267684206941426699745644846782909329175348295404934332584534714716913834358782142137884025083263703319343270472186220796794155767295961634959605641468982318431565938683173193"
"1 67/100","0.053163340885034232255452446518683687878268871811914883819791451361819698370741153131769488926440854823566537665981414318798541248522061876052698916523982537266593601109914089412994044290173727644904820858815092937483605152180129503030830643614980610548535928507884781901166159260172394041"
"1 17/25","0.0421319690746891931812560186866565374319898811629951972315573462446129665616736756048330720309142481170395622003621727712272781356329787678146151099868365577731464080340168956675353605073645067523159649588389704396721573877932185119734043012049036316194856628998102532362398151719270650135"
"1 69/100","0.0313321893725045243047771052767774136572568073122581255342734703978274171645561370364781094691187929904030653308524160092726716376849336188674046172459077016554901113172171593554378050020404094784052168088906133634093858123433316123309761808363496869372338992674186758664351055825483472107"
"1 7/10","0.0209346013816964729568132368736102747274671979220290401287721809552146176834267262997686446172204354636954098017345782276225693625190173691179990237517120606668163719370050925001184527946449967610018230910329122309915735010366371364277644442695137125075771386637089547915421951307960551363"
"1 71/100","0.0116892997214667890596427312696373345815494166854575802679872843349283252069178511451383820312001229005717636645397304448397973234515411703781907289582746306108192853568780405776924233333855202251551189125889823386664975665530475144679785547380854635285727699412382216648574104144684618158"
"1 18/25","0.0082785561306987550285735336914422687319374989536092526501502221755168558971955602788628627218936849006570060248085757943982776300267475199238622846035272023260470628895125156590298724298667455464598438891954460023212130933547331038836789122324386513861457038497468002486939433217014626162"
"1 73/100","0.0150148504368132387428134861718962854460846973638666288787624357905338829838009976117923512479706378102795271614353181227883022364718294786656063371621147249525831180830926347299551207764895947739991384498520533247819036997838120223949350437489137301508540609307361084773268563499704360427"
"1 37/50","0.0244687876053572724331826490615968520039794259731363518153775604287609406122885801314132603524973409508955759037451097229737856111404484803581881233527700073015870990341644365837876190189737768128017459145578649854887688176966028536182905939448287679749428070967996917123277894343768912566"
"1 3/4","0.0343449517893476196163370992181815509282575398823751735325332822938854966630140635280980550941295381798721038793311954759901735495990400769289328534502053688982114949124624027093684765383479013337847940580806923838320168090245161529272184194915185813904397786481786932573229245816412462935"
"1 19/25","0.0442618142737156310399832748320422544215092508352970071276326381171999979031062748396328142998285910178438273942550383574862935358378404912313333574916886815538799466142625049797604734547987403431037437644004048978162136810641455312844260318041358082810780285041497859315017661129054540814"
"1 77/100","0.0541140034948561472062231627401279618749997742306850370330646798831540739723361548121994697429562285727921626619640700330709437461613170002725893500980160135070169117094811331544949445826762981697264379267845288217135661378823852628398953451593512796449100476157447861988919387320279591598"
"1 39/50","0.0638604665956571248946248109127230383708670543588036294723692477779527800701750846331303656275525982499077822709871898127708435924434372140592799666975179267615619769319691546909389630979305874314897324405687614207661246381761913564726131278092844551681412167213859207154362455105278157819"
"1 79/100","0.0734811941824367343393617848891001035755711957899413991222302685614499952215163224596839599496485078800671927669371958827455321557776518373524367034339628450401252840690118769861434198968131061032935527471792082518310239198358880879104794222998707518846747196169530833185708698782067111621"
"1 4/5","0.0829647152651572495941660031767808349608269232357633386834689844448875271992609623781495698096029273831331525563401400814957964054983778975837245075846410841938536877991270427292439048157487786299564582840408502561700360963319335317850153269326653083845471820298858005031812814776927644254"
"1 81/100","0.092303583433150953297052022355349321871788239856417612353150032801748597736322308224537047288070448574215375649752954335677290486741559099268077848819315783541278657810772761093208230792569248658842137946958163471177246409440205157547031173590663372963602920552033879282638059723541598197"
"1 41/50","0.1014924769198036238091635635641405209629512123193753122009127167613847764505846612149094656830636589975461551127208524461647817896047905507610163931171048785822727051415764721735024256443831717823624601767388227455221876653760398134016876156814985389987073263526841104249044418835951840125"
"1 83/100","0.1105273033137293597442404114780099119379318405810670658749130425348656014254966937311489550135787462168927409191112555960301597917506040554855808888645536134982755568779170435298353665487576773156127781468837792912024142258791200128663659477656970611334955319717647482796192502346077356285"
"1 21/25","0.1194047393954093862549242744462520673237522175232315406099233362815312387019114493072700938054000483996550690004494876256358418276028467695585454743607791861936436044121501855796198109933072144745554570889251071746670261135002412483056614608332504640578709519830800517007769567883809597514"
"1 17/20","0.1281219776545718687163789401983535057736565774930170668839991136003276646250725169105116322115682808935723379000995380705057826346914157484371467478859237023435950945149430028536913104559652779131088617185925244049324671533734241390924375638612605941692814666988531855674484413374042407378"
"1 43/50","0.1366765784834810609632541025513179253921581462763484967849323403438487650370947538245554903762909266078852251999931479237050354062881825773928110497213410939459037849314525895808386011384920367895524967460309198027463079555893528359038067115109557273866775655908576396840686746947095791117"
"1 87/100","0.1450663797610629267284098809834030795853102906197584628392416924723331987575474813565222044071708437305008506929590033468905799089096340020794733604333659917127336558828885648791484249433186961855171353082481647221815364369240025034751226791111156849430325002275433217124932648373532226729"
"1 22/25","0.1532894392166961374655004203367872294798277420105116390725907217933028339672343832864995154561834994269242557697425828307605383660162025755507641414235399989727340773818968560093021394441353429619729557058303264134635983778291905403869981397288956702000845930862350402764240073025770924765"
"1 89/100","0.1613439963373298305704430369338737955996052513483479212648371620781224857680312741353413475532957494947305416278056293328326669619729500666797710782992210287861465038392577040984343411676315646428645289320083463740472946702406110303252206584019242409324504849762361516586470051986660802329"
"1 9/10","0.1692284463664835478340802958848000547523743574737230683805803323565034250757448970846474173487598708606286498549264286857201994970976827307268119382237146594579488105625356928302790330415055637939067272789393103320427873939247900753218559091103691713954587517337021910430338924860613848159"
"1 91/100","0.1769413220317389512998333424943563805637975023017984007823913223166103500850076435477331286152288587531051938453518005194417575075203039180338373861692564932801173476773152823224945244075218601044179655464220062619061826541288997980269147709571594953646605315078348570787065190359305217343"
"1 23/25","0.1844812803561913649419141988571202229142459910364640582745581539542940745401057306662415452106543559344697593327876238613453056522614572863314760506161650248368886666005245626639277137928001796529282355489552992987151918605635012590002473832088387983363723679367713966385029147136982149287"
"1 93/100","0.1918470929016419447830645878719280555596318065125296120430056842197293004837886777956689086625326450083246390019913648924879273114218406053575959035785363349837916682249129143848955528512073910564141964252103909120461941139805889139309484287010904882412980009289644627352758759185099170388"
"1 47/50","0.1990376383829011969287748380922069816857034888201669516415127472273749870086289812229825007928082128356898377896540460052687591829132642911907932061565641140169558334554881510316633564106536008925131081150077255316397083808929502417573156145093410420698846189081298964845089623902997738334"
"1 19/20","0.2060518969554796824549159817783175798542577437122872079566990256738790673227236105440236247967392860083835784236162603182791604938063199203827228761984857730985910542729930071381660217518043091740505945776706033430346063984335407818836312429071018426954347163512736763933358267631581993556"
"1 24/25","0.2128889457073219004413459183047788724626187825430190923536068256060067671113134466481415277651636330982867163376586260813347395675158290804389334566692302649406029860269734446531170377551384392909798133209081717663647705939495466834245320164224782500961073573623411633134114656273336813293"
"1 97/100","0.2195479550323062843431066356166425437564192264880180228329716131535865661915853536041204415231569925366673910212591374797515097087008804138918315446928245724424494830069449585527055848979116012593799147467054465168907950664791720349631752274443192782522698414478069801052165656895975635517"
"1 49/50","0.2260281856599350843117516046254225727154913851164536249339305988524334392060341657474126348362329033982818491871140983050812583510569397413146087174911730395214007222114831604648208245868939550705439802357291096566319256540707072574956666693785871852935141630659879546872897045699905442233"
"1 99/100","0.2323289861804434224318979753233248320964603149278103054714129711517758082464089755565846287336085282035416635019692452061281159261517806508383678782192918964481026030168668165089677156226009210474477710229401719159245897073435081091081045808607870161413774413388041928040467265080181788168"
"2","0.2384497909487534627519798687513014879210831211876953270184491931154330515282970229507727196745945247309873763543678129216234880736335206897384708836383887517113885308725614195949502230390983872109887787072532623842485791086262923960453839902492797757196776760055717545894585169102543876285"
"2 1/100","0.2443901182813332619656514926864400242790013743469162783853085841224334437131614396914217396061826896259970975675053137320977592756304616490225284176871875712047578564650196734164742636235034340034560836323309194655606440754540083959423867036627401525409915890931072352144883862701091052428"
"2 1/50","0.2501495688815760284590779177454327629750255872424529508967058986876581970651467320926621981646478679235552404616570090517976162986322543245617086310328319393635762024353274966767389173677400432142214878584527602942814901539880776560153758024264507494213650677289638067235942438640075868577"
"2 3/100","0.2557278244447017157057667483936245474600810778535685776689262986539940782971527573617182029850366627515758862455747031034583559995238899905831173785004485576224554674646282420274166882159278715344253759996781747497738116525570547081080894643836920077901900960984957646684163669997469799733"
"2 1/25","0.2611246464043152316902623983165851054235966296790473476637176550216202674679977457983046054547168454967284469503924305662728631338931484488792914983547512908574715747093125391006745063651215430601165763630217468487020042849798722808298051324911924021693999720323198256476838503408229004255"
"2 1/20","0.2663398747909163289308285197210991141391663043435336004237658157988591292026720927826596367823525975364633766484119258459685343020095673279996868546536345458171725816566928063508942124611889757831607694933027605821561657851725114481976387989459665197803396157860227022222954525605448277371"
"2 3/50","0.27137342717871580439067933020118751077004171732298844919039740318195817308084686748367937165689234874133810059178066211476042213285730565089706165289276225009708864741475243133889328611158618596598899752099717708666395388215333982397669709964589810097481105972279192707751050564007962585"
"2 7/100","0.2762252977016695723131769007632499051865514629973039563518555318402079711131901756726551112276314253872309186439629466168466460190431286570617883673742067777595216147139630492101348683763090316973368690927154705107004864266585576307850111921739011301498881780051983758247296639791490699451"
"2 2/25","0.2808955561231132160645090956161925986558197743361585264459542842671836937579505958594434835781968742762231549102186457538594213233099509835110970913675178267213773093085890301415889431395393141595028818137051122115292369524633398122733397268284423749901056230462343354252623926140818415566"
"2 9/100","0.2853843469460582277345067784044740393820622879701576683217371113388976424470163300632765251350013881693438796166306115502023158384547437557537535041595965574828646643240303638408592849443665850061245785573374706167721905020167800722088318739894661034802727394250727498361872133544335944077"
"2 1/10","0.2896918885533061323800587498585405049576987995587030888343063422462633968606189443213315867793786930303224825940757440477844825344864699038106571403418324181932062588229356425207256031825424387992941324954658219384772760947852276250903600297529680888420411956370272342784160517609501852531"
"2 11/100","0.2938184723681981338291695820689227000977143001415019942062978801473758075025840911238286322494228729547032114382057686183081554940939944233294524122532897767379597504078655931333283286696002981114099398037675409193441489045956058799692224799128317622985390723560384425686905221598841778726"
"2 3/25","0.2977644620281546326637296061660898266192733417373204438713318234129136916208791585494588346591544638075179513921069040875526870028729722987828397741983654687734290528809554022378205138083037492338626010872427288014907687637622438596434620280895966811916727516606739060109940586398221489789"
"2 13/100","0.3015302925642505287428557393389662938592513570832673254919938541240356357192532375440673378369964445054297982082502849768996944382771712311978806931381413412381597158809236097128586173799612926197665984746613429239198615295276575005687475045561785022449711357098059146202927377900494127583"
"2 7/50","0.3051164695809772648221880080711923061300200128187718055540827228662384916440119274326138998233927269592872114047854421933829820673024460964115067469408329083437825739724242861177201356485955887129835816886225470970766097962293686365030570180791957963929534592749452476283001259954955186033"
"2 3/20","0.3085235684311046005057557164260219487961642028812626902892431683445172393024883170029194776213951745778982833581149368298149197165077743303464374059493130939714933430057504494009357953765701479047353436882758227279943193612542686634257962063713258407095177114536583240840991665591418425164"
"2 4/25","0.3117522333812066098376546563530137265459040875910812281259970327471513872167779186187189553133472494863741205658410257655938508698853622420162547267157155536295566484383671239120667777959012484400600705288814666218427815796648836697526603034355949895108548175208262418841287875082275303471"
"2 17/100","0.3148031767639817577632835954597861596275650764726598263677781777755959310018184954536979692283150345669902562698227709195132501919462029896749993844202310486595026823496774746222032038250652436547479672046656147520470285421208717776457711199105614719433223771475278803580069102323238439786"
"2 9/50","0.31767717811399452534363547547862003488179038582564558798161290873420471259145051640770862174372180154600215416652927044186484203028204494445594531165758211841394695282310706283795415786002763887797784512064506026743407598108708012825810036306471969207485359293793389356188487437164473829369"
"2 19/100","0.32037508328390985078399294984914985741033911725532254765867991637768924439187628493717272198416704829560601408085236952391311440420249248654733534472130335540248939647758841980473028045550678289739246198403704867732311168768161205762408258911695757242799268220629935406861600661616033710454"
"2 1/5","0.3228978035386922136821239545260008778081029996359194811798248476258347650146628564037089238304685838620230557380855239020271916753358544238915035498906008899049420486250802366697990968635648640542862559731609917827870040372094049422703232929361642582220908546698949056358189796191856056307"
"2 21/100","0.32524631462560656697059272158683993220032521757870746638479608124807075550694281112636789278670423642410041463495855113837142053758834376043999913159735850285466399809582764538261893286347979611530616245861955316598623999511185127456471999274943271116243266842799824990470810810507607730398"
"2 11/50","0.32742165581819465136309075408976923538251690238664449810832543713887958100933032193355894982734041207946169571280279863510227072216065969700273809061488717741128723804761115859539042187921202168593064456176848693762958529197188115226283059921240728499910033962111018310535589924331350039299"
"2 23/100","0.32942492893271218618704405615058291330283944970640139637995411896417985831278182773890888810331160324167895832578106306917649549019832738060450659406374021989298407048682754964818656025943948818890839342675645309181245018490215215259352217541140726070362266457609347485147392993070278389662"
"2 6/25","0.33125729731580357580727001274995671531002947475827711160272360929636869641881747101435846435555528982875090293528300655352379975002953339226088254498439583814678321525690341920942221881562611034868208447742244389695669956616863569484960485417246482624138568054510982960708478413616521388512"
"2 1/4","0.33291998480246380188195367773518607881754597766003242112610405601745936116941516351390185900306499277989872151276139168061904987773560027408959208768271773258483485102370823399947971830515191846925220261935397226366202190732703628259078092101249557527776633861571162961676446783773257481577"
"2 13/50","0.33441427464359412800269725473765799380482240444234494430138164341685748800012452609787402207973630029638365026401155085804162871271291028838040725477171895213002884534620209006058972552295818965037670810777189322975358496271444861579861980915164336650887636542880517277153741261985610830162"
"2 27/100","0.33574150840270065650552018438810046966249392141798187737657829436928667390728030150145377755434073625250131518007920334021238132541497882612562483743590420192952463855475979510353925710162402138958129592234510875128971865262564814748928618680870458191222888313023428231576129805054138818068"
"2 7/25","0.33690308482151378842820401045905344684125794130656399528365666652736776003118533558246660534622939234341031452097351064836452335231223566384545035967404880132630269666012393634429191748027574604074415300813274414289033680101947660115006496055875131567518266212735689870168755316445350815951"
"2 29/100","0.33790045865452308815974206244538454003402274286708393002780920484447543374155250569307966241372221554008737103576861113879226919344722222948158128213041742473097001357584941492980598445785566496983549793280471368465188505714321059473391150064737860875242162723468946635542241985549338145086"
"2 3/10","0.33873513947262655712740386214452933388790265990897813326239388196413447414572899937774077823602570337556178516431413861540234234671302931687529717815618132057697105550424219867883077660938872269219700927456552372429421841726203664637523957994268747221510817373876865230544172282474751579501"
"2 31/100","0.33940869043628631585461357024925830458836775105079618270023757945501490154193467958627015783651793472372134201920273454773139102511928936695088509301825523044795373692912571468817781900229179430368673074713597480920811569663953456092919385435197081176956139064532804388475355257033699245983"
"2 8/25","0.33992272703876449184112031441161942677630262416766771044072060337898140713514459349863361289298906727693714546929211686450132251882863783347558516282950571407859742354053028607824494862544624691026996654195096955293398654779578195259127166657846087857931000466673239765149822511600241288761"
"2 33/100","0.34027891582018392859446143794172706041063055270099461013655182758349429974527581441597748994184337854281453566409251672122036936279074495856304006457016735311832631871159112576185409689665334689441643315919765559423209007216841229880993321600483681596074101641238193926482894210037185466399"
"2 17/50","0.34047897305331831863274847607824373404015596368789686838312967370424081871817157434393284808962996885740288151336902341390412809600006838597149985812618021722690192964841051234203275074888189704825701948117496273494746968117665932118569589106876784352439126944575644495674585606205553739033"
"2 7/20","0.34052466340216562537283897623922215691923858946142540644132462154883967492000029914640277543667015519956866195225325539306024983650440470885047160156971635073698520606519557762941707728342506918089553285998659547351023925588545076983369137756000538945368986490616207460097544948525905141762"
"2 9/25","0.34041779855449727309465281364033112998728029368142540318742465646989575825562032963677814085041456564934112100640445410242158981437745368915669082882285151182805840354642864228183922151424607034880369262194089442705981833373760603856264029992421705207459344240970545223103333471370198943894"
"2 37/100","0.34016023582970361470824689404742429028021993183975951854045722315517446226241553963256904546689950116456571781312137800836397319266246993649747263556763686363852202221038998833192274968767867905210513024905301924075438134833998557256277761271804909697437808173853717016956155637278666546005"
"2 19/50","0.33975387676337369548040026897894699209787050485547982578000662790205898257126086904583833550640854432740819544750235213591875112832260113463717532629323685286906817721307530508731258197851584911704730620431165165790442475726834228567170605158146555571296644325650957367886825521882143664461"
"2 39/100","0.33920066567015438516179877076717280483927609234319463458364392975963020385222735224831378981209664946127537796589709366902010134834002299903148720450850860610550846198944719155772968157922138222194660658600209860342156730329652555256546354051013711035297109257490176583260327441291217356455"
"2 2/5","0.33850258818653063228175281099094912458161083687760133253471782902138546435556396809463993825398786336675520228986097767061827898935299272137085919702282556566466689449669546582253409152066971659916762607349971947604573624260479322853736791689896566635979787007215754434099299437974545357825"
"2 41/100","0.33766166979525500254109572471317321088832925842705004886348792321996656308787650669587435726082854171083301545455705757817199573682884625993289666799419338891563107870994608759231182979496632515750060284054583140099542354381218100463587432459498282328544652338331723674728158504856025644917"
"2 21/50","0.33667997433323092077592004224107020345892505260065283448375803032612848973958519854712098789844139283228342345436026601885289697473687885853125077844860420103341083466694022790122606832150382786667852709297155820001838668221188215134053124568255975692769748512936814166212719623421692151315"
"2 43/100","0.33555960248472029127999153131271462128594622531126131887952598593270274507027827572662074649986098704409242837597165238134936320656842350312644343294054423946604145451418837001434274005193975396895427852893258285020338564126274209230707613635880191536073992168217576434433911773540950921178"
"2 11/25","0.33430269026180260087918212024199402429623257911725078423985960240273373022209118789920063553283202957533556978712496544520498447981986960869359708166434786787818884348112162268123727843688091257865268536784713336578545742756040956587193506512911784337872136302609023441800511117206865665969"
"2 9/20","0.3329114074740594192633646086176196965426440493988025545033096044510101861802870933688150594212382769502899451770951825207340761791699188755024595045576596436515118130151671233261180378123144240165106923818733867683879939283822695992950541324125375465419973066819589397480025199598832781617"
"2 23/50","0.33138795618949563862977082718497535028253438604767118519589377731588479617570412612268427801967223391762885724802450896698447533203759055564940713149269887130650337974820749588837216809344170666054465107381045498092795922062627196592103969350456018308575821630609527837256370142692975813031"
"2 47/100","0.32973456918873710788352374347230571348511094500118372802063397671778624655919266308372631233423268414650688034513211082604777924654011529457005831374358987701654938307340510135319652235683016061091937123371870776429409894185418160132970649365794113939527215490238948962551264738306851535939"
"2 12/25","0.32795350841456381517011047529926911421817416779226520607021913895494370815714441146782996580680471851105463353114181881844426687587495481056037848528410508751298439427393749666998238779932132005912647775821879727400433601300317890959785327129202803449315499273675678966531441269637835074945"
"2 49/100","0.32604706341884878751041011018594594719568037092533681419322020204186203174637728488638310308311001373582200769790874533468553923815367860794124952887552735555926201519875565243008627274028327796283748760513577028954386774567727764896279767629889825663011444746681753542978395386320867152844"
"2 1/2","0.32401754980897577010491283723376556389853384579549287596820555775069082926293117240362132307671126784375974867833888486287926278692185349465359629212632571330513505225237421907858398934157872933642641538233863857137374932616711580779089875671346511261212110870560859515068136741366932549339"
"2 51/100","0.32186730769580391367775927037398963401512506671969310768122179782667940877681326360241650357238877392300665917951456778384717021268739743292918931479773924186315458334958629393952411329378952003209346532680267922612379065601383854484168970179845838356746104636632769936444531237827890307714"
"2 13/25","0.31959870014523555977783992938930680095790942825051044071739616084918078348471690653137379195192843143728350155633627755250681408212426348998776082627843543280185634519509797340395082935700050585625666504414465451347521653435731050276260361119823152078192252778360565406410630931032433717554"
"2 53/100","0.31721411163542422522132881675972008295544685807555190208818227488679716779303341276675121747360269066513386037207771288305213184193098125267653030286677498952323917821670131977381622311155629288156760810163492102463739587207312931180221669565918210714705736670335697506392060464129546657088"
"2 27/50","0.31471594652163453193534530067832132480394673665458018450612445554918043227025746623403187482307451093488451549354204249124905397510353537611174109580972069225065355638134453032831081320655724300723826856310399084961920761223901123055619363348669946812870608218576377578082064222483113028068"
"2 11/20","0.31210662751073462165288878333439829872593790121234224854437948486591766198896076300029705398540700515880435668912207424963383626392832457486813360167457549708885382151555861091001038913100857482270023998516524196521177810446422218633435067398815360503219382187902196744049371954583504624651"
"2 14/25","0.30938859414726508119612779784240811408445278954651453723104469494129165162155299272296039041205778022834304075643528354025794076162650008539164500608185559219550575899886766425779176731205158499156569004034214645623458985431153961594222586174096721613879534241180720220579046063166940337825"
"2 57/100","0.30656430131298716004075144970517936661526558850750641356496962691868135217838072330922662780245223548401034832160397841239296115461733897937073244012869732926070673897612809376356825820945936449484656569211452833647920160206699297449299010442931448669094532145645486336188528353198268376381"
"2 29/50","0.3036362177417676971520634526172797188029466500761882336691781773673497716618086322802976921382273572765352240446092450478059076228802189578461283297004634273087350374301664153876534324888135034121011714466042796419233343311482797745647682056775084286337351017965710366037182514804835916206"
"2 59/100","0.30060682455160933375880683264799340241039415393101474634440684910881408776087065049827308565644190604026630668398095834107052704268436103049034631560929624283913907018510400971015234737891323020379375681566542205048500639156054762804239502301602277455396195165610091518485820442407248997429"
"2 3/5","0.29747861379558295637236203394007787410404873528499357322945986622615061726913293950086387492485897615692495938003561733719126500834529886166553027279832226099229146177045302799487209971259709624460663958037011776798212953924658095707902837717930401142048145492353587157234071955491108852584"
"2 61/100","0.29425408703336561645532252720772198200534746767594508627458114793169621025958690056438624514124770888335850198305849338427345643357338587666235436440780521684462936405065734564577740333068085129353622963809346258609884135312603366985056396836352219956373197995633921003727530175958971164112"
"2 31/50","0.29093575392503218484619807018533627670972999929604358109113401764990023173631883351438153533055057671362476485680332129823316083334248446930172927464957461289522821404635689679936478406019757973564279874194596909968338098812850248156606222116388184033653173947114789136243646307360554192731"
"2 63/100","0.28752613084869355167850818736298593691171172242322992289823144790405698970594956089953216170958646641464459383888907306334709819202574670681668076449443786150506323321119196050054543273393135026524945417814600316474506241222467946628622917555959036041139647517734359586067846132679281367811"
"2 16/25","0.28402773954351917323632055399528971454190586701449623123590479145979592309578404565662380692210399635528890919459736052740486410379335671627740708271520811556990721301981737734218701141791138736293788885934269432449535921425806379762975966689076234090911173080548228244029414349648219026126"
"2 13/20","0.28044310577962817121760442444611024758667914478833610938928256858006167508398210509579251711791753134164077616807158926655347687393362364074911245798246966349783363660093657642318788812822078753455632339933664042796968704487787911032314905979351088319028976561767483975134412844813183907383"
"2 33/50","0.27677475805628207613860096951684301788219653394875904754745105977192326109868101693846389871277187211635226035711559320708471374747733759870905729910893051708444899174465709607302646319808952575940162935689690984541439808753521719301820633806120460233748869795666835803928755434569819287703"
"2 67/100","0.27302522632976485724076916850063018836050280713597711473466988013755216285126482031680539355994674527425243137922459490462444130059817411940542391130565005348752478980392797517898726852254087999882710297198168934145268490950970200014534390535890601159964230132060758825199780399155772963456"
"2 17/25","0.26919704077229341619547839008171606565892770498615481900766976149922749085262840941593962493993544322588243067063384027192533957895860134141638541995658703447546267538192322276308090500245143875884395478264435716601830331858939815281732920564313406811115829548702466570579109569908739648032"
"2 69/100","0.26529273056326572970110090054998904566409491030439546706650247198436638369004798408242252867046224008055622292527321442777302878100797934782853801446993540945992713402691147653481311966546261846184699614349984983932676651859977372711723244883043921057576938168099245257579200178346768871748"
"2 7/10","0.26131482271412600254309808374185475843146196942947216115032031262222273468057251337308015756878753387374323709139834810829738727715259259343145126434606042280776550999537748763517747674108764581349229144788101277713904343154007644362351581864771370614359517939024523305911592097060788702171"
"2 71/100","0.25726584092810848934851914963378597556782606292149709991152358291532961915517621151347108398460402752950112589816662157111086101936782610502738936575185378372307444385405403321731169888312344991086115618296924474752503661658715377355947065467988496127662237260786940105893118131120733160927"
"2 18/25","0.25314830449611632816561502248609392314275945002374383641197288743751232641993236952405010903457811763157297757585402185253225826237382295228732356434184524531462306702715686595006265243503528505653080425600458509343566581460803359567793178532479438439899837681325223876726336287810417901658"
"2 73/100","0.24896472723000146331039465433564813166071815392781962965035585618416814445535720198465643828397559680793554857972003897211727605695690094323027168126747541463670583148198298137770682509857011502330697788990138735733607765532892900101184088141209131822116017511000183763277074607444633402193"
"2 37/50","0.24471761643453966955311559272437484276012707621256975074227689063759308344658568630776883195598851609906192629602685119878754611965441908052131253610013011236248018186196464372531329392395409464818310517084424783014001704061547448021476784173787519557536967426542625065805831195328472851389"
"2 3/4","0.24040947191944458758333935463898000977741689734098406291428864821825598933690205196223803260500395374920213006610116189222629996589946042369755624949014363019788724093977225699643407262091447981026142670184259333150615496654371664714156132645362800971994551504299669352100769290037526589953"
"2 19/25","0.23604278505284107198886158549173841868458672131294377320419926717017742869718267243064760831861166030734674371048802123207711426021518327567145370560633442974400548302520182344630923957249072854800530338949561102652392835887471983751938748956810365800812337524342578240149029305698536200599"
"2 77/100","0.23162003785772653313260308359580366708225716944804429090582142023289013363084006015877745099148335921679133838574011060138653604815514520222897379875793962223243198650625933342525720830515307356121681113535072189730422274846947211948403848648095886217162521189671783771790788154219068764966"
"2 39/50","0.22714370215309603733639648212228844848343077718401550852622997621278641538425900840479765823865472129317816188374578721537875752415852547692135177823184014244741796672446655713091507123921676744993449347760667261804404220877035989172261665097431322928617184497284118422965037285262116933933"
"2 79/100","0.22261623874160097408916045987551705971595653405567644057342193396056284214107786278730809201413695949459624715622154407968584508119313459187961910244926501473404251283313121527669104966380158806623750357775621326166308777889643693024150977562368271597031052556721927926060376456951682324359"
"2 4/5","0.21804009664586232822948452883458527269177155442116909302789745591813939689076846372532595220440607183952201985116814556014305069381828051091753651018495709189454050107057797315542567435478323487037686142876678652335004232074678167470200950227336351606759242577444932343406604817179813799349"
"2 81/100","0.21341771239588074445241687126578221979799329418782494150583442630623791506924184352030970833103224926151698386737388092746663283526586267015660599357336620309618049860372862697569029425771159151680670542523254523876708743649398861479842659556552653288339157423998023304466499849677385276483"
"2 41/50","0.20875150937039260095388897628840735771751458493714708974822300774171475474562290135191169517718401133764694907315085859752430569217425882255110379602913996468564680640381765447004578424953073461794738618305023287771337633292511657573193128587369236140119935957151368599864977227292999228186"
"2 83/100","0.20404389719553433880502179885152434725598121828744130263477374059575409524281728742083937809373138688881480180217783070136797552885125645007788178181311141715950766490429371254075999565656974338360015813257970560429803583097897025645506835857961250940579248633559710487812062525027593767189"
"2 21/25","0.19929727120482183930437915280526079338077058564927156894604283363831167295492485318663303416619280252931963456729093474519265900876527623471300760137632244390650129267822657901506492366689158900491612064575210492186447181856467818279865192666396680593493636081965433818884341227626658280755"
"2 17/20","0.19451401196526025371766340818712937968608819779927850486889610856556773238139270449377748054765651804331812098675142334813381655798768550755834647925754098558515096261959798341797890112068538529497161381524652558536943867517383035802579692141255930433055991067200556933638072830252256277117"
"2 43/50","0.18969648487541414517438689411742975864307585619468039149065432286050492484703418978792998913978785469603223314825147071258185328583446407668482862173801179340880984141888636375246349348117411369785347362513345538513829048275011963996930869851152402903114658998986999947586788461606779552292"
"2 87/100","0.18484703984254205071479699279675324348312557082130998515892929487552995082102512952907726871014470811151098205370951538798600797751987872992164909277026244503287176966072889481346216761794107697515632265811827180771564847839512534375412407571802571760083446168164296055948860880262452634178"
"2 22/25","0.17996801104750372625989225039433714052326324259296187396383021571518835889881079905352067726504613662159556117728460253665096713295068778019998307541507285303726013674615354078206960997283329965929069256083377419225868724182139117693706039551279632180601184029123437015689546842067453271141"
"2 89/100","0.17506171680817412071300379952406903305752882796477931281673154530907849190110622336949385764675831083654299867268937892730681056786436843146060189330921661745542953802596571250242959972375203221247054319016817573851835641615198623549333936803441137288833516100762278499688788367143770816244"
"2 9/10","0.17013045955466635145100855138399255753751855964046567534677958639063701066203523321721035429051215211914698376975275589251380663918311314123470189026405865234100671707621932377091538775410173178168255010575641606231704326076840628519969611025014778188154653809209297085431810633632889285028"
"2 91/100","0.16517652593293689633513339209342922072767991008347574302297812339798470028004347003195179700428945843411150299159784756435160145417370547646879522560489795213672408775224578041141866619152895246338458790753931356033937272732250023107102771814562363340443734949040545179312696523301234619786"
"2 23/25","0.16020218705753409768944029221513330421114792377731882004531585657365233360594716651283972446020335959349588028744178675721519617203084433994176484282048732888769847432524241627606390389977349987278959352830321576026449010769057659321923107930223526313023292650989997580432265632567938644125"
"2 93/100","0.15520969893964447670088095896438009441064142390575539831694078117744864804439889292299779410889400755938495550054658956469128307355193452900735009744444831242847984064149843115777724649295690762520804022961256350022997314413091462507944648969440143933856138858683630833446043213533373186779"
"2 47/50","0.15020130312358227972836972243977102592853448875443358360323039102568319287840103722539006158158101554089545680973326332478203756040990980552570064184388098853435941822796176631467252888061603844666948928556151925900978658829256454294847830918901725431442536931285964487528810166430349089356"
"2 19/20","0.14517922757399326047672261619427800956249986340331294064266195229345801164574203605161338643174176346262601047686097715190808255679549830364360767709122572659445407534650547916031836993226811472907785143941026789582326630802352601785916051294604577268833977491901592749691390160383757453122"
"2 24/25","0.14014568786804679802157034060378293624363040483464824629969824167528569097212841746470320018716983792683581947392429339960527457729029480565354254135177755668078626095704725720997582164695947112801103365450675498784530378586777190816267439034726251656743957968020763555620818390424711916787"
"2 97/100","0.13510288876280851960130827187523603873233436055673541948903219159551152859550935846875918308891830004986412766092818692641395252525836770546336143351454826304387653753199697689303759415884840395012563038190738623889769599953988711445521407576219496529645701717380027420310706272203267808599"
"2 49/50","0.13005302622928267147197436662736868936064592031274920714373907755041596255447409619991541285371480179982905327266249365409198910527700669581513227179465200747349458390285988854665931094347993395093870450297619626688869456630958737540511332715769199660799728847330271821284111656600073351018"
"2 99/100","0.12499829007337851437152946388373167155099568083501499819140400737981083646513939411608909044335394683646031775298686158982861256937053936029024960912608883462330857427131430928024302728018475451913084093184451374887349804508580041170628114891681769714388654447850336802008473676864864985166"
"3","0.11994086730330393060211176523494129801593330820170254753961172982837931542593555176121000046921705127591008058320757050343879215041866300447484552231270799447703231798094156208183894201287624385628712337091890114916800138807946285618399946890132398016501161075449355262394228289800745240283"
"3 1/100","0.11488294645703151379654395768851595262978039008532601158725668345094423413113286456723188629573884996790421471050308272030379151360898358654765518641967428948873169819887074039956246484725205154844108104818479793771150634259094223033369450343231285249072833209702091024614077072986590219306"
"3 1/50","0.10982672317905137932412693245118113717886995810571112784554041114452892133077765322607948265273410514067133724969964069311340974836554994950804707786496703894564682995780462715161747909305204302449057268273617256132917325711042048451412553232571011433470189415686351785836863167626079631519"
"3 3/100","0.10477440744244309440450043665885519474916052903204013964517524712145533236998525262148066092056114539674186469685661270960787077119857082058056408230230230039735682643158009390016967072855097292453328717420265239569228841067591958504711689310740266708421434335151433838368648562580713007182"
"3 1/25","0.09972823296536332927644107634756238277951437434107388500180826232227358414474822411898955375391114919115902646211892267545815685609413410192797626306464609113529161302977899799599010914413859340245112559309457933706970289941737983430595242834310404135262816719712241887825295247676371214786"
"3 1/20","0.09469046959363916725608689645644646808035868068171261341813140304518249570133018477400573742390893605546805273246398905328244936472211657106884379672222089514204260785780882008040703893545314474344314675487545423926604020889829278285906481515056039823425481943080971155342097653729318244583"
"3 3/50","0.08966343975008550664162619926389550377887491456950339071866864173704657213310307601837237217403690409272241292389854419364672051864307889558931755414151601123203968498955948596490136967178638342704145920794111838488940210610384791992200752864853802272534356272319907074975780168977578543693"
"3 7/100","0.0846495405457604981227894693418545529496277793716531836564585123505442166057210116492307527396678714829542479467628408773148935431247840761321126734762451407729492905441291411543500123872487876334866184026875623645400930024226018912941810195556496788844724346345283722103499317541194924081"
"3 2/25","0.07965127390633266513526552673812853867287964451694901958720807234788298327072103461335923963882023632627917423630016877012375484092354684826928824788592136613401080108676923975333033585463767110745798206277137855912448579984419312331238620782928379958861133850838012307264777024945883841008"
"3 9/100","0.07467128825269478286979684377904135435326388157604741074072493958043575398067351785764131198777439990167781386647839365033857144896139901822678632711975106859162432264732947444003205162301793810487117268296136940869625571752473291450349032639827063030143919491509237574565441962238153623107"
"3 1/10","0.06971243717347617677114269335248521465995099289136357240415869023701893686847099484696566424347000279994521142453787651443637382010887911541597267825199234576578174937656920202772239829882621100150827481836976278772928064605811278157524263106489041237818524736676639023038173062602426654145"
"3 11/100","0.06477786364382197261741834235260448826076220786129021497705034068601262559548320151678157721279425451271262004146931069955201591579358281873474873752548241465835188946506117372351242065471480729900396378289980603008765558605499941660711031737171435993153093712793507689957734755467929431619"
"3 3/25","0.05987112360607174458682387389951796402595961172976005559420580429429557361728823468757598151157988689169621752290256059742625851700505675030251868414924708387048391511425513732454350061466162080313862811437513482221926440832010423021202802955671426405149408060406253792954555632832345954999"
"3 13/100","0.0549963718888753679206926115843124620128668521647959159232688785297521614134520142381000241238000940165347035474210051746935387154893063445291107402427453821893166053540661074189854852122286921352303560058905668669766161660584251324059178439144163746837685781293878060497492556107822994887"
"3 7/50","0.0501586499528083797553773011874525703743554510074368683777789437217427500509049157212488439128304304934543802685407918371494533708961818231217724096303573334816117754285526302043457956447806890081374454715700162895355696723815908372766477177164252641338594395740060394103853694579762971245"
"3 3/20","0.04536434588179525941953196600024270279562322193001402657114983048656057345454773823111277575437833303780655737718208457772115146147276791985027359532662067805985697496371650993527806786897935833904714646756340525507407572007922768362329151212538972847423397769875285233035167691893614388578"
"3 4/25","0.04062195753741937066682744010247318647214627301721503463841630906174425010784646155332621693279644764294770223519389484492957456170231124376864084987657648748122393231686566518172438748643023401967847836987587023102100692572381527523130758477215893162414480280055200111882995049046914231846"
"3 17/100","0.03594341393534122559194692738353334429933909742799076944106844854960840120054279438219616477097047920140414686303714875063011338438408171061381881078044974037722238291002792808079858059176336613939127506638217602168360526578686996555713553474476271102992557460095762447275367611321698917652"
"3 9/50","0.03134647839366533280466776140590176127518884633959986725545627032301622656794449863298991848758490429604443738513346481096239274866328843807155992505699848283563306636368814168577535350251551821825430118985731730042671336017822768353918944361921892859481810178170053406687116295783159688247"
"3 19/100","0.02685937064475493059903889290782638302644458442399885034067759078381339023412408115702689068800493266288128330833818207751585554740148640494198985624552964358852928124127568407146100740568268707425391955216617200195991192723964995036303104477323447926717627767176735212941968637171452359274"
"3 1/5","0.02253022089841184814702708052471345898106632876979954929892639832434558869421033311848121729352673098127725167336941085082363078130831220376164556237934878748472713747343828682452681786992025325785046571128009375614413239100690884309719833489981252507808363391928752494258003220990000735656"
"3 21/100","0.01844760354987236591721656637776222164065914142090084540714094705615186311306428134110967535601519592101931855506658188600851007945150703060437611669032492501380187799336634656300638916754355585765527709923596892554230599166554297584758404372233390845036878578079260600582565276442963524372"
"3 11/50","0.01478656439047798585916967451672738801426363536548736292194480807734420372337350611686644897404409407646723437554562738867121520225583332307140443058907277571733434099420114425124056884507336433120607480026874598432615760051646845489612556829953678962348812555920401354193235051516715686503"
"3 23/100","0.01190190023916148493786330185920990324260281086738766915353592132416447665870389573218237846446547373925225109746950715275085855730174387781818937676562070970377821856969984340996928156080567315161083388129741738969320041224630934926006172944106102545512265814479957906376667816254883000034"
"3 6/25","0.01040989253637906564540352509536106363326832964638847375436402887058194410942048246271344143925569261059218251276376639056413445146068576835781450912784700931666532020677973838586878512033474006462006126900716732814901947831124795090875097116673913150392714478990365123565652247948470914804"
"3 1/4","0.01085102100062915958025738519146802046009935786243122407319173731436751408203293152928451493193751699259693925601874882743751403269301617006016667492466207509804188299715077513350019806372872784833927266643020536027401238046504840169749732794338881663023672275877607568262212431577499495407"
"3 13/50","0.0129892611403886911443743551632594796679997249517868284445035404412952645677872341365554522196874084392368796198451977008002142929313863578742563677436997558041647778098545782021338578149555776659221460167651208346547102924112822000061287232820100173944633838822674152934074039793402998186"
"3 27/100","0.01613025847823434295243450161195450119059159906797797622975424606249927736099073953386276356127316441976380577599200772293707228879977056349902566740942647995677578327361239678979972167421774629502242497793371346479257551697080245156680478615325381851033502648818747028271602832173829022556"
"3 7/25","0.0197735162346636402945422619353398226655145497190710258771597436221323344589339171628420347788383525975490713101959254576425933837988469340831534625523437577589830552877610118448552415310111423398030698511906455811930653541462994963963501191945368605236008610519746755302966427937589350627"
"3 29/100","0.02366350103139069289043110210078454950229583679646203854354071128648325130483487883191875911515446259726789809392702024292077786897557487490061524283863965217824743461348691341929066196025005936566799378037318066788713208629489278368116120521336886824993430742398023870036841413690117278724"
"3 3/10","0.0276745694399784917060381140524996319545432639533506217791879394975564861374107834802059933861732269094788773379765554736131148439699174780116940961456114020205178584713394489848724379475000935568931152383599217146189468169413842895097728817282428811939309371941840275227331295580020592805"
"3 31/100","0.03174133929757539334882853888223779702040019724746360817275559021673637398517524640085104582493338969511725260212793897263387489042020344448937121848387525017346590546623616306741014662033564327709855201019885852252850302068800054698485760992740159554341834658753297215014510338540194580962"
"3 8/25","0.03582716556092595698144356300766378839246468417763591822811448022321873354480009923892744084292941289237456384605287030978520390757457977279668704741263248957215002367551535658172246101211856433104614945494603751708764684794039710617411069200782281263403060509139273695595279314213523454888"
"3 33/100","0.03991000527089184557651479370057128195641277768259363618395728144027115245736677317275569900679457825580145400904447474137269088103410361448884375340387424988516701503744391970486220913868385266820690556164822385310240186142829362323955551135732866658403539368662015326159255063762485924697"
"3 17/50","0.04397573733178426181649904440096414840315202942571924086519854914547826586077376043943401845259814001640709527443394364098646418490383974606962366840962652841049669135058917811418340087457013208911815282565811611027589681025488267579658642702052004942056853577435312211503104616253416468979"
"3 7/20","0.04801480015905610990957039082528898791338501268128839713215546664221478933346471029170876309046971164044930225642254773378914217559281732280212211068430150735123582607952066442143150581019875937504396453764353859841613263610901319455194594969161495214560797778328487715964790118827644723638"
"3 9/25","0.05202039543328731712610858121655925525397567257805367864344373758428070763989026211876813702431521641267053004664542228200357205747713259118615076172097628848074309425956171839822100860375955708236027752248334323356098988386294470572618830579776121932237906714908308103108636936497832715988"
"3 37/100","0.05598747637051178315995155216753001895891598441787422784640497391207472092842906096626513649440214737852606329421641710730825003104117833681108655115837877359029937468732348177733078621892180613778455727734946745346084163707759239448743617969616128174974148393630939978502182446455939047071"
"3 19/50","0.0599121509758221938617423235776145598888943179077710399612799098604455886401721062674586878231336989476711730973753700577537984232749756340059540955417873901134891668184135959713008699479553343067161522376778923081693859757885526405976676872746359675228278051442889743901165707720321945217"
"3 39/100","0.06379131568119055499172865133439612897819605488472667696777330635105653628076354767489420081650409164973739774124859184885743512496944483717870645937654824795738309151988821745967346602470372767921318819088139224858893420370406428321461724675322302739590816022488520540180707953954500372848"
"3 2/5","0.06762242243964724546160902089453638053055448061707271044081228169928444422756859835678161349937383146600408018749505854656661986125586758352241157211053712468567628832177185470098386024159029152326184677690088966390514500219237727338693366938196288753867878752500697206345538816373321779709"
"3 41/100","0.07140332607108365896077877049959804403181522501688487363632215559447225891894000420448203117061557912182925115391518735486676997540432099964285699813808231807715625659482089687557209892475735004498198673460658140711330993951345957058763720698101295712858295243954598946122136382631803206241"
"3 21/50","0.07513218148177682979077183672659345666000421730168259960272757216765989651789650453832313224900022795835067510560717351774692309224516667814453283788619967700041793035509036687278904206086333285765011318989969274292137183679331368511802798252851158472032972193928591415336786010394186384621"
"3 43/100","0.07880737279575686902315452819144229134385238590883107968233776229905198099561578580484357819200871500887174741559853217018386575717857371987287568608761196666820288979889211001165407589960584425714335915930790602002809317032949114497865022475692457242043749793124468136155207199312189666659"
"3 11/25","0.08242746344158292146891005586805567268065839606173270401447374586220184975159656074353309106961025019036074193538350232312926534714872530665530122667567529503230155796469803026486049374639570996468562976270381350164321459124532531195899254256016342174501437338585984292397167858621726448705"
"3 9/20","0.08599116032261565877940583176570285273896500180127088267458411644383425753137378489519362879759829502300108536712653724555573327986768520209675143243525737564473459010560936033079873239742823188532682150077355089654737376229672850606352976835477915132748545421778969202150892680714473965502"
"3 23/50","0.08949728765159015546337764465910135553854270321263453405909884741167022335504256528617605630691799297114165648036477995718950065871867695156268602672243713191904319225611783947918233216496196462897116428858693090158288936442254391013573105161110210939682860552592717039779528236840787039819"
"3 47/100","0.0929447675427786538360685125423004965279977396974011492926824026290140927330340899847102246994218596253131820988516487188467739526872911188161678925828950866059214061255691414498163346152506086606167639106126771046383261058601352189894673945760339517592918839919043762358481598321748825699"
"3 12/25","0.09633260541041121684835868000683997268048362246642905080649594394258278533357661802571345068527936140699706137385601859042145186790486024518119745375081311992024202532268732499174646165526100939810906196464470585868157862547276890758575065652725444787720694178618998982757304592782632371201"
"3 49/100","0.09965987883881991608340059046880536363961135733452879881053609431169443204738026900861775847006788600955837513512627709653392729456130946126591531903053793518454697112777500685746374513792197674639261136405709855215169014121146760011040324462528645718968121675800841929137379746756590193452"
"3 1/2","0.10292572899598711332898018247558377568053051976351557569632276728371610849562494207036241657844229627857261322560364188187620508971306362173216506319197664418069486012401851911709575918324828405070378156066898307563958797625901863510234471328345312331623240343091518549704426063926881672176"
"3 51/100","0.10612935393462405995445655012778202064477550126662272268706962747926856504836969472881489046910510916298903866912545792229347742411939804540772809270703396047466008449508878096749044354017160701135228714119906922497935606579175136052880843996634264410191094103334196493067048442661294291587"
"3 13/25","0.10927000331071511990839551693024552187112695706458258034295209299075130039821914194301980888385817002434759871398831790463593722624376949093444283488889152145049515177671209953728507387505690286368326531207175394878291792993346215518747962930295752704224142810930741675578528753179860186494"
"3 53/100","0.1123469741781525648196387528320966286012859711441600798534004326100192497045102468648737534060026103928044621537721872722070840096462712896290994452027126069793155723855071897983093237549027455497635533255726075255069811235338590962146152506772129632849755762742650668547704027358393770386"
"3 27/50","0.11535960760849357243564536206435159068459841678262115055373542947680186888352544327106893663122291888920286943022035599142040561255659210628018809617148209653663447366823598369822959299345897991091465108747579024244990048772052289073635466274472514534971356520042382048031597176357849041526"
"3 11/20","0.11830728594922626120654114223224349990407251354874211584969180612045610578585508407108347193545781828229460286752195414171845309418398128130314816837067378097706741485313567042053304122048612702231858267190113402946697302237152710968881825858393483260210609514573379347496224927463408998646"
"3 14/25","0.12118943058030689739619896594940831587248554725921959154280909939478773748859551926039502654863140959030929771324694174643215643596701352295021470363188877224422846587496800656414929143403629980344214470111329208703744850147112698868479501156787531990837264616889633550881457936658538641852"
"3 57/100","0.12400550006253264803277790968700637780865774642276000288432151184756522563687347655362824845480866863529954490515284616417765537688256512800779957893561040781985342743521453131017022311064172401511965045300057271642438787329920329587573056224480542391744313033671585470697970654270738648138"
"3 29/50","0.12675498859621611842367411805932152765943102604993445341678599520870529336956851611169874836428314568142989836609905827254332193846261080835266982278127985409879029820719163778705202800795522850497904857497237856232190169512849303500616228885948931512630872010921022975482523220418463816252"
"3 59/100","0.12943742472715685375743968977609698972076830286689546988002820681835045841836140464957010226849868916069446005165567113231057725942416524330629470967150647120953324281030220465522625177345468661095024122513996594206621637025371858597728016116819168348466260946113417612595417050739280636505"
"3 3/5","0.13205237025082163668922995323161066813376249221148397379062734765064033977415045280529895461198310444256672367733023441418167097444495201017144354354314011648888241911395494209877490320376724571839614452843456861702279521635253488079653068961641226126205338867925517140836403648074336677147"
"3 61/100","0.1345994192761903331178108506207537618499140419910602373398814872958252499486039412825653211256405856843220363684174481878765994803150071694821399223342153836393495718958702852221378721944203158443125532503479934472634051753778258294143855722879141808342439442451461465270798840891284604791"
"3 31/50","0.13707819741878075625695504357120036405748014809825365947419695982682103519350132570100523307230985570520287235051539786674635502116206128727315695781598200427417491500081589739464717923742477897596661301517573367418843973709969984503248031110368559974645717180792916815318508602533844251216"
"3 63/100","0.13948836109857017006209276655101731977647701692060233160849264042035220281816640340831021453050840095863350098209073466146991202108068730314653705859325116928705606465357700503788784346505017140938000121807988611607517936232020908050755504109669221285123658426806448127283541994457439679318"
"3 16/25","0.14182959692334430037656542203254381094034381268368433778249228047628899227907461973581900489605208251575654704301928443819964121491673220958933080882225881586375427794118199937510060640483344771403968018887022843485981769009011438012951316337454379080362307717597249235487171574666392283077"
"3 13/20","0.14410162114176539632465601597894002582179656622945960679017507960454741688642161890031023060265512460182020778995128262181647743495506546100883692321580906004317918488047501012138839375677676291648561110330005666105405255686978973595566695758604511212011508463794933045620784366811007101459"
"3 33/50","0.14630417915340904445104375070675102046301408233456569924711387450318091832581768794954353253966186718484022916278591522839652057272626935017369136320064857008264999780486622243013458532247449480083676369654666203196965342851812993444630340679253518376066542897201270812018031302425822531538"
"3 67/100","0.14843704506536139217248797696163996823538519227062906993270467180793922487840104354013947043357551798852973299419752901911358696314969467470794792141797117429767958890943679216885305620908569994974162383528760597621370617517641522217194883432739374618826017344760057978390306220821432711093"
"3 17/25","0.15050002128683405642648541321683299938334629322058765454758891768790746111614316110030234795579517505983389792699967610968045691311230186428743504312097699945469881119929610083979436645371627414989496598586761302812170153232619344705067952258467163541810176249549749223425127418091338263373"
"3 69/100","0.15249293815474904765104213781942634360912335219722382398638453500723067221579199172628018239082954945323407218155610629972721388344846934404990335975649590465846301256957484590484806991672317169610169840916049272597228012117525969272334861966282608975995586402542349117429653542444430455656"
"3 7/10","0.15441565358445106135493880092528177404520490286821780709077534701995126758974371508648586930497044201103785156798214941844967337218370416476732121598292752572635414381170328538295675595608699998485029078873579186302678492401313086449528740316736670790624190311618565381177865400563671211973"
"3 71/100","0.15626805274068119843848547513178819704810299358250490058242389671646066258727966566910305556250909413473729375255180579221745650962990235457317267361044491747643395569680613071416133066734698766502078675825431696641240969557312020612590521988195775961047159520241108062037243573743843070813"
"3 18/25","0.15805004772474216562877848079428412540158647633487616368177057406957819329925161611732525760216356403500120791067071667192853147548532838958983600594339371883767393080229673198284262819339728748546995221642395941028049404322635547072662499704206514451066531056090900274074655696790560236579"
"3 73/100","0.15976157727443719879726645120242506934667756894700346658434358100195283655107629595730860263554026497674200383466987004154047655270591705813851162462493904035229647169758547209979127429380884698684304896474324087543275615860017937582903149632331822652829624680339649230902243966146767509071"
"3 37/50","0.16140260647390214544138648082915274567669822014823119845191363409746651435881455287419377353039377111968288908693589698850373250053998591158065808905195949277468629526495419320754805924253448126364083477649246178879832098470922564809332694403147727133517921971197573724722892522856300669561"
"3 3/4","0.16297312647089492627244141152231711718872926769065667232080790442298887954665791221994236135471927616643934506858671818388908367879648229244511999711807846751128878794205556978495809133403773433350082095320754581932713833074276105251114995179109663098612041613539164979642297967712137696928"
"3 19/25","0.16447315419947677569569022102398610422643188002932901998631991356403123911617549177640895317959329301712644235731683256752019681965739985684365472639810392855696415498580016418919551450029259936735542351253770984008442171776258077781553022704459819078000867259369866194335237372371045159348"
"3 77/100","0.1659027321063293418216059053205723407971439013332810988917626064382087979339009221775934958165514231452732882179947021681024514752611260983979781739577808645189401566479997863528009629747304865127783449765016345007964288249877590017460738247348879237519090634083966976284293240166879108508"
"3 39/50","0.16726192787921213333247897881054494924589244282130552468004856743015307277273058760258337284010940389713979692409007562765766069155837829680446006852640502410868185104223614580270080901347634431534450005983282367551325308958553939702672662769651854070030151009058636730122802780065187224795"
"3 79/100","0.16855083417628490539716543246465897148220750652644445551999811790793568981567386955620572918435949575334821194249493792571812272469857363624885304303307514213491362706016816107189661595099222505682458517130504350864089155440465990523832485595304895963856843273876730640542663553064531495162"
"3 4/5","0.16976956835520658191369388540925359690434900680711693549836287965857178897448051172268998193413513421193109971748493231851963736145497535632342530469148282580252421251244156797837079998534586618193256167937357173108050950549521984444644101854224342406342167566701478165464568364916285776755"
"3 81/100","0.17091827220108202079012238846291103801759326757839363195519701034614870860277692670121777245577036340780178095943132629495516285608526214835436458558214491633022274529324029378206816469826788933171866375058997266987839255173123733192826388910790048802199297593894030441027905394338212871986"
"3 41/50","0.17199711165246503805873552713358292910958001623915312523019249163558909652085509228043762951077071003452184264436163387423249506170162367161145536513240177447302898296438466072535775350797827659018009364420600192417255750291042390264342919254935443606167038687513354446459809116185252292772"
"3 83/100","0.17300627652474442736518852657692544551950462185382854206851503284525608223940842876473991526271816470865179160037279864457905663899654349344759955344323386193597217294358240300548898037399980539778135623556891171818743261807159250448455826315377318107388451700514581636443005944936764313579"
"3 21/25","0.1739459802303423492281912504185645056660893067811811602787578755623285070298748915994821554205007155696387224526568338887167856931276254189556804381159235862642274720491116772133045401470219177878232983447643846033328865293431903956444391134173156142700359414278757441063718525284163127702"
"3 17/20","0.17481645949524395745313026574220941272993194574781322565158100873023032242213978934753210138992436700639811723982053448184395821384912206287792861460018783717408308471028203504166887985756191432352513747214315277772134898162133000468673312250746850433130411095316329581487556741508832583409"
"3 43/50","0.17561797407145555883333238099994571864875423986352573557761840164773981912415488104313052386082987551263299827466506471436796547790933580599373102947086084429029215312556910547527555736533435743958501495557154385390304018903860868936445953786854706161015598069593274151784279106325662727851"
"3 87/100","0.17635080644505767737851495728196704639604540544613719355044209053051386855479777812962845604029720438981116023978515971223037177906130762289400952238427728924558773045500094763022677597939465710356800008973649544639804111462595140076695069892477651083096047097464770263217451271875715239086"
"3 22/25","0.17701526153958052598065784741281603688255323188774875790647249016250366550212288883815537752657133291026002681118292312752762852398530849407264266118502426390825403616313719770831426165278463446431897330369937476432066919542898069520184905081560574417374477885608442414940291392039299725842"
"3 89/100","0.17761166641448374223940047071115733459254558240143614598654804444221950597255609869187679398074413925972068850887551029817424973962702444826559472803691681333316335151045955621700916136205897048205812524737418552010290651307680083366690165089483279960763777004618191834077303596727216735623"
"3 9/10","0.17814036995857078685941901287559689016721233467069696526867281579961104331469761139723721093174846526926718708894220425379749573565508578205637328611310581774740656437192952344248461333843874888212147415338139045869541635189133860339878998924243084115584846629066060583907168105877391712415"
"3 91/100","0.17860174257821193462245790022886218869869207913814357588032241320006023428310295275988122016064942798910454215261119698531400121572199187601688412511785742250061052220210348049183206558199998482434334255709957717249240123948627880123189536856851372842460555474408067799747959224336607331567"
"3 23/25","0.17899617588028897696672809710947692961186672484458044549942300316268235997247242517569122532189913022074735364937849503071372257992752217867101196510926111713140534640956548556859445531912160084241006376357157381684795349626927457383577502139668151874961525506544770867700509376621829861256"
"3 93/100","0.17932408234981015847576174895430500716666054332561961122825341892656020899557161213554527378928014613930095999030866994190230771811196592841461618905399650209458735611497778423040999667432879475881919676854263052730101962331249033869105687275155278854073260188507606950561927516288285760259"
"3 47/50","0.17958589502217595249055813997371025481295801996824326444776613010527602888618683876711943906301041301433716191635941060772805466365920042971024090342492668703687707259122101942737404555049464151568719718620904903858946170972444344309120462261486031117916686796866596688283112678458838297682"
"3 19/20","0.1797820671501054334313517860700811876103262555374173255687795000524544090635400153980795093177400983276954638930355568171409031265426083691756519588905324587149544203588688062204330710561233275128276937032642961519602862878999729895321085114771867353062747852955326852067629787346527364895"
"3 24/25","0.1799130718652595524469310300039232174800462676886493839955913870714223525755086532493084137656878830763315795129740775853133762814044704255291035136725804190732048991429513611413792255510642118222050995283737726807436985555872617218711111272661532535786269624595653141957858033496580242315"
"3 97/100","0.17997940183462184394008439495829489089782688054470771344400314434955286470613145336775010570976292473918585547801573574668446910822366521842787583121036975265259334519499817148851637210672640606603084769973722619273799480930931756822970353576574145041518577338841545908836021947045108247857"
"3 49/50","0.17998156891171921542162509887497429051921640459134618330388366898455585622376206450498045820827275010066633286605523787347810050893903627859748162725215754063136703222890028225703734266310783010769721324566281462095548932375396931471225366362526055439649892107461507895971258538797398227785"
"3 99/100","0.17992010378278569820180063633578972542704550458083802967297833835330067505037246979805618693957439797654763763851478662562328189498735145167509078109664387621795431654360365321646435580854494223462341236840104193411193372566552522717557324340463372657769296717903079382941583314421635699775"
"4","0.1797955556079905279489369006518816214142332889691671220982268919757278967865778425715688822105649358187085711424734652384066727476248092296959235782507963291756451473283014453041507526890816156383353759181265909219536559676267862187796717770486040422250867790166721333063005463234386195826"
